scenario,kind,id
mild_00,road_segment,6
mild_00,road_segment,14
mild_00,road_segment,22
mild_00,road_segment,42
mild_00,road_segment,44
mild_00,road_segment,58
mild_00,road_segment,59
mild_00,road_segment,62
mild_00,road_segment,65
mild_00,road_segment,68
mild_00,road_segment,75
mild_00,road_segment,89
mild_00,road_segment,105
mild_00,road_segment,118
mild_00,road_segment,119
mild_00,road_segment,140
mild_00,road_segment,162
mild_00,road_segment,165
mild_00,road_segment,172
mild_00,road_segment,173
mild_00,road_segment,186
mild_00,road_segment,192
mild_00,road_segment,198
mild_00,road_segment,224
mild_00,road_segment,238
mild_00,road_segment,241
mild_00,road_segment,251
mild_00,road_segment,260
mild_00,road_segment,271
mild_00,road_segment,275
mild_00,road_segment,301
mild_00,road_segment,304
mild_00,road_segment,308
mild_00,road_segment,319
mild_00,road_segment,323
mild_00,road_segment,325
mild_00,road_segment,326
mild_00,road_segment,337
mild_00,road_segment,364
mild_00,road_segment,365
mild_00,road_segment,366
mild_00,road_segment,368
mild_00,road_segment,376
mild_00,road_segment,389
mild_00,road_segment,393
mild_00,road_segment,403
mild_00,road_segment,410
mild_00,road_segment,415
mild_00,road_segment,420
mild_00,road_segment,426
mild_00,road_segment,443
mild_00,road_segment,444
mild_00,road_segment,470
mild_00,road_segment,479
mild_00,road_segment,495
mild_00,road_segment,500
mild_00,road_segment,506
mild_00,road_segment,517
mild_00,road_segment,522
mild_00,road_segment,544
mild_00,road_segment,551
mild_00,road_segment,562
mild_00,road_segment,575
mild_00,road_segment,584
mild_00,road_segment,594
mild_00,road_segment,613
mild_00,road_segment,628
mild_00,road_segment,638
mild_00,road_segment,663
mild_00,road_segment,705
mild_00,road_segment,744
mild_00,road_segment,769
mild_00,road_segment,776
mild_00,road_segment,777
mild_00,road_segment,792
mild_00,road_segment,824
mild_00,road_segment,827
mild_00,road_segment,832
mild_00,road_segment,844
mild_00,road_segment,848
mild_00,road_segment,852
mild_00,road_segment,866
mild_00,road_segment,887
mild_00,road_segment,899
mild_00,road_segment,901
mild_00,road_segment,914
mild_00,road_segment,915
mild_00,road_segment,927
mild_00,road_segment,930
mild_00,road_segment,932
mild_00,road_segment,933
mild_00,road_segment,936
mild_00,road_segment,953
mild_00,road_segment,955
mild_00,road_segment,956
mild_00,road_segment,966
mild_00,road_segment,972
mild_00,road_segment,973
mild_00,road_segment,982
mild_00,road_segment,1005
mild_00,road_segment,1026
mild_00,road_segment,1027
mild_00,road_segment,1037
mild_00,road_segment,1047
mild_00,road_segment,1058
mild_00,road_segment,1063
mild_00,road_segment,1068
mild_00,road_segment,1081
mild_00,road_segment,1082
mild_00,road_segment,1091
mild_00,road_segment,1092
mild_00,road_segment,1106
mild_00,road_segment,1117
mild_00,road_segment,1124
mild_00,facility,960725
mild_00,facility,900239
mild_01,road_segment,6
mild_01,road_segment,14
mild_01,road_segment,22
mild_01,road_segment,42
mild_01,road_segment,44
mild_01,road_segment,58
mild_01,road_segment,59
mild_01,road_segment,62
mild_01,road_segment,65
mild_01,road_segment,68
mild_01,road_segment,75
mild_01,road_segment,89
mild_01,road_segment,105
mild_01,road_segment,118
mild_01,road_segment,119
mild_01,road_segment,140
mild_01,road_segment,162
mild_01,road_segment,165
mild_01,road_segment,172
mild_01,road_segment,173
mild_01,road_segment,186
mild_01,road_segment,192
mild_01,road_segment,198
mild_01,road_segment,224
mild_01,road_segment,238
mild_01,road_segment,241
mild_01,road_segment,251
mild_01,road_segment,260
mild_01,road_segment,271
mild_01,road_segment,275
mild_01,road_segment,301
mild_01,road_segment,304
mild_01,road_segment,308
mild_01,road_segment,319
mild_01,road_segment,323
mild_01,road_segment,325
mild_01,road_segment,326
mild_01,road_segment,337
mild_01,road_segment,364
mild_01,road_segment,365
mild_01,road_segment,366
mild_01,road_segment,368
mild_01,road_segment,376
mild_01,road_segment,389
mild_01,road_segment,393
mild_01,road_segment,403
mild_01,road_segment,410
mild_01,road_segment,415
mild_01,road_segment,420
mild_01,road_segment,426
mild_01,road_segment,443
mild_01,road_segment,444
mild_01,road_segment,470
mild_01,road_segment,479
mild_01,road_segment,495
mild_01,road_segment,500
mild_01,road_segment,506
mild_01,road_segment,517
mild_01,road_segment,522
mild_01,road_segment,544
mild_01,road_segment,551
mild_01,road_segment,562
mild_01,road_segment,575
mild_01,road_segment,584
mild_01,road_segment,594
mild_01,road_segment,613
mild_01,road_segment,628
mild_01,road_segment,638
mild_01,road_segment,663
mild_01,road_segment,705
mild_01,road_segment,744
mild_01,road_segment,769
mild_01,road_segment,776
mild_01,road_segment,777
mild_01,road_segment,792
mild_01,road_segment,824
mild_01,road_segment,827
mild_01,road_segment,832
mild_01,road_segment,844
mild_01,road_segment,848
mild_01,road_segment,852
mild_01,road_segment,866
mild_01,road_segment,887
mild_01,road_segment,899
mild_01,road_segment,901
mild_01,road_segment,914
mild_01,road_segment,915
mild_01,road_segment,927
mild_01,road_segment,930
mild_01,road_segment,932
mild_01,road_segment,933
mild_01,road_segment,936
mild_01,road_segment,953
mild_01,road_segment,955
mild_01,road_segment,956
mild_01,road_segment,966
mild_01,road_segment,972
mild_01,road_segment,973
mild_01,road_segment,982
mild_01,road_segment,1005
mild_01,road_segment,1026
mild_01,road_segment,1027
mild_01,road_segment,1037
mild_01,road_segment,1047
mild_01,road_segment,1058
mild_01,road_segment,1063
mild_01,road_segment,1068
mild_01,road_segment,1081
mild_01,road_segment,1082
mild_01,road_segment,1091
mild_01,road_segment,1092
mild_01,road_segment,1106
mild_01,road_segment,1117
mild_01,road_segment,1124
mild_01,facility,960725
mild_02,road_segment,14
mild_02,road_segment,22
mild_02,road_segment,44
mild_02,road_segment,75
mild_02,road_segment,105
mild_02,road_segment,119
mild_02,road_segment,162
mild_02,road_segment,224
mild_02,road_segment,238
mild_02,road_segment,251
mild_02,road_segment,275
mild_02,road_segment,337
mild_02,road_segment,368
mild_02,road_segment,393
mild_02,road_segment,410
mild_02,road_segment,443
mild_02,road_segment,470
mild_02,road_segment,479
mild_02,road_segment,495
mild_02,road_segment,517
mild_02,road_segment,551
mild_02,road_segment,584
mild_02,road_segment,594
mild_02,road_segment,613
mild_02,road_segment,638
mild_02,road_segment,705
mild_02,road_segment,777
mild_02,road_segment,824
mild_02,road_segment,844
mild_02,road_segment,899
mild_02,road_segment,914
mild_02,road_segment,915
mild_02,road_segment,930
mild_02,road_segment,955
mild_02,road_segment,972
mild_02,road_segment,973
mild_02,road_segment,1026
mild_02,road_segment,1037
mild_02,road_segment,1058
mild_02,road_segment,1068
mild_02,road_segment,1082
mild_02,road_segment,1117
mild_02,road_segment,1124
mild_03,road_segment,14
mild_03,road_segment,22
mild_03,road_segment,44
mild_03,road_segment,59
mild_03,road_segment,75
mild_03,road_segment,105
mild_03,road_segment,119
mild_03,road_segment,140
mild_03,road_segment,162
mild_03,road_segment,224
mild_03,road_segment,238
mild_03,road_segment,251
mild_03,road_segment,275
mild_03,road_segment,337
mild_03,road_segment,366
mild_03,road_segment,368
mild_03,road_segment,393
mild_03,road_segment,410
mild_03,road_segment,443
mild_03,road_segment,470
mild_03,road_segment,479
mild_03,road_segment,495
mild_03,road_segment,517
mild_03,road_segment,544
mild_03,road_segment,551
mild_03,road_segment,562
mild_03,road_segment,584
mild_03,road_segment,594
mild_03,road_segment,613
mild_03,road_segment,638
mild_03,road_segment,705
mild_03,road_segment,777
mild_03,road_segment,824
mild_03,road_segment,844
mild_03,road_segment,866
mild_03,road_segment,899
mild_03,road_segment,914
mild_03,road_segment,915
mild_03,road_segment,930
mild_03,road_segment,933
mild_03,road_segment,955
mild_03,road_segment,972
mild_03,road_segment,973
mild_03,road_segment,1026
mild_03,road_segment,1037
mild_03,road_segment,1058
mild_03,road_segment,1068
mild_03,road_segment,1082
mild_03,road_segment,1117
mild_03,road_segment,1124
mild_04,road_segment,6
mild_04,road_segment,14
mild_04,road_segment,22
mild_04,road_segment,44
mild_04,road_segment,58
mild_04,road_segment,59
mild_04,road_segment,62
mild_04,road_segment,65
mild_04,road_segment,75
mild_04,road_segment,105
mild_04,road_segment,118
mild_04,road_segment,119
mild_04,road_segment,140
mild_04,road_segment,162
mild_04,road_segment,165
mild_04,road_segment,173
mild_04,road_segment,192
mild_04,road_segment,198
mild_04,road_segment,224
mild_04,road_segment,238
mild_04,road_segment,251
mild_04,road_segment,271
mild_04,road_segment,275
mild_04,road_segment,301
mild_04,road_segment,304
mild_04,road_segment,319
mild_04,road_segment,323
mild_04,road_segment,326
mild_04,road_segment,337
mild_04,road_segment,365
mild_04,road_segment,366
mild_04,road_segment,368
mild_04,road_segment,376
mild_04,road_segment,393
mild_04,road_segment,403
mild_04,road_segment,410
mild_04,road_segment,415
mild_04,road_segment,426
mild_04,road_segment,443
mild_04,road_segment,444
mild_04,road_segment,470
mild_04,road_segment,479
mild_04,road_segment,495
mild_04,road_segment,506
mild_04,road_segment,517
mild_04,road_segment,522
mild_04,road_segment,544
mild_04,road_segment,551
mild_04,road_segment,562
mild_04,road_segment,575
mild_04,road_segment,584
mild_04,road_segment,594
mild_04,road_segment,613
mild_04,road_segment,638
mild_04,road_segment,705
mild_04,road_segment,744
mild_04,road_segment,769
mild_04,road_segment,777
mild_04,road_segment,824
mild_04,road_segment,827
mild_04,road_segment,832
mild_04,road_segment,844
mild_04,road_segment,866
mild_04,road_segment,899
mild_04,road_segment,901
mild_04,road_segment,914
mild_04,road_segment,915
mild_04,road_segment,930
mild_04,road_segment,932
mild_04,road_segment,933
mild_04,road_segment,936
mild_04,road_segment,953
mild_04,road_segment,955
mild_04,road_segment,956
mild_04,road_segment,972
mild_04,road_segment,973
mild_04,road_segment,982
mild_04,road_segment,1005
mild_04,road_segment,1026
mild_04,road_segment,1027
mild_04,road_segment,1037
mild_04,road_segment,1047
mild_04,road_segment,1058
mild_04,road_segment,1063
mild_04,road_segment,1068
mild_04,road_segment,1081
mild_04,road_segment,1082
mild_04,road_segment,1092
mild_04,road_segment,1106
mild_04,road_segment,1117
mild_04,road_segment,1124
mild_04,facility,907956
mild_04,facility,960725
mild_05,road_segment,6
mild_05,road_segment,7
mild_05,road_segment,14
mild_05,road_segment,22
mild_05,road_segment,42
mild_05,road_segment,44
mild_05,road_segment,47
mild_05,road_segment,58
mild_05,road_segment,59
mild_05,road_segment,62
mild_05,road_segment,65
mild_05,road_segment,68
mild_05,road_segment,75
mild_05,road_segment,89
mild_05,road_segment,105
mild_05,road_segment,118
mild_05,road_segment,119
mild_05,road_segment,120
mild_05,road_segment,140
mild_05,road_segment,162
mild_05,road_segment,165
mild_05,road_segment,172
mild_05,road_segment,173
mild_05,road_segment,186
mild_05,road_segment,192
mild_05,road_segment,198
mild_05,road_segment,224
mild_05,road_segment,238
mild_05,road_segment,241
mild_05,road_segment,251
mild_05,road_segment,260
mild_05,road_segment,271
mild_05,road_segment,275
mild_05,road_segment,301
mild_05,road_segment,304
mild_05,road_segment,308
mild_05,road_segment,319
mild_05,road_segment,323
mild_05,road_segment,325
mild_05,road_segment,326
mild_05,road_segment,337
mild_05,road_segment,355
mild_05,road_segment,358
mild_05,road_segment,364
mild_05,road_segment,365
mild_05,road_segment,366
mild_05,road_segment,368
mild_05,road_segment,376
mild_05,road_segment,389
mild_05,road_segment,393
mild_05,road_segment,403
mild_05,road_segment,408
mild_05,road_segment,410
mild_05,road_segment,415
mild_05,road_segment,420
mild_05,road_segment,426
mild_05,road_segment,443
mild_05,road_segment,444
mild_05,road_segment,470
mild_05,road_segment,479
mild_05,road_segment,489
mild_05,road_segment,495
mild_05,road_segment,500
mild_05,road_segment,501
mild_05,road_segment,506
mild_05,road_segment,510
mild_05,road_segment,517
mild_05,road_segment,522
mild_05,road_segment,542
mild_05,road_segment,544
mild_05,road_segment,551
mild_05,road_segment,556
mild_05,road_segment,562
mild_05,road_segment,575
mild_05,road_segment,576
mild_05,road_segment,584
mild_05,road_segment,594
mild_05,road_segment,613
mild_05,road_segment,628
mild_05,road_segment,638
mild_05,road_segment,640
mild_05,road_segment,646
mild_05,road_segment,660
mild_05,road_segment,661
mild_05,road_segment,663
mild_05,road_segment,669
mild_05,road_segment,705
mild_05,road_segment,740
mild_05,road_segment,744
mild_05,road_segment,756
mild_05,road_segment,769
mild_05,road_segment,776
mild_05,road_segment,777
mild_05,road_segment,782
mild_05,road_segment,792
mild_05,road_segment,801
mild_05,road_segment,824
mild_05,road_segment,826
mild_05,road_segment,827
mild_05,road_segment,832
mild_05,road_segment,844
mild_05,road_segment,848
mild_05,road_segment,852
mild_05,road_segment,859
mild_05,road_segment,866
mild_05,road_segment,871
mild_05,road_segment,887
mild_05,road_segment,888
mild_05,road_segment,899
mild_05,road_segment,901
mild_05,road_segment,914
mild_05,road_segment,915
mild_05,road_segment,927
mild_05,road_segment,930
mild_05,road_segment,932
mild_05,road_segment,933
mild_05,road_segment,936
mild_05,road_segment,953
mild_05,road_segment,955
mild_05,road_segment,956
mild_05,road_segment,966
mild_05,road_segment,972
mild_05,road_segment,973
mild_05,road_segment,982
mild_05,road_segment,1000
mild_05,road_segment,1005
mild_05,road_segment,1024
mild_05,road_segment,1026
mild_05,road_segment,1027
mild_05,road_segment,1037
mild_05,road_segment,1047
mild_05,road_segment,1058
mild_05,road_segment,1063
mild_05,road_segment,1068
mild_05,road_segment,1073
mild_05,road_segment,1081
mild_05,road_segment,1082
mild_05,road_segment,1091
mild_05,road_segment,1092
mild_05,road_segment,1106
mild_05,road_segment,1117
mild_05,road_segment,1124
mild_05,road_segment,1127
mild_05,facility,899998
mild_06,road_segment,14
mild_06,road_segment,22
mild_06,road_segment,44
mild_06,road_segment,75
mild_06,road_segment,105
mild_06,road_segment,119
mild_06,road_segment,162
mild_06,road_segment,224
mild_06,road_segment,251
mild_06,road_segment,275
mild_06,road_segment,337
mild_06,road_segment,368
mild_06,road_segment,393
mild_06,road_segment,408
mild_06,road_segment,443
mild_06,road_segment,470
mild_06,road_segment,479
mild_06,road_segment,495
mild_06,road_segment,542
mild_06,road_segment,551
mild_06,road_segment,556
mild_06,road_segment,584
mild_06,road_segment,594
mild_06,road_segment,613
mild_06,road_segment,638
mild_06,road_segment,705
mild_06,road_segment,777
mild_06,road_segment,824
mild_06,road_segment,844
mild_06,road_segment,914
mild_06,road_segment,915
mild_06,road_segment,930
mild_06,road_segment,955
mild_06,road_segment,972
mild_06,road_segment,973
mild_06,road_segment,1026
mild_06,road_segment,1037
mild_06,road_segment,1058
mild_06,road_segment,1068
mild_06,road_segment,1082
mild_06,road_segment,1117
mild_06,road_segment,1124
mild_07,road_segment,6
mild_07,road_segment,14
mild_07,road_segment,22
mild_07,road_segment,44
mild_07,road_segment,58
mild_07,road_segment,59
mild_07,road_segment,62
mild_07,road_segment,65
mild_07,road_segment,68
mild_07,road_segment,75
mild_07,road_segment,105
mild_07,road_segment,118
mild_07,road_segment,119
mild_07,road_segment,140
mild_07,road_segment,162
mild_07,road_segment,165
mild_07,road_segment,173
mild_07,road_segment,192
mild_07,road_segment,198
mild_07,road_segment,224
mild_07,road_segment,238
mild_07,road_segment,251
mild_07,road_segment,271
mild_07,road_segment,275
mild_07,road_segment,301
mild_07,road_segment,304
mild_07,road_segment,319
mild_07,road_segment,323
mild_07,road_segment,326
mild_07,road_segment,337
mild_07,road_segment,364
mild_07,road_segment,365
mild_07,road_segment,366
mild_07,road_segment,368
mild_07,road_segment,376
mild_07,road_segment,393
mild_07,road_segment,403
mild_07,road_segment,410
mild_07,road_segment,415
mild_07,road_segment,420
mild_07,road_segment,426
mild_07,road_segment,443
mild_07,road_segment,444
mild_07,road_segment,470
mild_07,road_segment,479
mild_07,road_segment,495
mild_07,road_segment,506
mild_07,road_segment,517
mild_07,road_segment,522
mild_07,road_segment,544
mild_07,road_segment,551
mild_07,road_segment,562
mild_07,road_segment,575
mild_07,road_segment,584
mild_07,road_segment,594
mild_07,road_segment,613
mild_07,road_segment,628
mild_07,road_segment,638
mild_07,road_segment,705
mild_07,road_segment,744
mild_07,road_segment,769
mild_07,road_segment,776
mild_07,road_segment,777
mild_07,road_segment,792
mild_07,road_segment,824
mild_07,road_segment,827
mild_07,road_segment,832
mild_07,road_segment,844
mild_07,road_segment,848
mild_07,road_segment,852
mild_07,road_segment,866
mild_07,road_segment,887
mild_07,road_segment,899
mild_07,road_segment,901
mild_07,road_segment,914
mild_07,road_segment,915
mild_07,road_segment,927
mild_07,road_segment,930
mild_07,road_segment,932
mild_07,road_segment,933
mild_07,road_segment,936
mild_07,road_segment,953
mild_07,road_segment,955
mild_07,road_segment,956
mild_07,road_segment,966
mild_07,road_segment,972
mild_07,road_segment,973
mild_07,road_segment,982
mild_07,road_segment,1005
mild_07,road_segment,1026
mild_07,road_segment,1027
mild_07,road_segment,1037
mild_07,road_segment,1047
mild_07,road_segment,1058
mild_07,road_segment,1063
mild_07,road_segment,1068
mild_07,road_segment,1081
mild_07,road_segment,1082
mild_07,road_segment,1092
mild_07,road_segment,1106
mild_07,road_segment,1117
mild_07,road_segment,1124
mild_07,facility,900239
mild_08,road_segment,6
mild_08,road_segment,14
mild_08,road_segment,22
mild_08,road_segment,44
mild_08,road_segment,58
mild_08,road_segment,59
mild_08,road_segment,62
mild_08,road_segment,65
mild_08,road_segment,68
mild_08,road_segment,75
mild_08,road_segment,105
mild_08,road_segment,118
mild_08,road_segment,119
mild_08,road_segment,140
mild_08,road_segment,162
mild_08,road_segment,165
mild_08,road_segment,173
mild_08,road_segment,192
mild_08,road_segment,198
mild_08,road_segment,224
mild_08,road_segment,238
mild_08,road_segment,251
mild_08,road_segment,271
mild_08,road_segment,275
mild_08,road_segment,301
mild_08,road_segment,304
mild_08,road_segment,319
mild_08,road_segment,323
mild_08,road_segment,326
mild_08,road_segment,337
mild_08,road_segment,364
mild_08,road_segment,365
mild_08,road_segment,366
mild_08,road_segment,368
mild_08,road_segment,376
mild_08,road_segment,393
mild_08,road_segment,403
mild_08,road_segment,410
mild_08,road_segment,415
mild_08,road_segment,426
mild_08,road_segment,443
mild_08,road_segment,444
mild_08,road_segment,470
mild_08,road_segment,479
mild_08,road_segment,495
mild_08,road_segment,506
mild_08,road_segment,517
mild_08,road_segment,522
mild_08,road_segment,544
mild_08,road_segment,551
mild_08,road_segment,562
mild_08,road_segment,575
mild_08,road_segment,584
mild_08,road_segment,594
mild_08,road_segment,613
mild_08,road_segment,628
mild_08,road_segment,638
mild_08,road_segment,705
mild_08,road_segment,744
mild_08,road_segment,769
mild_08,road_segment,777
mild_08,road_segment,824
mild_08,road_segment,827
mild_08,road_segment,832
mild_08,road_segment,844
mild_08,road_segment,848
mild_08,road_segment,852
mild_08,road_segment,866
mild_08,road_segment,899
mild_08,road_segment,901
mild_08,road_segment,914
mild_08,road_segment,915
mild_08,road_segment,930
mild_08,road_segment,932
mild_08,road_segment,933
mild_08,road_segment,936
mild_08,road_segment,953
mild_08,road_segment,955
mild_08,road_segment,956
mild_08,road_segment,972
mild_08,road_segment,973
mild_08,road_segment,982
mild_08,road_segment,1005
mild_08,road_segment,1026
mild_08,road_segment,1027
mild_08,road_segment,1037
mild_08,road_segment,1047
mild_08,road_segment,1058
mild_08,road_segment,1063
mild_08,road_segment,1068
mild_08,road_segment,1081
mild_08,road_segment,1082
mild_08,road_segment,1092
mild_08,road_segment,1106
mild_08,road_segment,1117
mild_08,road_segment,1124
mild_08,facility,907956
mild_08,facility,960725
mild_09,road_segment,6
mild_09,road_segment,14
mild_09,road_segment,22
mild_09,road_segment,44
mild_09,road_segment,58
mild_09,road_segment,59
mild_09,road_segment,62
mild_09,road_segment,65
mild_09,road_segment,75
mild_09,road_segment,105
mild_09,road_segment,118
mild_09,road_segment,119
mild_09,road_segment,140
mild_09,road_segment,162
mild_09,road_segment,165
mild_09,road_segment,173
mild_09,road_segment,192
mild_09,road_segment,224
mild_09,road_segment,238
mild_09,road_segment,251
mild_09,road_segment,271
mild_09,road_segment,275
mild_09,road_segment,301
mild_09,road_segment,304
mild_09,road_segment,319
mild_09,road_segment,323
mild_09,road_segment,326
mild_09,road_segment,337
mild_09,road_segment,365
mild_09,road_segment,366
mild_09,road_segment,368
mild_09,road_segment,393
mild_09,road_segment,403
mild_09,road_segment,410
mild_09,road_segment,415
mild_09,road_segment,426
mild_09,road_segment,443
mild_09,road_segment,444
mild_09,road_segment,470
mild_09,road_segment,479
mild_09,road_segment,495
mild_09,road_segment,506
mild_09,road_segment,517
mild_09,road_segment,522
mild_09,road_segment,544
mild_09,road_segment,551
mild_09,road_segment,562
mild_09,road_segment,575
mild_09,road_segment,584
mild_09,road_segment,594
mild_09,road_segment,613
mild_09,road_segment,638
mild_09,road_segment,705
mild_09,road_segment,744
mild_09,road_segment,769
mild_09,road_segment,777
mild_09,road_segment,824
mild_09,road_segment,827
mild_09,road_segment,844
mild_09,road_segment,866
mild_09,road_segment,899
mild_09,road_segment,901
mild_09,road_segment,914
mild_09,road_segment,915
mild_09,road_segment,930
mild_09,road_segment,932
mild_09,road_segment,933
mild_09,road_segment,936
mild_09,road_segment,953
mild_09,road_segment,955
mild_09,road_segment,956
mild_09,road_segment,972
mild_09,road_segment,973
mild_09,road_segment,982
mild_09,road_segment,1005
mild_09,road_segment,1026
mild_09,road_segment,1027
mild_09,road_segment,1037
mild_09,road_segment,1047
mild_09,road_segment,1058
mild_09,road_segment,1068
mild_09,road_segment,1081
mild_09,road_segment,1082
mild_09,road_segment,1092
mild_09,road_segment,1117
mild_09,road_segment,1124
mild_09,facility,900239
mild_09,facility,963173
mild_10,road_segment,14
mild_10,road_segment,22
mild_10,road_segment,44
mild_10,road_segment,75
mild_10,road_segment,105
mild_10,road_segment,119
mild_10,road_segment,162
mild_10,road_segment,224
mild_10,road_segment,251
mild_10,road_segment,275
mild_10,road_segment,337
mild_10,road_segment,368
mild_10,road_segment,393
mild_10,road_segment,408
mild_10,road_segment,443
mild_10,road_segment,470
mild_10,road_segment,479
mild_10,road_segment,495
mild_10,road_segment,542
mild_10,road_segment,551
mild_10,road_segment,556
mild_10,road_segment,584
mild_10,road_segment,594
mild_10,road_segment,613
mild_10,road_segment,638
mild_10,road_segment,777
mild_10,road_segment,844
mild_10,road_segment,914
mild_10,road_segment,915
mild_10,road_segment,930
mild_10,road_segment,955
mild_10,road_segment,972
mild_10,road_segment,973
mild_10,road_segment,1037
mild_10,road_segment,1058
mild_10,road_segment,1068
mild_10,road_segment,1082
mild_10,road_segment,1117
mild_10,road_segment,1124
mild_11,road_segment,6
mild_11,road_segment,7
mild_11,road_segment,14
mild_11,road_segment,22
mild_11,road_segment,42
mild_11,road_segment,44
mild_11,road_segment,47
mild_11,road_segment,58
mild_11,road_segment,59
mild_11,road_segment,62
mild_11,road_segment,65
mild_11,road_segment,68
mild_11,road_segment,75
mild_11,road_segment,89
mild_11,road_segment,105
mild_11,road_segment,118
mild_11,road_segment,119
mild_11,road_segment,120
mild_11,road_segment,140
mild_11,road_segment,162
mild_11,road_segment,165
mild_11,road_segment,172
mild_11,road_segment,173
mild_11,road_segment,186
mild_11,road_segment,192
mild_11,road_segment,196
mild_11,road_segment,198
mild_11,road_segment,224
mild_11,road_segment,230
mild_11,road_segment,238
mild_11,road_segment,241
mild_11,road_segment,251
mild_11,road_segment,260
mild_11,road_segment,271
mild_11,road_segment,275
mild_11,road_segment,301
mild_11,road_segment,304
mild_11,road_segment,308
mild_11,road_segment,319
mild_11,road_segment,323
mild_11,road_segment,325
mild_11,road_segment,326
mild_11,road_segment,337
mild_11,road_segment,339
mild_11,road_segment,355
mild_11,road_segment,358
mild_11,road_segment,364
mild_11,road_segment,365
mild_11,road_segment,366
mild_11,road_segment,368
mild_11,road_segment,376
mild_11,road_segment,389
mild_11,road_segment,393
mild_11,road_segment,403
mild_11,road_segment,408
mild_11,road_segment,410
mild_11,road_segment,415
mild_11,road_segment,420
mild_11,road_segment,426
mild_11,road_segment,443
mild_11,road_segment,444
mild_11,road_segment,470
mild_11,road_segment,479
mild_11,road_segment,489
mild_11,road_segment,495
mild_11,road_segment,500
mild_11,road_segment,501
mild_11,road_segment,506
mild_11,road_segment,510
mild_11,road_segment,517
mild_11,road_segment,522
mild_11,road_segment,542
mild_11,road_segment,544
mild_11,road_segment,551
mild_11,road_segment,556
mild_11,road_segment,562
mild_11,road_segment,575
mild_11,road_segment,576
mild_11,road_segment,584
mild_11,road_segment,594
mild_11,road_segment,613
mild_11,road_segment,628
mild_11,road_segment,638
mild_11,road_segment,640
mild_11,road_segment,646
mild_11,road_segment,660
mild_11,road_segment,661
mild_11,road_segment,663
mild_11,road_segment,669
mild_11,road_segment,705
mild_11,road_segment,740
mild_11,road_segment,744
mild_11,road_segment,756
mild_11,road_segment,769
mild_11,road_segment,776
mild_11,road_segment,777
mild_11,road_segment,782
mild_11,road_segment,792
mild_11,road_segment,801
mild_11,road_segment,824
mild_11,road_segment,826
mild_11,road_segment,827
mild_11,road_segment,832
mild_11,road_segment,844
mild_11,road_segment,848
mild_11,road_segment,852
mild_11,road_segment,859
mild_11,road_segment,866
mild_11,road_segment,871
mild_11,road_segment,887
mild_11,road_segment,888
mild_11,road_segment,899
mild_11,road_segment,901
mild_11,road_segment,914
mild_11,road_segment,915
mild_11,road_segment,927
mild_11,road_segment,930
mild_11,road_segment,932
mild_11,road_segment,933
mild_11,road_segment,936
mild_11,road_segment,953
mild_11,road_segment,955
mild_11,road_segment,956
mild_11,road_segment,966
mild_11,road_segment,972
mild_11,road_segment,973
mild_11,road_segment,982
mild_11,road_segment,1000
mild_11,road_segment,1005
mild_11,road_segment,1024
mild_11,road_segment,1026
mild_11,road_segment,1027
mild_11,road_segment,1037
mild_11,road_segment,1041
mild_11,road_segment,1047
mild_11,road_segment,1058
mild_11,road_segment,1063
mild_11,road_segment,1068
mild_11,road_segment,1073
mild_11,road_segment,1081
mild_11,road_segment,1082
mild_11,road_segment,1091
mild_11,road_segment,1092
mild_11,road_segment,1106
mild_11,road_segment,1117
mild_11,road_segment,1124
mild_11,road_segment,1127
mild_11,facility,966003
mild_11,facility,960725
mild_11,facility,899998
mild_11,facility,900239
mild_12,road_segment,6
mild_12,road_segment,14
mild_12,road_segment,22
mild_12,road_segment,44
mild_12,road_segment,47
mild_12,road_segment,59
mild_12,road_segment,62
mild_12,road_segment,65
mild_12,road_segment,75
mild_12,road_segment,105
mild_12,road_segment,118
mild_12,road_segment,119
mild_12,road_segment,140
mild_12,road_segment,162
mild_12,road_segment,165
mild_12,road_segment,173
mild_12,road_segment,192
mild_12,road_segment,224
mild_12,road_segment,238
mild_12,road_segment,251
mild_12,road_segment,271
mild_12,road_segment,275
mild_12,road_segment,304
mild_12,road_segment,319
mild_12,road_segment,337
mild_12,road_segment,355
mild_12,road_segment,366
mild_12,road_segment,368
mild_12,road_segment,393
mild_12,road_segment,403
mild_12,road_segment,408
mild_12,road_segment,410
mild_12,road_segment,415
mild_12,road_segment,426
mild_12,road_segment,443
mild_12,road_segment,444
mild_12,road_segment,470
mild_12,road_segment,479
mild_12,road_segment,495
mild_12,road_segment,510
mild_12,road_segment,517
mild_12,road_segment,542
mild_12,road_segment,544
mild_12,road_segment,551
mild_12,road_segment,556
mild_12,road_segment,562
mild_12,road_segment,575
mild_12,road_segment,584
mild_12,road_segment,594
mild_12,road_segment,613
mild_12,road_segment,638
mild_12,road_segment,640
mild_12,road_segment,646
mild_12,road_segment,661
mild_12,road_segment,669
mild_12,road_segment,705
mild_12,road_segment,744
mild_12,road_segment,769
mild_12,road_segment,777
mild_12,road_segment,782
mild_12,road_segment,824
mild_12,road_segment,826
mild_12,road_segment,827
mild_12,road_segment,844
mild_12,road_segment,859
mild_12,road_segment,866
mild_12,road_segment,899
mild_12,road_segment,901
mild_12,road_segment,914
mild_12,road_segment,915
mild_12,road_segment,930
mild_12,road_segment,932
mild_12,road_segment,933
mild_12,road_segment,936
mild_12,road_segment,953
mild_12,road_segment,955
mild_12,road_segment,956
mild_12,road_segment,972
mild_12,road_segment,973
mild_12,road_segment,1000
mild_12,road_segment,1005
mild_12,road_segment,1024
mild_12,road_segment,1026
mild_12,road_segment,1027
mild_12,road_segment,1037
mild_12,road_segment,1047
mild_12,road_segment,1058
mild_12,road_segment,1068
mild_12,road_segment,1081
mild_12,road_segment,1082
mild_12,road_segment,1092
mild_12,road_segment,1117
mild_12,road_segment,1124
mild_12,road_segment,1127
mild_12,facility,907956
mild_12,facility,960725
mild_12,facility,963173
mild_13,road_segment,14
mild_13,road_segment,22
mild_13,road_segment,44
mild_13,road_segment,75
mild_13,road_segment,105
mild_13,road_segment,119
mild_13,road_segment,140
mild_13,road_segment,162
mild_13,road_segment,224
mild_13,road_segment,238
mild_13,road_segment,251
mild_13,road_segment,275
mild_13,road_segment,337
mild_13,road_segment,366
mild_13,road_segment,368
mild_13,road_segment,393
mild_13,road_segment,410
mild_13,road_segment,443
mild_13,road_segment,470
mild_13,road_segment,479
mild_13,road_segment,495
mild_13,road_segment,517
mild_13,road_segment,544
mild_13,road_segment,551
mild_13,road_segment,584
mild_13,road_segment,594
mild_13,road_segment,613
mild_13,road_segment,638
mild_13,road_segment,705
mild_13,road_segment,777
mild_13,road_segment,824
mild_13,road_segment,844
mild_13,road_segment,899
mild_13,road_segment,914
mild_13,road_segment,915
mild_13,road_segment,930
mild_13,road_segment,955
mild_13,road_segment,972
mild_13,road_segment,973
mild_13,road_segment,1026
mild_13,road_segment,1037
mild_13,road_segment,1058
mild_13,road_segment,1068
mild_13,road_segment,1082
mild_13,road_segment,1117
mild_13,road_segment,1124
mild_14,road_segment,6
mild_14,road_segment,14
mild_14,road_segment,22
mild_14,road_segment,44
mild_14,road_segment,58
mild_14,road_segment,59
mild_14,road_segment,62
mild_14,road_segment,65
mild_14,road_segment,75
mild_14,road_segment,105
mild_14,road_segment,118
mild_14,road_segment,119
mild_14,road_segment,140
mild_14,road_segment,162
mild_14,road_segment,165
mild_14,road_segment,173
mild_14,road_segment,192
mild_14,road_segment,198
mild_14,road_segment,224
mild_14,road_segment,238
mild_14,road_segment,251
mild_14,road_segment,271
mild_14,road_segment,275
mild_14,road_segment,301
mild_14,road_segment,304
mild_14,road_segment,319
mild_14,road_segment,323
mild_14,road_segment,326
mild_14,road_segment,337
mild_14,road_segment,365
mild_14,road_segment,366
mild_14,road_segment,368
mild_14,road_segment,393
mild_14,road_segment,403
mild_14,road_segment,410
mild_14,road_segment,415
mild_14,road_segment,426
mild_14,road_segment,443
mild_14,road_segment,444
mild_14,road_segment,470
mild_14,road_segment,479
mild_14,road_segment,495
mild_14,road_segment,506
mild_14,road_segment,517
mild_14,road_segment,522
mild_14,road_segment,544
mild_14,road_segment,551
mild_14,road_segment,562
mild_14,road_segment,575
mild_14,road_segment,584
mild_14,road_segment,594
mild_14,road_segment,613
mild_14,road_segment,638
mild_14,road_segment,705
mild_14,road_segment,744
mild_14,road_segment,769
mild_14,road_segment,777
mild_14,road_segment,824
mild_14,road_segment,827
mild_14,road_segment,844
mild_14,road_segment,866
mild_14,road_segment,899
mild_14,road_segment,901
mild_14,road_segment,914
mild_14,road_segment,915
mild_14,road_segment,930
mild_14,road_segment,932
mild_14,road_segment,933
mild_14,road_segment,936
mild_14,road_segment,953
mild_14,road_segment,955
mild_14,road_segment,956
mild_14,road_segment,972
mild_14,road_segment,973
mild_14,road_segment,982
mild_14,road_segment,1005
mild_14,road_segment,1026
mild_14,road_segment,1027
mild_14,road_segment,1037
mild_14,road_segment,1047
mild_14,road_segment,1058
mild_14,road_segment,1063
mild_14,road_segment,1068
mild_14,road_segment,1081
mild_14,road_segment,1082
mild_14,road_segment,1092
mild_14,road_segment,1117
mild_14,road_segment,1124
mild_15,road_segment,6
mild_15,road_segment,14
mild_15,road_segment,22
mild_15,road_segment,44
mild_15,road_segment,47
mild_15,road_segment,58
mild_15,road_segment,59
mild_15,road_segment,62
mild_15,road_segment,65
mild_15,road_segment,75
mild_15,road_segment,105
mild_15,road_segment,118
mild_15,road_segment,119
mild_15,road_segment,140
mild_15,road_segment,162
mild_15,road_segment,165
mild_15,road_segment,173
mild_15,road_segment,192
mild_15,road_segment,198
mild_15,road_segment,224
mild_15,road_segment,238
mild_15,road_segment,251
mild_15,road_segment,271
mild_15,road_segment,275
mild_15,road_segment,301
mild_15,road_segment,304
mild_15,road_segment,319
mild_15,road_segment,323
mild_15,road_segment,326
mild_15,road_segment,337
mild_15,road_segment,355
mild_15,road_segment,364
mild_15,road_segment,365
mild_15,road_segment,366
mild_15,road_segment,368
mild_15,road_segment,376
mild_15,road_segment,393
mild_15,road_segment,403
mild_15,road_segment,408
mild_15,road_segment,410
mild_15,road_segment,415
mild_15,road_segment,426
mild_15,road_segment,443
mild_15,road_segment,444
mild_15,road_segment,470
mild_15,road_segment,479
mild_15,road_segment,495
mild_15,road_segment,506
mild_15,road_segment,510
mild_15,road_segment,517
mild_15,road_segment,522
mild_15,road_segment,542
mild_15,road_segment,544
mild_15,road_segment,551
mild_15,road_segment,556
mild_15,road_segment,562
mild_15,road_segment,575
mild_15,road_segment,584
mild_15,road_segment,594
mild_15,road_segment,613
mild_15,road_segment,638
mild_15,road_segment,640
mild_15,road_segment,646
mild_15,road_segment,660
mild_15,road_segment,661
mild_15,road_segment,669
mild_15,road_segment,705
mild_15,road_segment,744
mild_15,road_segment,769
mild_15,road_segment,777
mild_15,road_segment,782
mild_15,road_segment,824
mild_15,road_segment,826
mild_15,road_segment,827
mild_15,road_segment,832
mild_15,road_segment,844
mild_15,road_segment,859
mild_15,road_segment,866
mild_15,road_segment,871
mild_15,road_segment,899
mild_15,road_segment,901
mild_15,road_segment,914
mild_15,road_segment,915
mild_15,road_segment,930
mild_15,road_segment,932
mild_15,road_segment,933
mild_15,road_segment,936
mild_15,road_segment,953
mild_15,road_segment,955
mild_15,road_segment,956
mild_15,road_segment,972
mild_15,road_segment,973
mild_15,road_segment,982
mild_15,road_segment,1000
mild_15,road_segment,1005
mild_15,road_segment,1024
mild_15,road_segment,1026
mild_15,road_segment,1027
mild_15,road_segment,1037
mild_15,road_segment,1047
mild_15,road_segment,1058
mild_15,road_segment,1063
mild_15,road_segment,1068
mild_15,road_segment,1081
mild_15,road_segment,1082
mild_15,road_segment,1092
mild_15,road_segment,1106
mild_15,road_segment,1117
mild_15,road_segment,1124
mild_15,road_segment,1127
mild_15,facility,907956
mild_15,facility,960725
mild_15,facility,900239
mild_16,road_segment,6
mild_16,road_segment,14
mild_16,road_segment,22
mild_16,road_segment,44
mild_16,road_segment,47
mild_16,road_segment,59
mild_16,road_segment,62
mild_16,road_segment,65
mild_16,road_segment,75
mild_16,road_segment,105
mild_16,road_segment,118
mild_16,road_segment,119
mild_16,road_segment,140
mild_16,road_segment,162
mild_16,road_segment,165
mild_16,road_segment,173
mild_16,road_segment,192
mild_16,road_segment,224
mild_16,road_segment,238
mild_16,road_segment,251
mild_16,road_segment,271
mild_16,road_segment,275
mild_16,road_segment,304
mild_16,road_segment,319
mild_16,road_segment,337
mild_16,road_segment,355
mild_16,road_segment,366
mild_16,road_segment,368
mild_16,road_segment,393
mild_16,road_segment,403
mild_16,road_segment,408
mild_16,road_segment,410
mild_16,road_segment,415
mild_16,road_segment,426
mild_16,road_segment,443
mild_16,road_segment,444
mild_16,road_segment,470
mild_16,road_segment,479
mild_16,road_segment,495
mild_16,road_segment,510
mild_16,road_segment,517
mild_16,road_segment,542
mild_16,road_segment,544
mild_16,road_segment,551
mild_16,road_segment,556
mild_16,road_segment,562
mild_16,road_segment,575
mild_16,road_segment,584
mild_16,road_segment,594
mild_16,road_segment,613
mild_16,road_segment,638
mild_16,road_segment,640
mild_16,road_segment,646
mild_16,road_segment,661
mild_16,road_segment,669
mild_16,road_segment,705
mild_16,road_segment,744
mild_16,road_segment,769
mild_16,road_segment,777
mild_16,road_segment,782
mild_16,road_segment,824
mild_16,road_segment,826
mild_16,road_segment,827
mild_16,road_segment,844
mild_16,road_segment,859
mild_16,road_segment,866
mild_16,road_segment,871
mild_16,road_segment,899
mild_16,road_segment,901
mild_16,road_segment,914
mild_16,road_segment,915
mild_16,road_segment,930
mild_16,road_segment,932
mild_16,road_segment,933
mild_16,road_segment,936
mild_16,road_segment,953
mild_16,road_segment,955
mild_16,road_segment,956
mild_16,road_segment,972
mild_16,road_segment,973
mild_16,road_segment,982
mild_16,road_segment,1000
mild_16,road_segment,1005
mild_16,road_segment,1024
mild_16,road_segment,1026
mild_16,road_segment,1027
mild_16,road_segment,1037
mild_16,road_segment,1047
mild_16,road_segment,1058
mild_16,road_segment,1068
mild_16,road_segment,1081
mild_16,road_segment,1082
mild_16,road_segment,1092
mild_16,road_segment,1117
mild_16,road_segment,1124
mild_16,road_segment,1127
mild_16,facility,960725
mild_17,road_segment,14
mild_17,road_segment,22
mild_17,road_segment,44
mild_17,road_segment,59
mild_17,road_segment,62
mild_17,road_segment,65
mild_17,road_segment,75
mild_17,road_segment,105
mild_17,road_segment,119
mild_17,road_segment,140
mild_17,road_segment,162
mild_17,road_segment,173
mild_17,road_segment,192
mild_17,road_segment,224
mild_17,road_segment,238
mild_17,road_segment,251
mild_17,road_segment,271
mild_17,road_segment,275
mild_17,road_segment,337
mild_17,road_segment,366
mild_17,road_segment,368
mild_17,road_segment,393
mild_17,road_segment,403
mild_17,road_segment,410
mild_17,road_segment,415
mild_17,road_segment,426
mild_17,road_segment,443
mild_17,road_segment,470
mild_17,road_segment,479
mild_17,road_segment,495
mild_17,road_segment,517
mild_17,road_segment,544
mild_17,road_segment,551
mild_17,road_segment,562
mild_17,road_segment,584
mild_17,road_segment,594
mild_17,road_segment,613
mild_17,road_segment,638
mild_17,road_segment,705
mild_17,road_segment,744
mild_17,road_segment,769
mild_17,road_segment,777
mild_17,road_segment,824
mild_17,road_segment,827
mild_17,road_segment,844
mild_17,road_segment,866
mild_17,road_segment,899
mild_17,road_segment,901
mild_17,road_segment,914
mild_17,road_segment,915
mild_17,road_segment,930
mild_17,road_segment,933
mild_17,road_segment,953
mild_17,road_segment,955
mild_17,road_segment,956
mild_17,road_segment,972
mild_17,road_segment,973
mild_17,road_segment,1026
mild_17,road_segment,1027
mild_17,road_segment,1037
mild_17,road_segment,1047
mild_17,road_segment,1058
mild_17,road_segment,1068
mild_17,road_segment,1081
mild_17,road_segment,1082
mild_17,road_segment,1092
mild_17,road_segment,1117
mild_17,road_segment,1124
mild_18,road_segment,14
mild_18,road_segment,22
mild_18,road_segment,44
mild_18,road_segment,75
mild_18,road_segment,105
mild_18,road_segment,119
mild_18,road_segment,162
mild_18,road_segment,224
mild_18,road_segment,251
mild_18,road_segment,275
mild_18,road_segment,337
mild_18,road_segment,368
mild_18,road_segment,393
mild_18,road_segment,408
mild_18,road_segment,443
mild_18,road_segment,470
mild_18,road_segment,479
mild_18,road_segment,495
mild_18,road_segment,542
mild_18,road_segment,551
mild_18,road_segment,556
mild_18,road_segment,584
mild_18,road_segment,594
mild_18,road_segment,613
mild_18,road_segment,638
mild_18,road_segment,705
mild_18,road_segment,777
mild_18,road_segment,824
mild_18,road_segment,844
mild_18,road_segment,899
mild_18,road_segment,914
mild_18,road_segment,915
mild_18,road_segment,930
mild_18,road_segment,955
mild_18,road_segment,972
mild_18,road_segment,973
mild_18,road_segment,1026
mild_18,road_segment,1037
mild_18,road_segment,1058
mild_18,road_segment,1068
mild_18,road_segment,1082
mild_18,road_segment,1117
mild_18,road_segment,1124
mild_19,road_segment,6
mild_19,road_segment,7
mild_19,road_segment,14
mild_19,road_segment,22
mild_19,road_segment,42
mild_19,road_segment,44
mild_19,road_segment,47
mild_19,road_segment,58
mild_19,road_segment,59
mild_19,road_segment,62
mild_19,road_segment,65
mild_19,road_segment,68
mild_19,road_segment,75
mild_19,road_segment,89
mild_19,road_segment,105
mild_19,road_segment,118
mild_19,road_segment,119
mild_19,road_segment,120
mild_19,road_segment,140
mild_19,road_segment,162
mild_19,road_segment,165
mild_19,road_segment,172
mild_19,road_segment,173
mild_19,road_segment,186
mild_19,road_segment,192
mild_19,road_segment,198
mild_19,road_segment,224
mild_19,road_segment,238
mild_19,road_segment,241
mild_19,road_segment,251
mild_19,road_segment,260
mild_19,road_segment,271
mild_19,road_segment,275
mild_19,road_segment,301
mild_19,road_segment,304
mild_19,road_segment,308
mild_19,road_segment,319
mild_19,road_segment,323
mild_19,road_segment,326
mild_19,road_segment,337
mild_19,road_segment,355
mild_19,road_segment,364
mild_19,road_segment,365
mild_19,road_segment,366
mild_19,road_segment,368
mild_19,road_segment,376
mild_19,road_segment,393
mild_19,road_segment,403
mild_19,road_segment,408
mild_19,road_segment,410
mild_19,road_segment,415
mild_19,road_segment,420
mild_19,road_segment,426
mild_19,road_segment,443
mild_19,road_segment,444
mild_19,road_segment,470
mild_19,road_segment,479
mild_19,road_segment,495
mild_19,road_segment,500
mild_19,road_segment,501
mild_19,road_segment,506
mild_19,road_segment,510
mild_19,road_segment,517
mild_19,road_segment,522
mild_19,road_segment,542
mild_19,road_segment,544
mild_19,road_segment,551
mild_19,road_segment,556
mild_19,road_segment,562
mild_19,road_segment,575
mild_19,road_segment,576
mild_19,road_segment,584
mild_19,road_segment,594
mild_19,road_segment,613
mild_19,road_segment,628
mild_19,road_segment,638
mild_19,road_segment,640
mild_19,road_segment,646
mild_19,road_segment,660
mild_19,road_segment,661
mild_19,road_segment,669
mild_19,road_segment,705
mild_19,road_segment,744
mild_19,road_segment,769
mild_19,road_segment,776
mild_19,road_segment,777
mild_19,road_segment,782
mild_19,road_segment,792
mild_19,road_segment,801
mild_19,road_segment,824
mild_19,road_segment,826
mild_19,road_segment,827
mild_19,road_segment,832
mild_19,road_segment,844
mild_19,road_segment,848
mild_19,road_segment,852
mild_19,road_segment,859
mild_19,road_segment,866
mild_19,road_segment,871
mild_19,road_segment,887
mild_19,road_segment,888
mild_19,road_segment,899
mild_19,road_segment,901
mild_19,road_segment,914
mild_19,road_segment,915
mild_19,road_segment,927
mild_19,road_segment,930
mild_19,road_segment,932
mild_19,road_segment,933
mild_19,road_segment,936
mild_19,road_segment,953
mild_19,road_segment,955
mild_19,road_segment,956
mild_19,road_segment,966
mild_19,road_segment,972
mild_19,road_segment,973
mild_19,road_segment,982
mild_19,road_segment,1000
mild_19,road_segment,1005
mild_19,road_segment,1024
mild_19,road_segment,1026
mild_19,road_segment,1027
mild_19,road_segment,1037
mild_19,road_segment,1047
mild_19,road_segment,1058
mild_19,road_segment,1063
mild_19,road_segment,1068
mild_19,road_segment,1081
mild_19,road_segment,1082
mild_19,road_segment,1092
mild_19,road_segment,1106
mild_19,road_segment,1117
mild_19,road_segment,1124
mild_19,road_segment,1127
mild_19,facility,907956
mild_19,facility,899998
mild_19,facility,900239
moderate_00,road_segment,6
moderate_00,road_segment,7
moderate_00,road_segment,14
moderate_00,road_segment,22
moderate_00,road_segment,28
moderate_00,road_segment,42
moderate_00,road_segment,44
moderate_00,road_segment,47
moderate_00,road_segment,57
moderate_00,road_segment,58
moderate_00,road_segment,59
moderate_00,road_segment,62
moderate_00,road_segment,65
moderate_00,road_segment,68
moderate_00,road_segment,72
moderate_00,road_segment,75
moderate_00,road_segment,89
moderate_00,road_segment,105
moderate_00,road_segment,108
moderate_00,road_segment,109
moderate_00,road_segment,118
moderate_00,road_segment,119
moderate_00,road_segment,120
moderate_00,road_segment,134
moderate_00,road_segment,140
moderate_00,road_segment,144
moderate_00,road_segment,149
moderate_00,road_segment,159
moderate_00,road_segment,162
moderate_00,road_segment,165
moderate_00,road_segment,172
moderate_00,road_segment,173
moderate_00,road_segment,180
moderate_00,road_segment,186
moderate_00,road_segment,190
moderate_00,road_segment,191
moderate_00,road_segment,192
moderate_00,road_segment,196
moderate_00,road_segment,198
moderate_00,road_segment,206
moderate_00,road_segment,215
moderate_00,road_segment,220
moderate_00,road_segment,222
moderate_00,road_segment,224
moderate_00,road_segment,225
moderate_00,road_segment,227
moderate_00,road_segment,230
moderate_00,road_segment,235
moderate_00,road_segment,238
moderate_00,road_segment,241
moderate_00,road_segment,247
moderate_00,road_segment,251
moderate_00,road_segment,260
moderate_00,road_segment,264
moderate_00,road_segment,271
moderate_00,road_segment,274
moderate_00,road_segment,275
moderate_00,road_segment,278
moderate_00,road_segment,280
moderate_00,road_segment,281
moderate_00,road_segment,285
moderate_00,road_segment,289
moderate_00,road_segment,296
moderate_00,road_segment,299
moderate_00,road_segment,301
moderate_00,road_segment,304
moderate_00,road_segment,306
moderate_00,road_segment,308
moderate_00,road_segment,310
moderate_00,road_segment,316
moderate_00,road_segment,317
moderate_00,road_segment,319
moderate_00,road_segment,323
moderate_00,road_segment,325
moderate_00,road_segment,326
moderate_00,road_segment,327
moderate_00,road_segment,337
moderate_00,road_segment,339
moderate_00,road_segment,345
moderate_00,road_segment,355
moderate_00,road_segment,358
moderate_00,road_segment,364
moderate_00,road_segment,365
moderate_00,road_segment,366
moderate_00,road_segment,368
moderate_00,road_segment,369
moderate_00,road_segment,376
moderate_00,road_segment,389
moderate_00,road_segment,393
moderate_00,road_segment,400
moderate_00,road_segment,403
moderate_00,road_segment,404
moderate_00,road_segment,408
moderate_00,road_segment,410
moderate_00,road_segment,415
moderate_00,road_segment,420
moderate_00,road_segment,426
moderate_00,road_segment,427
moderate_00,road_segment,432
moderate_00,road_segment,435
moderate_00,road_segment,443
moderate_00,road_segment,444
moderate_00,road_segment,452
moderate_00,road_segment,454
moderate_00,road_segment,458
moderate_00,road_segment,461
moderate_00,road_segment,470
moderate_00,road_segment,479
moderate_00,road_segment,484
moderate_00,road_segment,489
moderate_00,road_segment,495
moderate_00,road_segment,498
moderate_00,road_segment,500
moderate_00,road_segment,501
moderate_00,road_segment,506
moderate_00,road_segment,510
moderate_00,road_segment,514
moderate_00,road_segment,516
moderate_00,road_segment,517
moderate_00,road_segment,519
moderate_00,road_segment,522
moderate_00,road_segment,523
moderate_00,road_segment,530
moderate_00,road_segment,531
moderate_00,road_segment,535
moderate_00,road_segment,541
moderate_00,road_segment,542
moderate_00,road_segment,544
moderate_00,road_segment,551
moderate_00,road_segment,552
moderate_00,road_segment,556
moderate_00,road_segment,559
moderate_00,road_segment,562
moderate_00,road_segment,568
moderate_00,road_segment,570
moderate_00,road_segment,575
moderate_00,road_segment,576
moderate_00,road_segment,580
moderate_00,road_segment,581
moderate_00,road_segment,584
moderate_00,road_segment,589
moderate_00,road_segment,590
moderate_00,road_segment,591
moderate_00,road_segment,593
moderate_00,road_segment,594
moderate_00,road_segment,599
moderate_00,road_segment,603
moderate_00,road_segment,604
moderate_00,road_segment,608
moderate_00,road_segment,610
moderate_00,road_segment,612
moderate_00,road_segment,613
moderate_00,road_segment,625
moderate_00,road_segment,628
moderate_00,road_segment,636
moderate_00,road_segment,638
moderate_00,road_segment,640
moderate_00,road_segment,641
moderate_00,road_segment,646
moderate_00,road_segment,647
moderate_00,road_segment,655
moderate_00,road_segment,660
moderate_00,road_segment,661
moderate_00,road_segment,663
moderate_00,road_segment,667
moderate_00,road_segment,668
moderate_00,road_segment,669
moderate_00,road_segment,670
moderate_00,road_segment,689
moderate_00,road_segment,700
moderate_00,road_segment,704
moderate_00,road_segment,705
moderate_00,road_segment,708
moderate_00,road_segment,723
moderate_00,road_segment,730
moderate_00,road_segment,733
moderate_00,road_segment,734
moderate_00,road_segment,735
moderate_00,road_segment,740
moderate_00,road_segment,744
moderate_00,road_segment,756
moderate_00,road_segment,761
moderate_00,road_segment,763
moderate_00,road_segment,769
moderate_00,road_segment,776
moderate_00,road_segment,777
moderate_00,road_segment,782
moderate_00,road_segment,787
moderate_00,road_segment,790
moderate_00,road_segment,792
moderate_00,road_segment,800
moderate_00,road_segment,801
moderate_00,road_segment,803
moderate_00,road_segment,813
moderate_00,road_segment,824
moderate_00,road_segment,826
moderate_00,road_segment,827
moderate_00,road_segment,830
moderate_00,road_segment,832
moderate_00,road_segment,838
moderate_00,road_segment,844
moderate_00,road_segment,848
moderate_00,road_segment,852
moderate_00,road_segment,859
moderate_00,road_segment,860
moderate_00,road_segment,861
moderate_00,road_segment,866
moderate_00,road_segment,868
moderate_00,road_segment,871
moderate_00,road_segment,884
moderate_00,road_segment,887
moderate_00,road_segment,888
moderate_00,road_segment,892
moderate_00,road_segment,899
moderate_00,road_segment,901
moderate_00,road_segment,910
moderate_00,road_segment,914
moderate_00,road_segment,915
moderate_00,road_segment,927
moderate_00,road_segment,930
moderate_00,road_segment,932
moderate_00,road_segment,933
moderate_00,road_segment,936
moderate_00,road_segment,938
moderate_00,road_segment,942
moderate_00,road_segment,947
moderate_00,road_segment,953
moderate_00,road_segment,955
moderate_00,road_segment,956
moderate_00,road_segment,966
moderate_00,road_segment,967
moderate_00,road_segment,972
moderate_00,road_segment,973
moderate_00,road_segment,982
moderate_00,road_segment,997
moderate_00,road_segment,1000
moderate_00,road_segment,1005
moderate_00,road_segment,1024
moderate_00,road_segment,1026
moderate_00,road_segment,1027
moderate_00,road_segment,1033
moderate_00,road_segment,1037
moderate_00,road_segment,1041
moderate_00,road_segment,1047
moderate_00,road_segment,1051
moderate_00,road_segment,1058
moderate_00,road_segment,1063
moderate_00,road_segment,1065
moderate_00,road_segment,1068
moderate_00,road_segment,1069
moderate_00,road_segment,1073
moderate_00,road_segment,1081
moderate_00,road_segment,1082
moderate_00,road_segment,1091
moderate_00,road_segment,1092
moderate_00,road_segment,1100
moderate_00,road_segment,1105
moderate_00,road_segment,1106
moderate_00,road_segment,1117
moderate_00,road_segment,1124
moderate_00,road_segment,1127
moderate_00,road_segment,1129
moderate_00,facility,885528
moderate_00,facility,900003
moderate_00,facility,929411
moderate_00,facility,960725
moderate_00,facility,900084
moderate_00,facility,879303
moderate_00,facility,870357
moderate_00,facility,899998
moderate_00,facility,956263
moderate_00,facility,900239
moderate_00,facility,963173
moderate_01,road_segment,6
moderate_01,road_segment,7
moderate_01,road_segment,14
moderate_01,road_segment,15
moderate_01,road_segment,22
moderate_01,road_segment,42
moderate_01,road_segment,43
moderate_01,road_segment,44
moderate_01,road_segment,47
moderate_01,road_segment,57
moderate_01,road_segment,58
moderate_01,road_segment,59
moderate_01,road_segment,62
moderate_01,road_segment,65
moderate_01,road_segment,68
moderate_01,road_segment,72
moderate_01,road_segment,74
moderate_01,road_segment,75
moderate_01,road_segment,87
moderate_01,road_segment,89
moderate_01,road_segment,100
moderate_01,road_segment,105
moderate_01,road_segment,108
moderate_01,road_segment,109
moderate_01,road_segment,118
moderate_01,road_segment,119
moderate_01,road_segment,120
moderate_01,road_segment,134
moderate_01,road_segment,140
moderate_01,road_segment,141
moderate_01,road_segment,144
moderate_01,road_segment,148
moderate_01,road_segment,149
moderate_01,road_segment,158
moderate_01,road_segment,159
moderate_01,road_segment,160
moderate_01,road_segment,162
moderate_01,road_segment,165
moderate_01,road_segment,172
moderate_01,road_segment,173
moderate_01,road_segment,180
moderate_01,road_segment,186
moderate_01,road_segment,190
moderate_01,road_segment,191
moderate_01,road_segment,192
moderate_01,road_segment,196
moderate_01,road_segment,198
moderate_01,road_segment,206
moderate_01,road_segment,215
moderate_01,road_segment,216
moderate_01,road_segment,220
moderate_01,road_segment,222
moderate_01,road_segment,224
moderate_01,road_segment,225
moderate_01,road_segment,227
moderate_01,road_segment,230
moderate_01,road_segment,234
moderate_01,road_segment,235
moderate_01,road_segment,238
moderate_01,road_segment,241
moderate_01,road_segment,251
moderate_01,road_segment,256
moderate_01,road_segment,260
moderate_01,road_segment,264
moderate_01,road_segment,271
moderate_01,road_segment,274
moderate_01,road_segment,275
moderate_01,road_segment,278
moderate_01,road_segment,280
moderate_01,road_segment,281
moderate_01,road_segment,285
moderate_01,road_segment,289
moderate_01,road_segment,296
moderate_01,road_segment,299
moderate_01,road_segment,301
moderate_01,road_segment,304
moderate_01,road_segment,306
moderate_01,road_segment,308
moderate_01,road_segment,310
moderate_01,road_segment,317
moderate_01,road_segment,319
moderate_01,road_segment,323
moderate_01,road_segment,325
moderate_01,road_segment,326
moderate_01,road_segment,337
moderate_01,road_segment,339
moderate_01,road_segment,342
moderate_01,road_segment,345
moderate_01,road_segment,348
moderate_01,road_segment,355
moderate_01,road_segment,358
moderate_01,road_segment,364
moderate_01,road_segment,365
moderate_01,road_segment,366
moderate_01,road_segment,368
moderate_01,road_segment,369
moderate_01,road_segment,370
moderate_01,road_segment,376
moderate_01,road_segment,389
moderate_01,road_segment,391
moderate_01,road_segment,393
moderate_01,road_segment,397
moderate_01,road_segment,400
moderate_01,road_segment,401
moderate_01,road_segment,403
moderate_01,road_segment,404
moderate_01,road_segment,408
moderate_01,road_segment,410
moderate_01,road_segment,415
moderate_01,road_segment,418
moderate_01,road_segment,420
moderate_01,road_segment,426
moderate_01,road_segment,427
moderate_01,road_segment,434
moderate_01,road_segment,435
moderate_01,road_segment,440
moderate_01,road_segment,443
moderate_01,road_segment,444
moderate_01,road_segment,452
moderate_01,road_segment,454
moderate_01,road_segment,458
moderate_01,road_segment,461
moderate_01,road_segment,470
moderate_01,road_segment,479
moderate_01,road_segment,480
moderate_01,road_segment,484
moderate_01,road_segment,489
moderate_01,road_segment,490
moderate_01,road_segment,495
moderate_01,road_segment,498
moderate_01,road_segment,500
moderate_01,road_segment,501
moderate_01,road_segment,505
moderate_01,road_segment,506
moderate_01,road_segment,510
moderate_01,road_segment,513
moderate_01,road_segment,514
moderate_01,road_segment,516
moderate_01,road_segment,517
moderate_01,road_segment,519
moderate_01,road_segment,522
moderate_01,road_segment,530
moderate_01,road_segment,531
moderate_01,road_segment,535
moderate_01,road_segment,541
moderate_01,road_segment,542
moderate_01,road_segment,544
moderate_01,road_segment,548
moderate_01,road_segment,551
moderate_01,road_segment,552
moderate_01,road_segment,554
moderate_01,road_segment,556
moderate_01,road_segment,558
moderate_01,road_segment,559
moderate_01,road_segment,562
moderate_01,road_segment,566
moderate_01,road_segment,568
moderate_01,road_segment,569
moderate_01,road_segment,570
moderate_01,road_segment,575
moderate_01,road_segment,576
moderate_01,road_segment,580
moderate_01,road_segment,583
moderate_01,road_segment,584
moderate_01,road_segment,590
moderate_01,road_segment,591
moderate_01,road_segment,594
moderate_01,road_segment,599
moderate_01,road_segment,603
moderate_01,road_segment,604
moderate_01,road_segment,608
moderate_01,road_segment,610
moderate_01,road_segment,612
moderate_01,road_segment,613
moderate_01,road_segment,615
moderate_01,road_segment,616
moderate_01,road_segment,625
moderate_01,road_segment,628
moderate_01,road_segment,636
moderate_01,road_segment,638
moderate_01,road_segment,640
moderate_01,road_segment,641
moderate_01,road_segment,646
moderate_01,road_segment,647
moderate_01,road_segment,653
moderate_01,road_segment,655
moderate_01,road_segment,660
moderate_01,road_segment,661
moderate_01,road_segment,663
moderate_01,road_segment,668
moderate_01,road_segment,669
moderate_01,road_segment,670
moderate_01,road_segment,672
moderate_01,road_segment,674
moderate_01,road_segment,682
moderate_01,road_segment,693
moderate_01,road_segment,704
moderate_01,road_segment,705
moderate_01,road_segment,708
moderate_01,road_segment,723
moderate_01,road_segment,730
moderate_01,road_segment,734
moderate_01,road_segment,735
moderate_01,road_segment,740
moderate_01,road_segment,744
moderate_01,road_segment,756
moderate_01,road_segment,761
moderate_01,road_segment,763
moderate_01,road_segment,767
moderate_01,road_segment,769
moderate_01,road_segment,774
moderate_01,road_segment,776
moderate_01,road_segment,777
moderate_01,road_segment,782
moderate_01,road_segment,787
moderate_01,road_segment,790
moderate_01,road_segment,792
moderate_01,road_segment,801
moderate_01,road_segment,803
moderate_01,road_segment,807
moderate_01,road_segment,813
moderate_01,road_segment,824
moderate_01,road_segment,826
moderate_01,road_segment,827
moderate_01,road_segment,830
moderate_01,road_segment,832
moderate_01,road_segment,838
moderate_01,road_segment,843
moderate_01,road_segment,844
moderate_01,road_segment,848
moderate_01,road_segment,852
moderate_01,road_segment,854
moderate_01,road_segment,859
moderate_01,road_segment,860
moderate_01,road_segment,861
moderate_01,road_segment,866
moderate_01,road_segment,871
moderate_01,road_segment,884
moderate_01,road_segment,887
moderate_01,road_segment,888
moderate_01,road_segment,892
moderate_01,road_segment,895
moderate_01,road_segment,899
moderate_01,road_segment,901
moderate_01,road_segment,910
moderate_01,road_segment,914
moderate_01,road_segment,915
moderate_01,road_segment,920
moderate_01,road_segment,921
moderate_01,road_segment,927
moderate_01,road_segment,930
moderate_01,road_segment,931
moderate_01,road_segment,932
moderate_01,road_segment,933
moderate_01,road_segment,936
moderate_01,road_segment,938
moderate_01,road_segment,942
moderate_01,road_segment,953
moderate_01,road_segment,955
moderate_01,road_segment,956
moderate_01,road_segment,957
moderate_01,road_segment,966
moderate_01,road_segment,967
moderate_01,road_segment,972
moderate_01,road_segment,973
moderate_01,road_segment,982
moderate_01,road_segment,1000
moderate_01,road_segment,1005
moderate_01,road_segment,1024
moderate_01,road_segment,1026
moderate_01,road_segment,1027
moderate_01,road_segment,1030
moderate_01,road_segment,1037
moderate_01,road_segment,1041
moderate_01,road_segment,1047
moderate_01,road_segment,1051
moderate_01,road_segment,1058
moderate_01,road_segment,1063
moderate_01,road_segment,1065
moderate_01,road_segment,1068
moderate_01,road_segment,1069
moderate_01,road_segment,1072
moderate_01,road_segment,1073
moderate_01,road_segment,1081
moderate_01,road_segment,1082
moderate_01,road_segment,1091
moderate_01,road_segment,1092
moderate_01,road_segment,1100
moderate_01,road_segment,1105
moderate_01,road_segment,1106
moderate_01,road_segment,1108
moderate_01,road_segment,1117
moderate_01,road_segment,1124
moderate_01,road_segment,1127
moderate_01,road_segment,1129
moderate_01,facility,966003
moderate_01,facility,965433
moderate_01,facility,885520
moderate_01,facility,885528
moderate_01,facility,901325
moderate_01,facility,887699
moderate_01,facility,960725
moderate_01,facility,900084
moderate_01,facility,870357
moderate_01,facility,899998
moderate_01,facility,956263
moderate_01,facility,900239
moderate_02,road_segment,6
moderate_02,road_segment,7
moderate_02,road_segment,14
moderate_02,road_segment,22
moderate_02,road_segment,42
moderate_02,road_segment,43
moderate_02,road_segment,44
moderate_02,road_segment,47
moderate_02,road_segment,57
moderate_02,road_segment,58
moderate_02,road_segment,59
moderate_02,road_segment,62
moderate_02,road_segment,65
moderate_02,road_segment,68
moderate_02,road_segment,72
moderate_02,road_segment,74
moderate_02,road_segment,75
moderate_02,road_segment,87
moderate_02,road_segment,89
moderate_02,road_segment,100
moderate_02,road_segment,105
moderate_02,road_segment,108
moderate_02,road_segment,109
moderate_02,road_segment,118
moderate_02,road_segment,119
moderate_02,road_segment,120
moderate_02,road_segment,134
moderate_02,road_segment,140
moderate_02,road_segment,141
moderate_02,road_segment,144
moderate_02,road_segment,148
moderate_02,road_segment,149
moderate_02,road_segment,159
moderate_02,road_segment,160
moderate_02,road_segment,162
moderate_02,road_segment,165
moderate_02,road_segment,172
moderate_02,road_segment,173
moderate_02,road_segment,180
moderate_02,road_segment,186
moderate_02,road_segment,190
moderate_02,road_segment,191
moderate_02,road_segment,192
moderate_02,road_segment,196
moderate_02,road_segment,198
moderate_02,road_segment,206
moderate_02,road_segment,215
moderate_02,road_segment,216
moderate_02,road_segment,220
moderate_02,road_segment,222
moderate_02,road_segment,224
moderate_02,road_segment,225
moderate_02,road_segment,227
moderate_02,road_segment,230
moderate_02,road_segment,234
moderate_02,road_segment,235
moderate_02,road_segment,238
moderate_02,road_segment,241
moderate_02,road_segment,251
moderate_02,road_segment,256
moderate_02,road_segment,260
moderate_02,road_segment,264
moderate_02,road_segment,271
moderate_02,road_segment,274
moderate_02,road_segment,275
moderate_02,road_segment,278
moderate_02,road_segment,280
moderate_02,road_segment,281
moderate_02,road_segment,285
moderate_02,road_segment,289
moderate_02,road_segment,296
moderate_02,road_segment,299
moderate_02,road_segment,301
moderate_02,road_segment,304
moderate_02,road_segment,306
moderate_02,road_segment,308
moderate_02,road_segment,310
moderate_02,road_segment,317
moderate_02,road_segment,319
moderate_02,road_segment,323
moderate_02,road_segment,325
moderate_02,road_segment,326
moderate_02,road_segment,337
moderate_02,road_segment,339
moderate_02,road_segment,342
moderate_02,road_segment,345
moderate_02,road_segment,348
moderate_02,road_segment,355
moderate_02,road_segment,358
moderate_02,road_segment,364
moderate_02,road_segment,365
moderate_02,road_segment,366
moderate_02,road_segment,368
moderate_02,road_segment,369
moderate_02,road_segment,370
moderate_02,road_segment,376
moderate_02,road_segment,389
moderate_02,road_segment,391
moderate_02,road_segment,393
moderate_02,road_segment,400
moderate_02,road_segment,401
moderate_02,road_segment,403
moderate_02,road_segment,404
moderate_02,road_segment,408
moderate_02,road_segment,410
moderate_02,road_segment,415
moderate_02,road_segment,420
moderate_02,road_segment,426
moderate_02,road_segment,427
moderate_02,road_segment,435
moderate_02,road_segment,440
moderate_02,road_segment,443
moderate_02,road_segment,444
moderate_02,road_segment,452
moderate_02,road_segment,454
moderate_02,road_segment,458
moderate_02,road_segment,461
moderate_02,road_segment,470
moderate_02,road_segment,479
moderate_02,road_segment,480
moderate_02,road_segment,484
moderate_02,road_segment,489
moderate_02,road_segment,490
moderate_02,road_segment,495
moderate_02,road_segment,498
moderate_02,road_segment,500
moderate_02,road_segment,501
moderate_02,road_segment,505
moderate_02,road_segment,506
moderate_02,road_segment,510
moderate_02,road_segment,514
moderate_02,road_segment,516
moderate_02,road_segment,517
moderate_02,road_segment,519
moderate_02,road_segment,522
moderate_02,road_segment,530
moderate_02,road_segment,531
moderate_02,road_segment,535
moderate_02,road_segment,541
moderate_02,road_segment,542
moderate_02,road_segment,544
moderate_02,road_segment,551
moderate_02,road_segment,552
moderate_02,road_segment,554
moderate_02,road_segment,556
moderate_02,road_segment,558
moderate_02,road_segment,559
moderate_02,road_segment,562
moderate_02,road_segment,568
moderate_02,road_segment,569
moderate_02,road_segment,570
moderate_02,road_segment,575
moderate_02,road_segment,576
moderate_02,road_segment,580
moderate_02,road_segment,583
moderate_02,road_segment,584
moderate_02,road_segment,590
moderate_02,road_segment,591
moderate_02,road_segment,594
moderate_02,road_segment,599
moderate_02,road_segment,603
moderate_02,road_segment,604
moderate_02,road_segment,608
moderate_02,road_segment,610
moderate_02,road_segment,612
moderate_02,road_segment,613
moderate_02,road_segment,615
moderate_02,road_segment,616
moderate_02,road_segment,625
moderate_02,road_segment,628
moderate_02,road_segment,636
moderate_02,road_segment,638
moderate_02,road_segment,640
moderate_02,road_segment,641
moderate_02,road_segment,646
moderate_02,road_segment,647
moderate_02,road_segment,655
moderate_02,road_segment,660
moderate_02,road_segment,661
moderate_02,road_segment,663
moderate_02,road_segment,668
moderate_02,road_segment,669
moderate_02,road_segment,670
moderate_02,road_segment,682
moderate_02,road_segment,704
moderate_02,road_segment,705
moderate_02,road_segment,708
moderate_02,road_segment,723
moderate_02,road_segment,730
moderate_02,road_segment,734
moderate_02,road_segment,735
moderate_02,road_segment,740
moderate_02,road_segment,744
moderate_02,road_segment,756
moderate_02,road_segment,761
moderate_02,road_segment,763
moderate_02,road_segment,767
moderate_02,road_segment,769
moderate_02,road_segment,774
moderate_02,road_segment,776
moderate_02,road_segment,777
moderate_02,road_segment,782
moderate_02,road_segment,787
moderate_02,road_segment,790
moderate_02,road_segment,792
moderate_02,road_segment,801
moderate_02,road_segment,803
moderate_02,road_segment,807
moderate_02,road_segment,813
moderate_02,road_segment,824
moderate_02,road_segment,826
moderate_02,road_segment,827
moderate_02,road_segment,830
moderate_02,road_segment,832
moderate_02,road_segment,838
moderate_02,road_segment,843
moderate_02,road_segment,844
moderate_02,road_segment,848
moderate_02,road_segment,852
moderate_02,road_segment,854
moderate_02,road_segment,859
moderate_02,road_segment,860
moderate_02,road_segment,861
moderate_02,road_segment,866
moderate_02,road_segment,871
moderate_02,road_segment,884
moderate_02,road_segment,887
moderate_02,road_segment,888
moderate_02,road_segment,892
moderate_02,road_segment,899
moderate_02,road_segment,901
moderate_02,road_segment,910
moderate_02,road_segment,914
moderate_02,road_segment,915
moderate_02,road_segment,927
moderate_02,road_segment,930
moderate_02,road_segment,931
moderate_02,road_segment,932
moderate_02,road_segment,933
moderate_02,road_segment,936
moderate_02,road_segment,938
moderate_02,road_segment,942
moderate_02,road_segment,953
moderate_02,road_segment,955
moderate_02,road_segment,956
moderate_02,road_segment,957
moderate_02,road_segment,966
moderate_02,road_segment,967
moderate_02,road_segment,972
moderate_02,road_segment,973
moderate_02,road_segment,982
moderate_02,road_segment,1000
moderate_02,road_segment,1005
moderate_02,road_segment,1024
moderate_02,road_segment,1026
moderate_02,road_segment,1027
moderate_02,road_segment,1030
moderate_02,road_segment,1037
moderate_02,road_segment,1041
moderate_02,road_segment,1047
moderate_02,road_segment,1051
moderate_02,road_segment,1058
moderate_02,road_segment,1063
moderate_02,road_segment,1065
moderate_02,road_segment,1068
moderate_02,road_segment,1069
moderate_02,road_segment,1072
moderate_02,road_segment,1073
moderate_02,road_segment,1081
moderate_02,road_segment,1082
moderate_02,road_segment,1091
moderate_02,road_segment,1092
moderate_02,road_segment,1100
moderate_02,road_segment,1105
moderate_02,road_segment,1106
moderate_02,road_segment,1117
moderate_02,road_segment,1124
moderate_02,road_segment,1127
moderate_02,road_segment,1129
moderate_02,facility,966003
moderate_02,facility,907956
moderate_02,facility,885528
moderate_02,facility,876161
moderate_02,facility,960725
moderate_02,facility,900084
moderate_02,facility,870357
moderate_02,facility,900326
moderate_02,facility,963173
moderate_03,road_segment,6
moderate_03,road_segment,7
moderate_03,road_segment,14
moderate_03,road_segment,22
moderate_03,road_segment,28
moderate_03,road_segment,42
moderate_03,road_segment,44
moderate_03,road_segment,47
moderate_03,road_segment,57
moderate_03,road_segment,58
moderate_03,road_segment,59
moderate_03,road_segment,62
moderate_03,road_segment,65
moderate_03,road_segment,68
moderate_03,road_segment,72
moderate_03,road_segment,75
moderate_03,road_segment,89
moderate_03,road_segment,105
moderate_03,road_segment,118
moderate_03,road_segment,119
moderate_03,road_segment,120
moderate_03,road_segment,140
moderate_03,road_segment,149
moderate_03,road_segment,162
moderate_03,road_segment,165
moderate_03,road_segment,172
moderate_03,road_segment,173
moderate_03,road_segment,180
moderate_03,road_segment,186
moderate_03,road_segment,191
moderate_03,road_segment,192
moderate_03,road_segment,196
moderate_03,road_segment,198
moderate_03,road_segment,220
moderate_03,road_segment,222
moderate_03,road_segment,224
moderate_03,road_segment,225
moderate_03,road_segment,227
moderate_03,road_segment,230
moderate_03,road_segment,235
moderate_03,road_segment,238
moderate_03,road_segment,241
moderate_03,road_segment,251
moderate_03,road_segment,260
moderate_03,road_segment,264
moderate_03,road_segment,271
moderate_03,road_segment,274
moderate_03,road_segment,275
moderate_03,road_segment,278
moderate_03,road_segment,280
moderate_03,road_segment,281
moderate_03,road_segment,285
moderate_03,road_segment,301
moderate_03,road_segment,304
moderate_03,road_segment,306
moderate_03,road_segment,308
moderate_03,road_segment,310
moderate_03,road_segment,316
moderate_03,road_segment,317
moderate_03,road_segment,319
moderate_03,road_segment,323
moderate_03,road_segment,325
moderate_03,road_segment,326
moderate_03,road_segment,327
moderate_03,road_segment,337
moderate_03,road_segment,339
moderate_03,road_segment,345
moderate_03,road_segment,355
moderate_03,road_segment,358
moderate_03,road_segment,364
moderate_03,road_segment,365
moderate_03,road_segment,366
moderate_03,road_segment,368
moderate_03,road_segment,369
moderate_03,road_segment,376
moderate_03,road_segment,389
moderate_03,road_segment,393
moderate_03,road_segment,403
moderate_03,road_segment,408
moderate_03,road_segment,410
moderate_03,road_segment,415
moderate_03,road_segment,420
moderate_03,road_segment,426
moderate_03,road_segment,427
moderate_03,road_segment,435
moderate_03,road_segment,443
moderate_03,road_segment,444
moderate_03,road_segment,452
moderate_03,road_segment,454
moderate_03,road_segment,461
moderate_03,road_segment,470
moderate_03,road_segment,479
moderate_03,road_segment,484
moderate_03,road_segment,489
moderate_03,road_segment,495
moderate_03,road_segment,500
moderate_03,road_segment,501
moderate_03,road_segment,506
moderate_03,road_segment,510
moderate_03,road_segment,516
moderate_03,road_segment,517
moderate_03,road_segment,519
moderate_03,road_segment,522
moderate_03,road_segment,531
moderate_03,road_segment,541
moderate_03,road_segment,542
moderate_03,road_segment,544
moderate_03,road_segment,551
moderate_03,road_segment,552
moderate_03,road_segment,556
moderate_03,road_segment,559
moderate_03,road_segment,562
moderate_03,road_segment,575
moderate_03,road_segment,576
moderate_03,road_segment,584
moderate_03,road_segment,590
moderate_03,road_segment,591
moderate_03,road_segment,593
moderate_03,road_segment,594
moderate_03,road_segment,603
moderate_03,road_segment,608
moderate_03,road_segment,612
moderate_03,road_segment,613
moderate_03,road_segment,625
moderate_03,road_segment,628
moderate_03,road_segment,636
moderate_03,road_segment,638
moderate_03,road_segment,640
moderate_03,road_segment,646
moderate_03,road_segment,647
moderate_03,road_segment,660
moderate_03,road_segment,661
moderate_03,road_segment,663
moderate_03,road_segment,667
moderate_03,road_segment,668
moderate_03,road_segment,669
moderate_03,road_segment,670
moderate_03,road_segment,689
moderate_03,road_segment,704
moderate_03,road_segment,705
moderate_03,road_segment,708
moderate_03,road_segment,723
moderate_03,road_segment,734
moderate_03,road_segment,740
moderate_03,road_segment,744
moderate_03,road_segment,756
moderate_03,road_segment,761
moderate_03,road_segment,769
moderate_03,road_segment,776
moderate_03,road_segment,777
moderate_03,road_segment,782
moderate_03,road_segment,787
moderate_03,road_segment,792
moderate_03,road_segment,801
moderate_03,road_segment,803
moderate_03,road_segment,813
moderate_03,road_segment,824
moderate_03,road_segment,826
moderate_03,road_segment,827
moderate_03,road_segment,830
moderate_03,road_segment,832
moderate_03,road_segment,844
moderate_03,road_segment,848
moderate_03,road_segment,852
moderate_03,road_segment,859
moderate_03,road_segment,860
moderate_03,road_segment,861
moderate_03,road_segment,866
moderate_03,road_segment,871
moderate_03,road_segment,884
moderate_03,road_segment,887
moderate_03,road_segment,888
moderate_03,road_segment,892
moderate_03,road_segment,899
moderate_03,road_segment,901
moderate_03,road_segment,910
moderate_03,road_segment,914
moderate_03,road_segment,915
moderate_03,road_segment,927
moderate_03,road_segment,930
moderate_03,road_segment,932
moderate_03,road_segment,933
moderate_03,road_segment,936
moderate_03,road_segment,942
moderate_03,road_segment,953
moderate_03,road_segment,955
moderate_03,road_segment,956
moderate_03,road_segment,966
moderate_03,road_segment,967
moderate_03,road_segment,972
moderate_03,road_segment,973
moderate_03,road_segment,982
moderate_03,road_segment,997
moderate_03,road_segment,1000
moderate_03,road_segment,1005
moderate_03,road_segment,1024
moderate_03,road_segment,1026
moderate_03,road_segment,1027
moderate_03,road_segment,1033
moderate_03,road_segment,1037
moderate_03,road_segment,1041
moderate_03,road_segment,1047
moderate_03,road_segment,1051
moderate_03,road_segment,1058
moderate_03,road_segment,1063
moderate_03,road_segment,1065
moderate_03,road_segment,1068
moderate_03,road_segment,1073
moderate_03,road_segment,1081
moderate_03,road_segment,1082
moderate_03,road_segment,1091
moderate_03,road_segment,1092
moderate_03,road_segment,1106
moderate_03,road_segment,1117
moderate_03,road_segment,1124
moderate_03,road_segment,1127
moderate_03,facility,885520
moderate_03,facility,907956
moderate_03,facility,885528
moderate_03,facility,900239
moderate_03,facility,963173
moderate_04,road_segment,6
moderate_04,road_segment,7
moderate_04,road_segment,14
moderate_04,road_segment,15
moderate_04,road_segment,18
moderate_04,road_segment,22
moderate_04,road_segment,42
moderate_04,road_segment,43
moderate_04,road_segment,44
moderate_04,road_segment,47
moderate_04,road_segment,51
moderate_04,road_segment,57
moderate_04,road_segment,58
moderate_04,road_segment,59
moderate_04,road_segment,62
moderate_04,road_segment,65
moderate_04,road_segment,68
moderate_04,road_segment,72
moderate_04,road_segment,74
moderate_04,road_segment,75
moderate_04,road_segment,85
moderate_04,road_segment,86
moderate_04,road_segment,87
moderate_04,road_segment,89
moderate_04,road_segment,98
moderate_04,road_segment,100
moderate_04,road_segment,101
moderate_04,road_segment,105
moderate_04,road_segment,108
moderate_04,road_segment,109
moderate_04,road_segment,114
moderate_04,road_segment,117
moderate_04,road_segment,118
moderate_04,road_segment,119
moderate_04,road_segment,120
moderate_04,road_segment,134
moderate_04,road_segment,136
moderate_04,road_segment,140
moderate_04,road_segment,141
moderate_04,road_segment,143
moderate_04,road_segment,144
moderate_04,road_segment,148
moderate_04,road_segment,149
moderate_04,road_segment,156
moderate_04,road_segment,158
moderate_04,road_segment,159
moderate_04,road_segment,160
moderate_04,road_segment,162
moderate_04,road_segment,165
moderate_04,road_segment,172
moderate_04,road_segment,173
moderate_04,road_segment,180
moderate_04,road_segment,183
moderate_04,road_segment,184
moderate_04,road_segment,186
moderate_04,road_segment,190
moderate_04,road_segment,191
moderate_04,road_segment,192
moderate_04,road_segment,196
moderate_04,road_segment,198
moderate_04,road_segment,201
moderate_04,road_segment,206
moderate_04,road_segment,207
moderate_04,road_segment,208
moderate_04,road_segment,210
moderate_04,road_segment,215
moderate_04,road_segment,216
moderate_04,road_segment,220
moderate_04,road_segment,222
moderate_04,road_segment,224
moderate_04,road_segment,225
moderate_04,road_segment,227
moderate_04,road_segment,228
moderate_04,road_segment,230
moderate_04,road_segment,234
moderate_04,road_segment,235
moderate_04,road_segment,238
moderate_04,road_segment,239
moderate_04,road_segment,241
moderate_04,road_segment,251
moderate_04,road_segment,256
moderate_04,road_segment,257
moderate_04,road_segment,260
moderate_04,road_segment,264
moderate_04,road_segment,270
moderate_04,road_segment,271
moderate_04,road_segment,272
moderate_04,road_segment,274
moderate_04,road_segment,275
moderate_04,road_segment,278
moderate_04,road_segment,279
moderate_04,road_segment,280
moderate_04,road_segment,281
moderate_04,road_segment,285
moderate_04,road_segment,289
moderate_04,road_segment,296
moderate_04,road_segment,299
moderate_04,road_segment,301
moderate_04,road_segment,304
moderate_04,road_segment,306
moderate_04,road_segment,308
moderate_04,road_segment,310
moderate_04,road_segment,317
moderate_04,road_segment,319
moderate_04,road_segment,323
moderate_04,road_segment,325
moderate_04,road_segment,326
moderate_04,road_segment,337
moderate_04,road_segment,338
moderate_04,road_segment,339
moderate_04,road_segment,342
moderate_04,road_segment,345
moderate_04,road_segment,346
moderate_04,road_segment,348
moderate_04,road_segment,355
moderate_04,road_segment,358
moderate_04,road_segment,361
moderate_04,road_segment,364
moderate_04,road_segment,365
moderate_04,road_segment,366
moderate_04,road_segment,368
moderate_04,road_segment,369
moderate_04,road_segment,370
moderate_04,road_segment,376
moderate_04,road_segment,389
moderate_04,road_segment,391
moderate_04,road_segment,393
moderate_04,road_segment,397
moderate_04,road_segment,400
moderate_04,road_segment,401
moderate_04,road_segment,402
moderate_04,road_segment,403
moderate_04,road_segment,404
moderate_04,road_segment,408
moderate_04,road_segment,410
moderate_04,road_segment,415
moderate_04,road_segment,418
moderate_04,road_segment,420
moderate_04,road_segment,423
moderate_04,road_segment,426
moderate_04,road_segment,427
moderate_04,road_segment,434
moderate_04,road_segment,435
moderate_04,road_segment,440
moderate_04,road_segment,443
moderate_04,road_segment,444
moderate_04,road_segment,452
moderate_04,road_segment,454
moderate_04,road_segment,458
moderate_04,road_segment,461
moderate_04,road_segment,470
moderate_04,road_segment,479
moderate_04,road_segment,480
moderate_04,road_segment,484
moderate_04,road_segment,488
moderate_04,road_segment,489
moderate_04,road_segment,490
moderate_04,road_segment,491
moderate_04,road_segment,495
moderate_04,road_segment,498
moderate_04,road_segment,500
moderate_04,road_segment,501
moderate_04,road_segment,505
moderate_04,road_segment,506
moderate_04,road_segment,510
moderate_04,road_segment,513
moderate_04,road_segment,514
moderate_04,road_segment,515
moderate_04,road_segment,516
moderate_04,road_segment,517
moderate_04,road_segment,519
moderate_04,road_segment,522
moderate_04,road_segment,526
moderate_04,road_segment,530
moderate_04,road_segment,531
moderate_04,road_segment,535
moderate_04,road_segment,541
moderate_04,road_segment,542
moderate_04,road_segment,543
moderate_04,road_segment,544
moderate_04,road_segment,548
moderate_04,road_segment,551
moderate_04,road_segment,552
moderate_04,road_segment,554
moderate_04,road_segment,556
moderate_04,road_segment,558
moderate_04,road_segment,559
moderate_04,road_segment,562
moderate_04,road_segment,566
moderate_04,road_segment,568
moderate_04,road_segment,569
moderate_04,road_segment,570
moderate_04,road_segment,573
moderate_04,road_segment,575
moderate_04,road_segment,576
moderate_04,road_segment,578
moderate_04,road_segment,580
moderate_04,road_segment,583
moderate_04,road_segment,584
moderate_04,road_segment,585
moderate_04,road_segment,590
moderate_04,road_segment,591
moderate_04,road_segment,594
moderate_04,road_segment,599
moderate_04,road_segment,601
moderate_04,road_segment,603
moderate_04,road_segment,604
moderate_04,road_segment,606
moderate_04,road_segment,608
moderate_04,road_segment,610
moderate_04,road_segment,612
moderate_04,road_segment,613
moderate_04,road_segment,615
moderate_04,road_segment,616
moderate_04,road_segment,625
moderate_04,road_segment,627
moderate_04,road_segment,628
moderate_04,road_segment,630
moderate_04,road_segment,636
moderate_04,road_segment,638
moderate_04,road_segment,640
moderate_04,road_segment,641
moderate_04,road_segment,646
moderate_04,road_segment,647
moderate_04,road_segment,653
moderate_04,road_segment,655
moderate_04,road_segment,660
moderate_04,road_segment,661
moderate_04,road_segment,663
moderate_04,road_segment,668
moderate_04,road_segment,669
moderate_04,road_segment,670
moderate_04,road_segment,672
moderate_04,road_segment,674
moderate_04,road_segment,677
moderate_04,road_segment,682
moderate_04,road_segment,693
moderate_04,road_segment,704
moderate_04,road_segment,705
moderate_04,road_segment,708
moderate_04,road_segment,723
moderate_04,road_segment,730
moderate_04,road_segment,732
moderate_04,road_segment,734
moderate_04,road_segment,735
moderate_04,road_segment,737
moderate_04,road_segment,739
moderate_04,road_segment,740
moderate_04,road_segment,741
moderate_04,road_segment,744
moderate_04,road_segment,745
moderate_04,road_segment,756
moderate_04,road_segment,761
moderate_04,road_segment,763
moderate_04,road_segment,767
moderate_04,road_segment,769
moderate_04,road_segment,774
moderate_04,road_segment,776
moderate_04,road_segment,777
moderate_04,road_segment,782
moderate_04,road_segment,785
moderate_04,road_segment,787
moderate_04,road_segment,790
moderate_04,road_segment,792
moderate_04,road_segment,794
moderate_04,road_segment,801
moderate_04,road_segment,803
moderate_04,road_segment,804
moderate_04,road_segment,807
moderate_04,road_segment,813
moderate_04,road_segment,817
moderate_04,road_segment,818
moderate_04,road_segment,823
moderate_04,road_segment,824
moderate_04,road_segment,826
moderate_04,road_segment,827
moderate_04,road_segment,828
moderate_04,road_segment,830
moderate_04,road_segment,831
moderate_04,road_segment,832
moderate_04,road_segment,838
moderate_04,road_segment,840
moderate_04,road_segment,841
moderate_04,road_segment,843
moderate_04,road_segment,844
moderate_04,road_segment,845
moderate_04,road_segment,848
moderate_04,road_segment,852
moderate_04,road_segment,854
moderate_04,road_segment,859
moderate_04,road_segment,860
moderate_04,road_segment,861
moderate_04,road_segment,863
moderate_04,road_segment,865
moderate_04,road_segment,866
moderate_04,road_segment,871
moderate_04,road_segment,876
moderate_04,road_segment,877
moderate_04,road_segment,884
moderate_04,road_segment,887
moderate_04,road_segment,888
moderate_04,road_segment,892
moderate_04,road_segment,893
moderate_04,road_segment,895
moderate_04,road_segment,899
moderate_04,road_segment,901
moderate_04,road_segment,910
moderate_04,road_segment,911
moderate_04,road_segment,914
moderate_04,road_segment,915
moderate_04,road_segment,920
moderate_04,road_segment,921
moderate_04,road_segment,927
moderate_04,road_segment,930
moderate_04,road_segment,931
moderate_04,road_segment,932
moderate_04,road_segment,933
moderate_04,road_segment,936
moderate_04,road_segment,938
moderate_04,road_segment,942
moderate_04,road_segment,944
moderate_04,road_segment,953
moderate_04,road_segment,955
moderate_04,road_segment,956
moderate_04,road_segment,957
moderate_04,road_segment,966
moderate_04,road_segment,967
moderate_04,road_segment,972
moderate_04,road_segment,973
moderate_04,road_segment,982
moderate_04,road_segment,1000
moderate_04,road_segment,1001
moderate_04,road_segment,1005
moderate_04,road_segment,1010
moderate_04,road_segment,1024
moderate_04,road_segment,1026
moderate_04,road_segment,1027
moderate_04,road_segment,1030
moderate_04,road_segment,1037
moderate_04,road_segment,1041
moderate_04,road_segment,1043
moderate_04,road_segment,1047
moderate_04,road_segment,1048
moderate_04,road_segment,1051
moderate_04,road_segment,1056
moderate_04,road_segment,1058
moderate_04,road_segment,1063
moderate_04,road_segment,1065
moderate_04,road_segment,1068
moderate_04,road_segment,1069
moderate_04,road_segment,1072
moderate_04,road_segment,1073
moderate_04,road_segment,1081
moderate_04,road_segment,1082
moderate_04,road_segment,1089
moderate_04,road_segment,1091
moderate_04,road_segment,1092
moderate_04,road_segment,1093
moderate_04,road_segment,1095
moderate_04,road_segment,1100
moderate_04,road_segment,1105
moderate_04,road_segment,1106
moderate_04,road_segment,1107
moderate_04,road_segment,1108
moderate_04,road_segment,1117
moderate_04,road_segment,1124
moderate_04,road_segment,1127
moderate_04,road_segment,1129
moderate_04,facility,966003
moderate_04,facility,907956
moderate_04,facility,876161
moderate_04,facility,901325
moderate_04,facility,887699
moderate_04,facility,900084
moderate_04,facility,900326
moderate_04,facility,899998
moderate_04,facility,956263
moderate_04,facility,900239
moderate_04,facility,963173
moderate_05,road_segment,6
moderate_05,road_segment,7
moderate_05,road_segment,14
moderate_05,road_segment,22
moderate_05,road_segment,42
moderate_05,road_segment,44
moderate_05,road_segment,47
moderate_05,road_segment,57
moderate_05,road_segment,58
moderate_05,road_segment,59
moderate_05,road_segment,62
moderate_05,road_segment,65
moderate_05,road_segment,68
moderate_05,road_segment,72
moderate_05,road_segment,75
moderate_05,road_segment,89
moderate_05,road_segment,105
moderate_05,road_segment,109
moderate_05,road_segment,118
moderate_05,road_segment,119
moderate_05,road_segment,120
moderate_05,road_segment,140
moderate_05,road_segment,144
moderate_05,road_segment,149
moderate_05,road_segment,162
moderate_05,road_segment,165
moderate_05,road_segment,172
moderate_05,road_segment,173
moderate_05,road_segment,180
moderate_05,road_segment,186
moderate_05,road_segment,191
moderate_05,road_segment,192
moderate_05,road_segment,196
moderate_05,road_segment,198
moderate_05,road_segment,220
moderate_05,road_segment,222
moderate_05,road_segment,224
moderate_05,road_segment,225
moderate_05,road_segment,227
moderate_05,road_segment,230
moderate_05,road_segment,235
moderate_05,road_segment,238
moderate_05,road_segment,241
moderate_05,road_segment,251
moderate_05,road_segment,260
moderate_05,road_segment,264
moderate_05,road_segment,271
moderate_05,road_segment,274
moderate_05,road_segment,275
moderate_05,road_segment,278
moderate_05,road_segment,280
moderate_05,road_segment,281
moderate_05,road_segment,285
moderate_05,road_segment,299
moderate_05,road_segment,301
moderate_05,road_segment,304
moderate_05,road_segment,306
moderate_05,road_segment,308
moderate_05,road_segment,310
moderate_05,road_segment,317
moderate_05,road_segment,319
moderate_05,road_segment,323
moderate_05,road_segment,325
moderate_05,road_segment,326
moderate_05,road_segment,337
moderate_05,road_segment,339
moderate_05,road_segment,345
moderate_05,road_segment,355
moderate_05,road_segment,358
moderate_05,road_segment,364
moderate_05,road_segment,365
moderate_05,road_segment,366
moderate_05,road_segment,368
moderate_05,road_segment,369
moderate_05,road_segment,376
moderate_05,road_segment,389
moderate_05,road_segment,393
moderate_05,road_segment,403
moderate_05,road_segment,404
moderate_05,road_segment,408
moderate_05,road_segment,410
moderate_05,road_segment,415
moderate_05,road_segment,420
moderate_05,road_segment,426
moderate_05,road_segment,427
moderate_05,road_segment,435
moderate_05,road_segment,443
moderate_05,road_segment,444
moderate_05,road_segment,452
moderate_05,road_segment,454
moderate_05,road_segment,461
moderate_05,road_segment,470
moderate_05,road_segment,479
moderate_05,road_segment,484
moderate_05,road_segment,489
moderate_05,road_segment,495
moderate_05,road_segment,500
moderate_05,road_segment,501
moderate_05,road_segment,506
moderate_05,road_segment,510
moderate_05,road_segment,516
moderate_05,road_segment,517
moderate_05,road_segment,519
moderate_05,road_segment,522
moderate_05,road_segment,531
moderate_05,road_segment,541
moderate_05,road_segment,542
moderate_05,road_segment,544
moderate_05,road_segment,551
moderate_05,road_segment,552
moderate_05,road_segment,556
moderate_05,road_segment,559
moderate_05,road_segment,562
moderate_05,road_segment,575
moderate_05,road_segment,576
moderate_05,road_segment,584
moderate_05,road_segment,590
moderate_05,road_segment,591
moderate_05,road_segment,594
moderate_05,road_segment,603
moderate_05,road_segment,608
moderate_05,road_segment,612
moderate_05,road_segment,613
moderate_05,road_segment,625
moderate_05,road_segment,628
moderate_05,road_segment,636
moderate_05,road_segment,638
moderate_05,road_segment,640
moderate_05,road_segment,646
moderate_05,road_segment,647
moderate_05,road_segment,660
moderate_05,road_segment,661
moderate_05,road_segment,663
moderate_05,road_segment,668
moderate_05,road_segment,669
moderate_05,road_segment,670
moderate_05,road_segment,704
moderate_05,road_segment,705
moderate_05,road_segment,708
moderate_05,road_segment,723
moderate_05,road_segment,730
moderate_05,road_segment,734
moderate_05,road_segment,740
moderate_05,road_segment,744
moderate_05,road_segment,756
moderate_05,road_segment,761
moderate_05,road_segment,769
moderate_05,road_segment,776
moderate_05,road_segment,777
moderate_05,road_segment,782
moderate_05,road_segment,787
moderate_05,road_segment,792
moderate_05,road_segment,801
moderate_05,road_segment,803
moderate_05,road_segment,813
moderate_05,road_segment,824
moderate_05,road_segment,826
moderate_05,road_segment,827
moderate_05,road_segment,830
moderate_05,road_segment,832
moderate_05,road_segment,838
moderate_05,road_segment,844
moderate_05,road_segment,848
moderate_05,road_segment,852
moderate_05,road_segment,859
moderate_05,road_segment,860
moderate_05,road_segment,861
moderate_05,road_segment,866
moderate_05,road_segment,871
moderate_05,road_segment,884
moderate_05,road_segment,887
moderate_05,road_segment,888
moderate_05,road_segment,892
moderate_05,road_segment,899
moderate_05,road_segment,901
moderate_05,road_segment,910
moderate_05,road_segment,914
moderate_05,road_segment,915
moderate_05,road_segment,927
moderate_05,road_segment,930
moderate_05,road_segment,932
moderate_05,road_segment,933
moderate_05,road_segment,936
moderate_05,road_segment,942
moderate_05,road_segment,953
moderate_05,road_segment,955
moderate_05,road_segment,956
moderate_05,road_segment,966
moderate_05,road_segment,967
moderate_05,road_segment,972
moderate_05,road_segment,973
moderate_05,road_segment,982
moderate_05,road_segment,1000
moderate_05,road_segment,1005
moderate_05,road_segment,1024
moderate_05,road_segment,1026
moderate_05,road_segment,1027
moderate_05,road_segment,1037
moderate_05,road_segment,1041
moderate_05,road_segment,1047
moderate_05,road_segment,1051
moderate_05,road_segment,1058
moderate_05,road_segment,1063
moderate_05,road_segment,1065
moderate_05,road_segment,1068
moderate_05,road_segment,1073
moderate_05,road_segment,1081
moderate_05,road_segment,1082
moderate_05,road_segment,1091
moderate_05,road_segment,1092
moderate_05,road_segment,1106
moderate_05,road_segment,1117
moderate_05,road_segment,1124
moderate_05,road_segment,1127
moderate_05,facility,885528
moderate_05,facility,960725
moderate_05,facility,870357
moderate_05,facility,899998
moderate_06,road_segment,6
moderate_06,road_segment,7
moderate_06,road_segment,14
moderate_06,road_segment,22
moderate_06,road_segment,28
moderate_06,road_segment,42
moderate_06,road_segment,44
moderate_06,road_segment,47
moderate_06,road_segment,57
moderate_06,road_segment,58
moderate_06,road_segment,59
moderate_06,road_segment,62
moderate_06,road_segment,65
moderate_06,road_segment,68
moderate_06,road_segment,72
moderate_06,road_segment,75
moderate_06,road_segment,89
moderate_06,road_segment,105
moderate_06,road_segment,109
moderate_06,road_segment,118
moderate_06,road_segment,119
moderate_06,road_segment,120
moderate_06,road_segment,140
moderate_06,road_segment,144
moderate_06,road_segment,149
moderate_06,road_segment,159
moderate_06,road_segment,162
moderate_06,road_segment,165
moderate_06,road_segment,172
moderate_06,road_segment,173
moderate_06,road_segment,180
moderate_06,road_segment,186
moderate_06,road_segment,191
moderate_06,road_segment,192
moderate_06,road_segment,196
moderate_06,road_segment,198
moderate_06,road_segment,215
moderate_06,road_segment,220
moderate_06,road_segment,222
moderate_06,road_segment,224
moderate_06,road_segment,225
moderate_06,road_segment,227
moderate_06,road_segment,230
moderate_06,road_segment,235
moderate_06,road_segment,238
moderate_06,road_segment,241
moderate_06,road_segment,251
moderate_06,road_segment,260
moderate_06,road_segment,264
moderate_06,road_segment,271
moderate_06,road_segment,274
moderate_06,road_segment,275
moderate_06,road_segment,278
moderate_06,road_segment,280
moderate_06,road_segment,281
moderate_06,road_segment,285
moderate_06,road_segment,299
moderate_06,road_segment,301
moderate_06,road_segment,304
moderate_06,road_segment,306
moderate_06,road_segment,308
moderate_06,road_segment,310
moderate_06,road_segment,316
moderate_06,road_segment,317
moderate_06,road_segment,319
moderate_06,road_segment,323
moderate_06,road_segment,325
moderate_06,road_segment,326
moderate_06,road_segment,327
moderate_06,road_segment,337
moderate_06,road_segment,339
moderate_06,road_segment,345
moderate_06,road_segment,355
moderate_06,road_segment,358
moderate_06,road_segment,364
moderate_06,road_segment,365
moderate_06,road_segment,366
moderate_06,road_segment,368
moderate_06,road_segment,369
moderate_06,road_segment,376
moderate_06,road_segment,389
moderate_06,road_segment,393
moderate_06,road_segment,400
moderate_06,road_segment,403
moderate_06,road_segment,404
moderate_06,road_segment,408
moderate_06,road_segment,410
moderate_06,road_segment,415
moderate_06,road_segment,420
moderate_06,road_segment,426
moderate_06,road_segment,427
moderate_06,road_segment,435
moderate_06,road_segment,443
moderate_06,road_segment,444
moderate_06,road_segment,452
moderate_06,road_segment,454
moderate_06,road_segment,458
moderate_06,road_segment,461
moderate_06,road_segment,470
moderate_06,road_segment,479
moderate_06,road_segment,484
moderate_06,road_segment,489
moderate_06,road_segment,495
moderate_06,road_segment,500
moderate_06,road_segment,501
moderate_06,road_segment,506
moderate_06,road_segment,510
moderate_06,road_segment,516
moderate_06,road_segment,517
moderate_06,road_segment,519
moderate_06,road_segment,522
moderate_06,road_segment,530
moderate_06,road_segment,531
moderate_06,road_segment,541
moderate_06,road_segment,542
moderate_06,road_segment,544
moderate_06,road_segment,551
moderate_06,road_segment,552
moderate_06,road_segment,556
moderate_06,road_segment,559
moderate_06,road_segment,562
moderate_06,road_segment,570
moderate_06,road_segment,575
moderate_06,road_segment,576
moderate_06,road_segment,584
moderate_06,road_segment,590
moderate_06,road_segment,591
moderate_06,road_segment,593
moderate_06,road_segment,594
moderate_06,road_segment,603
moderate_06,road_segment,608
moderate_06,road_segment,612
moderate_06,road_segment,613
moderate_06,road_segment,625
moderate_06,road_segment,628
moderate_06,road_segment,636
moderate_06,road_segment,638
moderate_06,road_segment,640
moderate_06,road_segment,641
moderate_06,road_segment,646
moderate_06,road_segment,647
moderate_06,road_segment,655
moderate_06,road_segment,660
moderate_06,road_segment,661
moderate_06,road_segment,663
moderate_06,road_segment,667
moderate_06,road_segment,668
moderate_06,road_segment,669
moderate_06,road_segment,670
moderate_06,road_segment,689
moderate_06,road_segment,700
moderate_06,road_segment,704
moderate_06,road_segment,705
moderate_06,road_segment,708
moderate_06,road_segment,723
moderate_06,road_segment,730
moderate_06,road_segment,734
moderate_06,road_segment,740
moderate_06,road_segment,744
moderate_06,road_segment,756
moderate_06,road_segment,761
moderate_06,road_segment,769
moderate_06,road_segment,776
moderate_06,road_segment,777
moderate_06,road_segment,782
moderate_06,road_segment,787
moderate_06,road_segment,792
moderate_06,road_segment,800
moderate_06,road_segment,801
moderate_06,road_segment,803
moderate_06,road_segment,813
moderate_06,road_segment,824
moderate_06,road_segment,826
moderate_06,road_segment,827
moderate_06,road_segment,830
moderate_06,road_segment,832
moderate_06,road_segment,838
moderate_06,road_segment,844
moderate_06,road_segment,848
moderate_06,road_segment,852
moderate_06,road_segment,859
moderate_06,road_segment,860
moderate_06,road_segment,861
moderate_06,road_segment,866
moderate_06,road_segment,871
moderate_06,road_segment,884
moderate_06,road_segment,887
moderate_06,road_segment,888
moderate_06,road_segment,892
moderate_06,road_segment,899
moderate_06,road_segment,901
moderate_06,road_segment,910
moderate_06,road_segment,914
moderate_06,road_segment,915
moderate_06,road_segment,927
moderate_06,road_segment,930
moderate_06,road_segment,932
moderate_06,road_segment,933
moderate_06,road_segment,936
moderate_06,road_segment,942
moderate_06,road_segment,953
moderate_06,road_segment,955
moderate_06,road_segment,956
moderate_06,road_segment,966
moderate_06,road_segment,967
moderate_06,road_segment,972
moderate_06,road_segment,973
moderate_06,road_segment,982
moderate_06,road_segment,997
moderate_06,road_segment,1000
moderate_06,road_segment,1005
moderate_06,road_segment,1024
moderate_06,road_segment,1026
moderate_06,road_segment,1027
moderate_06,road_segment,1033
moderate_06,road_segment,1037
moderate_06,road_segment,1041
moderate_06,road_segment,1047
moderate_06,road_segment,1051
moderate_06,road_segment,1058
moderate_06,road_segment,1063
moderate_06,road_segment,1065
moderate_06,road_segment,1068
moderate_06,road_segment,1073
moderate_06,road_segment,1081
moderate_06,road_segment,1082
moderate_06,road_segment,1091
moderate_06,road_segment,1092
moderate_06,road_segment,1106
moderate_06,road_segment,1117
moderate_06,road_segment,1124
moderate_06,road_segment,1127
moderate_06,facility,929411
moderate_06,facility,960725
moderate_06,facility,879303
moderate_06,facility,890796
moderate_06,facility,870357
moderate_06,facility,899998
moderate_06,facility,956263
moderate_06,facility,900239
moderate_06,facility,963173
moderate_07,road_segment,6
moderate_07,road_segment,7
moderate_07,road_segment,11
moderate_07,road_segment,14
moderate_07,road_segment,15
moderate_07,road_segment,22
moderate_07,road_segment,28
moderate_07,road_segment,40
moderate_07,road_segment,42
moderate_07,road_segment,43
moderate_07,road_segment,44
moderate_07,road_segment,47
moderate_07,road_segment,51
moderate_07,road_segment,57
moderate_07,road_segment,58
moderate_07,road_segment,59
moderate_07,road_segment,62
moderate_07,road_segment,65
moderate_07,road_segment,68
moderate_07,road_segment,72
moderate_07,road_segment,74
moderate_07,road_segment,75
moderate_07,road_segment,83
moderate_07,road_segment,85
moderate_07,road_segment,87
moderate_07,road_segment,89
moderate_07,road_segment,100
moderate_07,road_segment,101
moderate_07,road_segment,105
moderate_07,road_segment,108
moderate_07,road_segment,109
moderate_07,road_segment,114
moderate_07,road_segment,118
moderate_07,road_segment,119
moderate_07,road_segment,120
moderate_07,road_segment,134
moderate_07,road_segment,136
moderate_07,road_segment,140
moderate_07,road_segment,141
moderate_07,road_segment,143
moderate_07,road_segment,144
moderate_07,road_segment,148
moderate_07,road_segment,149
moderate_07,road_segment,156
moderate_07,road_segment,158
moderate_07,road_segment,159
moderate_07,road_segment,160
moderate_07,road_segment,162
moderate_07,road_segment,165
moderate_07,road_segment,170
moderate_07,road_segment,172
moderate_07,road_segment,173
moderate_07,road_segment,180
moderate_07,road_segment,183
moderate_07,road_segment,184
moderate_07,road_segment,186
moderate_07,road_segment,190
moderate_07,road_segment,191
moderate_07,road_segment,192
moderate_07,road_segment,194
moderate_07,road_segment,196
moderate_07,road_segment,198
moderate_07,road_segment,201
moderate_07,road_segment,206
moderate_07,road_segment,207
moderate_07,road_segment,215
moderate_07,road_segment,216
moderate_07,road_segment,220
moderate_07,road_segment,222
moderate_07,road_segment,224
moderate_07,road_segment,225
moderate_07,road_segment,227
moderate_07,road_segment,230
moderate_07,road_segment,234
moderate_07,road_segment,235
moderate_07,road_segment,238
moderate_07,road_segment,239
moderate_07,road_segment,241
moderate_07,road_segment,247
moderate_07,road_segment,251
moderate_07,road_segment,256
moderate_07,road_segment,257
moderate_07,road_segment,260
moderate_07,road_segment,264
moderate_07,road_segment,270
moderate_07,road_segment,271
moderate_07,road_segment,272
moderate_07,road_segment,274
moderate_07,road_segment,275
moderate_07,road_segment,278
moderate_07,road_segment,280
moderate_07,road_segment,281
moderate_07,road_segment,285
moderate_07,road_segment,289
moderate_07,road_segment,296
moderate_07,road_segment,299
moderate_07,road_segment,301
moderate_07,road_segment,304
moderate_07,road_segment,306
moderate_07,road_segment,308
moderate_07,road_segment,310
moderate_07,road_segment,316
moderate_07,road_segment,317
moderate_07,road_segment,319
moderate_07,road_segment,323
moderate_07,road_segment,325
moderate_07,road_segment,326
moderate_07,road_segment,327
moderate_07,road_segment,337
moderate_07,road_segment,339
moderate_07,road_segment,342
moderate_07,road_segment,345
moderate_07,road_segment,346
moderate_07,road_segment,348
moderate_07,road_segment,350
moderate_07,road_segment,355
moderate_07,road_segment,358
moderate_07,road_segment,361
moderate_07,road_segment,364
moderate_07,road_segment,365
moderate_07,road_segment,366
moderate_07,road_segment,368
moderate_07,road_segment,369
moderate_07,road_segment,370
moderate_07,road_segment,376
moderate_07,road_segment,382
moderate_07,road_segment,389
moderate_07,road_segment,391
moderate_07,road_segment,393
moderate_07,road_segment,397
moderate_07,road_segment,400
moderate_07,road_segment,401
moderate_07,road_segment,403
moderate_07,road_segment,404
moderate_07,road_segment,405
moderate_07,road_segment,408
moderate_07,road_segment,410
moderate_07,road_segment,415
moderate_07,road_segment,418
moderate_07,road_segment,420
moderate_07,road_segment,426
moderate_07,road_segment,427
moderate_07,road_segment,432
moderate_07,road_segment,434
moderate_07,road_segment,435
moderate_07,road_segment,440
moderate_07,road_segment,443
moderate_07,road_segment,444
moderate_07,road_segment,452
moderate_07,road_segment,454
moderate_07,road_segment,458
moderate_07,road_segment,461
moderate_07,road_segment,470
moderate_07,road_segment,477
moderate_07,road_segment,479
moderate_07,road_segment,480
moderate_07,road_segment,484
moderate_07,road_segment,488
moderate_07,road_segment,489
moderate_07,road_segment,490
moderate_07,road_segment,491
moderate_07,road_segment,495
moderate_07,road_segment,498
moderate_07,road_segment,500
moderate_07,road_segment,501
moderate_07,road_segment,505
moderate_07,road_segment,506
moderate_07,road_segment,510
moderate_07,road_segment,513
moderate_07,road_segment,514
moderate_07,road_segment,516
moderate_07,road_segment,517
moderate_07,road_segment,519
moderate_07,road_segment,522
moderate_07,road_segment,523
moderate_07,road_segment,526
moderate_07,road_segment,530
moderate_07,road_segment,531
moderate_07,road_segment,535
moderate_07,road_segment,540
moderate_07,road_segment,541
moderate_07,road_segment,542
moderate_07,road_segment,544
moderate_07,road_segment,548
moderate_07,road_segment,551
moderate_07,road_segment,552
moderate_07,road_segment,554
moderate_07,road_segment,556
moderate_07,road_segment,558
moderate_07,road_segment,559
moderate_07,road_segment,561
moderate_07,road_segment,562
moderate_07,road_segment,566
moderate_07,road_segment,568
moderate_07,road_segment,569
moderate_07,road_segment,570
moderate_07,road_segment,575
moderate_07,road_segment,576
moderate_07,road_segment,578
moderate_07,road_segment,580
moderate_07,road_segment,581
moderate_07,road_segment,583
moderate_07,road_segment,584
moderate_07,road_segment,585
moderate_07,road_segment,587
moderate_07,road_segment,589
moderate_07,road_segment,590
moderate_07,road_segment,591
moderate_07,road_segment,592
moderate_07,road_segment,593
moderate_07,road_segment,594
moderate_07,road_segment,599
moderate_07,road_segment,603
moderate_07,road_segment,604
moderate_07,road_segment,606
moderate_07,road_segment,608
moderate_07,road_segment,610
moderate_07,road_segment,612
moderate_07,road_segment,613
moderate_07,road_segment,615
moderate_07,road_segment,616
moderate_07,road_segment,625
moderate_07,road_segment,627
moderate_07,road_segment,628
moderate_07,road_segment,630
moderate_07,road_segment,636
moderate_07,road_segment,638
moderate_07,road_segment,639
moderate_07,road_segment,640
moderate_07,road_segment,641
moderate_07,road_segment,646
moderate_07,road_segment,647
moderate_07,road_segment,653
moderate_07,road_segment,655
moderate_07,road_segment,660
moderate_07,road_segment,661
moderate_07,road_segment,663
moderate_07,road_segment,667
moderate_07,road_segment,668
moderate_07,road_segment,669
moderate_07,road_segment,670
moderate_07,road_segment,672
moderate_07,road_segment,674
moderate_07,road_segment,679
moderate_07,road_segment,682
moderate_07,road_segment,689
moderate_07,road_segment,693
moderate_07,road_segment,700
moderate_07,road_segment,704
moderate_07,road_segment,705
moderate_07,road_segment,708
moderate_07,road_segment,712
moderate_07,road_segment,723
moderate_07,road_segment,730
moderate_07,road_segment,732
moderate_07,road_segment,733
moderate_07,road_segment,734
moderate_07,road_segment,735
moderate_07,road_segment,737
moderate_07,road_segment,740
moderate_07,road_segment,744
moderate_07,road_segment,745
moderate_07,road_segment,756
moderate_07,road_segment,761
moderate_07,road_segment,763
moderate_07,road_segment,767
moderate_07,road_segment,768
moderate_07,road_segment,769
moderate_07,road_segment,774
moderate_07,road_segment,776
moderate_07,road_segment,777
moderate_07,road_segment,782
moderate_07,road_segment,787
moderate_07,road_segment,789
moderate_07,road_segment,790
moderate_07,road_segment,792
moderate_07,road_segment,794
moderate_07,road_segment,796
moderate_07,road_segment,798
moderate_07,road_segment,800
moderate_07,road_segment,801
moderate_07,road_segment,803
moderate_07,road_segment,804
moderate_07,road_segment,807
moderate_07,road_segment,813
moderate_07,road_segment,817
moderate_07,road_segment,818
moderate_07,road_segment,823
moderate_07,road_segment,824
moderate_07,road_segment,826
moderate_07,road_segment,827
moderate_07,road_segment,828
moderate_07,road_segment,830
moderate_07,road_segment,831
moderate_07,road_segment,832
moderate_07,road_segment,838
moderate_07,road_segment,840
moderate_07,road_segment,841
moderate_07,road_segment,843
moderate_07,road_segment,844
moderate_07,road_segment,845
moderate_07,road_segment,848
moderate_07,road_segment,852
moderate_07,road_segment,854
moderate_07,road_segment,859
moderate_07,road_segment,860
moderate_07,road_segment,861
moderate_07,road_segment,863
moderate_07,road_segment,865
moderate_07,road_segment,866
moderate_07,road_segment,868
moderate_07,road_segment,871
moderate_07,road_segment,876
moderate_07,road_segment,884
moderate_07,road_segment,887
moderate_07,road_segment,888
moderate_07,road_segment,892
moderate_07,road_segment,893
moderate_07,road_segment,895
moderate_07,road_segment,899
moderate_07,road_segment,901
moderate_07,road_segment,910
moderate_07,road_segment,914
moderate_07,road_segment,915
moderate_07,road_segment,920
moderate_07,road_segment,921
moderate_07,road_segment,927
moderate_07,road_segment,930
moderate_07,road_segment,931
moderate_07,road_segment,932
moderate_07,road_segment,933
moderate_07,road_segment,936
moderate_07,road_segment,938
moderate_07,road_segment,942
moderate_07,road_segment,947
moderate_07,road_segment,953
moderate_07,road_segment,955
moderate_07,road_segment,956
moderate_07,road_segment,957
moderate_07,road_segment,966
moderate_07,road_segment,967
moderate_07,road_segment,972
moderate_07,road_segment,973
moderate_07,road_segment,982
moderate_07,road_segment,997
moderate_07,road_segment,1000
moderate_07,road_segment,1001
moderate_07,road_segment,1005
moderate_07,road_segment,1010
moderate_07,road_segment,1013
moderate_07,road_segment,1024
moderate_07,road_segment,1026
moderate_07,road_segment,1027
moderate_07,road_segment,1030
moderate_07,road_segment,1033
moderate_07,road_segment,1037
moderate_07,road_segment,1041
moderate_07,road_segment,1047
moderate_07,road_segment,1048
moderate_07,road_segment,1051
moderate_07,road_segment,1056
moderate_07,road_segment,1058
moderate_07,road_segment,1063
moderate_07,road_segment,1065
moderate_07,road_segment,1068
moderate_07,road_segment,1069
moderate_07,road_segment,1070
moderate_07,road_segment,1072
moderate_07,road_segment,1073
moderate_07,road_segment,1081
moderate_07,road_segment,1082
moderate_07,road_segment,1091
moderate_07,road_segment,1092
moderate_07,road_segment,1100
moderate_07,road_segment,1105
moderate_07,road_segment,1106
moderate_07,road_segment,1107
moderate_07,road_segment,1108
moderate_07,road_segment,1117
moderate_07,road_segment,1124
moderate_07,road_segment,1127
moderate_07,road_segment,1129
moderate_07,facility,964438
moderate_07,facility,965433
moderate_07,facility,885528
moderate_07,facility,876161
moderate_07,facility,901325
moderate_07,facility,900003
moderate_07,facility,887699
moderate_07,facility,960725
moderate_07,facility,890796
moderate_07,facility,870357
moderate_07,facility,956263
moderate_07,facility,963173
moderate_08,road_segment,6
moderate_08,road_segment,7
moderate_08,road_segment,14
moderate_08,road_segment,15
moderate_08,road_segment,22
moderate_08,road_segment,42
moderate_08,road_segment,43
moderate_08,road_segment,44
moderate_08,road_segment,47
moderate_08,road_segment,57
moderate_08,road_segment,58
moderate_08,road_segment,59
moderate_08,road_segment,62
moderate_08,road_segment,65
moderate_08,road_segment,68
moderate_08,road_segment,72
moderate_08,road_segment,74
moderate_08,road_segment,75
moderate_08,road_segment,87
moderate_08,road_segment,89
moderate_08,road_segment,100
moderate_08,road_segment,105
moderate_08,road_segment,108
moderate_08,road_segment,109
moderate_08,road_segment,118
moderate_08,road_segment,119
moderate_08,road_segment,120
moderate_08,road_segment,134
moderate_08,road_segment,140
moderate_08,road_segment,141
moderate_08,road_segment,144
moderate_08,road_segment,148
moderate_08,road_segment,149
moderate_08,road_segment,158
moderate_08,road_segment,159
moderate_08,road_segment,160
moderate_08,road_segment,162
moderate_08,road_segment,165
moderate_08,road_segment,172
moderate_08,road_segment,173
moderate_08,road_segment,180
moderate_08,road_segment,184
moderate_08,road_segment,186
moderate_08,road_segment,190
moderate_08,road_segment,191
moderate_08,road_segment,192
moderate_08,road_segment,196
moderate_08,road_segment,198
moderate_08,road_segment,201
moderate_08,road_segment,206
moderate_08,road_segment,215
moderate_08,road_segment,216
moderate_08,road_segment,220
moderate_08,road_segment,222
moderate_08,road_segment,224
moderate_08,road_segment,225
moderate_08,road_segment,227
moderate_08,road_segment,230
moderate_08,road_segment,234
moderate_08,road_segment,235
moderate_08,road_segment,238
moderate_08,road_segment,241
moderate_08,road_segment,251
moderate_08,road_segment,256
moderate_08,road_segment,260
moderate_08,road_segment,264
moderate_08,road_segment,271
moderate_08,road_segment,274
moderate_08,road_segment,275
moderate_08,road_segment,278
moderate_08,road_segment,280
moderate_08,road_segment,281
moderate_08,road_segment,285
moderate_08,road_segment,289
moderate_08,road_segment,296
moderate_08,road_segment,299
moderate_08,road_segment,301
moderate_08,road_segment,304
moderate_08,road_segment,306
moderate_08,road_segment,308
moderate_08,road_segment,310
moderate_08,road_segment,317
moderate_08,road_segment,319
moderate_08,road_segment,323
moderate_08,road_segment,325
moderate_08,road_segment,326
moderate_08,road_segment,337
moderate_08,road_segment,339
moderate_08,road_segment,342
moderate_08,road_segment,345
moderate_08,road_segment,348
moderate_08,road_segment,355
moderate_08,road_segment,358
moderate_08,road_segment,364
moderate_08,road_segment,365
moderate_08,road_segment,366
moderate_08,road_segment,368
moderate_08,road_segment,369
moderate_08,road_segment,370
moderate_08,road_segment,376
moderate_08,road_segment,389
moderate_08,road_segment,391
moderate_08,road_segment,393
moderate_08,road_segment,397
moderate_08,road_segment,400
moderate_08,road_segment,401
moderate_08,road_segment,403
moderate_08,road_segment,404
moderate_08,road_segment,408
moderate_08,road_segment,410
moderate_08,road_segment,415
moderate_08,road_segment,418
moderate_08,road_segment,420
moderate_08,road_segment,426
moderate_08,road_segment,427
moderate_08,road_segment,434
moderate_08,road_segment,435
moderate_08,road_segment,440
moderate_08,road_segment,443
moderate_08,road_segment,444
moderate_08,road_segment,452
moderate_08,road_segment,454
moderate_08,road_segment,458
moderate_08,road_segment,461
moderate_08,road_segment,470
moderate_08,road_segment,479
moderate_08,road_segment,480
moderate_08,road_segment,484
moderate_08,road_segment,489
moderate_08,road_segment,490
moderate_08,road_segment,495
moderate_08,road_segment,498
moderate_08,road_segment,500
moderate_08,road_segment,501
moderate_08,road_segment,505
moderate_08,road_segment,506
moderate_08,road_segment,510
moderate_08,road_segment,513
moderate_08,road_segment,514
moderate_08,road_segment,516
moderate_08,road_segment,517
moderate_08,road_segment,519
moderate_08,road_segment,522
moderate_08,road_segment,530
moderate_08,road_segment,531
moderate_08,road_segment,535
moderate_08,road_segment,541
moderate_08,road_segment,542
moderate_08,road_segment,544
moderate_08,road_segment,548
moderate_08,road_segment,551
moderate_08,road_segment,552
moderate_08,road_segment,554
moderate_08,road_segment,556
moderate_08,road_segment,558
moderate_08,road_segment,559
moderate_08,road_segment,562
moderate_08,road_segment,566
moderate_08,road_segment,568
moderate_08,road_segment,569
moderate_08,road_segment,570
moderate_08,road_segment,575
moderate_08,road_segment,576
moderate_08,road_segment,580
moderate_08,road_segment,583
moderate_08,road_segment,584
moderate_08,road_segment,590
moderate_08,road_segment,591
moderate_08,road_segment,594
moderate_08,road_segment,599
moderate_08,road_segment,603
moderate_08,road_segment,604
moderate_08,road_segment,608
moderate_08,road_segment,610
moderate_08,road_segment,612
moderate_08,road_segment,613
moderate_08,road_segment,615
moderate_08,road_segment,616
moderate_08,road_segment,625
moderate_08,road_segment,628
moderate_08,road_segment,636
moderate_08,road_segment,638
moderate_08,road_segment,640
moderate_08,road_segment,641
moderate_08,road_segment,646
moderate_08,road_segment,647
moderate_08,road_segment,653
moderate_08,road_segment,655
moderate_08,road_segment,660
moderate_08,road_segment,661
moderate_08,road_segment,663
moderate_08,road_segment,668
moderate_08,road_segment,669
moderate_08,road_segment,670
moderate_08,road_segment,672
moderate_08,road_segment,674
moderate_08,road_segment,682
moderate_08,road_segment,693
moderate_08,road_segment,704
moderate_08,road_segment,705
moderate_08,road_segment,708
moderate_08,road_segment,723
moderate_08,road_segment,730
moderate_08,road_segment,734
moderate_08,road_segment,735
moderate_08,road_segment,740
moderate_08,road_segment,744
moderate_08,road_segment,756
moderate_08,road_segment,761
moderate_08,road_segment,763
moderate_08,road_segment,767
moderate_08,road_segment,769
moderate_08,road_segment,774
moderate_08,road_segment,776
moderate_08,road_segment,777
moderate_08,road_segment,782
moderate_08,road_segment,787
moderate_08,road_segment,790
moderate_08,road_segment,792
moderate_08,road_segment,794
moderate_08,road_segment,801
moderate_08,road_segment,803
moderate_08,road_segment,807
moderate_08,road_segment,813
moderate_08,road_segment,817
moderate_08,road_segment,824
moderate_08,road_segment,826
moderate_08,road_segment,827
moderate_08,road_segment,830
moderate_08,road_segment,831
moderate_08,road_segment,832
moderate_08,road_segment,838
moderate_08,road_segment,840
moderate_08,road_segment,843
moderate_08,road_segment,844
moderate_08,road_segment,848
moderate_08,road_segment,852
moderate_08,road_segment,854
moderate_08,road_segment,859
moderate_08,road_segment,860
moderate_08,road_segment,861
moderate_08,road_segment,863
moderate_08,road_segment,866
moderate_08,road_segment,871
moderate_08,road_segment,884
moderate_08,road_segment,887
moderate_08,road_segment,888
moderate_08,road_segment,892
moderate_08,road_segment,895
moderate_08,road_segment,899
moderate_08,road_segment,901
moderate_08,road_segment,910
moderate_08,road_segment,914
moderate_08,road_segment,915
moderate_08,road_segment,920
moderate_08,road_segment,921
moderate_08,road_segment,927
moderate_08,road_segment,930
moderate_08,road_segment,931
moderate_08,road_segment,932
moderate_08,road_segment,933
moderate_08,road_segment,936
moderate_08,road_segment,938
moderate_08,road_segment,942
moderate_08,road_segment,953
moderate_08,road_segment,955
moderate_08,road_segment,956
moderate_08,road_segment,957
moderate_08,road_segment,966
moderate_08,road_segment,967
moderate_08,road_segment,972
moderate_08,road_segment,973
moderate_08,road_segment,982
moderate_08,road_segment,1000
moderate_08,road_segment,1001
moderate_08,road_segment,1005
moderate_08,road_segment,1024
moderate_08,road_segment,1026
moderate_08,road_segment,1027
moderate_08,road_segment,1030
moderate_08,road_segment,1037
moderate_08,road_segment,1041
moderate_08,road_segment,1047
moderate_08,road_segment,1051
moderate_08,road_segment,1058
moderate_08,road_segment,1063
moderate_08,road_segment,1065
moderate_08,road_segment,1068
moderate_08,road_segment,1069
moderate_08,road_segment,1072
moderate_08,road_segment,1073
moderate_08,road_segment,1081
moderate_08,road_segment,1082
moderate_08,road_segment,1091
moderate_08,road_segment,1092
moderate_08,road_segment,1100
moderate_08,road_segment,1105
moderate_08,road_segment,1106
moderate_08,road_segment,1108
moderate_08,road_segment,1117
moderate_08,road_segment,1124
moderate_08,road_segment,1127
moderate_08,road_segment,1129
moderate_08,facility,965433
moderate_08,facility,900326
moderate_08,facility,899998
moderate_09,road_segment,6
moderate_09,road_segment,7
moderate_09,road_segment,14
moderate_09,road_segment,22
moderate_09,road_segment,42
moderate_09,road_segment,44
moderate_09,road_segment,47
moderate_09,road_segment,57
moderate_09,road_segment,58
moderate_09,road_segment,59
moderate_09,road_segment,62
moderate_09,road_segment,65
moderate_09,road_segment,68
moderate_09,road_segment,75
moderate_09,road_segment,89
moderate_09,road_segment,105
moderate_09,road_segment,109
moderate_09,road_segment,118
moderate_09,road_segment,119
moderate_09,road_segment,120
moderate_09,road_segment,140
moderate_09,road_segment,144
moderate_09,road_segment,149
moderate_09,road_segment,159
moderate_09,road_segment,162
moderate_09,road_segment,165
moderate_09,road_segment,172
moderate_09,road_segment,173
moderate_09,road_segment,186
moderate_09,road_segment,191
moderate_09,road_segment,192
moderate_09,road_segment,196
moderate_09,road_segment,198
moderate_09,road_segment,220
moderate_09,road_segment,224
moderate_09,road_segment,227
moderate_09,road_segment,230
moderate_09,road_segment,238
moderate_09,road_segment,241
moderate_09,road_segment,251
moderate_09,road_segment,260
moderate_09,road_segment,264
moderate_09,road_segment,271
moderate_09,road_segment,274
moderate_09,road_segment,275
moderate_09,road_segment,278
moderate_09,road_segment,280
moderate_09,road_segment,281
moderate_09,road_segment,285
moderate_09,road_segment,299
moderate_09,road_segment,301
moderate_09,road_segment,304
moderate_09,road_segment,306
moderate_09,road_segment,308
moderate_09,road_segment,310
moderate_09,road_segment,319
moderate_09,road_segment,323
moderate_09,road_segment,325
moderate_09,road_segment,326
moderate_09,road_segment,337
moderate_09,road_segment,339
moderate_09,road_segment,345
moderate_09,road_segment,355
moderate_09,road_segment,358
moderate_09,road_segment,364
moderate_09,road_segment,365
moderate_09,road_segment,366
moderate_09,road_segment,368
moderate_09,road_segment,369
moderate_09,road_segment,376
moderate_09,road_segment,389
moderate_09,road_segment,393
moderate_09,road_segment,400
moderate_09,road_segment,403
moderate_09,road_segment,404
moderate_09,road_segment,408
moderate_09,road_segment,410
moderate_09,road_segment,415
moderate_09,road_segment,420
moderate_09,road_segment,426
moderate_09,road_segment,443
moderate_09,road_segment,444
moderate_09,road_segment,454
moderate_09,road_segment,461
moderate_09,road_segment,470
moderate_09,road_segment,479
moderate_09,road_segment,484
moderate_09,road_segment,489
moderate_09,road_segment,495
moderate_09,road_segment,500
moderate_09,road_segment,501
moderate_09,road_segment,506
moderate_09,road_segment,510
moderate_09,road_segment,516
moderate_09,road_segment,517
moderate_09,road_segment,519
moderate_09,road_segment,522
moderate_09,road_segment,530
moderate_09,road_segment,542
moderate_09,road_segment,544
moderate_09,road_segment,551
moderate_09,road_segment,556
moderate_09,road_segment,559
moderate_09,road_segment,562
moderate_09,road_segment,570
moderate_09,road_segment,575
moderate_09,road_segment,576
moderate_09,road_segment,584
moderate_09,road_segment,591
moderate_09,road_segment,594
moderate_09,road_segment,603
moderate_09,road_segment,608
moderate_09,road_segment,613
moderate_09,road_segment,625
moderate_09,road_segment,628
moderate_09,road_segment,636
moderate_09,road_segment,638
moderate_09,road_segment,640
moderate_09,road_segment,641
moderate_09,road_segment,646
moderate_09,road_segment,647
moderate_09,road_segment,655
moderate_09,road_segment,660
moderate_09,road_segment,661
moderate_09,road_segment,663
moderate_09,road_segment,669
moderate_09,road_segment,670
moderate_09,road_segment,704
moderate_09,road_segment,705
moderate_09,road_segment,708
moderate_09,road_segment,723
moderate_09,road_segment,730
moderate_09,road_segment,734
moderate_09,road_segment,740
moderate_09,road_segment,744
moderate_09,road_segment,756
moderate_09,road_segment,769
moderate_09,road_segment,776
moderate_09,road_segment,777
moderate_09,road_segment,782
moderate_09,road_segment,792
moderate_09,road_segment,801
moderate_09,road_segment,803
moderate_09,road_segment,813
moderate_09,road_segment,824
moderate_09,road_segment,826
moderate_09,road_segment,827
moderate_09,road_segment,832
moderate_09,road_segment,838
moderate_09,road_segment,844
moderate_09,road_segment,848
moderate_09,road_segment,852
moderate_09,road_segment,859
moderate_09,road_segment,861
moderate_09,road_segment,866
moderate_09,road_segment,871
moderate_09,road_segment,887
moderate_09,road_segment,888
moderate_09,road_segment,892
moderate_09,road_segment,899
moderate_09,road_segment,901
moderate_09,road_segment,914
moderate_09,road_segment,915
moderate_09,road_segment,927
moderate_09,road_segment,930
moderate_09,road_segment,932
moderate_09,road_segment,933
moderate_09,road_segment,936
moderate_09,road_segment,942
moderate_09,road_segment,953
moderate_09,road_segment,955
moderate_09,road_segment,956
moderate_09,road_segment,966
moderate_09,road_segment,972
moderate_09,road_segment,973
moderate_09,road_segment,982
moderate_09,road_segment,1000
moderate_09,road_segment,1005
moderate_09,road_segment,1024
moderate_09,road_segment,1026
moderate_09,road_segment,1027
moderate_09,road_segment,1037
moderate_09,road_segment,1041
moderate_09,road_segment,1047
moderate_09,road_segment,1058
moderate_09,road_segment,1063
moderate_09,road_segment,1065
moderate_09,road_segment,1068
moderate_09,road_segment,1073
moderate_09,road_segment,1081
moderate_09,road_segment,1082
moderate_09,road_segment,1091
moderate_09,road_segment,1092
moderate_09,road_segment,1106
moderate_09,road_segment,1117
moderate_09,road_segment,1124
moderate_09,road_segment,1127
moderate_09,facility,966003
moderate_09,facility,960725
moderate_09,facility,963173
moderate_10,road_segment,6
moderate_10,road_segment,7
moderate_10,road_segment,14
moderate_10,road_segment,22
moderate_10,road_segment,42
moderate_10,road_segment,44
moderate_10,road_segment,47
moderate_10,road_segment,57
moderate_10,road_segment,58
moderate_10,road_segment,59
moderate_10,road_segment,62
moderate_10,road_segment,65
moderate_10,road_segment,68
moderate_10,road_segment,72
moderate_10,road_segment,75
moderate_10,road_segment,89
moderate_10,road_segment,105
moderate_10,road_segment,109
moderate_10,road_segment,118
moderate_10,road_segment,119
moderate_10,road_segment,120
moderate_10,road_segment,134
moderate_10,road_segment,140
moderate_10,road_segment,144
moderate_10,road_segment,149
moderate_10,road_segment,159
moderate_10,road_segment,162
moderate_10,road_segment,165
moderate_10,road_segment,172
moderate_10,road_segment,173
moderate_10,road_segment,180
moderate_10,road_segment,186
moderate_10,road_segment,191
moderate_10,road_segment,192
moderate_10,road_segment,196
moderate_10,road_segment,198
moderate_10,road_segment,215
moderate_10,road_segment,220
moderate_10,road_segment,222
moderate_10,road_segment,224
moderate_10,road_segment,225
moderate_10,road_segment,227
moderate_10,road_segment,230
moderate_10,road_segment,235
moderate_10,road_segment,238
moderate_10,road_segment,241
moderate_10,road_segment,251
moderate_10,road_segment,260
moderate_10,road_segment,264
moderate_10,road_segment,271
moderate_10,road_segment,274
moderate_10,road_segment,275
moderate_10,road_segment,278
moderate_10,road_segment,280
moderate_10,road_segment,281
moderate_10,road_segment,285
moderate_10,road_segment,296
moderate_10,road_segment,299
moderate_10,road_segment,301
moderate_10,road_segment,304
moderate_10,road_segment,306
moderate_10,road_segment,308
moderate_10,road_segment,310
moderate_10,road_segment,317
moderate_10,road_segment,319
moderate_10,road_segment,323
moderate_10,road_segment,325
moderate_10,road_segment,326
moderate_10,road_segment,337
moderate_10,road_segment,339
moderate_10,road_segment,345
moderate_10,road_segment,355
moderate_10,road_segment,358
moderate_10,road_segment,364
moderate_10,road_segment,365
moderate_10,road_segment,366
moderate_10,road_segment,368
moderate_10,road_segment,369
moderate_10,road_segment,376
moderate_10,road_segment,389
moderate_10,road_segment,393
moderate_10,road_segment,400
moderate_10,road_segment,403
moderate_10,road_segment,404
moderate_10,road_segment,408
moderate_10,road_segment,410
moderate_10,road_segment,415
moderate_10,road_segment,420
moderate_10,road_segment,426
moderate_10,road_segment,427
moderate_10,road_segment,435
moderate_10,road_segment,443
moderate_10,road_segment,444
moderate_10,road_segment,452
moderate_10,road_segment,454
moderate_10,road_segment,458
moderate_10,road_segment,461
moderate_10,road_segment,470
moderate_10,road_segment,479
moderate_10,road_segment,484
moderate_10,road_segment,489
moderate_10,road_segment,495
moderate_10,road_segment,498
moderate_10,road_segment,500
moderate_10,road_segment,501
moderate_10,road_segment,506
moderate_10,road_segment,510
moderate_10,road_segment,514
moderate_10,road_segment,516
moderate_10,road_segment,517
moderate_10,road_segment,519
moderate_10,road_segment,522
moderate_10,road_segment,530
moderate_10,road_segment,531
moderate_10,road_segment,535
moderate_10,road_segment,541
moderate_10,road_segment,542
moderate_10,road_segment,544
moderate_10,road_segment,551
moderate_10,road_segment,552
moderate_10,road_segment,556
moderate_10,road_segment,559
moderate_10,road_segment,562
moderate_10,road_segment,568
moderate_10,road_segment,570
moderate_10,road_segment,575
moderate_10,road_segment,576
moderate_10,road_segment,584
moderate_10,road_segment,590
moderate_10,road_segment,591
moderate_10,road_segment,594
moderate_10,road_segment,603
moderate_10,road_segment,604
moderate_10,road_segment,608
moderate_10,road_segment,612
moderate_10,road_segment,613
moderate_10,road_segment,625
moderate_10,road_segment,628
moderate_10,road_segment,636
moderate_10,road_segment,638
moderate_10,road_segment,640
moderate_10,road_segment,641
moderate_10,road_segment,646
moderate_10,road_segment,647
moderate_10,road_segment,655
moderate_10,road_segment,660
moderate_10,road_segment,661
moderate_10,road_segment,663
moderate_10,road_segment,668
moderate_10,road_segment,669
moderate_10,road_segment,670
moderate_10,road_segment,704
moderate_10,road_segment,705
moderate_10,road_segment,708
moderate_10,road_segment,723
moderate_10,road_segment,730
moderate_10,road_segment,734
moderate_10,road_segment,735
moderate_10,road_segment,740
moderate_10,road_segment,744
moderate_10,road_segment,756
moderate_10,road_segment,761
moderate_10,road_segment,769
moderate_10,road_segment,776
moderate_10,road_segment,777
moderate_10,road_segment,782
moderate_10,road_segment,787
moderate_10,road_segment,790
moderate_10,road_segment,792
moderate_10,road_segment,801
moderate_10,road_segment,803
moderate_10,road_segment,813
moderate_10,road_segment,824
moderate_10,road_segment,826
moderate_10,road_segment,827
moderate_10,road_segment,830
moderate_10,road_segment,832
moderate_10,road_segment,838
moderate_10,road_segment,844
moderate_10,road_segment,848
moderate_10,road_segment,852
moderate_10,road_segment,859
moderate_10,road_segment,860
moderate_10,road_segment,861
moderate_10,road_segment,866
moderate_10,road_segment,871
moderate_10,road_segment,884
moderate_10,road_segment,887
moderate_10,road_segment,888
moderate_10,road_segment,892
moderate_10,road_segment,899
moderate_10,road_segment,901
moderate_10,road_segment,910
moderate_10,road_segment,914
moderate_10,road_segment,915
moderate_10,road_segment,927
moderate_10,road_segment,930
moderate_10,road_segment,932
moderate_10,road_segment,933
moderate_10,road_segment,936
moderate_10,road_segment,942
moderate_10,road_segment,953
moderate_10,road_segment,955
moderate_10,road_segment,956
moderate_10,road_segment,966
moderate_10,road_segment,967
moderate_10,road_segment,972
moderate_10,road_segment,973
moderate_10,road_segment,982
moderate_10,road_segment,1000
moderate_10,road_segment,1005
moderate_10,road_segment,1024
moderate_10,road_segment,1026
moderate_10,road_segment,1027
moderate_10,road_segment,1037
moderate_10,road_segment,1041
moderate_10,road_segment,1047
moderate_10,road_segment,1051
moderate_10,road_segment,1058
moderate_10,road_segment,1063
moderate_10,road_segment,1065
moderate_10,road_segment,1068
moderate_10,road_segment,1073
moderate_10,road_segment,1081
moderate_10,road_segment,1082
moderate_10,road_segment,1091
moderate_10,road_segment,1092
moderate_10,road_segment,1100
moderate_10,road_segment,1105
moderate_10,road_segment,1106
moderate_10,road_segment,1117
moderate_10,road_segment,1124
moderate_10,road_segment,1127
moderate_10,road_segment,1129
moderate_10,facility,966003
moderate_10,facility,965433
moderate_10,facility,907956
moderate_10,facility,885528
moderate_10,facility,899998
moderate_10,facility,956263
moderate_10,facility,900239
moderate_11,road_segment,6
moderate_11,road_segment,7
moderate_11,road_segment,14
moderate_11,road_segment,22
moderate_11,road_segment,28
moderate_11,road_segment,42
moderate_11,road_segment,43
moderate_11,road_segment,44
moderate_11,road_segment,47
moderate_11,road_segment,57
moderate_11,road_segment,58
moderate_11,road_segment,59
moderate_11,road_segment,62
moderate_11,road_segment,65
moderate_11,road_segment,68
moderate_11,road_segment,72
moderate_11,road_segment,74
moderate_11,road_segment,75
moderate_11,road_segment,87
moderate_11,road_segment,89
moderate_11,road_segment,100
moderate_11,road_segment,105
moderate_11,road_segment,108
moderate_11,road_segment,109
moderate_11,road_segment,118
moderate_11,road_segment,119
moderate_11,road_segment,120
moderate_11,road_segment,134
moderate_11,road_segment,140
moderate_11,road_segment,141
moderate_11,road_segment,144
moderate_11,road_segment,148
moderate_11,road_segment,149
moderate_11,road_segment,159
moderate_11,road_segment,160
moderate_11,road_segment,162
moderate_11,road_segment,165
moderate_11,road_segment,172
moderate_11,road_segment,173
moderate_11,road_segment,180
moderate_11,road_segment,186
moderate_11,road_segment,190
moderate_11,road_segment,191
moderate_11,road_segment,192
moderate_11,road_segment,196
moderate_11,road_segment,198
moderate_11,road_segment,206
moderate_11,road_segment,215
moderate_11,road_segment,216
moderate_11,road_segment,220
moderate_11,road_segment,222
moderate_11,road_segment,224
moderate_11,road_segment,225
moderate_11,road_segment,227
moderate_11,road_segment,230
moderate_11,road_segment,234
moderate_11,road_segment,235
moderate_11,road_segment,238
moderate_11,road_segment,241
moderate_11,road_segment,247
moderate_11,road_segment,251
moderate_11,road_segment,260
moderate_11,road_segment,264
moderate_11,road_segment,271
moderate_11,road_segment,274
moderate_11,road_segment,275
moderate_11,road_segment,278
moderate_11,road_segment,280
moderate_11,road_segment,281
moderate_11,road_segment,285
moderate_11,road_segment,289
moderate_11,road_segment,296
moderate_11,road_segment,299
moderate_11,road_segment,301
moderate_11,road_segment,304
moderate_11,road_segment,306
moderate_11,road_segment,308
moderate_11,road_segment,310
moderate_11,road_segment,316
moderate_11,road_segment,317
moderate_11,road_segment,319
moderate_11,road_segment,323
moderate_11,road_segment,325
moderate_11,road_segment,326
moderate_11,road_segment,327
moderate_11,road_segment,337
moderate_11,road_segment,339
moderate_11,road_segment,342
moderate_11,road_segment,345
moderate_11,road_segment,348
moderate_11,road_segment,355
moderate_11,road_segment,358
moderate_11,road_segment,364
moderate_11,road_segment,365
moderate_11,road_segment,366
moderate_11,road_segment,368
moderate_11,road_segment,369
moderate_11,road_segment,370
moderate_11,road_segment,376
moderate_11,road_segment,389
moderate_11,road_segment,391
moderate_11,road_segment,393
moderate_11,road_segment,400
moderate_11,road_segment,401
moderate_11,road_segment,403
moderate_11,road_segment,404
moderate_11,road_segment,405
moderate_11,road_segment,408
moderate_11,road_segment,410
moderate_11,road_segment,415
moderate_11,road_segment,420
moderate_11,road_segment,426
moderate_11,road_segment,427
moderate_11,road_segment,432
moderate_11,road_segment,435
moderate_11,road_segment,443
moderate_11,road_segment,444
moderate_11,road_segment,452
moderate_11,road_segment,454
moderate_11,road_segment,458
moderate_11,road_segment,461
moderate_11,road_segment,470
moderate_11,road_segment,479
moderate_11,road_segment,480
moderate_11,road_segment,484
moderate_11,road_segment,489
moderate_11,road_segment,490
moderate_11,road_segment,495
moderate_11,road_segment,498
moderate_11,road_segment,500
moderate_11,road_segment,501
moderate_11,road_segment,505
moderate_11,road_segment,506
moderate_11,road_segment,510
moderate_11,road_segment,514
moderate_11,road_segment,516
moderate_11,road_segment,517
moderate_11,road_segment,519
moderate_11,road_segment,522
moderate_11,road_segment,523
moderate_11,road_segment,530
moderate_11,road_segment,531
moderate_11,road_segment,535
moderate_11,road_segment,541
moderate_11,road_segment,542
moderate_11,road_segment,544
moderate_11,road_segment,551
moderate_11,road_segment,552
moderate_11,road_segment,556
moderate_11,road_segment,558
moderate_11,road_segment,559
moderate_11,road_segment,562
moderate_11,road_segment,568
moderate_11,road_segment,569
moderate_11,road_segment,570
moderate_11,road_segment,575
moderate_11,road_segment,576
moderate_11,road_segment,580
moderate_11,road_segment,581
moderate_11,road_segment,584
moderate_11,road_segment,587
moderate_11,road_segment,589
moderate_11,road_segment,590
moderate_11,road_segment,591
moderate_11,road_segment,592
moderate_11,road_segment,593
moderate_11,road_segment,594
moderate_11,road_segment,599
moderate_11,road_segment,603
moderate_11,road_segment,604
moderate_11,road_segment,608
moderate_11,road_segment,610
moderate_11,road_segment,612
moderate_11,road_segment,613
moderate_11,road_segment,615
moderate_11,road_segment,616
moderate_11,road_segment,625
moderate_11,road_segment,628
moderate_11,road_segment,636
moderate_11,road_segment,638
moderate_11,road_segment,640
moderate_11,road_segment,641
moderate_11,road_segment,646
moderate_11,road_segment,647
moderate_11,road_segment,655
moderate_11,road_segment,660
moderate_11,road_segment,661
moderate_11,road_segment,663
moderate_11,road_segment,667
moderate_11,road_segment,668
moderate_11,road_segment,669
moderate_11,road_segment,670
moderate_11,road_segment,679
moderate_11,road_segment,682
moderate_11,road_segment,689
moderate_11,road_segment,700
moderate_11,road_segment,704
moderate_11,road_segment,705
moderate_11,road_segment,708
moderate_11,road_segment,723
moderate_11,road_segment,730
moderate_11,road_segment,733
moderate_11,road_segment,734
moderate_11,road_segment,735
moderate_11,road_segment,740
moderate_11,road_segment,744
moderate_11,road_segment,756
moderate_11,road_segment,761
moderate_11,road_segment,763
moderate_11,road_segment,769
moderate_11,road_segment,774
moderate_11,road_segment,776
moderate_11,road_segment,777
moderate_11,road_segment,782
moderate_11,road_segment,787
moderate_11,road_segment,790
moderate_11,road_segment,792
moderate_11,road_segment,800
moderate_11,road_segment,801
moderate_11,road_segment,803
moderate_11,road_segment,807
moderate_11,road_segment,813
moderate_11,road_segment,824
moderate_11,road_segment,826
moderate_11,road_segment,827
moderate_11,road_segment,830
moderate_11,road_segment,832
moderate_11,road_segment,838
moderate_11,road_segment,843
moderate_11,road_segment,844
moderate_11,road_segment,848
moderate_11,road_segment,852
moderate_11,road_segment,854
moderate_11,road_segment,859
moderate_11,road_segment,860
moderate_11,road_segment,861
moderate_11,road_segment,866
moderate_11,road_segment,868
moderate_11,road_segment,871
moderate_11,road_segment,884
moderate_11,road_segment,887
moderate_11,road_segment,888
moderate_11,road_segment,892
moderate_11,road_segment,899
moderate_11,road_segment,901
moderate_11,road_segment,910
moderate_11,road_segment,914
moderate_11,road_segment,915
moderate_11,road_segment,927
moderate_11,road_segment,930
moderate_11,road_segment,931
moderate_11,road_segment,932
moderate_11,road_segment,933
moderate_11,road_segment,936
moderate_11,road_segment,938
moderate_11,road_segment,942
moderate_11,road_segment,947
moderate_11,road_segment,953
moderate_11,road_segment,955
moderate_11,road_segment,956
moderate_11,road_segment,966
moderate_11,road_segment,967
moderate_11,road_segment,972
moderate_11,road_segment,973
moderate_11,road_segment,982
moderate_11,road_segment,997
moderate_11,road_segment,1000
moderate_11,road_segment,1005
moderate_11,road_segment,1024
moderate_11,road_segment,1026
moderate_11,road_segment,1027
moderate_11,road_segment,1033
moderate_11,road_segment,1037
moderate_11,road_segment,1041
moderate_11,road_segment,1047
moderate_11,road_segment,1051
moderate_11,road_segment,1058
moderate_11,road_segment,1063
moderate_11,road_segment,1065
moderate_11,road_segment,1068
moderate_11,road_segment,1069
moderate_11,road_segment,1072
moderate_11,road_segment,1073
moderate_11,road_segment,1081
moderate_11,road_segment,1082
moderate_11,road_segment,1091
moderate_11,road_segment,1092
moderate_11,road_segment,1100
moderate_11,road_segment,1105
moderate_11,road_segment,1106
moderate_11,road_segment,1117
moderate_11,road_segment,1124
moderate_11,road_segment,1127
moderate_11,road_segment,1129
moderate_11,facility,966003
moderate_11,facility,901325
moderate_11,facility,900003
moderate_11,facility,929411
moderate_11,facility,890796
moderate_11,facility,870357
moderate_11,facility,900326
moderate_11,facility,899998
moderate_11,facility,956263
moderate_11,facility,900239
moderate_11,facility,963173
moderate_12,road_segment,6
moderate_12,road_segment,7
moderate_12,road_segment,14
moderate_12,road_segment,22
moderate_12,road_segment,42
moderate_12,road_segment,44
moderate_12,road_segment,47
moderate_12,road_segment,57
moderate_12,road_segment,58
moderate_12,road_segment,59
moderate_12,road_segment,62
moderate_12,road_segment,65
moderate_12,road_segment,68
moderate_12,road_segment,72
moderate_12,road_segment,75
moderate_12,road_segment,89
moderate_12,road_segment,105
moderate_12,road_segment,109
moderate_12,road_segment,118
moderate_12,road_segment,119
moderate_12,road_segment,120
moderate_12,road_segment,134
moderate_12,road_segment,140
moderate_12,road_segment,144
moderate_12,road_segment,149
moderate_12,road_segment,159
moderate_12,road_segment,162
moderate_12,road_segment,165
moderate_12,road_segment,172
moderate_12,road_segment,173
moderate_12,road_segment,180
moderate_12,road_segment,186
moderate_12,road_segment,191
moderate_12,road_segment,192
moderate_12,road_segment,196
moderate_12,road_segment,198
moderate_12,road_segment,215
moderate_12,road_segment,220
moderate_12,road_segment,222
moderate_12,road_segment,224
moderate_12,road_segment,225
moderate_12,road_segment,227
moderate_12,road_segment,230
moderate_12,road_segment,235
moderate_12,road_segment,238
moderate_12,road_segment,241
moderate_12,road_segment,251
moderate_12,road_segment,260
moderate_12,road_segment,264
moderate_12,road_segment,271
moderate_12,road_segment,274
moderate_12,road_segment,275
moderate_12,road_segment,278
moderate_12,road_segment,280
moderate_12,road_segment,281
moderate_12,road_segment,285
moderate_12,road_segment,296
moderate_12,road_segment,299
moderate_12,road_segment,301
moderate_12,road_segment,304
moderate_12,road_segment,306
moderate_12,road_segment,308
moderate_12,road_segment,310
moderate_12,road_segment,317
moderate_12,road_segment,319
moderate_12,road_segment,323
moderate_12,road_segment,325
moderate_12,road_segment,326
moderate_12,road_segment,337
moderate_12,road_segment,339
moderate_12,road_segment,345
moderate_12,road_segment,355
moderate_12,road_segment,358
moderate_12,road_segment,364
moderate_12,road_segment,365
moderate_12,road_segment,366
moderate_12,road_segment,368
moderate_12,road_segment,369
moderate_12,road_segment,376
moderate_12,road_segment,389
moderate_12,road_segment,393
moderate_12,road_segment,400
moderate_12,road_segment,403
moderate_12,road_segment,404
moderate_12,road_segment,408
moderate_12,road_segment,410
moderate_12,road_segment,415
moderate_12,road_segment,420
moderate_12,road_segment,426
moderate_12,road_segment,427
moderate_12,road_segment,435
moderate_12,road_segment,443
moderate_12,road_segment,444
moderate_12,road_segment,452
moderate_12,road_segment,454
moderate_12,road_segment,458
moderate_12,road_segment,461
moderate_12,road_segment,470
moderate_12,road_segment,479
moderate_12,road_segment,484
moderate_12,road_segment,489
moderate_12,road_segment,495
moderate_12,road_segment,498
moderate_12,road_segment,500
moderate_12,road_segment,501
moderate_12,road_segment,506
moderate_12,road_segment,510
moderate_12,road_segment,514
moderate_12,road_segment,516
moderate_12,road_segment,517
moderate_12,road_segment,519
moderate_12,road_segment,522
moderate_12,road_segment,530
moderate_12,road_segment,531
moderate_12,road_segment,535
moderate_12,road_segment,541
moderate_12,road_segment,542
moderate_12,road_segment,544
moderate_12,road_segment,551
moderate_12,road_segment,552
moderate_12,road_segment,556
moderate_12,road_segment,559
moderate_12,road_segment,562
moderate_12,road_segment,568
moderate_12,road_segment,570
moderate_12,road_segment,575
moderate_12,road_segment,576
moderate_12,road_segment,584
moderate_12,road_segment,590
moderate_12,road_segment,591
moderate_12,road_segment,594
moderate_12,road_segment,603
moderate_12,road_segment,604
moderate_12,road_segment,608
moderate_12,road_segment,612
moderate_12,road_segment,613
moderate_12,road_segment,625
moderate_12,road_segment,628
moderate_12,road_segment,636
moderate_12,road_segment,638
moderate_12,road_segment,640
moderate_12,road_segment,641
moderate_12,road_segment,646
moderate_12,road_segment,647
moderate_12,road_segment,655
moderate_12,road_segment,660
moderate_12,road_segment,661
moderate_12,road_segment,663
moderate_12,road_segment,668
moderate_12,road_segment,669
moderate_12,road_segment,670
moderate_12,road_segment,704
moderate_12,road_segment,705
moderate_12,road_segment,708
moderate_12,road_segment,723
moderate_12,road_segment,730
moderate_12,road_segment,734
moderate_12,road_segment,735
moderate_12,road_segment,740
moderate_12,road_segment,744
moderate_12,road_segment,756
moderate_12,road_segment,761
moderate_12,road_segment,769
moderate_12,road_segment,776
moderate_12,road_segment,777
moderate_12,road_segment,782
moderate_12,road_segment,787
moderate_12,road_segment,790
moderate_12,road_segment,792
moderate_12,road_segment,801
moderate_12,road_segment,803
moderate_12,road_segment,813
moderate_12,road_segment,824
moderate_12,road_segment,826
moderate_12,road_segment,827
moderate_12,road_segment,830
moderate_12,road_segment,832
moderate_12,road_segment,838
moderate_12,road_segment,844
moderate_12,road_segment,848
moderate_12,road_segment,852
moderate_12,road_segment,859
moderate_12,road_segment,860
moderate_12,road_segment,861
moderate_12,road_segment,866
moderate_12,road_segment,871
moderate_12,road_segment,884
moderate_12,road_segment,887
moderate_12,road_segment,888
moderate_12,road_segment,892
moderate_12,road_segment,899
moderate_12,road_segment,901
moderate_12,road_segment,910
moderate_12,road_segment,914
moderate_12,road_segment,915
moderate_12,road_segment,927
moderate_12,road_segment,930
moderate_12,road_segment,932
moderate_12,road_segment,933
moderate_12,road_segment,936
moderate_12,road_segment,942
moderate_12,road_segment,953
moderate_12,road_segment,955
moderate_12,road_segment,956
moderate_12,road_segment,966
moderate_12,road_segment,967
moderate_12,road_segment,972
moderate_12,road_segment,973
moderate_12,road_segment,982
moderate_12,road_segment,1000
moderate_12,road_segment,1005
moderate_12,road_segment,1024
moderate_12,road_segment,1026
moderate_12,road_segment,1027
moderate_12,road_segment,1037
moderate_12,road_segment,1041
moderate_12,road_segment,1047
moderate_12,road_segment,1051
moderate_12,road_segment,1058
moderate_12,road_segment,1063
moderate_12,road_segment,1065
moderate_12,road_segment,1068
moderate_12,road_segment,1073
moderate_12,road_segment,1081
moderate_12,road_segment,1082
moderate_12,road_segment,1091
moderate_12,road_segment,1092
moderate_12,road_segment,1100
moderate_12,road_segment,1105
moderate_12,road_segment,1106
moderate_12,road_segment,1117
moderate_12,road_segment,1124
moderate_12,road_segment,1127
moderate_12,road_segment,1129
moderate_12,facility,965433
moderate_12,facility,885528
moderate_12,facility,901325
moderate_12,facility,870357
moderate_12,facility,900239
moderate_12,facility,963173
moderate_13,road_segment,6
moderate_13,road_segment,7
moderate_13,road_segment,14
moderate_13,road_segment,15
moderate_13,road_segment,22
moderate_13,road_segment,42
moderate_13,road_segment,43
moderate_13,road_segment,44
moderate_13,road_segment,47
moderate_13,road_segment,51
moderate_13,road_segment,57
moderate_13,road_segment,58
moderate_13,road_segment,59
moderate_13,road_segment,62
moderate_13,road_segment,65
moderate_13,road_segment,68
moderate_13,road_segment,72
moderate_13,road_segment,74
moderate_13,road_segment,75
moderate_13,road_segment,85
moderate_13,road_segment,87
moderate_13,road_segment,89
moderate_13,road_segment,100
moderate_13,road_segment,105
moderate_13,road_segment,108
moderate_13,road_segment,109
moderate_13,road_segment,118
moderate_13,road_segment,119
moderate_13,road_segment,120
moderate_13,road_segment,134
moderate_13,road_segment,140
moderate_13,road_segment,141
moderate_13,road_segment,143
moderate_13,road_segment,144
moderate_13,road_segment,148
moderate_13,road_segment,149
moderate_13,road_segment,158
moderate_13,road_segment,159
moderate_13,road_segment,160
moderate_13,road_segment,162
moderate_13,road_segment,165
moderate_13,road_segment,172
moderate_13,road_segment,173
moderate_13,road_segment,180
moderate_13,road_segment,183
moderate_13,road_segment,184
moderate_13,road_segment,186
moderate_13,road_segment,190
moderate_13,road_segment,191
moderate_13,road_segment,192
moderate_13,road_segment,196
moderate_13,road_segment,198
moderate_13,road_segment,201
moderate_13,road_segment,206
moderate_13,road_segment,207
moderate_13,road_segment,215
moderate_13,road_segment,216
moderate_13,road_segment,220
moderate_13,road_segment,222
moderate_13,road_segment,224
moderate_13,road_segment,225
moderate_13,road_segment,227
moderate_13,road_segment,230
moderate_13,road_segment,234
moderate_13,road_segment,235
moderate_13,road_segment,238
moderate_13,road_segment,239
moderate_13,road_segment,241
moderate_13,road_segment,251
moderate_13,road_segment,256
moderate_13,road_segment,257
moderate_13,road_segment,260
moderate_13,road_segment,264
moderate_13,road_segment,270
moderate_13,road_segment,271
moderate_13,road_segment,272
moderate_13,road_segment,274
moderate_13,road_segment,275
moderate_13,road_segment,278
moderate_13,road_segment,280
moderate_13,road_segment,281
moderate_13,road_segment,285
moderate_13,road_segment,289
moderate_13,road_segment,296
moderate_13,road_segment,299
moderate_13,road_segment,301
moderate_13,road_segment,304
moderate_13,road_segment,306
moderate_13,road_segment,308
moderate_13,road_segment,310
moderate_13,road_segment,317
moderate_13,road_segment,319
moderate_13,road_segment,323
moderate_13,road_segment,325
moderate_13,road_segment,326
moderate_13,road_segment,337
moderate_13,road_segment,339
moderate_13,road_segment,342
moderate_13,road_segment,345
moderate_13,road_segment,348
moderate_13,road_segment,355
moderate_13,road_segment,358
moderate_13,road_segment,364
moderate_13,road_segment,365
moderate_13,road_segment,366
moderate_13,road_segment,368
moderate_13,road_segment,369
moderate_13,road_segment,370
moderate_13,road_segment,376
moderate_13,road_segment,389
moderate_13,road_segment,391
moderate_13,road_segment,393
moderate_13,road_segment,397
moderate_13,road_segment,400
moderate_13,road_segment,401
moderate_13,road_segment,403
moderate_13,road_segment,404
moderate_13,road_segment,408
moderate_13,road_segment,410
moderate_13,road_segment,415
moderate_13,road_segment,418
moderate_13,road_segment,420
moderate_13,road_segment,426
moderate_13,road_segment,427
moderate_13,road_segment,434
moderate_13,road_segment,435
moderate_13,road_segment,440
moderate_13,road_segment,443
moderate_13,road_segment,444
moderate_13,road_segment,452
moderate_13,road_segment,454
moderate_13,road_segment,458
moderate_13,road_segment,461
moderate_13,road_segment,470
moderate_13,road_segment,479
moderate_13,road_segment,480
moderate_13,road_segment,484
moderate_13,road_segment,488
moderate_13,road_segment,489
moderate_13,road_segment,490
moderate_13,road_segment,491
moderate_13,road_segment,495
moderate_13,road_segment,498
moderate_13,road_segment,500
moderate_13,road_segment,501
moderate_13,road_segment,505
moderate_13,road_segment,506
moderate_13,road_segment,510
moderate_13,road_segment,513
moderate_13,road_segment,514
moderate_13,road_segment,516
moderate_13,road_segment,517
moderate_13,road_segment,519
moderate_13,road_segment,522
moderate_13,road_segment,526
moderate_13,road_segment,530
moderate_13,road_segment,531
moderate_13,road_segment,535
moderate_13,road_segment,541
moderate_13,road_segment,542
moderate_13,road_segment,544
moderate_13,road_segment,548
moderate_13,road_segment,551
moderate_13,road_segment,552
moderate_13,road_segment,554
moderate_13,road_segment,556
moderate_13,road_segment,558
moderate_13,road_segment,559
moderate_13,road_segment,562
moderate_13,road_segment,566
moderate_13,road_segment,568
moderate_13,road_segment,569
moderate_13,road_segment,570
moderate_13,road_segment,575
moderate_13,road_segment,576
moderate_13,road_segment,578
moderate_13,road_segment,580
moderate_13,road_segment,583
moderate_13,road_segment,584
moderate_13,road_segment,585
moderate_13,road_segment,590
moderate_13,road_segment,591
moderate_13,road_segment,594
moderate_13,road_segment,599
moderate_13,road_segment,603
moderate_13,road_segment,604
moderate_13,road_segment,606
moderate_13,road_segment,608
moderate_13,road_segment,610
moderate_13,road_segment,612
moderate_13,road_segment,613
moderate_13,road_segment,615
moderate_13,road_segment,616
moderate_13,road_segment,625
moderate_13,road_segment,627
moderate_13,road_segment,628
moderate_13,road_segment,636
moderate_13,road_segment,638
moderate_13,road_segment,640
moderate_13,road_segment,641
moderate_13,road_segment,646
moderate_13,road_segment,647
moderate_13,road_segment,653
moderate_13,road_segment,655
moderate_13,road_segment,660
moderate_13,road_segment,661
moderate_13,road_segment,663
moderate_13,road_segment,668
moderate_13,road_segment,669
moderate_13,road_segment,670
moderate_13,road_segment,672
moderate_13,road_segment,674
moderate_13,road_segment,682
moderate_13,road_segment,693
moderate_13,road_segment,704
moderate_13,road_segment,705
moderate_13,road_segment,708
moderate_13,road_segment,723
moderate_13,road_segment,730
moderate_13,road_segment,732
moderate_13,road_segment,734
moderate_13,road_segment,735
moderate_13,road_segment,737
moderate_13,road_segment,740
moderate_13,road_segment,744
moderate_13,road_segment,745
moderate_13,road_segment,756
moderate_13,road_segment,761
moderate_13,road_segment,763
moderate_13,road_segment,767
moderate_13,road_segment,769
moderate_13,road_segment,774
moderate_13,road_segment,776
moderate_13,road_segment,777
moderate_13,road_segment,782
moderate_13,road_segment,787
moderate_13,road_segment,790
moderate_13,road_segment,792
moderate_13,road_segment,794
moderate_13,road_segment,801
moderate_13,road_segment,803
moderate_13,road_segment,807
moderate_13,road_segment,813
moderate_13,road_segment,817
moderate_13,road_segment,824
moderate_13,road_segment,826
moderate_13,road_segment,827
moderate_13,road_segment,828
moderate_13,road_segment,830
moderate_13,road_segment,831
moderate_13,road_segment,832
moderate_13,road_segment,838
moderate_13,road_segment,840
moderate_13,road_segment,841
moderate_13,road_segment,843
moderate_13,road_segment,844
moderate_13,road_segment,848
moderate_13,road_segment,852
moderate_13,road_segment,854
moderate_13,road_segment,859
moderate_13,road_segment,860
moderate_13,road_segment,861
moderate_13,road_segment,863
moderate_13,road_segment,865
moderate_13,road_segment,866
moderate_13,road_segment,871
moderate_13,road_segment,876
moderate_13,road_segment,884
moderate_13,road_segment,887
moderate_13,road_segment,888
moderate_13,road_segment,892
moderate_13,road_segment,895
moderate_13,road_segment,899
moderate_13,road_segment,901
moderate_13,road_segment,910
moderate_13,road_segment,914
moderate_13,road_segment,915
moderate_13,road_segment,920
moderate_13,road_segment,921
moderate_13,road_segment,927
moderate_13,road_segment,930
moderate_13,road_segment,931
moderate_13,road_segment,932
moderate_13,road_segment,933
moderate_13,road_segment,936
moderate_13,road_segment,938
moderate_13,road_segment,942
moderate_13,road_segment,953
moderate_13,road_segment,955
moderate_13,road_segment,956
moderate_13,road_segment,957
moderate_13,road_segment,966
moderate_13,road_segment,967
moderate_13,road_segment,972
moderate_13,road_segment,973
moderate_13,road_segment,982
moderate_13,road_segment,1000
moderate_13,road_segment,1001
moderate_13,road_segment,1005
moderate_13,road_segment,1010
moderate_13,road_segment,1024
moderate_13,road_segment,1026
moderate_13,road_segment,1027
moderate_13,road_segment,1030
moderate_13,road_segment,1037
moderate_13,road_segment,1041
moderate_13,road_segment,1047
moderate_13,road_segment,1048
moderate_13,road_segment,1051
moderate_13,road_segment,1058
moderate_13,road_segment,1063
moderate_13,road_segment,1065
moderate_13,road_segment,1068
moderate_13,road_segment,1069
moderate_13,road_segment,1072
moderate_13,road_segment,1073
moderate_13,road_segment,1081
moderate_13,road_segment,1082
moderate_13,road_segment,1091
moderate_13,road_segment,1092
moderate_13,road_segment,1100
moderate_13,road_segment,1105
moderate_13,road_segment,1106
moderate_13,road_segment,1108
moderate_13,road_segment,1117
moderate_13,road_segment,1124
moderate_13,road_segment,1127
moderate_13,road_segment,1129
moderate_13,facility,966003
moderate_13,facility,964438
moderate_13,facility,965433
moderate_13,facility,907956
moderate_13,facility,876161
moderate_13,facility,901325
moderate_13,facility,900084
moderate_13,facility,870357
moderate_13,facility,899998
moderate_13,facility,900239
moderate_14,road_segment,6
moderate_14,road_segment,7
moderate_14,road_segment,14
moderate_14,road_segment,22
moderate_14,road_segment,42
moderate_14,road_segment,44
moderate_14,road_segment,47
moderate_14,road_segment,57
moderate_14,road_segment,58
moderate_14,road_segment,59
moderate_14,road_segment,62
moderate_14,road_segment,65
moderate_14,road_segment,68
moderate_14,road_segment,72
moderate_14,road_segment,75
moderate_14,road_segment,87
moderate_14,road_segment,89
moderate_14,road_segment,105
moderate_14,road_segment,108
moderate_14,road_segment,109
moderate_14,road_segment,118
moderate_14,road_segment,119
moderate_14,road_segment,120
moderate_14,road_segment,134
moderate_14,road_segment,140
moderate_14,road_segment,144
moderate_14,road_segment,149
moderate_14,road_segment,159
moderate_14,road_segment,162
moderate_14,road_segment,165
moderate_14,road_segment,172
moderate_14,road_segment,173
moderate_14,road_segment,180
moderate_14,road_segment,186
moderate_14,road_segment,190
moderate_14,road_segment,191
moderate_14,road_segment,192
moderate_14,road_segment,196
moderate_14,road_segment,198
moderate_14,road_segment,206
moderate_14,road_segment,215
moderate_14,road_segment,220
moderate_14,road_segment,222
moderate_14,road_segment,224
moderate_14,road_segment,225
moderate_14,road_segment,227
moderate_14,road_segment,230
moderate_14,road_segment,235
moderate_14,road_segment,238
moderate_14,road_segment,241
moderate_14,road_segment,251
moderate_14,road_segment,260
moderate_14,road_segment,264
moderate_14,road_segment,271
moderate_14,road_segment,274
moderate_14,road_segment,275
moderate_14,road_segment,278
moderate_14,road_segment,280
moderate_14,road_segment,281
moderate_14,road_segment,285
moderate_14,road_segment,289
moderate_14,road_segment,296
moderate_14,road_segment,299
moderate_14,road_segment,301
moderate_14,road_segment,304
moderate_14,road_segment,306
moderate_14,road_segment,308
moderate_14,road_segment,310
moderate_14,road_segment,317
moderate_14,road_segment,319
moderate_14,road_segment,323
moderate_14,road_segment,325
moderate_14,road_segment,326
moderate_14,road_segment,337
moderate_14,road_segment,339
moderate_14,road_segment,345
moderate_14,road_segment,355
moderate_14,road_segment,358
moderate_14,road_segment,364
moderate_14,road_segment,365
moderate_14,road_segment,366
moderate_14,road_segment,368
moderate_14,road_segment,369
moderate_14,road_segment,376
moderate_14,road_segment,389
moderate_14,road_segment,393
moderate_14,road_segment,400
moderate_14,road_segment,403
moderate_14,road_segment,404
moderate_14,road_segment,408
moderate_14,road_segment,410
moderate_14,road_segment,415
moderate_14,road_segment,420
moderate_14,road_segment,426
moderate_14,road_segment,427
moderate_14,road_segment,435
moderate_14,road_segment,443
moderate_14,road_segment,444
moderate_14,road_segment,452
moderate_14,road_segment,454
moderate_14,road_segment,458
moderate_14,road_segment,461
moderate_14,road_segment,470
moderate_14,road_segment,479
moderate_14,road_segment,480
moderate_14,road_segment,484
moderate_14,road_segment,489
moderate_14,road_segment,490
moderate_14,road_segment,495
moderate_14,road_segment,498
moderate_14,road_segment,500
moderate_14,road_segment,501
moderate_14,road_segment,506
moderate_14,road_segment,510
moderate_14,road_segment,514
moderate_14,road_segment,516
moderate_14,road_segment,517
moderate_14,road_segment,519
moderate_14,road_segment,522
moderate_14,road_segment,530
moderate_14,road_segment,531
moderate_14,road_segment,535
moderate_14,road_segment,541
moderate_14,road_segment,542
moderate_14,road_segment,544
moderate_14,road_segment,551
moderate_14,road_segment,552
moderate_14,road_segment,556
moderate_14,road_segment,559
moderate_14,road_segment,562
moderate_14,road_segment,568
moderate_14,road_segment,570
moderate_14,road_segment,575
moderate_14,road_segment,576
moderate_14,road_segment,580
moderate_14,road_segment,584
moderate_14,road_segment,590
moderate_14,road_segment,591
moderate_14,road_segment,594
moderate_14,road_segment,599
moderate_14,road_segment,603
moderate_14,road_segment,604
moderate_14,road_segment,608
moderate_14,road_segment,610
moderate_14,road_segment,612
moderate_14,road_segment,613
moderate_14,road_segment,625
moderate_14,road_segment,628
moderate_14,road_segment,636
moderate_14,road_segment,638
moderate_14,road_segment,640
moderate_14,road_segment,641
moderate_14,road_segment,646
moderate_14,road_segment,647
moderate_14,road_segment,655
moderate_14,road_segment,660
moderate_14,road_segment,661
moderate_14,road_segment,663
moderate_14,road_segment,668
moderate_14,road_segment,669
moderate_14,road_segment,670
moderate_14,road_segment,704
moderate_14,road_segment,705
moderate_14,road_segment,708
moderate_14,road_segment,723
moderate_14,road_segment,730
moderate_14,road_segment,734
moderate_14,road_segment,735
moderate_14,road_segment,740
moderate_14,road_segment,744
moderate_14,road_segment,756
moderate_14,road_segment,761
moderate_14,road_segment,763
moderate_14,road_segment,769
moderate_14,road_segment,774
moderate_14,road_segment,776
moderate_14,road_segment,777
moderate_14,road_segment,782
moderate_14,road_segment,787
moderate_14,road_segment,790
moderate_14,road_segment,792
moderate_14,road_segment,801
moderate_14,road_segment,803
moderate_14,road_segment,813
moderate_14,road_segment,824
moderate_14,road_segment,826
moderate_14,road_segment,827
moderate_14,road_segment,830
moderate_14,road_segment,832
moderate_14,road_segment,838
moderate_14,road_segment,843
moderate_14,road_segment,844
moderate_14,road_segment,848
moderate_14,road_segment,852
moderate_14,road_segment,859
moderate_14,road_segment,860
moderate_14,road_segment,861
moderate_14,road_segment,866
moderate_14,road_segment,871
moderate_14,road_segment,884
moderate_14,road_segment,887
moderate_14,road_segment,888
moderate_14,road_segment,892
moderate_14,road_segment,899
moderate_14,road_segment,901
moderate_14,road_segment,910
moderate_14,road_segment,914
moderate_14,road_segment,915
moderate_14,road_segment,927
moderate_14,road_segment,930
moderate_14,road_segment,931
moderate_14,road_segment,932
moderate_14,road_segment,933
moderate_14,road_segment,936
moderate_14,road_segment,938
moderate_14,road_segment,942
moderate_14,road_segment,953
moderate_14,road_segment,955
moderate_14,road_segment,956
moderate_14,road_segment,966
moderate_14,road_segment,967
moderate_14,road_segment,972
moderate_14,road_segment,973
moderate_14,road_segment,982
moderate_14,road_segment,1000
moderate_14,road_segment,1005
moderate_14,road_segment,1024
moderate_14,road_segment,1026
moderate_14,road_segment,1027
moderate_14,road_segment,1037
moderate_14,road_segment,1041
moderate_14,road_segment,1047
moderate_14,road_segment,1051
moderate_14,road_segment,1058
moderate_14,road_segment,1063
moderate_14,road_segment,1065
moderate_14,road_segment,1068
moderate_14,road_segment,1069
moderate_14,road_segment,1073
moderate_14,road_segment,1081
moderate_14,road_segment,1082
moderate_14,road_segment,1091
moderate_14,road_segment,1092
moderate_14,road_segment,1100
moderate_14,road_segment,1105
moderate_14,road_segment,1106
moderate_14,road_segment,1117
moderate_14,road_segment,1124
moderate_14,road_segment,1127
moderate_14,road_segment,1129
moderate_14,facility,966003
moderate_14,facility,964438
moderate_14,facility,885520
moderate_14,facility,885528
moderate_14,facility,901325
moderate_14,facility,900084
moderate_14,facility,956263
moderate_14,facility,900239
moderate_15,road_segment,0
moderate_15,road_segment,6
moderate_15,road_segment,7
moderate_15,road_segment,11
moderate_15,road_segment,14
moderate_15,road_segment,15
moderate_15,road_segment,18
moderate_15,road_segment,22
moderate_15,road_segment,28
moderate_15,road_segment,40
moderate_15,road_segment,42
moderate_15,road_segment,43
moderate_15,road_segment,44
moderate_15,road_segment,45
moderate_15,road_segment,47
moderate_15,road_segment,51
moderate_15,road_segment,57
moderate_15,road_segment,58
moderate_15,road_segment,59
moderate_15,road_segment,62
moderate_15,road_segment,65
moderate_15,road_segment,68
moderate_15,road_segment,72
moderate_15,road_segment,74
moderate_15,road_segment,75
moderate_15,road_segment,83
moderate_15,road_segment,85
moderate_15,road_segment,86
moderate_15,road_segment,87
moderate_15,road_segment,89
moderate_15,road_segment,97
moderate_15,road_segment,98
moderate_15,road_segment,100
moderate_15,road_segment,101
moderate_15,road_segment,105
moderate_15,road_segment,108
moderate_15,road_segment,109
moderate_15,road_segment,114
moderate_15,road_segment,117
moderate_15,road_segment,118
moderate_15,road_segment,119
moderate_15,road_segment,120
moderate_15,road_segment,134
moderate_15,road_segment,136
moderate_15,road_segment,140
moderate_15,road_segment,141
moderate_15,road_segment,143
moderate_15,road_segment,144
moderate_15,road_segment,148
moderate_15,road_segment,149
moderate_15,road_segment,156
moderate_15,road_segment,158
moderate_15,road_segment,159
moderate_15,road_segment,160
moderate_15,road_segment,162
moderate_15,road_segment,165
moderate_15,road_segment,170
moderate_15,road_segment,172
moderate_15,road_segment,173
moderate_15,road_segment,180
moderate_15,road_segment,183
moderate_15,road_segment,184
moderate_15,road_segment,186
moderate_15,road_segment,190
moderate_15,road_segment,191
moderate_15,road_segment,192
moderate_15,road_segment,194
moderate_15,road_segment,196
moderate_15,road_segment,198
moderate_15,road_segment,201
moderate_15,road_segment,206
moderate_15,road_segment,207
moderate_15,road_segment,208
moderate_15,road_segment,210
moderate_15,road_segment,215
moderate_15,road_segment,216
moderate_15,road_segment,220
moderate_15,road_segment,222
moderate_15,road_segment,224
moderate_15,road_segment,225
moderate_15,road_segment,227
moderate_15,road_segment,228
moderate_15,road_segment,230
moderate_15,road_segment,234
moderate_15,road_segment,235
moderate_15,road_segment,238
moderate_15,road_segment,239
moderate_15,road_segment,241
moderate_15,road_segment,247
moderate_15,road_segment,251
moderate_15,road_segment,256
moderate_15,road_segment,257
moderate_15,road_segment,260
moderate_15,road_segment,264
moderate_15,road_segment,266
moderate_15,road_segment,270
moderate_15,road_segment,271
moderate_15,road_segment,272
moderate_15,road_segment,274
moderate_15,road_segment,275
moderate_15,road_segment,278
moderate_15,road_segment,279
moderate_15,road_segment,280
moderate_15,road_segment,281
moderate_15,road_segment,285
moderate_15,road_segment,289
moderate_15,road_segment,292
moderate_15,road_segment,296
moderate_15,road_segment,299
moderate_15,road_segment,301
moderate_15,road_segment,304
moderate_15,road_segment,306
moderate_15,road_segment,308
moderate_15,road_segment,310
moderate_15,road_segment,316
moderate_15,road_segment,317
moderate_15,road_segment,319
moderate_15,road_segment,323
moderate_15,road_segment,325
moderate_15,road_segment,326
moderate_15,road_segment,327
moderate_15,road_segment,337
moderate_15,road_segment,338
moderate_15,road_segment,339
moderate_15,road_segment,342
moderate_15,road_segment,345
moderate_15,road_segment,346
moderate_15,road_segment,348
moderate_15,road_segment,350
moderate_15,road_segment,355
moderate_15,road_segment,358
moderate_15,road_segment,361
moderate_15,road_segment,362
moderate_15,road_segment,364
moderate_15,road_segment,365
moderate_15,road_segment,366
moderate_15,road_segment,368
moderate_15,road_segment,369
moderate_15,road_segment,370
moderate_15,road_segment,376
moderate_15,road_segment,382
moderate_15,road_segment,389
moderate_15,road_segment,391
moderate_15,road_segment,393
moderate_15,road_segment,397
moderate_15,road_segment,400
moderate_15,road_segment,401
moderate_15,road_segment,402
moderate_15,road_segment,403
moderate_15,road_segment,404
moderate_15,road_segment,405
moderate_15,road_segment,408
moderate_15,road_segment,410
moderate_15,road_segment,415
moderate_15,road_segment,418
moderate_15,road_segment,420
moderate_15,road_segment,423
moderate_15,road_segment,426
moderate_15,road_segment,427
moderate_15,road_segment,432
moderate_15,road_segment,434
moderate_15,road_segment,435
moderate_15,road_segment,440
moderate_15,road_segment,443
moderate_15,road_segment,444
moderate_15,road_segment,452
moderate_15,road_segment,454
moderate_15,road_segment,458
moderate_15,road_segment,461
moderate_15,road_segment,470
moderate_15,road_segment,477
moderate_15,road_segment,479
moderate_15,road_segment,480
moderate_15,road_segment,484
moderate_15,road_segment,488
moderate_15,road_segment,489
moderate_15,road_segment,490
moderate_15,road_segment,491
moderate_15,road_segment,495
moderate_15,road_segment,498
moderate_15,road_segment,500
moderate_15,road_segment,501
moderate_15,road_segment,505
moderate_15,road_segment,506
moderate_15,road_segment,510
moderate_15,road_segment,513
moderate_15,road_segment,514
moderate_15,road_segment,515
moderate_15,road_segment,516
moderate_15,road_segment,517
moderate_15,road_segment,519
moderate_15,road_segment,522
moderate_15,road_segment,523
moderate_15,road_segment,524
moderate_15,road_segment,526
moderate_15,road_segment,530
moderate_15,road_segment,531
moderate_15,road_segment,535
moderate_15,road_segment,540
moderate_15,road_segment,541
moderate_15,road_segment,542
moderate_15,road_segment,543
moderate_15,road_segment,544
moderate_15,road_segment,548
moderate_15,road_segment,551
moderate_15,road_segment,552
moderate_15,road_segment,554
moderate_15,road_segment,556
moderate_15,road_segment,558
moderate_15,road_segment,559
moderate_15,road_segment,561
moderate_15,road_segment,562
moderate_15,road_segment,566
moderate_15,road_segment,568
moderate_15,road_segment,569
moderate_15,road_segment,570
moderate_15,road_segment,573
moderate_15,road_segment,575
moderate_15,road_segment,576
moderate_15,road_segment,578
moderate_15,road_segment,580
moderate_15,road_segment,581
moderate_15,road_segment,583
moderate_15,road_segment,584
moderate_15,road_segment,585
moderate_15,road_segment,587
moderate_15,road_segment,589
moderate_15,road_segment,590
moderate_15,road_segment,591
moderate_15,road_segment,592
moderate_15,road_segment,593
moderate_15,road_segment,594
moderate_15,road_segment,599
moderate_15,road_segment,601
moderate_15,road_segment,603
moderate_15,road_segment,604
moderate_15,road_segment,606
moderate_15,road_segment,608
moderate_15,road_segment,610
moderate_15,road_segment,612
moderate_15,road_segment,613
moderate_15,road_segment,615
moderate_15,road_segment,616
moderate_15,road_segment,625
moderate_15,road_segment,627
moderate_15,road_segment,628
moderate_15,road_segment,630
moderate_15,road_segment,634
moderate_15,road_segment,636
moderate_15,road_segment,638
moderate_15,road_segment,639
moderate_15,road_segment,640
moderate_15,road_segment,641
moderate_15,road_segment,646
moderate_15,road_segment,647
moderate_15,road_segment,653
moderate_15,road_segment,655
moderate_15,road_segment,660
moderate_15,road_segment,661
moderate_15,road_segment,663
moderate_15,road_segment,667
moderate_15,road_segment,668
moderate_15,road_segment,669
moderate_15,road_segment,670
moderate_15,road_segment,672
moderate_15,road_segment,674
moderate_15,road_segment,677
moderate_15,road_segment,679
moderate_15,road_segment,682
moderate_15,road_segment,688
moderate_15,road_segment,689
moderate_15,road_segment,693
moderate_15,road_segment,700
moderate_15,road_segment,704
moderate_15,road_segment,705
moderate_15,road_segment,708
moderate_15,road_segment,712
moderate_15,road_segment,723
moderate_15,road_segment,730
moderate_15,road_segment,732
moderate_15,road_segment,733
moderate_15,road_segment,734
moderate_15,road_segment,735
moderate_15,road_segment,737
moderate_15,road_segment,739
moderate_15,road_segment,740
moderate_15,road_segment,741
moderate_15,road_segment,744
moderate_15,road_segment,745
moderate_15,road_segment,756
moderate_15,road_segment,761
moderate_15,road_segment,763
moderate_15,road_segment,767
moderate_15,road_segment,768
moderate_15,road_segment,769
moderate_15,road_segment,773
moderate_15,road_segment,774
moderate_15,road_segment,776
moderate_15,road_segment,777
moderate_15,road_segment,782
moderate_15,road_segment,785
moderate_15,road_segment,787
moderate_15,road_segment,789
moderate_15,road_segment,790
moderate_15,road_segment,792
moderate_15,road_segment,793
moderate_15,road_segment,794
moderate_15,road_segment,796
moderate_15,road_segment,798
moderate_15,road_segment,800
moderate_15,road_segment,801
moderate_15,road_segment,803
moderate_15,road_segment,804
moderate_15,road_segment,807
moderate_15,road_segment,813
moderate_15,road_segment,817
moderate_15,road_segment,818
moderate_15,road_segment,823
moderate_15,road_segment,824
moderate_15,road_segment,826
moderate_15,road_segment,827
moderate_15,road_segment,828
moderate_15,road_segment,830
moderate_15,road_segment,831
moderate_15,road_segment,832
moderate_15,road_segment,838
moderate_15,road_segment,840
moderate_15,road_segment,841
moderate_15,road_segment,843
moderate_15,road_segment,844
moderate_15,road_segment,845
moderate_15,road_segment,848
moderate_15,road_segment,852
moderate_15,road_segment,854
moderate_15,road_segment,856
moderate_15,road_segment,859
moderate_15,road_segment,860
moderate_15,road_segment,861
moderate_15,road_segment,863
moderate_15,road_segment,865
moderate_15,road_segment,866
moderate_15,road_segment,868
moderate_15,road_segment,871
moderate_15,road_segment,876
moderate_15,road_segment,877
moderate_15,road_segment,884
moderate_15,road_segment,887
moderate_15,road_segment,888
moderate_15,road_segment,892
moderate_15,road_segment,893
moderate_15,road_segment,895
moderate_15,road_segment,899
moderate_15,road_segment,901
moderate_15,road_segment,910
moderate_15,road_segment,911
moderate_15,road_segment,914
moderate_15,road_segment,915
moderate_15,road_segment,920
moderate_15,road_segment,921
moderate_15,road_segment,927
moderate_15,road_segment,930
moderate_15,road_segment,931
moderate_15,road_segment,932
moderate_15,road_segment,933
moderate_15,road_segment,936
moderate_15,road_segment,938
moderate_15,road_segment,942
moderate_15,road_segment,944
moderate_15,road_segment,947
moderate_15,road_segment,953
moderate_15,road_segment,955
moderate_15,road_segment,956
moderate_15,road_segment,957
moderate_15,road_segment,966
moderate_15,road_segment,967
moderate_15,road_segment,972
moderate_15,road_segment,973
moderate_15,road_segment,982
moderate_15,road_segment,992
moderate_15,road_segment,997
moderate_15,road_segment,1000
moderate_15,road_segment,1001
moderate_15,road_segment,1005
moderate_15,road_segment,1010
moderate_15,road_segment,1013
moderate_15,road_segment,1024
moderate_15,road_segment,1026
moderate_15,road_segment,1027
moderate_15,road_segment,1030
moderate_15,road_segment,1033
moderate_15,road_segment,1037
moderate_15,road_segment,1041
moderate_15,road_segment,1043
moderate_15,road_segment,1047
moderate_15,road_segment,1048
moderate_15,road_segment,1051
moderate_15,road_segment,1056
moderate_15,road_segment,1058
moderate_15,road_segment,1063
moderate_15,road_segment,1065
moderate_15,road_segment,1068
moderate_15,road_segment,1069
moderate_15,road_segment,1070
moderate_15,road_segment,1072
moderate_15,road_segment,1073
moderate_15,road_segment,1081
moderate_15,road_segment,1082
moderate_15,road_segment,1089
moderate_15,road_segment,1091
moderate_15,road_segment,1092
moderate_15,road_segment,1093
moderate_15,road_segment,1095
moderate_15,road_segment,1100
moderate_15,road_segment,1105
moderate_15,road_segment,1106
moderate_15,road_segment,1107
moderate_15,road_segment,1108
moderate_15,road_segment,1117
moderate_15,road_segment,1124
moderate_15,road_segment,1127
moderate_15,road_segment,1129
moderate_15,facility,876158
moderate_15,facility,966003
moderate_15,facility,965433
moderate_15,facility,907956
moderate_15,facility,885528
moderate_15,facility,901325
moderate_15,facility,929411
moderate_15,facility,887699
moderate_15,facility,890796
moderate_15,facility,900326
moderate_15,facility,899998
moderate_15,facility,963173
moderate_15,facility,900323
moderate_16,road_segment,6
moderate_16,road_segment,7
moderate_16,road_segment,14
moderate_16,road_segment,15
moderate_16,road_segment,22
moderate_16,road_segment,42
moderate_16,road_segment,43
moderate_16,road_segment,44
moderate_16,road_segment,47
moderate_16,road_segment,57
moderate_16,road_segment,58
moderate_16,road_segment,59
moderate_16,road_segment,62
moderate_16,road_segment,65
moderate_16,road_segment,68
moderate_16,road_segment,72
moderate_16,road_segment,74
moderate_16,road_segment,75
moderate_16,road_segment,85
moderate_16,road_segment,87
moderate_16,road_segment,89
moderate_16,road_segment,100
moderate_16,road_segment,105
moderate_16,road_segment,108
moderate_16,road_segment,109
moderate_16,road_segment,118
moderate_16,road_segment,119
moderate_16,road_segment,120
moderate_16,road_segment,134
moderate_16,road_segment,140
moderate_16,road_segment,141
moderate_16,road_segment,144
moderate_16,road_segment,148
moderate_16,road_segment,149
moderate_16,road_segment,158
moderate_16,road_segment,159
moderate_16,road_segment,160
moderate_16,road_segment,162
moderate_16,road_segment,165
moderate_16,road_segment,172
moderate_16,road_segment,173
moderate_16,road_segment,180
moderate_16,road_segment,184
moderate_16,road_segment,186
moderate_16,road_segment,190
moderate_16,road_segment,191
moderate_16,road_segment,192
moderate_16,road_segment,196
moderate_16,road_segment,198
moderate_16,road_segment,201
moderate_16,road_segment,206
moderate_16,road_segment,215
moderate_16,road_segment,216
moderate_16,road_segment,220
moderate_16,road_segment,222
moderate_16,road_segment,224
moderate_16,road_segment,225
moderate_16,road_segment,227
moderate_16,road_segment,230
moderate_16,road_segment,234
moderate_16,road_segment,235
moderate_16,road_segment,238
moderate_16,road_segment,241
moderate_16,road_segment,251
moderate_16,road_segment,256
moderate_16,road_segment,260
moderate_16,road_segment,264
moderate_16,road_segment,271
moderate_16,road_segment,274
moderate_16,road_segment,275
moderate_16,road_segment,278
moderate_16,road_segment,280
moderate_16,road_segment,281
moderate_16,road_segment,285
moderate_16,road_segment,289
moderate_16,road_segment,296
moderate_16,road_segment,299
moderate_16,road_segment,301
moderate_16,road_segment,304
moderate_16,road_segment,306
moderate_16,road_segment,308
moderate_16,road_segment,310
moderate_16,road_segment,317
moderate_16,road_segment,319
moderate_16,road_segment,323
moderate_16,road_segment,325
moderate_16,road_segment,326
moderate_16,road_segment,337
moderate_16,road_segment,339
moderate_16,road_segment,342
moderate_16,road_segment,345
moderate_16,road_segment,348
moderate_16,road_segment,355
moderate_16,road_segment,358
moderate_16,road_segment,364
moderate_16,road_segment,365
moderate_16,road_segment,366
moderate_16,road_segment,368
moderate_16,road_segment,369
moderate_16,road_segment,370
moderate_16,road_segment,376
moderate_16,road_segment,389
moderate_16,road_segment,391
moderate_16,road_segment,393
moderate_16,road_segment,397
moderate_16,road_segment,400
moderate_16,road_segment,401
moderate_16,road_segment,403
moderate_16,road_segment,404
moderate_16,road_segment,408
moderate_16,road_segment,410
moderate_16,road_segment,415
moderate_16,road_segment,418
moderate_16,road_segment,420
moderate_16,road_segment,426
moderate_16,road_segment,427
moderate_16,road_segment,434
moderate_16,road_segment,435
moderate_16,road_segment,440
moderate_16,road_segment,443
moderate_16,road_segment,444
moderate_16,road_segment,452
moderate_16,road_segment,454
moderate_16,road_segment,458
moderate_16,road_segment,461
moderate_16,road_segment,470
moderate_16,road_segment,479
moderate_16,road_segment,480
moderate_16,road_segment,484
moderate_16,road_segment,489
moderate_16,road_segment,490
moderate_16,road_segment,495
moderate_16,road_segment,498
moderate_16,road_segment,500
moderate_16,road_segment,501
moderate_16,road_segment,505
moderate_16,road_segment,506
moderate_16,road_segment,510
moderate_16,road_segment,513
moderate_16,road_segment,514
moderate_16,road_segment,516
moderate_16,road_segment,517
moderate_16,road_segment,519
moderate_16,road_segment,522
moderate_16,road_segment,530
moderate_16,road_segment,531
moderate_16,road_segment,535
moderate_16,road_segment,541
moderate_16,road_segment,542
moderate_16,road_segment,544
moderate_16,road_segment,548
moderate_16,road_segment,551
moderate_16,road_segment,552
moderate_16,road_segment,554
moderate_16,road_segment,556
moderate_16,road_segment,558
moderate_16,road_segment,559
moderate_16,road_segment,562
moderate_16,road_segment,566
moderate_16,road_segment,568
moderate_16,road_segment,569
moderate_16,road_segment,570
moderate_16,road_segment,575
moderate_16,road_segment,576
moderate_16,road_segment,580
moderate_16,road_segment,583
moderate_16,road_segment,584
moderate_16,road_segment,590
moderate_16,road_segment,591
moderate_16,road_segment,594
moderate_16,road_segment,599
moderate_16,road_segment,603
moderate_16,road_segment,604
moderate_16,road_segment,606
moderate_16,road_segment,608
moderate_16,road_segment,610
moderate_16,road_segment,612
moderate_16,road_segment,613
moderate_16,road_segment,615
moderate_16,road_segment,616
moderate_16,road_segment,625
moderate_16,road_segment,628
moderate_16,road_segment,636
moderate_16,road_segment,638
moderate_16,road_segment,640
moderate_16,road_segment,641
moderate_16,road_segment,646
moderate_16,road_segment,647
moderate_16,road_segment,653
moderate_16,road_segment,655
moderate_16,road_segment,660
moderate_16,road_segment,661
moderate_16,road_segment,663
moderate_16,road_segment,668
moderate_16,road_segment,669
moderate_16,road_segment,670
moderate_16,road_segment,672
moderate_16,road_segment,674
moderate_16,road_segment,682
moderate_16,road_segment,693
moderate_16,road_segment,704
moderate_16,road_segment,705
moderate_16,road_segment,708
moderate_16,road_segment,723
moderate_16,road_segment,730
moderate_16,road_segment,734
moderate_16,road_segment,735
moderate_16,road_segment,740
moderate_16,road_segment,744
moderate_16,road_segment,756
moderate_16,road_segment,761
moderate_16,road_segment,763
moderate_16,road_segment,767
moderate_16,road_segment,769
moderate_16,road_segment,774
moderate_16,road_segment,776
moderate_16,road_segment,777
moderate_16,road_segment,782
moderate_16,road_segment,787
moderate_16,road_segment,790
moderate_16,road_segment,792
moderate_16,road_segment,794
moderate_16,road_segment,801
moderate_16,road_segment,803
moderate_16,road_segment,807
moderate_16,road_segment,813
moderate_16,road_segment,817
moderate_16,road_segment,824
moderate_16,road_segment,826
moderate_16,road_segment,827
moderate_16,road_segment,828
moderate_16,road_segment,830
moderate_16,road_segment,831
moderate_16,road_segment,832
moderate_16,road_segment,838
moderate_16,road_segment,840
moderate_16,road_segment,843
moderate_16,road_segment,844
moderate_16,road_segment,848
moderate_16,road_segment,852
moderate_16,road_segment,854
moderate_16,road_segment,859
moderate_16,road_segment,860
moderate_16,road_segment,861
moderate_16,road_segment,863
moderate_16,road_segment,866
moderate_16,road_segment,871
moderate_16,road_segment,876
moderate_16,road_segment,884
moderate_16,road_segment,887
moderate_16,road_segment,888
moderate_16,road_segment,892
moderate_16,road_segment,895
moderate_16,road_segment,899
moderate_16,road_segment,901
moderate_16,road_segment,910
moderate_16,road_segment,914
moderate_16,road_segment,915
moderate_16,road_segment,920
moderate_16,road_segment,921
moderate_16,road_segment,927
moderate_16,road_segment,930
moderate_16,road_segment,931
moderate_16,road_segment,932
moderate_16,road_segment,933
moderate_16,road_segment,936
moderate_16,road_segment,938
moderate_16,road_segment,942
moderate_16,road_segment,953
moderate_16,road_segment,955
moderate_16,road_segment,956
moderate_16,road_segment,957
moderate_16,road_segment,966
moderate_16,road_segment,967
moderate_16,road_segment,972
moderate_16,road_segment,973
moderate_16,road_segment,982
moderate_16,road_segment,1000
moderate_16,road_segment,1001
moderate_16,road_segment,1005
moderate_16,road_segment,1024
moderate_16,road_segment,1026
moderate_16,road_segment,1027
moderate_16,road_segment,1030
moderate_16,road_segment,1037
moderate_16,road_segment,1041
moderate_16,road_segment,1047
moderate_16,road_segment,1051
moderate_16,road_segment,1058
moderate_16,road_segment,1063
moderate_16,road_segment,1065
moderate_16,road_segment,1068
moderate_16,road_segment,1069
moderate_16,road_segment,1072
moderate_16,road_segment,1073
moderate_16,road_segment,1081
moderate_16,road_segment,1082
moderate_16,road_segment,1091
moderate_16,road_segment,1092
moderate_16,road_segment,1100
moderate_16,road_segment,1105
moderate_16,road_segment,1106
moderate_16,road_segment,1108
moderate_16,road_segment,1117
moderate_16,road_segment,1124
moderate_16,road_segment,1127
moderate_16,road_segment,1129
moderate_16,facility,966003
moderate_16,facility,964438
moderate_16,facility,876161
moderate_16,facility,901325
moderate_16,facility,887699
moderate_16,facility,960725
moderate_16,facility,956263
moderate_17,road_segment,6
moderate_17,road_segment,7
moderate_17,road_segment,14
moderate_17,road_segment,22
moderate_17,road_segment,28
moderate_17,road_segment,42
moderate_17,road_segment,44
moderate_17,road_segment,47
moderate_17,road_segment,57
moderate_17,road_segment,58
moderate_17,road_segment,59
moderate_17,road_segment,62
moderate_17,road_segment,65
moderate_17,road_segment,68
moderate_17,road_segment,72
moderate_17,road_segment,75
moderate_17,road_segment,89
moderate_17,road_segment,105
moderate_17,road_segment,109
moderate_17,road_segment,118
moderate_17,road_segment,119
moderate_17,road_segment,120
moderate_17,road_segment,140
moderate_17,road_segment,144
moderate_17,road_segment,149
moderate_17,road_segment,159
moderate_17,road_segment,162
moderate_17,road_segment,165
moderate_17,road_segment,172
moderate_17,road_segment,173
moderate_17,road_segment,180
moderate_17,road_segment,186
moderate_17,road_segment,191
moderate_17,road_segment,192
moderate_17,road_segment,196
moderate_17,road_segment,198
moderate_17,road_segment,215
moderate_17,road_segment,220
moderate_17,road_segment,222
moderate_17,road_segment,224
moderate_17,road_segment,225
moderate_17,road_segment,227
moderate_17,road_segment,230
moderate_17,road_segment,235
moderate_17,road_segment,238
moderate_17,road_segment,241
moderate_17,road_segment,251
moderate_17,road_segment,260
moderate_17,road_segment,264
moderate_17,road_segment,271
moderate_17,road_segment,274
moderate_17,road_segment,275
moderate_17,road_segment,278
moderate_17,road_segment,280
moderate_17,road_segment,281
moderate_17,road_segment,285
moderate_17,road_segment,299
moderate_17,road_segment,301
moderate_17,road_segment,304
moderate_17,road_segment,306
moderate_17,road_segment,308
moderate_17,road_segment,310
moderate_17,road_segment,316
moderate_17,road_segment,317
moderate_17,road_segment,319
moderate_17,road_segment,323
moderate_17,road_segment,325
moderate_17,road_segment,326
moderate_17,road_segment,327
moderate_17,road_segment,337
moderate_17,road_segment,339
moderate_17,road_segment,345
moderate_17,road_segment,355
moderate_17,road_segment,358
moderate_17,road_segment,364
moderate_17,road_segment,365
moderate_17,road_segment,366
moderate_17,road_segment,368
moderate_17,road_segment,369
moderate_17,road_segment,376
moderate_17,road_segment,389
moderate_17,road_segment,393
moderate_17,road_segment,400
moderate_17,road_segment,403
moderate_17,road_segment,404
moderate_17,road_segment,408
moderate_17,road_segment,410
moderate_17,road_segment,415
moderate_17,road_segment,420
moderate_17,road_segment,426
moderate_17,road_segment,427
moderate_17,road_segment,435
moderate_17,road_segment,443
moderate_17,road_segment,444
moderate_17,road_segment,452
moderate_17,road_segment,454
moderate_17,road_segment,458
moderate_17,road_segment,461
moderate_17,road_segment,470
moderate_17,road_segment,479
moderate_17,road_segment,484
moderate_17,road_segment,489
moderate_17,road_segment,495
moderate_17,road_segment,498
moderate_17,road_segment,500
moderate_17,road_segment,501
moderate_17,road_segment,506
moderate_17,road_segment,510
moderate_17,road_segment,514
moderate_17,road_segment,516
moderate_17,road_segment,517
moderate_17,road_segment,519
moderate_17,road_segment,522
moderate_17,road_segment,530
moderate_17,road_segment,531
moderate_17,road_segment,541
moderate_17,road_segment,542
moderate_17,road_segment,544
moderate_17,road_segment,551
moderate_17,road_segment,552
moderate_17,road_segment,556
moderate_17,road_segment,559
moderate_17,road_segment,562
moderate_17,road_segment,570
moderate_17,road_segment,575
moderate_17,road_segment,576
moderate_17,road_segment,584
moderate_17,road_segment,590
moderate_17,road_segment,591
moderate_17,road_segment,593
moderate_17,road_segment,594
moderate_17,road_segment,603
moderate_17,road_segment,608
moderate_17,road_segment,612
moderate_17,road_segment,613
moderate_17,road_segment,625
moderate_17,road_segment,628
moderate_17,road_segment,636
moderate_17,road_segment,638
moderate_17,road_segment,640
moderate_17,road_segment,641
moderate_17,road_segment,646
moderate_17,road_segment,647
moderate_17,road_segment,655
moderate_17,road_segment,660
moderate_17,road_segment,661
moderate_17,road_segment,663
moderate_17,road_segment,667
moderate_17,road_segment,668
moderate_17,road_segment,669
moderate_17,road_segment,670
moderate_17,road_segment,689
moderate_17,road_segment,700
moderate_17,road_segment,704
moderate_17,road_segment,705
moderate_17,road_segment,708
moderate_17,road_segment,723
moderate_17,road_segment,730
moderate_17,road_segment,733
moderate_17,road_segment,734
moderate_17,road_segment,735
moderate_17,road_segment,740
moderate_17,road_segment,744
moderate_17,road_segment,756
moderate_17,road_segment,761
moderate_17,road_segment,769
moderate_17,road_segment,776
moderate_17,road_segment,777
moderate_17,road_segment,782
moderate_17,road_segment,787
moderate_17,road_segment,790
moderate_17,road_segment,792
moderate_17,road_segment,800
moderate_17,road_segment,801
moderate_17,road_segment,803
moderate_17,road_segment,813
moderate_17,road_segment,824
moderate_17,road_segment,826
moderate_17,road_segment,827
moderate_17,road_segment,830
moderate_17,road_segment,832
moderate_17,road_segment,838
moderate_17,road_segment,844
moderate_17,road_segment,848
moderate_17,road_segment,852
moderate_17,road_segment,859
moderate_17,road_segment,860
moderate_17,road_segment,861
moderate_17,road_segment,866
moderate_17,road_segment,871
moderate_17,road_segment,884
moderate_17,road_segment,887
moderate_17,road_segment,888
moderate_17,road_segment,892
moderate_17,road_segment,899
moderate_17,road_segment,901
moderate_17,road_segment,910
moderate_17,road_segment,914
moderate_17,road_segment,915
moderate_17,road_segment,927
moderate_17,road_segment,930
moderate_17,road_segment,932
moderate_17,road_segment,933
moderate_17,road_segment,936
moderate_17,road_segment,942
moderate_17,road_segment,947
moderate_17,road_segment,953
moderate_17,road_segment,955
moderate_17,road_segment,956
moderate_17,road_segment,966
moderate_17,road_segment,967
moderate_17,road_segment,972
moderate_17,road_segment,973
moderate_17,road_segment,982
moderate_17,road_segment,997
moderate_17,road_segment,1000
moderate_17,road_segment,1005
moderate_17,road_segment,1024
moderate_17,road_segment,1026
moderate_17,road_segment,1027
moderate_17,road_segment,1033
moderate_17,road_segment,1037
moderate_17,road_segment,1041
moderate_17,road_segment,1047
moderate_17,road_segment,1051
moderate_17,road_segment,1058
moderate_17,road_segment,1063
moderate_17,road_segment,1065
moderate_17,road_segment,1068
moderate_17,road_segment,1073
moderate_17,road_segment,1081
moderate_17,road_segment,1082
moderate_17,road_segment,1091
moderate_17,road_segment,1092
moderate_17,road_segment,1106
moderate_17,road_segment,1117
moderate_17,road_segment,1124
moderate_17,road_segment,1127
moderate_17,road_segment,1129
moderate_17,facility,885520
moderate_17,facility,907956
moderate_17,facility,885528
moderate_17,facility,960725
moderate_17,facility,879303
moderate_17,facility,890796
moderate_18,road_segment,6
moderate_18,road_segment,7
moderate_18,road_segment,14
moderate_18,road_segment,22
moderate_18,road_segment,42
moderate_18,road_segment,43
moderate_18,road_segment,44
moderate_18,road_segment,47
moderate_18,road_segment,57
moderate_18,road_segment,58
moderate_18,road_segment,59
moderate_18,road_segment,62
moderate_18,road_segment,65
moderate_18,road_segment,68
moderate_18,road_segment,72
moderate_18,road_segment,74
moderate_18,road_segment,75
moderate_18,road_segment,87
moderate_18,road_segment,89
moderate_18,road_segment,100
moderate_18,road_segment,105
moderate_18,road_segment,108
moderate_18,road_segment,109
moderate_18,road_segment,118
moderate_18,road_segment,119
moderate_18,road_segment,120
moderate_18,road_segment,134
moderate_18,road_segment,140
moderate_18,road_segment,141
moderate_18,road_segment,144
moderate_18,road_segment,148
moderate_18,road_segment,149
moderate_18,road_segment,159
moderate_18,road_segment,160
moderate_18,road_segment,162
moderate_18,road_segment,165
moderate_18,road_segment,172
moderate_18,road_segment,173
moderate_18,road_segment,180
moderate_18,road_segment,186
moderate_18,road_segment,190
moderate_18,road_segment,191
moderate_18,road_segment,192
moderate_18,road_segment,196
moderate_18,road_segment,198
moderate_18,road_segment,206
moderate_18,road_segment,215
moderate_18,road_segment,216
moderate_18,road_segment,220
moderate_18,road_segment,222
moderate_18,road_segment,224
moderate_18,road_segment,225
moderate_18,road_segment,227
moderate_18,road_segment,230
moderate_18,road_segment,234
moderate_18,road_segment,235
moderate_18,road_segment,238
moderate_18,road_segment,241
moderate_18,road_segment,251
moderate_18,road_segment,256
moderate_18,road_segment,260
moderate_18,road_segment,264
moderate_18,road_segment,271
moderate_18,road_segment,274
moderate_18,road_segment,275
moderate_18,road_segment,278
moderate_18,road_segment,280
moderate_18,road_segment,281
moderate_18,road_segment,285
moderate_18,road_segment,289
moderate_18,road_segment,296
moderate_18,road_segment,299
moderate_18,road_segment,301
moderate_18,road_segment,304
moderate_18,road_segment,306
moderate_18,road_segment,308
moderate_18,road_segment,310
moderate_18,road_segment,317
moderate_18,road_segment,319
moderate_18,road_segment,323
moderate_18,road_segment,325
moderate_18,road_segment,326
moderate_18,road_segment,337
moderate_18,road_segment,339
moderate_18,road_segment,342
moderate_18,road_segment,345
moderate_18,road_segment,348
moderate_18,road_segment,355
moderate_18,road_segment,358
moderate_18,road_segment,364
moderate_18,road_segment,365
moderate_18,road_segment,366
moderate_18,road_segment,368
moderate_18,road_segment,369
moderate_18,road_segment,370
moderate_18,road_segment,376
moderate_18,road_segment,389
moderate_18,road_segment,391
moderate_18,road_segment,393
moderate_18,road_segment,400
moderate_18,road_segment,401
moderate_18,road_segment,403
moderate_18,road_segment,404
moderate_18,road_segment,408
moderate_18,road_segment,410
moderate_18,road_segment,415
moderate_18,road_segment,418
moderate_18,road_segment,420
moderate_18,road_segment,426
moderate_18,road_segment,427
moderate_18,road_segment,435
moderate_18,road_segment,440
moderate_18,road_segment,443
moderate_18,road_segment,444
moderate_18,road_segment,452
moderate_18,road_segment,454
moderate_18,road_segment,458
moderate_18,road_segment,461
moderate_18,road_segment,470
moderate_18,road_segment,479
moderate_18,road_segment,480
moderate_18,road_segment,484
moderate_18,road_segment,489
moderate_18,road_segment,490
moderate_18,road_segment,495
moderate_18,road_segment,498
moderate_18,road_segment,500
moderate_18,road_segment,501
moderate_18,road_segment,505
moderate_18,road_segment,506
moderate_18,road_segment,510
moderate_18,road_segment,514
moderate_18,road_segment,516
moderate_18,road_segment,517
moderate_18,road_segment,519
moderate_18,road_segment,522
moderate_18,road_segment,530
moderate_18,road_segment,531
moderate_18,road_segment,535
moderate_18,road_segment,541
moderate_18,road_segment,542
moderate_18,road_segment,544
moderate_18,road_segment,551
moderate_18,road_segment,552
moderate_18,road_segment,554
moderate_18,road_segment,556
moderate_18,road_segment,558
moderate_18,road_segment,559
moderate_18,road_segment,562
moderate_18,road_segment,568
moderate_18,road_segment,569
moderate_18,road_segment,570
moderate_18,road_segment,575
moderate_18,road_segment,576
moderate_18,road_segment,580
moderate_18,road_segment,583
moderate_18,road_segment,584
moderate_18,road_segment,590
moderate_18,road_segment,591
moderate_18,road_segment,594
moderate_18,road_segment,599
moderate_18,road_segment,603
moderate_18,road_segment,604
moderate_18,road_segment,608
moderate_18,road_segment,610
moderate_18,road_segment,612
moderate_18,road_segment,613
moderate_18,road_segment,615
moderate_18,road_segment,616
moderate_18,road_segment,625
moderate_18,road_segment,628
moderate_18,road_segment,636
moderate_18,road_segment,638
moderate_18,road_segment,640
moderate_18,road_segment,641
moderate_18,road_segment,646
moderate_18,road_segment,647
moderate_18,road_segment,655
moderate_18,road_segment,660
moderate_18,road_segment,661
moderate_18,road_segment,663
moderate_18,road_segment,668
moderate_18,road_segment,669
moderate_18,road_segment,670
moderate_18,road_segment,682
moderate_18,road_segment,704
moderate_18,road_segment,705
moderate_18,road_segment,708
moderate_18,road_segment,723
moderate_18,road_segment,730
moderate_18,road_segment,734
moderate_18,road_segment,735
moderate_18,road_segment,740
moderate_18,road_segment,744
moderate_18,road_segment,756
moderate_18,road_segment,761
moderate_18,road_segment,763
moderate_18,road_segment,767
moderate_18,road_segment,769
moderate_18,road_segment,774
moderate_18,road_segment,776
moderate_18,road_segment,777
moderate_18,road_segment,782
moderate_18,road_segment,787
moderate_18,road_segment,790
moderate_18,road_segment,792
moderate_18,road_segment,801
moderate_18,road_segment,803
moderate_18,road_segment,807
moderate_18,road_segment,813
moderate_18,road_segment,824
moderate_18,road_segment,826
moderate_18,road_segment,827
moderate_18,road_segment,830
moderate_18,road_segment,832
moderate_18,road_segment,838
moderate_18,road_segment,843
moderate_18,road_segment,844
moderate_18,road_segment,848
moderate_18,road_segment,852
moderate_18,road_segment,854
moderate_18,road_segment,859
moderate_18,road_segment,860
moderate_18,road_segment,861
moderate_18,road_segment,866
moderate_18,road_segment,871
moderate_18,road_segment,884
moderate_18,road_segment,887
moderate_18,road_segment,888
moderate_18,road_segment,892
moderate_18,road_segment,899
moderate_18,road_segment,901
moderate_18,road_segment,910
moderate_18,road_segment,914
moderate_18,road_segment,915
moderate_18,road_segment,927
moderate_18,road_segment,930
moderate_18,road_segment,931
moderate_18,road_segment,932
moderate_18,road_segment,933
moderate_18,road_segment,936
moderate_18,road_segment,938
moderate_18,road_segment,942
moderate_18,road_segment,953
moderate_18,road_segment,955
moderate_18,road_segment,956
moderate_18,road_segment,957
moderate_18,road_segment,966
moderate_18,road_segment,967
moderate_18,road_segment,972
moderate_18,road_segment,973
moderate_18,road_segment,982
moderate_18,road_segment,1000
moderate_18,road_segment,1005
moderate_18,road_segment,1024
moderate_18,road_segment,1026
moderate_18,road_segment,1027
moderate_18,road_segment,1030
moderate_18,road_segment,1037
moderate_18,road_segment,1041
moderate_18,road_segment,1047
moderate_18,road_segment,1051
moderate_18,road_segment,1058
moderate_18,road_segment,1063
moderate_18,road_segment,1065
moderate_18,road_segment,1068
moderate_18,road_segment,1069
moderate_18,road_segment,1072
moderate_18,road_segment,1073
moderate_18,road_segment,1081
moderate_18,road_segment,1082
moderate_18,road_segment,1091
moderate_18,road_segment,1092
moderate_18,road_segment,1100
moderate_18,road_segment,1105
moderate_18,road_segment,1106
moderate_18,road_segment,1117
moderate_18,road_segment,1124
moderate_18,road_segment,1127
moderate_18,road_segment,1129
moderate_18,facility,964438
moderate_18,facility,965433
moderate_18,facility,885528
moderate_18,facility,901325
moderate_18,facility,960725
moderate_18,facility,900084
moderate_18,facility,870357
moderate_18,facility,956263
moderate_18,facility,900239
moderate_18,facility,963173
moderate_19,road_segment,6
moderate_19,road_segment,7
moderate_19,road_segment,14
moderate_19,road_segment,22
moderate_19,road_segment,42
moderate_19,road_segment,44
moderate_19,road_segment,47
moderate_19,road_segment,57
moderate_19,road_segment,58
moderate_19,road_segment,59
moderate_19,road_segment,62
moderate_19,road_segment,65
moderate_19,road_segment,68
moderate_19,road_segment,72
moderate_19,road_segment,75
moderate_19,road_segment,89
moderate_19,road_segment,105
moderate_19,road_segment,109
moderate_19,road_segment,118
moderate_19,road_segment,119
moderate_19,road_segment,120
moderate_19,road_segment,140
moderate_19,road_segment,144
moderate_19,road_segment,149
moderate_19,road_segment,159
moderate_19,road_segment,162
moderate_19,road_segment,165
moderate_19,road_segment,172
moderate_19,road_segment,173
moderate_19,road_segment,180
moderate_19,road_segment,186
moderate_19,road_segment,191
moderate_19,road_segment,192
moderate_19,road_segment,196
moderate_19,road_segment,198
moderate_19,road_segment,215
moderate_19,road_segment,220
moderate_19,road_segment,222
moderate_19,road_segment,224
moderate_19,road_segment,225
moderate_19,road_segment,227
moderate_19,road_segment,230
moderate_19,road_segment,235
moderate_19,road_segment,238
moderate_19,road_segment,241
moderate_19,road_segment,251
moderate_19,road_segment,260
moderate_19,road_segment,264
moderate_19,road_segment,271
moderate_19,road_segment,274
moderate_19,road_segment,275
moderate_19,road_segment,278
moderate_19,road_segment,280
moderate_19,road_segment,281
moderate_19,road_segment,285
moderate_19,road_segment,299
moderate_19,road_segment,301
moderate_19,road_segment,304
moderate_19,road_segment,306
moderate_19,road_segment,308
moderate_19,road_segment,310
moderate_19,road_segment,317
moderate_19,road_segment,319
moderate_19,road_segment,323
moderate_19,road_segment,325
moderate_19,road_segment,326
moderate_19,road_segment,337
moderate_19,road_segment,339
moderate_19,road_segment,345
moderate_19,road_segment,355
moderate_19,road_segment,358
moderate_19,road_segment,364
moderate_19,road_segment,365
moderate_19,road_segment,366
moderate_19,road_segment,368
moderate_19,road_segment,369
moderate_19,road_segment,376
moderate_19,road_segment,389
moderate_19,road_segment,393
moderate_19,road_segment,400
moderate_19,road_segment,403
moderate_19,road_segment,404
moderate_19,road_segment,408
moderate_19,road_segment,410
moderate_19,road_segment,415
moderate_19,road_segment,420
moderate_19,road_segment,426
moderate_19,road_segment,427
moderate_19,road_segment,435
moderate_19,road_segment,443
moderate_19,road_segment,444
moderate_19,road_segment,452
moderate_19,road_segment,454
moderate_19,road_segment,458
moderate_19,road_segment,461
moderate_19,road_segment,470
moderate_19,road_segment,479
moderate_19,road_segment,484
moderate_19,road_segment,489
moderate_19,road_segment,495
moderate_19,road_segment,498
moderate_19,road_segment,500
moderate_19,road_segment,501
moderate_19,road_segment,506
moderate_19,road_segment,510
moderate_19,road_segment,516
moderate_19,road_segment,517
moderate_19,road_segment,519
moderate_19,road_segment,522
moderate_19,road_segment,530
moderate_19,road_segment,531
moderate_19,road_segment,541
moderate_19,road_segment,542
moderate_19,road_segment,544
moderate_19,road_segment,551
moderate_19,road_segment,552
moderate_19,road_segment,556
moderate_19,road_segment,559
moderate_19,road_segment,562
moderate_19,road_segment,570
moderate_19,road_segment,575
moderate_19,road_segment,576
moderate_19,road_segment,584
moderate_19,road_segment,590
moderate_19,road_segment,591
moderate_19,road_segment,594
moderate_19,road_segment,603
moderate_19,road_segment,608
moderate_19,road_segment,612
moderate_19,road_segment,613
moderate_19,road_segment,625
moderate_19,road_segment,628
moderate_19,road_segment,636
moderate_19,road_segment,638
moderate_19,road_segment,640
moderate_19,road_segment,641
moderate_19,road_segment,646
moderate_19,road_segment,647
moderate_19,road_segment,655
moderate_19,road_segment,660
moderate_19,road_segment,661
moderate_19,road_segment,663
moderate_19,road_segment,668
moderate_19,road_segment,669
moderate_19,road_segment,670
moderate_19,road_segment,704
moderate_19,road_segment,705
moderate_19,road_segment,708
moderate_19,road_segment,723
moderate_19,road_segment,730
moderate_19,road_segment,734
moderate_19,road_segment,740
moderate_19,road_segment,744
moderate_19,road_segment,756
moderate_19,road_segment,761
moderate_19,road_segment,769
moderate_19,road_segment,776
moderate_19,road_segment,777
moderate_19,road_segment,782
moderate_19,road_segment,787
moderate_19,road_segment,792
moderate_19,road_segment,801
moderate_19,road_segment,803
moderate_19,road_segment,813
moderate_19,road_segment,824
moderate_19,road_segment,826
moderate_19,road_segment,827
moderate_19,road_segment,830
moderate_19,road_segment,832
moderate_19,road_segment,838
moderate_19,road_segment,844
moderate_19,road_segment,848
moderate_19,road_segment,852
moderate_19,road_segment,859
moderate_19,road_segment,860
moderate_19,road_segment,861
moderate_19,road_segment,866
moderate_19,road_segment,871
moderate_19,road_segment,884
moderate_19,road_segment,887
moderate_19,road_segment,888
moderate_19,road_segment,892
moderate_19,road_segment,899
moderate_19,road_segment,901
moderate_19,road_segment,910
moderate_19,road_segment,914
moderate_19,road_segment,915
moderate_19,road_segment,927
moderate_19,road_segment,930
moderate_19,road_segment,932
moderate_19,road_segment,933
moderate_19,road_segment,936
moderate_19,road_segment,942
moderate_19,road_segment,953
moderate_19,road_segment,955
moderate_19,road_segment,956
moderate_19,road_segment,966
moderate_19,road_segment,967
moderate_19,road_segment,972
moderate_19,road_segment,973
moderate_19,road_segment,982
moderate_19,road_segment,1000
moderate_19,road_segment,1005
moderate_19,road_segment,1024
moderate_19,road_segment,1026
moderate_19,road_segment,1027
moderate_19,road_segment,1037
moderate_19,road_segment,1041
moderate_19,road_segment,1047
moderate_19,road_segment,1051
moderate_19,road_segment,1058
moderate_19,road_segment,1063
moderate_19,road_segment,1065
moderate_19,road_segment,1068
moderate_19,road_segment,1073
moderate_19,road_segment,1081
moderate_19,road_segment,1082
moderate_19,road_segment,1091
moderate_19,road_segment,1092
moderate_19,road_segment,1106
moderate_19,road_segment,1117
moderate_19,road_segment,1124
moderate_19,road_segment,1127
moderate_19,facility,885520
moderate_19,facility,907956
moderate_19,facility,870357
moderate_19,facility,899998
moderate_19,facility,956263
severe_00,road_segment,0
severe_00,road_segment,6
severe_00,road_segment,7
severe_00,road_segment,11
severe_00,road_segment,14
severe_00,road_segment,15
severe_00,road_segment,18
severe_00,road_segment,21
severe_00,road_segment,22
severe_00,road_segment,28
severe_00,road_segment,40
severe_00,road_segment,42
severe_00,road_segment,43
severe_00,road_segment,44
severe_00,road_segment,45
severe_00,road_segment,47
severe_00,road_segment,49
severe_00,road_segment,51
severe_00,road_segment,53
severe_00,road_segment,57
severe_00,road_segment,58
severe_00,road_segment,59
severe_00,road_segment,62
severe_00,road_segment,65
severe_00,road_segment,68
severe_00,road_segment,70
severe_00,road_segment,72
severe_00,road_segment,74
severe_00,road_segment,75
severe_00,road_segment,83
severe_00,road_segment,85
severe_00,road_segment,86
severe_00,road_segment,87
severe_00,road_segment,89
severe_00,road_segment,90
severe_00,road_segment,97
severe_00,road_segment,98
severe_00,road_segment,99
severe_00,road_segment,100
severe_00,road_segment,101
severe_00,road_segment,105
severe_00,road_segment,108
severe_00,road_segment,109
severe_00,road_segment,110
severe_00,road_segment,114
severe_00,road_segment,115
severe_00,road_segment,117
severe_00,road_segment,118
severe_00,road_segment,119
severe_00,road_segment,120
severe_00,road_segment,122
severe_00,road_segment,125
severe_00,road_segment,126
severe_00,road_segment,131
severe_00,road_segment,134
severe_00,road_segment,136
severe_00,road_segment,137
severe_00,road_segment,140
severe_00,road_segment,141
severe_00,road_segment,142
severe_00,road_segment,143
severe_00,road_segment,144
severe_00,road_segment,145
severe_00,road_segment,148
severe_00,road_segment,149
severe_00,road_segment,156
severe_00,road_segment,158
severe_00,road_segment,159
severe_00,road_segment,160
severe_00,road_segment,161
severe_00,road_segment,162
severe_00,road_segment,165
severe_00,road_segment,170
severe_00,road_segment,172
severe_00,road_segment,173
severe_00,road_segment,177
severe_00,road_segment,178
severe_00,road_segment,180
severe_00,road_segment,182
severe_00,road_segment,183
severe_00,road_segment,184
severe_00,road_segment,186
severe_00,road_segment,190
severe_00,road_segment,191
severe_00,road_segment,192
severe_00,road_segment,194
severe_00,road_segment,196
severe_00,road_segment,198
severe_00,road_segment,201
severe_00,road_segment,202
severe_00,road_segment,203
severe_00,road_segment,206
severe_00,road_segment,207
severe_00,road_segment,208
severe_00,road_segment,210
severe_00,road_segment,213
severe_00,road_segment,215
severe_00,road_segment,216
severe_00,road_segment,217
severe_00,road_segment,218
severe_00,road_segment,220
severe_00,road_segment,222
severe_00,road_segment,224
severe_00,road_segment,225
severe_00,road_segment,227
severe_00,road_segment,228
severe_00,road_segment,230
severe_00,road_segment,234
severe_00,road_segment,235
severe_00,road_segment,237
severe_00,road_segment,238
severe_00,road_segment,239
severe_00,road_segment,240
severe_00,road_segment,241
severe_00,road_segment,245
severe_00,road_segment,247
severe_00,road_segment,251
severe_00,road_segment,256
severe_00,road_segment,257
severe_00,road_segment,258
severe_00,road_segment,260
severe_00,road_segment,264
severe_00,road_segment,266
severe_00,road_segment,270
severe_00,road_segment,271
severe_00,road_segment,272
severe_00,road_segment,273
severe_00,road_segment,274
severe_00,road_segment,275
severe_00,road_segment,276
severe_00,road_segment,278
severe_00,road_segment,279
severe_00,road_segment,280
severe_00,road_segment,281
severe_00,road_segment,285
severe_00,road_segment,287
severe_00,road_segment,288
severe_00,road_segment,289
severe_00,road_segment,292
severe_00,road_segment,296
severe_00,road_segment,299
severe_00,road_segment,301
severe_00,road_segment,304
severe_00,road_segment,306
severe_00,road_segment,308
severe_00,road_segment,309
severe_00,road_segment,310
severe_00,road_segment,314
severe_00,road_segment,316
severe_00,road_segment,317
severe_00,road_segment,319
severe_00,road_segment,323
severe_00,road_segment,325
severe_00,road_segment,326
severe_00,road_segment,327
severe_00,road_segment,337
severe_00,road_segment,338
severe_00,road_segment,339
severe_00,road_segment,342
severe_00,road_segment,345
severe_00,road_segment,346
severe_00,road_segment,348
severe_00,road_segment,350
severe_00,road_segment,354
severe_00,road_segment,355
severe_00,road_segment,357
severe_00,road_segment,358
severe_00,road_segment,361
severe_00,road_segment,362
severe_00,road_segment,363
severe_00,road_segment,364
severe_00,road_segment,365
severe_00,road_segment,366
severe_00,road_segment,367
severe_00,road_segment,368
severe_00,road_segment,369
severe_00,road_segment,370
severe_00,road_segment,376
severe_00,road_segment,382
severe_00,road_segment,387
severe_00,road_segment,389
severe_00,road_segment,391
severe_00,road_segment,393
severe_00,road_segment,397
severe_00,road_segment,400
severe_00,road_segment,401
severe_00,road_segment,402
severe_00,road_segment,403
severe_00,road_segment,404
severe_00,road_segment,405
severe_00,road_segment,408
severe_00,road_segment,410
severe_00,road_segment,415
severe_00,road_segment,417
severe_00,road_segment,418
severe_00,road_segment,420
severe_00,road_segment,423
severe_00,road_segment,426
severe_00,road_segment,427
severe_00,road_segment,429
severe_00,road_segment,432
severe_00,road_segment,434
severe_00,road_segment,435
severe_00,road_segment,440
severe_00,road_segment,443
severe_00,road_segment,444
severe_00,road_segment,452
severe_00,road_segment,454
severe_00,road_segment,458
severe_00,road_segment,461
severe_00,road_segment,470
severe_00,road_segment,472
severe_00,road_segment,477
severe_00,road_segment,478
severe_00,road_segment,479
severe_00,road_segment,480
severe_00,road_segment,482
severe_00,road_segment,484
severe_00,road_segment,488
severe_00,road_segment,489
severe_00,road_segment,490
severe_00,road_segment,491
severe_00,road_segment,495
severe_00,road_segment,497
severe_00,road_segment,498
severe_00,road_segment,500
severe_00,road_segment,501
severe_00,road_segment,503
severe_00,road_segment,505
severe_00,road_segment,506
severe_00,road_segment,507
severe_00,road_segment,509
severe_00,road_segment,510
severe_00,road_segment,512
severe_00,road_segment,513
severe_00,road_segment,514
severe_00,road_segment,515
severe_00,road_segment,516
severe_00,road_segment,517
severe_00,road_segment,519
severe_00,road_segment,521
severe_00,road_segment,522
severe_00,road_segment,523
severe_00,road_segment,524
severe_00,road_segment,526
severe_00,road_segment,528
severe_00,road_segment,530
severe_00,road_segment,531
severe_00,road_segment,535
severe_00,road_segment,540
severe_00,road_segment,541
severe_00,road_segment,542
severe_00,road_segment,543
severe_00,road_segment,544
severe_00,road_segment,548
severe_00,road_segment,551
severe_00,road_segment,552
severe_00,road_segment,554
severe_00,road_segment,555
severe_00,road_segment,556
severe_00,road_segment,558
severe_00,road_segment,559
severe_00,road_segment,561
severe_00,road_segment,562
severe_00,road_segment,563
severe_00,road_segment,565
severe_00,road_segment,566
severe_00,road_segment,568
severe_00,road_segment,569
severe_00,road_segment,570
severe_00,road_segment,571
severe_00,road_segment,573
severe_00,road_segment,575
severe_00,road_segment,576
severe_00,road_segment,578
severe_00,road_segment,580
severe_00,road_segment,581
severe_00,road_segment,583
severe_00,road_segment,584
severe_00,road_segment,585
severe_00,road_segment,587
severe_00,road_segment,589
severe_00,road_segment,590
severe_00,road_segment,591
severe_00,road_segment,592
severe_00,road_segment,593
severe_00,road_segment,594
severe_00,road_segment,599
severe_00,road_segment,601
severe_00,road_segment,602
severe_00,road_segment,603
severe_00,road_segment,604
severe_00,road_segment,606
severe_00,road_segment,608
severe_00,road_segment,610
severe_00,road_segment,611
severe_00,road_segment,612
severe_00,road_segment,613
severe_00,road_segment,615
severe_00,road_segment,616
severe_00,road_segment,618
severe_00,road_segment,619
severe_00,road_segment,625
severe_00,road_segment,627
severe_00,road_segment,628
severe_00,road_segment,630
severe_00,road_segment,633
severe_00,road_segment,634
severe_00,road_segment,635
severe_00,road_segment,636
severe_00,road_segment,638
severe_00,road_segment,639
severe_00,road_segment,640
severe_00,road_segment,641
severe_00,road_segment,646
severe_00,road_segment,647
severe_00,road_segment,651
severe_00,road_segment,653
severe_00,road_segment,654
severe_00,road_segment,655
severe_00,road_segment,657
severe_00,road_segment,660
severe_00,road_segment,661
severe_00,road_segment,663
severe_00,road_segment,667
severe_00,road_segment,668
severe_00,road_segment,669
severe_00,road_segment,670
severe_00,road_segment,672
severe_00,road_segment,674
severe_00,road_segment,677
severe_00,road_segment,679
severe_00,road_segment,682
severe_00,road_segment,688
severe_00,road_segment,689
severe_00,road_segment,691
severe_00,road_segment,693
severe_00,road_segment,700
severe_00,road_segment,704
severe_00,road_segment,705
severe_00,road_segment,708
severe_00,road_segment,712
severe_00,road_segment,723
severe_00,road_segment,724
severe_00,road_segment,730
severe_00,road_segment,732
severe_00,road_segment,733
severe_00,road_segment,734
severe_00,road_segment,735
severe_00,road_segment,737
severe_00,road_segment,739
severe_00,road_segment,740
severe_00,road_segment,741
severe_00,road_segment,743
severe_00,road_segment,744
severe_00,road_segment,745
severe_00,road_segment,747
severe_00,road_segment,748
severe_00,road_segment,750
severe_00,road_segment,755
severe_00,road_segment,756
severe_00,road_segment,761
severe_00,road_segment,763
severe_00,road_segment,765
severe_00,road_segment,767
severe_00,road_segment,768
severe_00,road_segment,769
severe_00,road_segment,770
severe_00,road_segment,773
severe_00,road_segment,774
severe_00,road_segment,776
severe_00,road_segment,777
severe_00,road_segment,778
severe_00,road_segment,782
severe_00,road_segment,785
severe_00,road_segment,787
severe_00,road_segment,789
severe_00,road_segment,790
severe_00,road_segment,792
severe_00,road_segment,793
severe_00,road_segment,794
severe_00,road_segment,796
severe_00,road_segment,798
severe_00,road_segment,800
severe_00,road_segment,801
severe_00,road_segment,802
severe_00,road_segment,803
severe_00,road_segment,804
severe_00,road_segment,807
severe_00,road_segment,810
severe_00,road_segment,813
severe_00,road_segment,817
severe_00,road_segment,818
severe_00,road_segment,823
severe_00,road_segment,824
severe_00,road_segment,826
severe_00,road_segment,827
severe_00,road_segment,828
severe_00,road_segment,830
severe_00,road_segment,831
severe_00,road_segment,832
severe_00,road_segment,836
severe_00,road_segment,838
severe_00,road_segment,840
severe_00,road_segment,841
severe_00,road_segment,843
severe_00,road_segment,844
severe_00,road_segment,845
severe_00,road_segment,846
severe_00,road_segment,847
severe_00,road_segment,848
severe_00,road_segment,849
severe_00,road_segment,852
severe_00,road_segment,853
severe_00,road_segment,854
severe_00,road_segment,856
severe_00,road_segment,859
severe_00,road_segment,860
severe_00,road_segment,861
severe_00,road_segment,862
severe_00,road_segment,863
severe_00,road_segment,865
severe_00,road_segment,866
severe_00,road_segment,868
severe_00,road_segment,870
severe_00,road_segment,871
severe_00,road_segment,874
severe_00,road_segment,876
severe_00,road_segment,877
severe_00,road_segment,882
severe_00,road_segment,884
severe_00,road_segment,887
severe_00,road_segment,888
severe_00,road_segment,891
severe_00,road_segment,892
severe_00,road_segment,893
severe_00,road_segment,895
severe_00,road_segment,899
severe_00,road_segment,901
severe_00,road_segment,902
severe_00,road_segment,903
severe_00,road_segment,908
severe_00,road_segment,910
severe_00,road_segment,911
severe_00,road_segment,914
severe_00,road_segment,915
severe_00,road_segment,920
severe_00,road_segment,921
severe_00,road_segment,924
severe_00,road_segment,927
severe_00,road_segment,930
severe_00,road_segment,931
severe_00,road_segment,932
severe_00,road_segment,933
severe_00,road_segment,936
severe_00,road_segment,938
severe_00,road_segment,939
severe_00,road_segment,940
severe_00,road_segment,941
severe_00,road_segment,942
severe_00,road_segment,944
severe_00,road_segment,947
severe_00,road_segment,953
severe_00,road_segment,954
severe_00,road_segment,955
severe_00,road_segment,956
severe_00,road_segment,957
severe_00,road_segment,963
severe_00,road_segment,966
severe_00,road_segment,967
severe_00,road_segment,972
severe_00,road_segment,973
severe_00,road_segment,979
severe_00,road_segment,982
severe_00,road_segment,991
severe_00,road_segment,992
severe_00,road_segment,997
severe_00,road_segment,1000
severe_00,road_segment,1001
severe_00,road_segment,1005
severe_00,road_segment,1007
severe_00,road_segment,1010
severe_00,road_segment,1013
severe_00,road_segment,1014
severe_00,road_segment,1016
severe_00,road_segment,1020
severe_00,road_segment,1024
severe_00,road_segment,1026
severe_00,road_segment,1027
severe_00,road_segment,1030
severe_00,road_segment,1031
severe_00,road_segment,1033
severe_00,road_segment,1037
severe_00,road_segment,1041
severe_00,road_segment,1043
severe_00,road_segment,1044
severe_00,road_segment,1047
severe_00,road_segment,1048
severe_00,road_segment,1051
severe_00,road_segment,1056
severe_00,road_segment,1058
severe_00,road_segment,1059
severe_00,road_segment,1063
severe_00,road_segment,1065
severe_00,road_segment,1068
severe_00,road_segment,1069
severe_00,road_segment,1070
severe_00,road_segment,1072
severe_00,road_segment,1073
severe_00,road_segment,1081
severe_00,road_segment,1082
severe_00,road_segment,1084
severe_00,road_segment,1089
severe_00,road_segment,1091
severe_00,road_segment,1092
severe_00,road_segment,1093
severe_00,road_segment,1095
severe_00,road_segment,1096
severe_00,road_segment,1100
severe_00,road_segment,1101
severe_00,road_segment,1105
severe_00,road_segment,1106
severe_00,road_segment,1107
severe_00,road_segment,1108
severe_00,road_segment,1110
severe_00,road_segment,1112
severe_00,road_segment,1115
severe_00,road_segment,1117
severe_00,road_segment,1120
severe_00,road_segment,1122
severe_00,road_segment,1124
severe_00,road_segment,1127
severe_00,road_segment,1129
severe_00,facility,900308
severe_00,facility,876158
severe_00,facility,912333
severe_00,facility,888197
severe_00,facility,966003
severe_00,facility,964438
severe_00,facility,965433
severe_00,facility,907956
severe_00,facility,901325
severe_00,facility,917873
severe_00,facility,900003
severe_00,facility,929411
severe_00,facility,870357
severe_00,facility,900326
severe_00,facility,899998
severe_00,facility,900239
severe_01,road_segment,6
severe_01,road_segment,7
severe_01,road_segment,11
severe_01,road_segment,14
severe_01,road_segment,15
severe_01,road_segment,16
severe_01,road_segment,18
severe_01,road_segment,22
severe_01,road_segment,28
severe_01,road_segment,33
severe_01,road_segment,40
severe_01,road_segment,42
severe_01,road_segment,43
severe_01,road_segment,44
severe_01,road_segment,47
severe_01,road_segment,51
severe_01,road_segment,57
severe_01,road_segment,58
severe_01,road_segment,59
severe_01,road_segment,62
severe_01,road_segment,65
severe_01,road_segment,68
severe_01,road_segment,72
severe_01,road_segment,74
severe_01,road_segment,75
severe_01,road_segment,83
severe_01,road_segment,85
severe_01,road_segment,87
severe_01,road_segment,89
severe_01,road_segment,100
severe_01,road_segment,101
severe_01,road_segment,105
severe_01,road_segment,108
severe_01,road_segment,109
severe_01,road_segment,114
severe_01,road_segment,118
severe_01,road_segment,119
severe_01,road_segment,120
severe_01,road_segment,134
severe_01,road_segment,136
severe_01,road_segment,140
severe_01,road_segment,141
severe_01,road_segment,143
severe_01,road_segment,144
severe_01,road_segment,148
severe_01,road_segment,149
severe_01,road_segment,155
severe_01,road_segment,156
severe_01,road_segment,158
severe_01,road_segment,159
severe_01,road_segment,160
severe_01,road_segment,162
severe_01,road_segment,165
severe_01,road_segment,170
severe_01,road_segment,172
severe_01,road_segment,173
severe_01,road_segment,180
severe_01,road_segment,183
severe_01,road_segment,184
severe_01,road_segment,186
severe_01,road_segment,189
severe_01,road_segment,190
severe_01,road_segment,191
severe_01,road_segment,192
severe_01,road_segment,194
severe_01,road_segment,195
severe_01,road_segment,196
severe_01,road_segment,198
severe_01,road_segment,201
severe_01,road_segment,206
severe_01,road_segment,207
severe_01,road_segment,215
severe_01,road_segment,216
severe_01,road_segment,220
severe_01,road_segment,222
severe_01,road_segment,224
severe_01,road_segment,225
severe_01,road_segment,227
severe_01,road_segment,230
severe_01,road_segment,234
severe_01,road_segment,235
severe_01,road_segment,238
severe_01,road_segment,239
severe_01,road_segment,241
severe_01,road_segment,247
severe_01,road_segment,250
severe_01,road_segment,251
severe_01,road_segment,256
severe_01,road_segment,257
severe_01,road_segment,260
severe_01,road_segment,261
severe_01,road_segment,264
severe_01,road_segment,270
severe_01,road_segment,271
severe_01,road_segment,272
severe_01,road_segment,274
severe_01,road_segment,275
severe_01,road_segment,278
severe_01,road_segment,280
severe_01,road_segment,281
severe_01,road_segment,285
severe_01,road_segment,289
severe_01,road_segment,296
severe_01,road_segment,299
severe_01,road_segment,301
severe_01,road_segment,304
severe_01,road_segment,306
severe_01,road_segment,308
severe_01,road_segment,310
severe_01,road_segment,316
severe_01,road_segment,317
severe_01,road_segment,319
severe_01,road_segment,320
severe_01,road_segment,323
severe_01,road_segment,325
severe_01,road_segment,326
severe_01,road_segment,327
severe_01,road_segment,337
severe_01,road_segment,339
severe_01,road_segment,342
severe_01,road_segment,345
severe_01,road_segment,346
severe_01,road_segment,348
severe_01,road_segment,350
severe_01,road_segment,355
severe_01,road_segment,358
severe_01,road_segment,361
severe_01,road_segment,364
severe_01,road_segment,365
severe_01,road_segment,366
severe_01,road_segment,368
severe_01,road_segment,369
severe_01,road_segment,370
severe_01,road_segment,376
severe_01,road_segment,382
severe_01,road_segment,389
severe_01,road_segment,391
severe_01,road_segment,393
severe_01,road_segment,397
severe_01,road_segment,400
severe_01,road_segment,401
severe_01,road_segment,403
severe_01,road_segment,404
severe_01,road_segment,405
severe_01,road_segment,408
severe_01,road_segment,409
severe_01,road_segment,410
severe_01,road_segment,415
severe_01,road_segment,418
severe_01,road_segment,420
severe_01,road_segment,426
severe_01,road_segment,427
severe_01,road_segment,432
severe_01,road_segment,434
severe_01,road_segment,435
severe_01,road_segment,439
severe_01,road_segment,440
severe_01,road_segment,443
severe_01,road_segment,444
severe_01,road_segment,447
severe_01,road_segment,452
severe_01,road_segment,454
severe_01,road_segment,458
severe_01,road_segment,461
severe_01,road_segment,466
severe_01,road_segment,467
severe_01,road_segment,470
severe_01,road_segment,477
severe_01,road_segment,479
severe_01,road_segment,480
severe_01,road_segment,483
severe_01,road_segment,484
severe_01,road_segment,485
severe_01,road_segment,488
severe_01,road_segment,489
severe_01,road_segment,490
severe_01,road_segment,491
severe_01,road_segment,495
severe_01,road_segment,498
severe_01,road_segment,500
severe_01,road_segment,501
severe_01,road_segment,505
severe_01,road_segment,506
severe_01,road_segment,510
severe_01,road_segment,513
severe_01,road_segment,514
severe_01,road_segment,516
severe_01,road_segment,517
severe_01,road_segment,519
severe_01,road_segment,522
severe_01,road_segment,523
severe_01,road_segment,526
severe_01,road_segment,530
severe_01,road_segment,531
severe_01,road_segment,535
severe_01,road_segment,540
severe_01,road_segment,541
severe_01,road_segment,542
severe_01,road_segment,544
severe_01,road_segment,548
severe_01,road_segment,551
severe_01,road_segment,552
severe_01,road_segment,554
severe_01,road_segment,556
severe_01,road_segment,558
severe_01,road_segment,559
severe_01,road_segment,561
severe_01,road_segment,562
severe_01,road_segment,566
severe_01,road_segment,568
severe_01,road_segment,569
severe_01,road_segment,570
severe_01,road_segment,575
severe_01,road_segment,576
severe_01,road_segment,578
severe_01,road_segment,579
severe_01,road_segment,580
severe_01,road_segment,581
severe_01,road_segment,583
severe_01,road_segment,584
severe_01,road_segment,585
severe_01,road_segment,587
severe_01,road_segment,589
severe_01,road_segment,590
severe_01,road_segment,591
severe_01,road_segment,592
severe_01,road_segment,593
severe_01,road_segment,594
severe_01,road_segment,596
severe_01,road_segment,599
severe_01,road_segment,603
severe_01,road_segment,604
severe_01,road_segment,605
severe_01,road_segment,606
severe_01,road_segment,608
severe_01,road_segment,609
severe_01,road_segment,610
severe_01,road_segment,612
severe_01,road_segment,613
severe_01,road_segment,615
severe_01,road_segment,616
severe_01,road_segment,622
severe_01,road_segment,623
severe_01,road_segment,625
severe_01,road_segment,627
severe_01,road_segment,628
severe_01,road_segment,630
severe_01,road_segment,636
severe_01,road_segment,637
severe_01,road_segment,638
severe_01,road_segment,639
severe_01,road_segment,640
severe_01,road_segment,641
severe_01,road_segment,646
severe_01,road_segment,647
severe_01,road_segment,648
severe_01,road_segment,653
severe_01,road_segment,655
severe_01,road_segment,660
severe_01,road_segment,661
severe_01,road_segment,663
severe_01,road_segment,666
severe_01,road_segment,667
severe_01,road_segment,668
severe_01,road_segment,669
severe_01,road_segment,670
severe_01,road_segment,672
severe_01,road_segment,674
severe_01,road_segment,679
severe_01,road_segment,682
severe_01,road_segment,689
severe_01,road_segment,693
severe_01,road_segment,696
severe_01,road_segment,700
severe_01,road_segment,704
severe_01,road_segment,705
severe_01,road_segment,706
severe_01,road_segment,708
severe_01,road_segment,712
severe_01,road_segment,719
severe_01,road_segment,720
severe_01,road_segment,723
severe_01,road_segment,729
severe_01,road_segment,730
severe_01,road_segment,732
severe_01,road_segment,733
severe_01,road_segment,734
severe_01,road_segment,735
severe_01,road_segment,737
severe_01,road_segment,738
severe_01,road_segment,740
severe_01,road_segment,742
severe_01,road_segment,744
severe_01,road_segment,745
severe_01,road_segment,756
severe_01,road_segment,761
severe_01,road_segment,763
severe_01,road_segment,767
severe_01,road_segment,768
severe_01,road_segment,769
severe_01,road_segment,772
severe_01,road_segment,774
severe_01,road_segment,776
severe_01,road_segment,777
severe_01,road_segment,779
severe_01,road_segment,782
severe_01,road_segment,787
severe_01,road_segment,789
severe_01,road_segment,790
severe_01,road_segment,791
severe_01,road_segment,792
severe_01,road_segment,793
severe_01,road_segment,794
severe_01,road_segment,796
severe_01,road_segment,798
severe_01,road_segment,800
severe_01,road_segment,801
severe_01,road_segment,803
severe_01,road_segment,804
severe_01,road_segment,807
severe_01,road_segment,809
severe_01,road_segment,813
severe_01,road_segment,815
severe_01,road_segment,817
severe_01,road_segment,818
severe_01,road_segment,822
severe_01,road_segment,823
severe_01,road_segment,824
severe_01,road_segment,826
severe_01,road_segment,827
severe_01,road_segment,828
severe_01,road_segment,830
severe_01,road_segment,831
severe_01,road_segment,832
severe_01,road_segment,838
severe_01,road_segment,840
severe_01,road_segment,841
severe_01,road_segment,843
severe_01,road_segment,844
severe_01,road_segment,845
severe_01,road_segment,848
severe_01,road_segment,850
severe_01,road_segment,852
severe_01,road_segment,854
severe_01,road_segment,859
severe_01,road_segment,860
severe_01,road_segment,861
severe_01,road_segment,863
severe_01,road_segment,865
severe_01,road_segment,866
severe_01,road_segment,868
severe_01,road_segment,871
severe_01,road_segment,876
severe_01,road_segment,877
severe_01,road_segment,884
severe_01,road_segment,887
severe_01,road_segment,888
severe_01,road_segment,892
severe_01,road_segment,893
severe_01,road_segment,895
severe_01,road_segment,899
severe_01,road_segment,901
severe_01,road_segment,910
severe_01,road_segment,914
severe_01,road_segment,915
severe_01,road_segment,918
severe_01,road_segment,920
severe_01,road_segment,921
severe_01,road_segment,922
severe_01,road_segment,927
severe_01,road_segment,930
severe_01,road_segment,931
severe_01,road_segment,932
severe_01,road_segment,933
severe_01,road_segment,934
severe_01,road_segment,936
severe_01,road_segment,938
severe_01,road_segment,942
severe_01,road_segment,947
severe_01,road_segment,953
severe_01,road_segment,955
severe_01,road_segment,956
severe_01,road_segment,957
severe_01,road_segment,966
severe_01,road_segment,967
severe_01,road_segment,972
severe_01,road_segment,973
severe_01,road_segment,975
severe_01,road_segment,982
severe_01,road_segment,994
severe_01,road_segment,995
severe_01,road_segment,997
severe_01,road_segment,1000
severe_01,road_segment,1001
severe_01,road_segment,1005
severe_01,road_segment,1006
severe_01,road_segment,1010
severe_01,road_segment,1013
severe_01,road_segment,1015
severe_01,road_segment,1024
severe_01,road_segment,1026
severe_01,road_segment,1027
severe_01,road_segment,1030
severe_01,road_segment,1033
severe_01,road_segment,1037
severe_01,road_segment,1041
severe_01,road_segment,1047
severe_01,road_segment,1048
severe_01,road_segment,1049
severe_01,road_segment,1050
severe_01,road_segment,1051
severe_01,road_segment,1054
severe_01,road_segment,1056
severe_01,road_segment,1057
severe_01,road_segment,1058
severe_01,road_segment,1062
severe_01,road_segment,1063
severe_01,road_segment,1065
severe_01,road_segment,1068
severe_01,road_segment,1069
severe_01,road_segment,1070
severe_01,road_segment,1072
severe_01,road_segment,1073
severe_01,road_segment,1074
severe_01,road_segment,1076
severe_01,road_segment,1081
severe_01,road_segment,1082
severe_01,road_segment,1091
severe_01,road_segment,1092
severe_01,road_segment,1095
severe_01,road_segment,1100
severe_01,road_segment,1105
severe_01,road_segment,1106
severe_01,road_segment,1107
severe_01,road_segment,1108
severe_01,road_segment,1113
severe_01,road_segment,1117
severe_01,road_segment,1118
severe_01,road_segment,1124
severe_01,road_segment,1127
severe_01,road_segment,1129
severe_01,facility,966003
severe_01,facility,885520
severe_01,facility,876161
severe_01,facility,901325
severe_01,facility,929411
severe_01,facility,887699
severe_01,facility,890796
severe_01,facility,870357
severe_01,facility,956263
severe_01,facility,963173
severe_01,facility,876167
severe_02,road_segment,0
severe_02,road_segment,6
severe_02,road_segment,7
severe_02,road_segment,11
severe_02,road_segment,14
severe_02,road_segment,15
severe_02,road_segment,18
severe_02,road_segment,22
severe_02,road_segment,28
severe_02,road_segment,40
severe_02,road_segment,42
severe_02,road_segment,43
severe_02,road_segment,44
severe_02,road_segment,45
severe_02,road_segment,47
severe_02,road_segment,51
severe_02,road_segment,57
severe_02,road_segment,58
severe_02,road_segment,59
severe_02,road_segment,62
severe_02,road_segment,65
severe_02,road_segment,68
severe_02,road_segment,72
severe_02,road_segment,74
severe_02,road_segment,75
severe_02,road_segment,83
severe_02,road_segment,85
severe_02,road_segment,86
severe_02,road_segment,87
severe_02,road_segment,89
severe_02,road_segment,97
severe_02,road_segment,98
severe_02,road_segment,99
severe_02,road_segment,100
severe_02,road_segment,101
severe_02,road_segment,105
severe_02,road_segment,108
severe_02,road_segment,109
severe_02,road_segment,114
severe_02,road_segment,117
severe_02,road_segment,118
severe_02,road_segment,119
severe_02,road_segment,120
severe_02,road_segment,122
severe_02,road_segment,134
severe_02,road_segment,136
severe_02,road_segment,140
severe_02,road_segment,141
severe_02,road_segment,143
severe_02,road_segment,144
severe_02,road_segment,148
severe_02,road_segment,149
severe_02,road_segment,156
severe_02,road_segment,158
severe_02,road_segment,159
severe_02,road_segment,160
severe_02,road_segment,162
severe_02,road_segment,165
severe_02,road_segment,170
severe_02,road_segment,172
severe_02,road_segment,173
severe_02,road_segment,177
severe_02,road_segment,178
severe_02,road_segment,180
severe_02,road_segment,182
severe_02,road_segment,183
severe_02,road_segment,184
severe_02,road_segment,186
severe_02,road_segment,190
severe_02,road_segment,191
severe_02,road_segment,192
severe_02,road_segment,194
severe_02,road_segment,196
severe_02,road_segment,198
severe_02,road_segment,201
severe_02,road_segment,206
severe_02,road_segment,207
severe_02,road_segment,208
severe_02,road_segment,210
severe_02,road_segment,215
severe_02,road_segment,216
severe_02,road_segment,220
severe_02,road_segment,222
severe_02,road_segment,224
severe_02,road_segment,225
severe_02,road_segment,227
severe_02,road_segment,228
severe_02,road_segment,230
severe_02,road_segment,234
severe_02,road_segment,235
severe_02,road_segment,238
severe_02,road_segment,239
severe_02,road_segment,241
severe_02,road_segment,245
severe_02,road_segment,247
severe_02,road_segment,251
severe_02,road_segment,256
severe_02,road_segment,257
severe_02,road_segment,258
severe_02,road_segment,260
severe_02,road_segment,264
severe_02,road_segment,266
severe_02,road_segment,270
severe_02,road_segment,271
severe_02,road_segment,272
severe_02,road_segment,273
severe_02,road_segment,274
severe_02,road_segment,275
severe_02,road_segment,278
severe_02,road_segment,279
severe_02,road_segment,280
severe_02,road_segment,281
severe_02,road_segment,285
severe_02,road_segment,289
severe_02,road_segment,292
severe_02,road_segment,296
severe_02,road_segment,299
severe_02,road_segment,301
severe_02,road_segment,304
severe_02,road_segment,306
severe_02,road_segment,308
severe_02,road_segment,310
severe_02,road_segment,316
severe_02,road_segment,317
severe_02,road_segment,319
severe_02,road_segment,323
severe_02,road_segment,325
severe_02,road_segment,326
severe_02,road_segment,327
severe_02,road_segment,337
severe_02,road_segment,338
severe_02,road_segment,339
severe_02,road_segment,342
severe_02,road_segment,345
severe_02,road_segment,346
severe_02,road_segment,348
severe_02,road_segment,350
severe_02,road_segment,354
severe_02,road_segment,355
severe_02,road_segment,358
severe_02,road_segment,361
severe_02,road_segment,362
severe_02,road_segment,364
severe_02,road_segment,365
severe_02,road_segment,366
severe_02,road_segment,367
severe_02,road_segment,368
severe_02,road_segment,369
severe_02,road_segment,370
severe_02,road_segment,376
severe_02,road_segment,382
severe_02,road_segment,387
severe_02,road_segment,389
severe_02,road_segment,391
severe_02,road_segment,393
severe_02,road_segment,397
severe_02,road_segment,400
severe_02,road_segment,401
severe_02,road_segment,402
severe_02,road_segment,403
severe_02,road_segment,404
severe_02,road_segment,405
severe_02,road_segment,408
severe_02,road_segment,410
severe_02,road_segment,415
severe_02,road_segment,417
severe_02,road_segment,418
severe_02,road_segment,420
severe_02,road_segment,423
severe_02,road_segment,426
severe_02,road_segment,427
severe_02,road_segment,432
severe_02,road_segment,434
severe_02,road_segment,435
severe_02,road_segment,440
severe_02,road_segment,443
severe_02,road_segment,444
severe_02,road_segment,452
severe_02,road_segment,454
severe_02,road_segment,458
severe_02,road_segment,461
severe_02,road_segment,470
severe_02,road_segment,477
severe_02,road_segment,478
severe_02,road_segment,479
severe_02,road_segment,480
severe_02,road_segment,482
severe_02,road_segment,484
severe_02,road_segment,488
severe_02,road_segment,489
severe_02,road_segment,490
severe_02,road_segment,491
severe_02,road_segment,495
severe_02,road_segment,498
severe_02,road_segment,500
severe_02,road_segment,501
severe_02,road_segment,505
severe_02,road_segment,506
severe_02,road_segment,507
severe_02,road_segment,510
severe_02,road_segment,513
severe_02,road_segment,514
severe_02,road_segment,515
severe_02,road_segment,516
severe_02,road_segment,517
severe_02,road_segment,519
severe_02,road_segment,521
severe_02,road_segment,522
severe_02,road_segment,523
severe_02,road_segment,524
severe_02,road_segment,526
severe_02,road_segment,530
severe_02,road_segment,531
severe_02,road_segment,535
severe_02,road_segment,540
severe_02,road_segment,541
severe_02,road_segment,542
severe_02,road_segment,543
severe_02,road_segment,544
severe_02,road_segment,548
severe_02,road_segment,551
severe_02,road_segment,552
severe_02,road_segment,554
severe_02,road_segment,555
severe_02,road_segment,556
severe_02,road_segment,558
severe_02,road_segment,559
severe_02,road_segment,561
severe_02,road_segment,562
severe_02,road_segment,563
severe_02,road_segment,566
severe_02,road_segment,568
severe_02,road_segment,569
severe_02,road_segment,570
severe_02,road_segment,573
severe_02,road_segment,575
severe_02,road_segment,576
severe_02,road_segment,578
severe_02,road_segment,580
severe_02,road_segment,581
severe_02,road_segment,583
severe_02,road_segment,584
severe_02,road_segment,585
severe_02,road_segment,587
severe_02,road_segment,589
severe_02,road_segment,590
severe_02,road_segment,591
severe_02,road_segment,592
severe_02,road_segment,593
severe_02,road_segment,594
severe_02,road_segment,599
severe_02,road_segment,601
severe_02,road_segment,603
severe_02,road_segment,604
severe_02,road_segment,606
severe_02,road_segment,608
severe_02,road_segment,610
severe_02,road_segment,612
severe_02,road_segment,613
severe_02,road_segment,615
severe_02,road_segment,616
severe_02,road_segment,625
severe_02,road_segment,627
severe_02,road_segment,628
severe_02,road_segment,630
severe_02,road_segment,634
severe_02,road_segment,636
severe_02,road_segment,638
severe_02,road_segment,639
severe_02,road_segment,640
severe_02,road_segment,641
severe_02,road_segment,646
severe_02,road_segment,647
severe_02,road_segment,653
severe_02,road_segment,654
severe_02,road_segment,655
severe_02,road_segment,660
severe_02,road_segment,661
severe_02,road_segment,663
severe_02,road_segment,667
severe_02,road_segment,668
severe_02,road_segment,669
severe_02,road_segment,670
severe_02,road_segment,672
severe_02,road_segment,674
severe_02,road_segment,677
severe_02,road_segment,679
severe_02,road_segment,682
severe_02,road_segment,688
severe_02,road_segment,689
severe_02,road_segment,691
severe_02,road_segment,693
severe_02,road_segment,700
severe_02,road_segment,704
severe_02,road_segment,705
severe_02,road_segment,708
severe_02,road_segment,712
severe_02,road_segment,723
severe_02,road_segment,730
severe_02,road_segment,732
severe_02,road_segment,733
severe_02,road_segment,734
severe_02,road_segment,735
severe_02,road_segment,737
severe_02,road_segment,739
severe_02,road_segment,740
severe_02,road_segment,741
severe_02,road_segment,744
severe_02,road_segment,745
severe_02,road_segment,750
severe_02,road_segment,756
severe_02,road_segment,761
severe_02,road_segment,763
severe_02,road_segment,767
severe_02,road_segment,768
severe_02,road_segment,769
severe_02,road_segment,773
severe_02,road_segment,774
severe_02,road_segment,776
severe_02,road_segment,777
severe_02,road_segment,782
severe_02,road_segment,785
severe_02,road_segment,787
severe_02,road_segment,789
severe_02,road_segment,790
severe_02,road_segment,792
severe_02,road_segment,793
severe_02,road_segment,794
severe_02,road_segment,796
severe_02,road_segment,798
severe_02,road_segment,800
severe_02,road_segment,801
severe_02,road_segment,803
severe_02,road_segment,804
severe_02,road_segment,807
severe_02,road_segment,810
severe_02,road_segment,813
severe_02,road_segment,817
severe_02,road_segment,818
severe_02,road_segment,823
severe_02,road_segment,824
severe_02,road_segment,826
severe_02,road_segment,827
severe_02,road_segment,828
severe_02,road_segment,830
severe_02,road_segment,831
severe_02,road_segment,832
severe_02,road_segment,838
severe_02,road_segment,840
severe_02,road_segment,841
severe_02,road_segment,843
severe_02,road_segment,844
severe_02,road_segment,845
severe_02,road_segment,847
severe_02,road_segment,848
severe_02,road_segment,852
severe_02,road_segment,854
severe_02,road_segment,856
severe_02,road_segment,859
severe_02,road_segment,860
severe_02,road_segment,861
severe_02,road_segment,863
severe_02,road_segment,865
severe_02,road_segment,866
severe_02,road_segment,868
severe_02,road_segment,871
severe_02,road_segment,876
severe_02,road_segment,877
severe_02,road_segment,882
severe_02,road_segment,884
severe_02,road_segment,887
severe_02,road_segment,888
severe_02,road_segment,892
severe_02,road_segment,893
severe_02,road_segment,895
severe_02,road_segment,899
severe_02,road_segment,901
severe_02,road_segment,902
severe_02,road_segment,908
severe_02,road_segment,910
severe_02,road_segment,911
severe_02,road_segment,914
severe_02,road_segment,915
severe_02,road_segment,920
severe_02,road_segment,921
severe_02,road_segment,924
severe_02,road_segment,927
severe_02,road_segment,930
severe_02,road_segment,931
severe_02,road_segment,932
severe_02,road_segment,933
severe_02,road_segment,936
severe_02,road_segment,938
severe_02,road_segment,942
severe_02,road_segment,944
severe_02,road_segment,947
severe_02,road_segment,953
severe_02,road_segment,954
severe_02,road_segment,955
severe_02,road_segment,956
severe_02,road_segment,957
severe_02,road_segment,963
severe_02,road_segment,966
severe_02,road_segment,967
severe_02,road_segment,972
severe_02,road_segment,973
severe_02,road_segment,982
severe_02,road_segment,992
severe_02,road_segment,997
severe_02,road_segment,1000
severe_02,road_segment,1001
severe_02,road_segment,1005
severe_02,road_segment,1010
severe_02,road_segment,1013
severe_02,road_segment,1014
severe_02,road_segment,1024
severe_02,road_segment,1026
severe_02,road_segment,1027
severe_02,road_segment,1030
severe_02,road_segment,1033
severe_02,road_segment,1037
severe_02,road_segment,1041
severe_02,road_segment,1043
severe_02,road_segment,1047
severe_02,road_segment,1048
severe_02,road_segment,1051
severe_02,road_segment,1056
severe_02,road_segment,1058
severe_02,road_segment,1063
severe_02,road_segment,1065
severe_02,road_segment,1068
severe_02,road_segment,1069
severe_02,road_segment,1070
severe_02,road_segment,1072
severe_02,road_segment,1073
severe_02,road_segment,1081
severe_02,road_segment,1082
severe_02,road_segment,1089
severe_02,road_segment,1091
severe_02,road_segment,1092
severe_02,road_segment,1093
severe_02,road_segment,1095
severe_02,road_segment,1096
severe_02,road_segment,1100
severe_02,road_segment,1105
severe_02,road_segment,1106
severe_02,road_segment,1107
severe_02,road_segment,1108
severe_02,road_segment,1117
severe_02,road_segment,1124
severe_02,road_segment,1127
severe_02,road_segment,1129
severe_02,facility,876158
severe_02,facility,912333
severe_02,facility,966003
severe_02,facility,964438
severe_02,facility,907956
severe_02,facility,876161
severe_02,facility,900003
severe_02,facility,929411
severe_02,facility,900084
severe_02,facility,899998
severe_02,facility,956263
severe_02,facility,900239
severe_02,facility,963173
severe_02,facility,900323
severe_03,road_segment,0
severe_03,road_segment,6
severe_03,road_segment,7
severe_03,road_segment,11
severe_03,road_segment,14
severe_03,road_segment,15
severe_03,road_segment,18
severe_03,road_segment,21
severe_03,road_segment,22
severe_03,road_segment,28
severe_03,road_segment,40
severe_03,road_segment,42
severe_03,road_segment,43
severe_03,road_segment,44
severe_03,road_segment,45
severe_03,road_segment,47
severe_03,road_segment,49
severe_03,road_segment,51
severe_03,road_segment,53
severe_03,road_segment,57
severe_03,road_segment,58
severe_03,road_segment,59
severe_03,road_segment,62
severe_03,road_segment,65
severe_03,road_segment,68
severe_03,road_segment,70
severe_03,road_segment,72
severe_03,road_segment,74
severe_03,road_segment,75
severe_03,road_segment,83
severe_03,road_segment,85
severe_03,road_segment,86
severe_03,road_segment,87
severe_03,road_segment,89
severe_03,road_segment,90
severe_03,road_segment,97
severe_03,road_segment,98
severe_03,road_segment,99
severe_03,road_segment,100
severe_03,road_segment,101
severe_03,road_segment,105
severe_03,road_segment,108
severe_03,road_segment,109
severe_03,road_segment,110
severe_03,road_segment,114
severe_03,road_segment,115
severe_03,road_segment,117
severe_03,road_segment,118
severe_03,road_segment,119
severe_03,road_segment,120
severe_03,road_segment,122
severe_03,road_segment,125
severe_03,road_segment,126
severe_03,road_segment,129
severe_03,road_segment,131
severe_03,road_segment,134
severe_03,road_segment,136
severe_03,road_segment,137
severe_03,road_segment,140
severe_03,road_segment,141
severe_03,road_segment,142
severe_03,road_segment,143
severe_03,road_segment,144
severe_03,road_segment,145
severe_03,road_segment,148
severe_03,road_segment,149
severe_03,road_segment,156
severe_03,road_segment,158
severe_03,road_segment,159
severe_03,road_segment,160
severe_03,road_segment,161
severe_03,road_segment,162
severe_03,road_segment,165
severe_03,road_segment,170
severe_03,road_segment,172
severe_03,road_segment,173
severe_03,road_segment,177
severe_03,road_segment,178
severe_03,road_segment,180
severe_03,road_segment,182
severe_03,road_segment,183
severe_03,road_segment,184
severe_03,road_segment,186
severe_03,road_segment,190
severe_03,road_segment,191
severe_03,road_segment,192
severe_03,road_segment,194
severe_03,road_segment,196
severe_03,road_segment,198
severe_03,road_segment,201
severe_03,road_segment,202
severe_03,road_segment,203
severe_03,road_segment,206
severe_03,road_segment,207
severe_03,road_segment,208
severe_03,road_segment,210
severe_03,road_segment,213
severe_03,road_segment,215
severe_03,road_segment,216
severe_03,road_segment,217
severe_03,road_segment,218
severe_03,road_segment,220
severe_03,road_segment,222
severe_03,road_segment,224
severe_03,road_segment,225
severe_03,road_segment,227
severe_03,road_segment,228
severe_03,road_segment,230
severe_03,road_segment,234
severe_03,road_segment,235
severe_03,road_segment,237
severe_03,road_segment,238
severe_03,road_segment,239
severe_03,road_segment,240
severe_03,road_segment,241
severe_03,road_segment,244
severe_03,road_segment,245
severe_03,road_segment,247
severe_03,road_segment,251
severe_03,road_segment,256
severe_03,road_segment,257
severe_03,road_segment,258
severe_03,road_segment,260
severe_03,road_segment,263
severe_03,road_segment,264
severe_03,road_segment,266
severe_03,road_segment,270
severe_03,road_segment,271
severe_03,road_segment,272
severe_03,road_segment,273
severe_03,road_segment,274
severe_03,road_segment,275
severe_03,road_segment,276
severe_03,road_segment,278
severe_03,road_segment,279
severe_03,road_segment,280
severe_03,road_segment,281
severe_03,road_segment,285
severe_03,road_segment,287
severe_03,road_segment,288
severe_03,road_segment,289
severe_03,road_segment,292
severe_03,road_segment,296
severe_03,road_segment,299
severe_03,road_segment,301
severe_03,road_segment,304
severe_03,road_segment,306
severe_03,road_segment,308
severe_03,road_segment,309
severe_03,road_segment,310
severe_03,road_segment,314
severe_03,road_segment,316
severe_03,road_segment,317
severe_03,road_segment,319
severe_03,road_segment,323
severe_03,road_segment,325
severe_03,road_segment,326
severe_03,road_segment,327
severe_03,road_segment,337
severe_03,road_segment,338
severe_03,road_segment,339
severe_03,road_segment,342
severe_03,road_segment,345
severe_03,road_segment,346
severe_03,road_segment,348
severe_03,road_segment,350
severe_03,road_segment,354
severe_03,road_segment,355
severe_03,road_segment,357
severe_03,road_segment,358
severe_03,road_segment,361
severe_03,road_segment,362
severe_03,road_segment,363
severe_03,road_segment,364
severe_03,road_segment,365
severe_03,road_segment,366
severe_03,road_segment,367
severe_03,road_segment,368
severe_03,road_segment,369
severe_03,road_segment,370
severe_03,road_segment,376
severe_03,road_segment,382
severe_03,road_segment,387
severe_03,road_segment,389
severe_03,road_segment,391
severe_03,road_segment,393
severe_03,road_segment,397
severe_03,road_segment,400
severe_03,road_segment,401
severe_03,road_segment,402
severe_03,road_segment,403
severe_03,road_segment,404
severe_03,road_segment,405
severe_03,road_segment,408
severe_03,road_segment,410
severe_03,road_segment,413
severe_03,road_segment,415
severe_03,road_segment,417
severe_03,road_segment,418
severe_03,road_segment,420
severe_03,road_segment,423
severe_03,road_segment,426
severe_03,road_segment,427
severe_03,road_segment,429
severe_03,road_segment,432
severe_03,road_segment,434
severe_03,road_segment,435
severe_03,road_segment,440
severe_03,road_segment,443
severe_03,road_segment,444
severe_03,road_segment,452
severe_03,road_segment,454
severe_03,road_segment,458
severe_03,road_segment,461
severe_03,road_segment,470
severe_03,road_segment,472
severe_03,road_segment,477
severe_03,road_segment,478
severe_03,road_segment,479
severe_03,road_segment,480
severe_03,road_segment,482
severe_03,road_segment,484
severe_03,road_segment,488
severe_03,road_segment,489
severe_03,road_segment,490
severe_03,road_segment,491
severe_03,road_segment,493
severe_03,road_segment,495
severe_03,road_segment,497
severe_03,road_segment,498
severe_03,road_segment,500
severe_03,road_segment,501
severe_03,road_segment,503
severe_03,road_segment,505
severe_03,road_segment,506
severe_03,road_segment,507
severe_03,road_segment,509
severe_03,road_segment,510
severe_03,road_segment,512
severe_03,road_segment,513
severe_03,road_segment,514
severe_03,road_segment,515
severe_03,road_segment,516
severe_03,road_segment,517
severe_03,road_segment,519
severe_03,road_segment,521
severe_03,road_segment,522
severe_03,road_segment,523
severe_03,road_segment,524
severe_03,road_segment,526
severe_03,road_segment,528
severe_03,road_segment,530
severe_03,road_segment,531
severe_03,road_segment,535
severe_03,road_segment,540
severe_03,road_segment,541
severe_03,road_segment,542
severe_03,road_segment,543
severe_03,road_segment,544
severe_03,road_segment,545
severe_03,road_segment,548
severe_03,road_segment,551
severe_03,road_segment,552
severe_03,road_segment,554
severe_03,road_segment,555
severe_03,road_segment,556
severe_03,road_segment,558
severe_03,road_segment,559
severe_03,road_segment,561
severe_03,road_segment,562
severe_03,road_segment,563
severe_03,road_segment,565
severe_03,road_segment,566
severe_03,road_segment,568
severe_03,road_segment,569
severe_03,road_segment,570
severe_03,road_segment,571
severe_03,road_segment,572
severe_03,road_segment,573
severe_03,road_segment,575
severe_03,road_segment,576
severe_03,road_segment,578
severe_03,road_segment,580
severe_03,road_segment,581
severe_03,road_segment,583
severe_03,road_segment,584
severe_03,road_segment,585
severe_03,road_segment,587
severe_03,road_segment,588
severe_03,road_segment,589
severe_03,road_segment,590
severe_03,road_segment,591
severe_03,road_segment,592
severe_03,road_segment,593
severe_03,road_segment,594
severe_03,road_segment,599
severe_03,road_segment,601
severe_03,road_segment,602
severe_03,road_segment,603
severe_03,road_segment,604
severe_03,road_segment,606
severe_03,road_segment,608
severe_03,road_segment,610
severe_03,road_segment,611
severe_03,road_segment,612
severe_03,road_segment,613
severe_03,road_segment,615
severe_03,road_segment,616
severe_03,road_segment,618
severe_03,road_segment,619
severe_03,road_segment,625
severe_03,road_segment,627
severe_03,road_segment,628
severe_03,road_segment,630
severe_03,road_segment,633
severe_03,road_segment,634
severe_03,road_segment,635
severe_03,road_segment,636
severe_03,road_segment,638
severe_03,road_segment,639
severe_03,road_segment,640
severe_03,road_segment,641
severe_03,road_segment,646
severe_03,road_segment,647
severe_03,road_segment,651
severe_03,road_segment,653
severe_03,road_segment,654
severe_03,road_segment,655
severe_03,road_segment,657
severe_03,road_segment,660
severe_03,road_segment,661
severe_03,road_segment,663
severe_03,road_segment,667
severe_03,road_segment,668
severe_03,road_segment,669
severe_03,road_segment,670
severe_03,road_segment,672
severe_03,road_segment,674
severe_03,road_segment,677
severe_03,road_segment,679
severe_03,road_segment,682
severe_03,road_segment,688
severe_03,road_segment,689
severe_03,road_segment,691
severe_03,road_segment,693
severe_03,road_segment,700
severe_03,road_segment,704
severe_03,road_segment,705
severe_03,road_segment,708
severe_03,road_segment,712
severe_03,road_segment,723
severe_03,road_segment,724
severe_03,road_segment,730
severe_03,road_segment,732
severe_03,road_segment,733
severe_03,road_segment,734
severe_03,road_segment,735
severe_03,road_segment,737
severe_03,road_segment,739
severe_03,road_segment,740
severe_03,road_segment,741
severe_03,road_segment,743
severe_03,road_segment,744
severe_03,road_segment,745
severe_03,road_segment,747
severe_03,road_segment,748
severe_03,road_segment,750
severe_03,road_segment,754
severe_03,road_segment,755
severe_03,road_segment,756
severe_03,road_segment,761
severe_03,road_segment,763
severe_03,road_segment,765
severe_03,road_segment,767
severe_03,road_segment,768
severe_03,road_segment,769
severe_03,road_segment,770
severe_03,road_segment,773
severe_03,road_segment,774
severe_03,road_segment,776
severe_03,road_segment,777
severe_03,road_segment,778
severe_03,road_segment,782
severe_03,road_segment,785
severe_03,road_segment,787
severe_03,road_segment,789
severe_03,road_segment,790
severe_03,road_segment,792
severe_03,road_segment,793
severe_03,road_segment,794
severe_03,road_segment,796
severe_03,road_segment,798
severe_03,road_segment,800
severe_03,road_segment,801
severe_03,road_segment,802
severe_03,road_segment,803
severe_03,road_segment,804
severe_03,road_segment,805
severe_03,road_segment,807
severe_03,road_segment,810
severe_03,road_segment,813
severe_03,road_segment,817
severe_03,road_segment,818
severe_03,road_segment,823
severe_03,road_segment,824
severe_03,road_segment,826
severe_03,road_segment,827
severe_03,road_segment,828
severe_03,road_segment,830
severe_03,road_segment,831
severe_03,road_segment,832
severe_03,road_segment,836
severe_03,road_segment,838
severe_03,road_segment,840
severe_03,road_segment,841
severe_03,road_segment,843
severe_03,road_segment,844
severe_03,road_segment,845
severe_03,road_segment,846
severe_03,road_segment,847
severe_03,road_segment,848
severe_03,road_segment,849
severe_03,road_segment,852
severe_03,road_segment,853
severe_03,road_segment,854
severe_03,road_segment,856
severe_03,road_segment,859
severe_03,road_segment,860
severe_03,road_segment,861
severe_03,road_segment,862
severe_03,road_segment,863
severe_03,road_segment,865
severe_03,road_segment,866
severe_03,road_segment,868
severe_03,road_segment,870
severe_03,road_segment,871
severe_03,road_segment,874
severe_03,road_segment,876
severe_03,road_segment,877
severe_03,road_segment,882
severe_03,road_segment,884
severe_03,road_segment,887
severe_03,road_segment,888
severe_03,road_segment,891
severe_03,road_segment,892
severe_03,road_segment,893
severe_03,road_segment,894
severe_03,road_segment,895
severe_03,road_segment,899
severe_03,road_segment,901
severe_03,road_segment,902
severe_03,road_segment,903
severe_03,road_segment,908
severe_03,road_segment,910
severe_03,road_segment,911
severe_03,road_segment,914
severe_03,road_segment,915
severe_03,road_segment,919
severe_03,road_segment,920
severe_03,road_segment,921
severe_03,road_segment,924
severe_03,road_segment,927
severe_03,road_segment,930
severe_03,road_segment,931
severe_03,road_segment,932
severe_03,road_segment,933
severe_03,road_segment,936
severe_03,road_segment,938
severe_03,road_segment,939
severe_03,road_segment,940
severe_03,road_segment,941
severe_03,road_segment,942
severe_03,road_segment,944
severe_03,road_segment,947
severe_03,road_segment,951
severe_03,road_segment,953
severe_03,road_segment,954
severe_03,road_segment,955
severe_03,road_segment,956
severe_03,road_segment,957
severe_03,road_segment,958
severe_03,road_segment,963
severe_03,road_segment,966
severe_03,road_segment,967
severe_03,road_segment,972
severe_03,road_segment,973
severe_03,road_segment,979
severe_03,road_segment,982
severe_03,road_segment,991
severe_03,road_segment,992
severe_03,road_segment,997
severe_03,road_segment,1000
severe_03,road_segment,1001
severe_03,road_segment,1005
severe_03,road_segment,1007
severe_03,road_segment,1010
severe_03,road_segment,1013
severe_03,road_segment,1014
severe_03,road_segment,1016
severe_03,road_segment,1020
severe_03,road_segment,1024
severe_03,road_segment,1026
severe_03,road_segment,1027
severe_03,road_segment,1030
severe_03,road_segment,1031
severe_03,road_segment,1033
severe_03,road_segment,1037
severe_03,road_segment,1041
severe_03,road_segment,1043
severe_03,road_segment,1044
severe_03,road_segment,1047
severe_03,road_segment,1048
severe_03,road_segment,1051
severe_03,road_segment,1056
severe_03,road_segment,1058
severe_03,road_segment,1059
severe_03,road_segment,1063
severe_03,road_segment,1065
severe_03,road_segment,1068
severe_03,road_segment,1069
severe_03,road_segment,1070
severe_03,road_segment,1072
severe_03,road_segment,1073
severe_03,road_segment,1081
severe_03,road_segment,1082
severe_03,road_segment,1084
severe_03,road_segment,1089
severe_03,road_segment,1091
severe_03,road_segment,1092
severe_03,road_segment,1093
severe_03,road_segment,1095
severe_03,road_segment,1096
severe_03,road_segment,1100
severe_03,road_segment,1101
severe_03,road_segment,1105
severe_03,road_segment,1106
severe_03,road_segment,1107
severe_03,road_segment,1108
severe_03,road_segment,1110
severe_03,road_segment,1112
severe_03,road_segment,1115
severe_03,road_segment,1117
severe_03,road_segment,1120
severe_03,road_segment,1122
severe_03,road_segment,1124
severe_03,road_segment,1127
severe_03,road_segment,1129
severe_03,road_segment,1130
severe_03,facility,876158
severe_03,facility,964438
severe_03,facility,965433
severe_03,facility,885520
severe_03,facility,888162
severe_03,facility,900003
severe_03,facility,877557
severe_03,facility,879303
severe_03,facility,890796
severe_03,facility,900239
severe_03,facility,870360
severe_04,road_segment,0
severe_04,road_segment,6
severe_04,road_segment,7
severe_04,road_segment,11
severe_04,road_segment,14
severe_04,road_segment,15
severe_04,road_segment,18
severe_04,road_segment,21
severe_04,road_segment,22
severe_04,road_segment,28
severe_04,road_segment,40
severe_04,road_segment,42
severe_04,road_segment,43
severe_04,road_segment,44
severe_04,road_segment,45
severe_04,road_segment,47
severe_04,road_segment,51
severe_04,road_segment,57
severe_04,road_segment,58
severe_04,road_segment,59
severe_04,road_segment,62
severe_04,road_segment,65
severe_04,road_segment,68
severe_04,road_segment,70
severe_04,road_segment,72
severe_04,road_segment,74
severe_04,road_segment,75
severe_04,road_segment,83
severe_04,road_segment,85
severe_04,road_segment,86
severe_04,road_segment,87
severe_04,road_segment,89
severe_04,road_segment,97
severe_04,road_segment,98
severe_04,road_segment,99
severe_04,road_segment,100
severe_04,road_segment,101
severe_04,road_segment,105
severe_04,road_segment,108
severe_04,road_segment,109
severe_04,road_segment,110
severe_04,road_segment,114
severe_04,road_segment,115
severe_04,road_segment,117
severe_04,road_segment,118
severe_04,road_segment,119
severe_04,road_segment,120
severe_04,road_segment,122
severe_04,road_segment,131
severe_04,road_segment,134
severe_04,road_segment,136
severe_04,road_segment,137
severe_04,road_segment,140
severe_04,road_segment,141
severe_04,road_segment,142
severe_04,road_segment,143
severe_04,road_segment,144
severe_04,road_segment,145
severe_04,road_segment,148
severe_04,road_segment,149
severe_04,road_segment,156
severe_04,road_segment,158
severe_04,road_segment,159
severe_04,road_segment,160
severe_04,road_segment,161
severe_04,road_segment,162
severe_04,road_segment,165
severe_04,road_segment,170
severe_04,road_segment,172
severe_04,road_segment,173
severe_04,road_segment,177
severe_04,road_segment,178
severe_04,road_segment,180
severe_04,road_segment,182
severe_04,road_segment,183
severe_04,road_segment,184
severe_04,road_segment,186
severe_04,road_segment,190
severe_04,road_segment,191
severe_04,road_segment,192
severe_04,road_segment,194
severe_04,road_segment,196
severe_04,road_segment,198
severe_04,road_segment,201
severe_04,road_segment,202
severe_04,road_segment,203
severe_04,road_segment,206
severe_04,road_segment,207
severe_04,road_segment,208
severe_04,road_segment,210
severe_04,road_segment,215
severe_04,road_segment,216
severe_04,road_segment,220
severe_04,road_segment,222
severe_04,road_segment,224
severe_04,road_segment,225
severe_04,road_segment,227
severe_04,road_segment,228
severe_04,road_segment,230
severe_04,road_segment,234
severe_04,road_segment,235
severe_04,road_segment,238
severe_04,road_segment,239
severe_04,road_segment,240
severe_04,road_segment,241
severe_04,road_segment,245
severe_04,road_segment,247
severe_04,road_segment,251
severe_04,road_segment,256
severe_04,road_segment,257
severe_04,road_segment,258
severe_04,road_segment,260
severe_04,road_segment,264
severe_04,road_segment,266
severe_04,road_segment,270
severe_04,road_segment,271
severe_04,road_segment,272
severe_04,road_segment,273
severe_04,road_segment,274
severe_04,road_segment,275
severe_04,road_segment,278
severe_04,road_segment,279
severe_04,road_segment,280
severe_04,road_segment,281
severe_04,road_segment,285
severe_04,road_segment,287
severe_04,road_segment,288
severe_04,road_segment,289
severe_04,road_segment,292
severe_04,road_segment,296
severe_04,road_segment,299
severe_04,road_segment,301
severe_04,road_segment,304
severe_04,road_segment,306
severe_04,road_segment,308
severe_04,road_segment,310
severe_04,road_segment,316
severe_04,road_segment,317
severe_04,road_segment,319
severe_04,road_segment,323
severe_04,road_segment,325
severe_04,road_segment,326
severe_04,road_segment,327
severe_04,road_segment,337
severe_04,road_segment,338
severe_04,road_segment,339
severe_04,road_segment,342
severe_04,road_segment,345
severe_04,road_segment,346
severe_04,road_segment,348
severe_04,road_segment,350
severe_04,road_segment,354
severe_04,road_segment,355
severe_04,road_segment,357
severe_04,road_segment,358
severe_04,road_segment,361
severe_04,road_segment,362
severe_04,road_segment,364
severe_04,road_segment,365
severe_04,road_segment,366
severe_04,road_segment,367
severe_04,road_segment,368
severe_04,road_segment,369
severe_04,road_segment,370
severe_04,road_segment,376
severe_04,road_segment,382
severe_04,road_segment,387
severe_04,road_segment,389
severe_04,road_segment,391
severe_04,road_segment,393
severe_04,road_segment,397
severe_04,road_segment,400
severe_04,road_segment,401
severe_04,road_segment,402
severe_04,road_segment,403
severe_04,road_segment,404
severe_04,road_segment,405
severe_04,road_segment,408
severe_04,road_segment,410
severe_04,road_segment,415
severe_04,road_segment,417
severe_04,road_segment,418
severe_04,road_segment,420
severe_04,road_segment,423
severe_04,road_segment,426
severe_04,road_segment,427
severe_04,road_segment,432
severe_04,road_segment,434
severe_04,road_segment,435
severe_04,road_segment,440
severe_04,road_segment,443
severe_04,road_segment,444
severe_04,road_segment,452
severe_04,road_segment,454
severe_04,road_segment,458
severe_04,road_segment,461
severe_04,road_segment,470
severe_04,road_segment,477
severe_04,road_segment,478
severe_04,road_segment,479
severe_04,road_segment,480
severe_04,road_segment,482
severe_04,road_segment,484
severe_04,road_segment,488
severe_04,road_segment,489
severe_04,road_segment,490
severe_04,road_segment,491
severe_04,road_segment,495
severe_04,road_segment,498
severe_04,road_segment,500
severe_04,road_segment,501
severe_04,road_segment,505
severe_04,road_segment,506
severe_04,road_segment,507
severe_04,road_segment,510
severe_04,road_segment,513
severe_04,road_segment,514
severe_04,road_segment,515
severe_04,road_segment,516
severe_04,road_segment,517
severe_04,road_segment,519
severe_04,road_segment,521
severe_04,road_segment,522
severe_04,road_segment,523
severe_04,road_segment,524
severe_04,road_segment,526
severe_04,road_segment,530
severe_04,road_segment,531
severe_04,road_segment,535
severe_04,road_segment,540
severe_04,road_segment,541
severe_04,road_segment,542
severe_04,road_segment,543
severe_04,road_segment,544
severe_04,road_segment,548
severe_04,road_segment,551
severe_04,road_segment,552
severe_04,road_segment,554
severe_04,road_segment,555
severe_04,road_segment,556
severe_04,road_segment,558
severe_04,road_segment,559
severe_04,road_segment,561
severe_04,road_segment,562
severe_04,road_segment,563
severe_04,road_segment,566
severe_04,road_segment,568
severe_04,road_segment,569
severe_04,road_segment,570
severe_04,road_segment,571
severe_04,road_segment,573
severe_04,road_segment,575
severe_04,road_segment,576
severe_04,road_segment,578
severe_04,road_segment,580
severe_04,road_segment,581
severe_04,road_segment,583
severe_04,road_segment,584
severe_04,road_segment,585
severe_04,road_segment,587
severe_04,road_segment,589
severe_04,road_segment,590
severe_04,road_segment,591
severe_04,road_segment,592
severe_04,road_segment,593
severe_04,road_segment,594
severe_04,road_segment,599
severe_04,road_segment,601
severe_04,road_segment,603
severe_04,road_segment,604
severe_04,road_segment,606
severe_04,road_segment,608
severe_04,road_segment,610
severe_04,road_segment,612
severe_04,road_segment,613
severe_04,road_segment,615
severe_04,road_segment,616
severe_04,road_segment,618
severe_04,road_segment,619
severe_04,road_segment,625
severe_04,road_segment,627
severe_04,road_segment,628
severe_04,road_segment,630
severe_04,road_segment,634
severe_04,road_segment,636
severe_04,road_segment,638
severe_04,road_segment,639
severe_04,road_segment,640
severe_04,road_segment,641
severe_04,road_segment,646
severe_04,road_segment,647
severe_04,road_segment,651
severe_04,road_segment,653
severe_04,road_segment,654
severe_04,road_segment,655
severe_04,road_segment,657
severe_04,road_segment,660
severe_04,road_segment,661
severe_04,road_segment,663
severe_04,road_segment,667
severe_04,road_segment,668
severe_04,road_segment,669
severe_04,road_segment,670
severe_04,road_segment,672
severe_04,road_segment,674
severe_04,road_segment,677
severe_04,road_segment,679
severe_04,road_segment,682
severe_04,road_segment,688
severe_04,road_segment,689
severe_04,road_segment,691
severe_04,road_segment,693
severe_04,road_segment,700
severe_04,road_segment,704
severe_04,road_segment,705
severe_04,road_segment,708
severe_04,road_segment,712
severe_04,road_segment,723
severe_04,road_segment,724
severe_04,road_segment,730
severe_04,road_segment,732
severe_04,road_segment,733
severe_04,road_segment,734
severe_04,road_segment,735
severe_04,road_segment,737
severe_04,road_segment,739
severe_04,road_segment,740
severe_04,road_segment,741
severe_04,road_segment,743
severe_04,road_segment,744
severe_04,road_segment,745
severe_04,road_segment,747
severe_04,road_segment,748
severe_04,road_segment,750
severe_04,road_segment,755
severe_04,road_segment,756
severe_04,road_segment,761
severe_04,road_segment,763
severe_04,road_segment,767
severe_04,road_segment,768
severe_04,road_segment,769
severe_04,road_segment,773
severe_04,road_segment,774
severe_04,road_segment,776
severe_04,road_segment,777
severe_04,road_segment,782
severe_04,road_segment,785
severe_04,road_segment,787
severe_04,road_segment,789
severe_04,road_segment,790
severe_04,road_segment,792
severe_04,road_segment,793
severe_04,road_segment,794
severe_04,road_segment,796
severe_04,road_segment,798
severe_04,road_segment,800
severe_04,road_segment,801
severe_04,road_segment,803
severe_04,road_segment,804
severe_04,road_segment,807
severe_04,road_segment,810
severe_04,road_segment,813
severe_04,road_segment,817
severe_04,road_segment,818
severe_04,road_segment,823
severe_04,road_segment,824
severe_04,road_segment,826
severe_04,road_segment,827
severe_04,road_segment,828
severe_04,road_segment,830
severe_04,road_segment,831
severe_04,road_segment,832
severe_04,road_segment,836
severe_04,road_segment,838
severe_04,road_segment,840
severe_04,road_segment,841
severe_04,road_segment,843
severe_04,road_segment,844
severe_04,road_segment,845
severe_04,road_segment,846
severe_04,road_segment,847
severe_04,road_segment,848
severe_04,road_segment,852
severe_04,road_segment,854
severe_04,road_segment,856
severe_04,road_segment,859
severe_04,road_segment,860
severe_04,road_segment,861
severe_04,road_segment,863
severe_04,road_segment,865
severe_04,road_segment,866
severe_04,road_segment,868
severe_04,road_segment,871
severe_04,road_segment,876
severe_04,road_segment,877
severe_04,road_segment,882
severe_04,road_segment,884
severe_04,road_segment,887
severe_04,road_segment,888
severe_04,road_segment,891
severe_04,road_segment,892
severe_04,road_segment,893
severe_04,road_segment,895
severe_04,road_segment,899
severe_04,road_segment,901
severe_04,road_segment,902
severe_04,road_segment,908
severe_04,road_segment,910
severe_04,road_segment,911
severe_04,road_segment,914
severe_04,road_segment,915
severe_04,road_segment,920
severe_04,road_segment,921
severe_04,road_segment,924
severe_04,road_segment,927
severe_04,road_segment,930
severe_04,road_segment,931
severe_04,road_segment,932
severe_04,road_segment,933
severe_04,road_segment,936
severe_04,road_segment,938
severe_04,road_segment,939
severe_04,road_segment,940
severe_04,road_segment,942
severe_04,road_segment,944
severe_04,road_segment,947
severe_04,road_segment,953
severe_04,road_segment,954
severe_04,road_segment,955
severe_04,road_segment,956
severe_04,road_segment,957
severe_04,road_segment,963
severe_04,road_segment,966
severe_04,road_segment,967
severe_04,road_segment,972
severe_04,road_segment,973
severe_04,road_segment,982
severe_04,road_segment,992
severe_04,road_segment,997
severe_04,road_segment,1000
severe_04,road_segment,1001
severe_04,road_segment,1005
severe_04,road_segment,1010
severe_04,road_segment,1013
severe_04,road_segment,1014
severe_04,road_segment,1024
severe_04,road_segment,1026
severe_04,road_segment,1027
severe_04,road_segment,1030
severe_04,road_segment,1033
severe_04,road_segment,1037
severe_04,road_segment,1041
severe_04,road_segment,1043
severe_04,road_segment,1044
severe_04,road_segment,1047
severe_04,road_segment,1048
severe_04,road_segment,1051
severe_04,road_segment,1056
severe_04,road_segment,1058
severe_04,road_segment,1059
severe_04,road_segment,1063
severe_04,road_segment,1065
severe_04,road_segment,1068
severe_04,road_segment,1069
severe_04,road_segment,1070
severe_04,road_segment,1072
severe_04,road_segment,1073
severe_04,road_segment,1081
severe_04,road_segment,1082
severe_04,road_segment,1089
severe_04,road_segment,1091
severe_04,road_segment,1092
severe_04,road_segment,1093
severe_04,road_segment,1095
severe_04,road_segment,1096
severe_04,road_segment,1100
severe_04,road_segment,1105
severe_04,road_segment,1106
severe_04,road_segment,1107
severe_04,road_segment,1108
severe_04,road_segment,1110
severe_04,road_segment,1112
severe_04,road_segment,1117
severe_04,road_segment,1124
severe_04,road_segment,1127
severe_04,road_segment,1129
severe_04,facility,876158
severe_04,facility,964438
severe_04,facility,907956
severe_04,facility,885528
severe_04,facility,900003
severe_04,facility,929411
severe_04,facility,890796
severe_04,facility,900326
severe_04,facility,899998
severe_04,facility,956263
severe_04,facility,900239
severe_04,facility,870360
severe_04,facility,963173
severe_05,road_segment,0
severe_05,road_segment,2
severe_05,road_segment,4
severe_05,road_segment,6
severe_05,road_segment,7
severe_05,road_segment,11
severe_05,road_segment,14
severe_05,road_segment,15
severe_05,road_segment,16
severe_05,road_segment,18
severe_05,road_segment,20
severe_05,road_segment,21
severe_05,road_segment,22
severe_05,road_segment,28
severe_05,road_segment,33
severe_05,road_segment,40
severe_05,road_segment,41
severe_05,road_segment,42
severe_05,road_segment,43
severe_05,road_segment,44
severe_05,road_segment,45
severe_05,road_segment,47
severe_05,road_segment,49
severe_05,road_segment,51
severe_05,road_segment,53
severe_05,road_segment,57
severe_05,road_segment,58
severe_05,road_segment,59
severe_05,road_segment,62
severe_05,road_segment,65
severe_05,road_segment,67
severe_05,road_segment,68
severe_05,road_segment,70
severe_05,road_segment,72
severe_05,road_segment,74
severe_05,road_segment,75
severe_05,road_segment,76
severe_05,road_segment,78
severe_05,road_segment,81
severe_05,road_segment,82
severe_05,road_segment,83
severe_05,road_segment,85
severe_05,road_segment,86
severe_05,road_segment,87
severe_05,road_segment,89
severe_05,road_segment,90
severe_05,road_segment,91
severe_05,road_segment,93
severe_05,road_segment,95
severe_05,road_segment,97
severe_05,road_segment,98
severe_05,road_segment,99
severe_05,road_segment,100
severe_05,road_segment,101
severe_05,road_segment,102
severe_05,road_segment,103
severe_05,road_segment,105
severe_05,road_segment,108
severe_05,road_segment,109
severe_05,road_segment,110
severe_05,road_segment,114
severe_05,road_segment,115
severe_05,road_segment,117
severe_05,road_segment,118
severe_05,road_segment,119
severe_05,road_segment,120
severe_05,road_segment,122
severe_05,road_segment,125
severe_05,road_segment,126
severe_05,road_segment,127
severe_05,road_segment,129
severe_05,road_segment,131
severe_05,road_segment,134
severe_05,road_segment,136
severe_05,road_segment,137
severe_05,road_segment,140
severe_05,road_segment,141
severe_05,road_segment,142
severe_05,road_segment,143
severe_05,road_segment,144
severe_05,road_segment,145
severe_05,road_segment,148
severe_05,road_segment,149
severe_05,road_segment,153
severe_05,road_segment,155
severe_05,road_segment,156
severe_05,road_segment,158
severe_05,road_segment,159
severe_05,road_segment,160
severe_05,road_segment,161
severe_05,road_segment,162
severe_05,road_segment,165
severe_05,road_segment,168
severe_05,road_segment,169
severe_05,road_segment,170
severe_05,road_segment,172
severe_05,road_segment,173
severe_05,road_segment,174
severe_05,road_segment,175
severe_05,road_segment,176
severe_05,road_segment,177
severe_05,road_segment,178
severe_05,road_segment,180
severe_05,road_segment,182
severe_05,road_segment,183
severe_05,road_segment,184
severe_05,road_segment,185
severe_05,road_segment,186
severe_05,road_segment,188
severe_05,road_segment,189
severe_05,road_segment,190
severe_05,road_segment,191
severe_05,road_segment,192
severe_05,road_segment,194
severe_05,road_segment,195
severe_05,road_segment,196
severe_05,road_segment,197
severe_05,road_segment,198
severe_05,road_segment,201
severe_05,road_segment,202
severe_05,road_segment,203
severe_05,road_segment,205
severe_05,road_segment,206
severe_05,road_segment,207
severe_05,road_segment,208
severe_05,road_segment,210
severe_05,road_segment,211
severe_05,road_segment,213
severe_05,road_segment,215
severe_05,road_segment,216
severe_05,road_segment,217
severe_05,road_segment,218
severe_05,road_segment,219
severe_05,road_segment,220
severe_05,road_segment,221
severe_05,road_segment,222
severe_05,road_segment,224
severe_05,road_segment,225
severe_05,road_segment,227
severe_05,road_segment,228
severe_05,road_segment,230
severe_05,road_segment,231
severe_05,road_segment,232
severe_05,road_segment,233
severe_05,road_segment,234
severe_05,road_segment,235
severe_05,road_segment,237
severe_05,road_segment,238
severe_05,road_segment,239
severe_05,road_segment,240
severe_05,road_segment,241
severe_05,road_segment,242
severe_05,road_segment,244
severe_05,road_segment,245
severe_05,road_segment,247
severe_05,road_segment,248
severe_05,road_segment,250
severe_05,road_segment,251
severe_05,road_segment,254
severe_05,road_segment,255
severe_05,road_segment,256
severe_05,road_segment,257
severe_05,road_segment,258
severe_05,road_segment,259
severe_05,road_segment,260
severe_05,road_segment,261
severe_05,road_segment,263
severe_05,road_segment,264
severe_05,road_segment,266
severe_05,road_segment,270
severe_05,road_segment,271
severe_05,road_segment,272
severe_05,road_segment,273
severe_05,road_segment,274
severe_05,road_segment,275
severe_05,road_segment,276
severe_05,road_segment,278
severe_05,road_segment,279
severe_05,road_segment,280
severe_05,road_segment,281
severe_05,road_segment,285
severe_05,road_segment,287
severe_05,road_segment,288
severe_05,road_segment,289
severe_05,road_segment,292
severe_05,road_segment,296
severe_05,road_segment,299
severe_05,road_segment,301
severe_05,road_segment,304
severe_05,road_segment,306
severe_05,road_segment,308
severe_05,road_segment,309
severe_05,road_segment,310
severe_05,road_segment,312
severe_05,road_segment,314
severe_05,road_segment,316
severe_05,road_segment,317
severe_05,road_segment,319
severe_05,road_segment,320
severe_05,road_segment,323
severe_05,road_segment,324
severe_05,road_segment,325
severe_05,road_segment,326
severe_05,road_segment,327
severe_05,road_segment,329
severe_05,road_segment,332
severe_05,road_segment,337
severe_05,road_segment,338
severe_05,road_segment,339
severe_05,road_segment,340
severe_05,road_segment,342
severe_05,road_segment,345
severe_05,road_segment,346
severe_05,road_segment,348
severe_05,road_segment,350
severe_05,road_segment,353
severe_05,road_segment,354
severe_05,road_segment,355
severe_05,road_segment,357
severe_05,road_segment,358
severe_05,road_segment,361
severe_05,road_segment,362
severe_05,road_segment,363
severe_05,road_segment,364
severe_05,road_segment,365
severe_05,road_segment,366
severe_05,road_segment,367
severe_05,road_segment,368
severe_05,road_segment,369
severe_05,road_segment,370
severe_05,road_segment,371
severe_05,road_segment,374
severe_05,road_segment,376
severe_05,road_segment,382
severe_05,road_segment,383
severe_05,road_segment,386
severe_05,road_segment,387
severe_05,road_segment,389
severe_05,road_segment,390
severe_05,road_segment,391
severe_05,road_segment,393
severe_05,road_segment,394
severe_05,road_segment,395
severe_05,road_segment,396
severe_05,road_segment,397
severe_05,road_segment,399
severe_05,road_segment,400
severe_05,road_segment,401
severe_05,road_segment,402
severe_05,road_segment,403
severe_05,road_segment,404
severe_05,road_segment,405
severe_05,road_segment,408
severe_05,road_segment,409
severe_05,road_segment,410
severe_05,road_segment,413
severe_05,road_segment,415
severe_05,road_segment,417
severe_05,road_segment,418
severe_05,road_segment,420
severe_05,road_segment,421
severe_05,road_segment,423
severe_05,road_segment,425
severe_05,road_segment,426
severe_05,road_segment,427
severe_05,road_segment,429
severe_05,road_segment,432
severe_05,road_segment,434
severe_05,road_segment,435
severe_05,road_segment,436
severe_05,road_segment,437
severe_05,road_segment,438
severe_05,road_segment,439
severe_05,road_segment,440
severe_05,road_segment,441
severe_05,road_segment,443
severe_05,road_segment,444
severe_05,road_segment,447
severe_05,road_segment,448
severe_05,road_segment,452
severe_05,road_segment,454
severe_05,road_segment,457
severe_05,road_segment,458
severe_05,road_segment,460
severe_05,road_segment,461
severe_05,road_segment,463
severe_05,road_segment,466
severe_05,road_segment,467
severe_05,road_segment,468
severe_05,road_segment,470
severe_05,road_segment,472
severe_05,road_segment,477
severe_05,road_segment,478
severe_05,road_segment,479
severe_05,road_segment,480
severe_05,road_segment,482
severe_05,road_segment,483
severe_05,road_segment,484
severe_05,road_segment,485
severe_05,road_segment,488
severe_05,road_segment,489
severe_05,road_segment,490
severe_05,road_segment,491
severe_05,road_segment,493
severe_05,road_segment,495
severe_05,road_segment,497
severe_05,road_segment,498
severe_05,road_segment,499
severe_05,road_segment,500
severe_05,road_segment,501
severe_05,road_segment,503
severe_05,road_segment,505
severe_05,road_segment,506
severe_05,road_segment,507
severe_05,road_segment,509
severe_05,road_segment,510
severe_05,road_segment,512
severe_05,road_segment,513
severe_05,road_segment,514
severe_05,road_segment,515
severe_05,road_segment,516
severe_05,road_segment,517
severe_05,road_segment,519
severe_05,road_segment,521
severe_05,road_segment,522
severe_05,road_segment,523
severe_05,road_segment,524
severe_05,road_segment,526
severe_05,road_segment,528
severe_05,road_segment,529
severe_05,road_segment,530
severe_05,road_segment,531
severe_05,road_segment,534
severe_05,road_segment,535
severe_05,road_segment,536
severe_05,road_segment,538
severe_05,road_segment,540
severe_05,road_segment,541
severe_05,road_segment,542
severe_05,road_segment,543
severe_05,road_segment,544
severe_05,road_segment,545
severe_05,road_segment,546
severe_05,road_segment,548
severe_05,road_segment,551
severe_05,road_segment,552
severe_05,road_segment,554
severe_05,road_segment,555
severe_05,road_segment,556
severe_05,road_segment,557
severe_05,road_segment,558
severe_05,road_segment,559
severe_05,road_segment,561
severe_05,road_segment,562
severe_05,road_segment,563
severe_05,road_segment,564
severe_05,road_segment,565
severe_05,road_segment,566
severe_05,road_segment,568
severe_05,road_segment,569
severe_05,road_segment,570
severe_05,road_segment,571
severe_05,road_segment,572
severe_05,road_segment,573
severe_05,road_segment,575
severe_05,road_segment,576
severe_05,road_segment,577
severe_05,road_segment,578
severe_05,road_segment,579
severe_05,road_segment,580
severe_05,road_segment,581
severe_05,road_segment,582
severe_05,road_segment,583
severe_05,road_segment,584
severe_05,road_segment,585
severe_05,road_segment,587
severe_05,road_segment,588
severe_05,road_segment,589
severe_05,road_segment,590
severe_05,road_segment,591
severe_05,road_segment,592
severe_05,road_segment,593
severe_05,road_segment,594
severe_05,road_segment,596
severe_05,road_segment,597
severe_05,road_segment,598
severe_05,road_segment,599
severe_05,road_segment,601
severe_05,road_segment,602
severe_05,road_segment,603
severe_05,road_segment,604
severe_05,road_segment,605
severe_05,road_segment,606
severe_05,road_segment,608
severe_05,road_segment,609
severe_05,road_segment,610
severe_05,road_segment,611
severe_05,road_segment,612
severe_05,road_segment,613
severe_05,road_segment,615
severe_05,road_segment,616
severe_05,road_segment,617
severe_05,road_segment,618
severe_05,road_segment,619
severe_05,road_segment,622
severe_05,road_segment,623
severe_05,road_segment,625
severe_05,road_segment,627
severe_05,road_segment,628
severe_05,road_segment,629
severe_05,road_segment,630
severe_05,road_segment,633
severe_05,road_segment,634
severe_05,road_segment,635
severe_05,road_segment,636
severe_05,road_segment,637
severe_05,road_segment,638
severe_05,road_segment,639
severe_05,road_segment,640
severe_05,road_segment,641
severe_05,road_segment,646
severe_05,road_segment,647
severe_05,road_segment,648
severe_05,road_segment,651
severe_05,road_segment,652
severe_05,road_segment,653
severe_05,road_segment,654
severe_05,road_segment,655
severe_05,road_segment,657
severe_05,road_segment,660
severe_05,road_segment,661
severe_05,road_segment,663
severe_05,road_segment,666
severe_05,road_segment,667
severe_05,road_segment,668
severe_05,road_segment,669
severe_05,road_segment,670
severe_05,road_segment,672
severe_05,road_segment,674
severe_05,road_segment,677
severe_05,road_segment,679
severe_05,road_segment,681
severe_05,road_segment,682
severe_05,road_segment,685
severe_05,road_segment,688
severe_05,road_segment,689
severe_05,road_segment,690
severe_05,road_segment,691
severe_05,road_segment,693
severe_05,road_segment,694
severe_05,road_segment,695
severe_05,road_segment,696
severe_05,road_segment,699
severe_05,road_segment,700
severe_05,road_segment,702
severe_05,road_segment,704
severe_05,road_segment,705
severe_05,road_segment,706
severe_05,road_segment,708
severe_05,road_segment,712
severe_05,road_segment,715
severe_05,road_segment,718
severe_05,road_segment,719
severe_05,road_segment,720
severe_05,road_segment,721
severe_05,road_segment,722
severe_05,road_segment,723
severe_05,road_segment,724
severe_05,road_segment,725
severe_05,road_segment,727
severe_05,road_segment,729
severe_05,road_segment,730
severe_05,road_segment,732
severe_05,road_segment,733
severe_05,road_segment,734
severe_05,road_segment,735
severe_05,road_segment,736
severe_05,road_segment,737
severe_05,road_segment,738
severe_05,road_segment,739
severe_05,road_segment,740
severe_05,road_segment,741
severe_05,road_segment,742
severe_05,road_segment,743
severe_05,road_segment,744
severe_05,road_segment,745
severe_05,road_segment,747
severe_05,road_segment,748
severe_05,road_segment,750
severe_05,road_segment,753
severe_05,road_segment,754
severe_05,road_segment,755
severe_05,road_segment,756
severe_05,road_segment,758
severe_05,road_segment,760
severe_05,road_segment,761
severe_05,road_segment,762
severe_05,road_segment,763
severe_05,road_segment,765
severe_05,road_segment,766
severe_05,road_segment,767
severe_05,road_segment,768
severe_05,road_segment,769
severe_05,road_segment,770
severe_05,road_segment,772
severe_05,road_segment,773
severe_05,road_segment,774
severe_05,road_segment,776
severe_05,road_segment,777
severe_05,road_segment,778
severe_05,road_segment,779
severe_05,road_segment,781
severe_05,road_segment,782
severe_05,road_segment,785
severe_05,road_segment,787
severe_05,road_segment,788
severe_05,road_segment,789
severe_05,road_segment,790
severe_05,road_segment,791
severe_05,road_segment,792
severe_05,road_segment,793
severe_05,road_segment,794
severe_05,road_segment,796
severe_05,road_segment,797
severe_05,road_segment,798
severe_05,road_segment,800
severe_05,road_segment,801
severe_05,road_segment,802
severe_05,road_segment,803
severe_05,road_segment,804
severe_05,road_segment,805
severe_05,road_segment,807
severe_05,road_segment,809
severe_05,road_segment,810
severe_05,road_segment,811
severe_05,road_segment,813
severe_05,road_segment,814
severe_05,road_segment,815
severe_05,road_segment,817
severe_05,road_segment,818
severe_05,road_segment,819
severe_05,road_segment,820
severe_05,road_segment,822
severe_05,road_segment,823
severe_05,road_segment,824
severe_05,road_segment,826
severe_05,road_segment,827
severe_05,road_segment,828
severe_05,road_segment,830
severe_05,road_segment,831
severe_05,road_segment,832
severe_05,road_segment,833
severe_05,road_segment,835
severe_05,road_segment,836
severe_05,road_segment,837
severe_05,road_segment,838
severe_05,road_segment,840
severe_05,road_segment,841
severe_05,road_segment,843
severe_05,road_segment,844
severe_05,road_segment,845
severe_05,road_segment,846
severe_05,road_segment,847
severe_05,road_segment,848
severe_05,road_segment,849
severe_05,road_segment,850
severe_05,road_segment,851
severe_05,road_segment,852
severe_05,road_segment,853
severe_05,road_segment,854
severe_05,road_segment,855
severe_05,road_segment,856
severe_05,road_segment,857
severe_05,road_segment,859
severe_05,road_segment,860
severe_05,road_segment,861
severe_05,road_segment,862
severe_05,road_segment,863
severe_05,road_segment,865
severe_05,road_segment,866
severe_05,road_segment,868
severe_05,road_segment,870
severe_05,road_segment,871
severe_05,road_segment,874
severe_05,road_segment,876
severe_05,road_segment,877
severe_05,road_segment,882
severe_05,road_segment,884
severe_05,road_segment,887
severe_05,road_segment,888
severe_05,road_segment,891
severe_05,road_segment,892
severe_05,road_segment,893
severe_05,road_segment,894
severe_05,road_segment,895
severe_05,road_segment,896
severe_05,road_segment,898
severe_05,road_segment,899
severe_05,road_segment,901
severe_05,road_segment,902
severe_05,road_segment,903
severe_05,road_segment,905
severe_05,road_segment,908
severe_05,road_segment,910
severe_05,road_segment,911
severe_05,road_segment,912
severe_05,road_segment,914
severe_05,road_segment,915
severe_05,road_segment,917
severe_05,road_segment,918
severe_05,road_segment,919
severe_05,road_segment,920
severe_05,road_segment,921
severe_05,road_segment,922
severe_05,road_segment,923
severe_05,road_segment,924
severe_05,road_segment,927
severe_05,road_segment,928
severe_05,road_segment,930
severe_05,road_segment,931
severe_05,road_segment,932
severe_05,road_segment,933
severe_05,road_segment,934
severe_05,road_segment,936
severe_05,road_segment,938
severe_05,road_segment,939
severe_05,road_segment,940
severe_05,road_segment,941
severe_05,road_segment,942
severe_05,road_segment,944
severe_05,road_segment,946
severe_05,road_segment,947
severe_05,road_segment,951
severe_05,road_segment,953
severe_05,road_segment,954
severe_05,road_segment,955
severe_05,road_segment,956
severe_05,road_segment,957
severe_05,road_segment,958
severe_05,road_segment,960
severe_05,road_segment,962
severe_05,road_segment,963
severe_05,road_segment,964
severe_05,road_segment,966
severe_05,road_segment,967
severe_05,road_segment,969
severe_05,road_segment,971
severe_05,road_segment,972
severe_05,road_segment,973
severe_05,road_segment,975
severe_05,road_segment,979
severe_05,road_segment,981
severe_05,road_segment,982
severe_05,road_segment,983
severe_05,road_segment,989
severe_05,road_segment,991
severe_05,road_segment,992
severe_05,road_segment,994
severe_05,road_segment,995
severe_05,road_segment,997
severe_05,road_segment,1000
severe_05,road_segment,1001
severe_05,road_segment,1002
severe_05,road_segment,1004
severe_05,road_segment,1005
severe_05,road_segment,1006
severe_05,road_segment,1007
severe_05,road_segment,1010
severe_05,road_segment,1013
severe_05,road_segment,1014
severe_05,road_segment,1015
severe_05,road_segment,1016
severe_05,road_segment,1020
severe_05,road_segment,1024
severe_05,road_segment,1026
severe_05,road_segment,1027
severe_05,road_segment,1029
severe_05,road_segment,1030
severe_05,road_segment,1031
severe_05,road_segment,1032
severe_05,road_segment,1033
severe_05,road_segment,1037
severe_05,road_segment,1041
severe_05,road_segment,1043
severe_05,road_segment,1044
severe_05,road_segment,1047
severe_05,road_segment,1048
severe_05,road_segment,1049
severe_05,road_segment,1050
severe_05,road_segment,1051
severe_05,road_segment,1053
severe_05,road_segment,1054
severe_05,road_segment,1056
severe_05,road_segment,1057
severe_05,road_segment,1058
severe_05,road_segment,1059
severe_05,road_segment,1062
severe_05,road_segment,1063
severe_05,road_segment,1065
severe_05,road_segment,1067
severe_05,road_segment,1068
severe_05,road_segment,1069
severe_05,road_segment,1070
severe_05,road_segment,1071
severe_05,road_segment,1072
severe_05,road_segment,1073
severe_05,road_segment,1074
severe_05,road_segment,1076
severe_05,road_segment,1078
severe_05,road_segment,1079
severe_05,road_segment,1081
severe_05,road_segment,1082
severe_05,road_segment,1083
severe_05,road_segment,1084
severe_05,road_segment,1089
severe_05,road_segment,1091
severe_05,road_segment,1092
severe_05,road_segment,1093
severe_05,road_segment,1095
severe_05,road_segment,1096
severe_05,road_segment,1097
severe_05,road_segment,1100
severe_05,road_segment,1101
severe_05,road_segment,1103
severe_05,road_segment,1105
severe_05,road_segment,1106
severe_05,road_segment,1107
severe_05,road_segment,1108
severe_05,road_segment,1110
severe_05,road_segment,1112
severe_05,road_segment,1113
severe_05,road_segment,1115
severe_05,road_segment,1117
severe_05,road_segment,1118
severe_05,road_segment,1120
severe_05,road_segment,1122
severe_05,road_segment,1124
severe_05,road_segment,1127
severe_05,road_segment,1129
severe_05,road_segment,1130
severe_05,road_segment,1131
severe_05,facility,900036
severe_05,facility,900308
severe_05,facility,876158
severe_05,facility,888197
severe_05,facility,888127
severe_05,facility,966003
severe_05,facility,888162
severe_05,facility,907956
severe_05,facility,876161
severe_05,facility,963180
severe_05,facility,929411
severe_05,facility,887699
severe_05,facility,957697
severe_05,facility,956152
severe_05,facility,960725
severe_05,facility,908132
severe_05,facility,914520
severe_05,facility,879303
severe_05,facility,870357
severe_05,facility,956218
severe_05,facility,888115
severe_05,facility,899998
severe_05,facility,900239
severe_05,facility,876167
severe_05,facility,902085
severe_06,road_segment,0
severe_06,road_segment,6
severe_06,road_segment,7
severe_06,road_segment,11
severe_06,road_segment,14
severe_06,road_segment,15
severe_06,road_segment,18
severe_06,road_segment,21
severe_06,road_segment,22
severe_06,road_segment,28
severe_06,road_segment,40
severe_06,road_segment,42
severe_06,road_segment,43
severe_06,road_segment,44
severe_06,road_segment,45
severe_06,road_segment,47
severe_06,road_segment,51
severe_06,road_segment,57
severe_06,road_segment,58
severe_06,road_segment,59
severe_06,road_segment,62
severe_06,road_segment,65
severe_06,road_segment,68
severe_06,road_segment,70
severe_06,road_segment,72
severe_06,road_segment,74
severe_06,road_segment,75
severe_06,road_segment,83
severe_06,road_segment,85
severe_06,road_segment,86
severe_06,road_segment,87
severe_06,road_segment,89
severe_06,road_segment,97
severe_06,road_segment,98
severe_06,road_segment,99
severe_06,road_segment,100
severe_06,road_segment,101
severe_06,road_segment,105
severe_06,road_segment,108
severe_06,road_segment,109
severe_06,road_segment,110
severe_06,road_segment,114
severe_06,road_segment,115
severe_06,road_segment,117
severe_06,road_segment,118
severe_06,road_segment,119
severe_06,road_segment,120
severe_06,road_segment,122
severe_06,road_segment,134
severe_06,road_segment,136
severe_06,road_segment,137
severe_06,road_segment,140
severe_06,road_segment,141
severe_06,road_segment,142
severe_06,road_segment,143
severe_06,road_segment,144
severe_06,road_segment,145
severe_06,road_segment,148
severe_06,road_segment,149
severe_06,road_segment,156
severe_06,road_segment,158
severe_06,road_segment,159
severe_06,road_segment,160
severe_06,road_segment,161
severe_06,road_segment,162
severe_06,road_segment,165
severe_06,road_segment,170
severe_06,road_segment,172
severe_06,road_segment,173
severe_06,road_segment,177
severe_06,road_segment,178
severe_06,road_segment,180
severe_06,road_segment,182
severe_06,road_segment,183
severe_06,road_segment,184
severe_06,road_segment,186
severe_06,road_segment,190
severe_06,road_segment,191
severe_06,road_segment,192
severe_06,road_segment,194
severe_06,road_segment,196
severe_06,road_segment,198
severe_06,road_segment,201
severe_06,road_segment,202
severe_06,road_segment,203
severe_06,road_segment,206
severe_06,road_segment,207
severe_06,road_segment,208
severe_06,road_segment,210
severe_06,road_segment,215
severe_06,road_segment,216
severe_06,road_segment,220
severe_06,road_segment,222
severe_06,road_segment,224
severe_06,road_segment,225
severe_06,road_segment,227
severe_06,road_segment,228
severe_06,road_segment,230
severe_06,road_segment,234
severe_06,road_segment,235
severe_06,road_segment,238
severe_06,road_segment,239
severe_06,road_segment,240
severe_06,road_segment,241
severe_06,road_segment,245
severe_06,road_segment,247
severe_06,road_segment,251
severe_06,road_segment,256
severe_06,road_segment,257
severe_06,road_segment,258
severe_06,road_segment,260
severe_06,road_segment,264
severe_06,road_segment,266
severe_06,road_segment,270
severe_06,road_segment,271
severe_06,road_segment,272
severe_06,road_segment,273
severe_06,road_segment,274
severe_06,road_segment,275
severe_06,road_segment,278
severe_06,road_segment,279
severe_06,road_segment,280
severe_06,road_segment,281
severe_06,road_segment,285
severe_06,road_segment,287
severe_06,road_segment,288
severe_06,road_segment,289
severe_06,road_segment,292
severe_06,road_segment,296
severe_06,road_segment,299
severe_06,road_segment,301
severe_06,road_segment,304
severe_06,road_segment,306
severe_06,road_segment,308
severe_06,road_segment,310
severe_06,road_segment,316
severe_06,road_segment,317
severe_06,road_segment,319
severe_06,road_segment,323
severe_06,road_segment,325
severe_06,road_segment,326
severe_06,road_segment,327
severe_06,road_segment,337
severe_06,road_segment,338
severe_06,road_segment,339
severe_06,road_segment,342
severe_06,road_segment,345
severe_06,road_segment,346
severe_06,road_segment,348
severe_06,road_segment,350
severe_06,road_segment,354
severe_06,road_segment,355
severe_06,road_segment,357
severe_06,road_segment,358
severe_06,road_segment,361
severe_06,road_segment,362
severe_06,road_segment,364
severe_06,road_segment,365
severe_06,road_segment,366
severe_06,road_segment,367
severe_06,road_segment,368
severe_06,road_segment,369
severe_06,road_segment,370
severe_06,road_segment,376
severe_06,road_segment,382
severe_06,road_segment,387
severe_06,road_segment,389
severe_06,road_segment,391
severe_06,road_segment,393
severe_06,road_segment,397
severe_06,road_segment,400
severe_06,road_segment,401
severe_06,road_segment,402
severe_06,road_segment,403
severe_06,road_segment,404
severe_06,road_segment,405
severe_06,road_segment,408
severe_06,road_segment,410
severe_06,road_segment,415
severe_06,road_segment,417
severe_06,road_segment,418
severe_06,road_segment,420
severe_06,road_segment,423
severe_06,road_segment,426
severe_06,road_segment,427
severe_06,road_segment,432
severe_06,road_segment,434
severe_06,road_segment,435
severe_06,road_segment,440
severe_06,road_segment,443
severe_06,road_segment,444
severe_06,road_segment,452
severe_06,road_segment,454
severe_06,road_segment,458
severe_06,road_segment,461
severe_06,road_segment,470
severe_06,road_segment,477
severe_06,road_segment,478
severe_06,road_segment,479
severe_06,road_segment,480
severe_06,road_segment,482
severe_06,road_segment,484
severe_06,road_segment,488
severe_06,road_segment,489
severe_06,road_segment,490
severe_06,road_segment,491
severe_06,road_segment,495
severe_06,road_segment,498
severe_06,road_segment,500
severe_06,road_segment,501
severe_06,road_segment,505
severe_06,road_segment,506
severe_06,road_segment,507
severe_06,road_segment,510
severe_06,road_segment,513
severe_06,road_segment,514
severe_06,road_segment,515
severe_06,road_segment,516
severe_06,road_segment,517
severe_06,road_segment,519
severe_06,road_segment,521
severe_06,road_segment,522
severe_06,road_segment,523
severe_06,road_segment,524
severe_06,road_segment,526
severe_06,road_segment,530
severe_06,road_segment,531
severe_06,road_segment,535
severe_06,road_segment,540
severe_06,road_segment,541
severe_06,road_segment,542
severe_06,road_segment,543
severe_06,road_segment,544
severe_06,road_segment,548
severe_06,road_segment,551
severe_06,road_segment,552
severe_06,road_segment,554
severe_06,road_segment,555
severe_06,road_segment,556
severe_06,road_segment,558
severe_06,road_segment,559
severe_06,road_segment,561
severe_06,road_segment,562
severe_06,road_segment,563
severe_06,road_segment,566
severe_06,road_segment,568
severe_06,road_segment,569
severe_06,road_segment,570
severe_06,road_segment,571
severe_06,road_segment,573
severe_06,road_segment,575
severe_06,road_segment,576
severe_06,road_segment,578
severe_06,road_segment,580
severe_06,road_segment,581
severe_06,road_segment,583
severe_06,road_segment,584
severe_06,road_segment,585
severe_06,road_segment,587
severe_06,road_segment,589
severe_06,road_segment,590
severe_06,road_segment,591
severe_06,road_segment,592
severe_06,road_segment,593
severe_06,road_segment,594
severe_06,road_segment,599
severe_06,road_segment,601
severe_06,road_segment,603
severe_06,road_segment,604
severe_06,road_segment,606
severe_06,road_segment,608
severe_06,road_segment,610
severe_06,road_segment,612
severe_06,road_segment,613
severe_06,road_segment,615
severe_06,road_segment,616
severe_06,road_segment,618
severe_06,road_segment,619
severe_06,road_segment,625
severe_06,road_segment,627
severe_06,road_segment,628
severe_06,road_segment,630
severe_06,road_segment,634
severe_06,road_segment,636
severe_06,road_segment,638
severe_06,road_segment,639
severe_06,road_segment,640
severe_06,road_segment,641
severe_06,road_segment,646
severe_06,road_segment,647
severe_06,road_segment,651
severe_06,road_segment,653
severe_06,road_segment,654
severe_06,road_segment,655
severe_06,road_segment,657
severe_06,road_segment,660
severe_06,road_segment,661
severe_06,road_segment,663
severe_06,road_segment,667
severe_06,road_segment,668
severe_06,road_segment,669
severe_06,road_segment,670
severe_06,road_segment,672
severe_06,road_segment,674
severe_06,road_segment,677
severe_06,road_segment,679
severe_06,road_segment,682
severe_06,road_segment,688
severe_06,road_segment,689
severe_06,road_segment,691
severe_06,road_segment,693
severe_06,road_segment,700
severe_06,road_segment,704
severe_06,road_segment,705
severe_06,road_segment,708
severe_06,road_segment,712
severe_06,road_segment,723
severe_06,road_segment,724
severe_06,road_segment,730
severe_06,road_segment,732
severe_06,road_segment,733
severe_06,road_segment,734
severe_06,road_segment,735
severe_06,road_segment,737
severe_06,road_segment,739
severe_06,road_segment,740
severe_06,road_segment,741
severe_06,road_segment,743
severe_06,road_segment,744
severe_06,road_segment,745
severe_06,road_segment,747
severe_06,road_segment,750
severe_06,road_segment,755
severe_06,road_segment,756
severe_06,road_segment,761
severe_06,road_segment,763
severe_06,road_segment,767
severe_06,road_segment,768
severe_06,road_segment,769
severe_06,road_segment,773
severe_06,road_segment,774
severe_06,road_segment,776
severe_06,road_segment,777
severe_06,road_segment,782
severe_06,road_segment,785
severe_06,road_segment,787
severe_06,road_segment,789
severe_06,road_segment,790
severe_06,road_segment,792
severe_06,road_segment,793
severe_06,road_segment,794
severe_06,road_segment,796
severe_06,road_segment,798
severe_06,road_segment,800
severe_06,road_segment,801
severe_06,road_segment,803
severe_06,road_segment,804
severe_06,road_segment,807
severe_06,road_segment,810
severe_06,road_segment,813
severe_06,road_segment,817
severe_06,road_segment,818
severe_06,road_segment,823
severe_06,road_segment,824
severe_06,road_segment,826
severe_06,road_segment,827
severe_06,road_segment,828
severe_06,road_segment,830
severe_06,road_segment,831
severe_06,road_segment,832
severe_06,road_segment,836
severe_06,road_segment,838
severe_06,road_segment,840
severe_06,road_segment,841
severe_06,road_segment,843
severe_06,road_segment,844
severe_06,road_segment,845
severe_06,road_segment,846
severe_06,road_segment,847
severe_06,road_segment,848
severe_06,road_segment,852
severe_06,road_segment,854
severe_06,road_segment,856
severe_06,road_segment,859
severe_06,road_segment,860
severe_06,road_segment,861
severe_06,road_segment,863
severe_06,road_segment,865
severe_06,road_segment,866
severe_06,road_segment,868
severe_06,road_segment,871
severe_06,road_segment,876
severe_06,road_segment,877
severe_06,road_segment,882
severe_06,road_segment,884
severe_06,road_segment,887
severe_06,road_segment,888
severe_06,road_segment,891
severe_06,road_segment,892
severe_06,road_segment,893
severe_06,road_segment,895
severe_06,road_segment,899
severe_06,road_segment,901
severe_06,road_segment,902
severe_06,road_segment,908
severe_06,road_segment,910
severe_06,road_segment,911
severe_06,road_segment,914
severe_06,road_segment,915
severe_06,road_segment,920
severe_06,road_segment,921
severe_06,road_segment,924
severe_06,road_segment,927
severe_06,road_segment,930
severe_06,road_segment,931
severe_06,road_segment,932
severe_06,road_segment,933
severe_06,road_segment,936
severe_06,road_segment,938
severe_06,road_segment,939
severe_06,road_segment,942
severe_06,road_segment,944
severe_06,road_segment,947
severe_06,road_segment,953
severe_06,road_segment,954
severe_06,road_segment,955
severe_06,road_segment,956
severe_06,road_segment,957
severe_06,road_segment,963
severe_06,road_segment,966
severe_06,road_segment,967
severe_06,road_segment,972
severe_06,road_segment,973
severe_06,road_segment,982
severe_06,road_segment,992
severe_06,road_segment,997
severe_06,road_segment,1000
severe_06,road_segment,1001
severe_06,road_segment,1005
severe_06,road_segment,1010
severe_06,road_segment,1013
severe_06,road_segment,1014
severe_06,road_segment,1024
severe_06,road_segment,1026
severe_06,road_segment,1027
severe_06,road_segment,1030
severe_06,road_segment,1033
severe_06,road_segment,1037
severe_06,road_segment,1041
severe_06,road_segment,1043
severe_06,road_segment,1044
severe_06,road_segment,1047
severe_06,road_segment,1048
severe_06,road_segment,1051
severe_06,road_segment,1056
severe_06,road_segment,1058
severe_06,road_segment,1059
severe_06,road_segment,1063
severe_06,road_segment,1065
severe_06,road_segment,1068
severe_06,road_segment,1069
severe_06,road_segment,1070
severe_06,road_segment,1072
severe_06,road_segment,1073
severe_06,road_segment,1081
severe_06,road_segment,1082
severe_06,road_segment,1089
severe_06,road_segment,1091
severe_06,road_segment,1092
severe_06,road_segment,1093
severe_06,road_segment,1095
severe_06,road_segment,1096
severe_06,road_segment,1100
severe_06,road_segment,1105
severe_06,road_segment,1106
severe_06,road_segment,1107
severe_06,road_segment,1108
severe_06,road_segment,1110
severe_06,road_segment,1112
severe_06,road_segment,1117
severe_06,road_segment,1124
severe_06,road_segment,1127
severe_06,road_segment,1129
severe_06,facility,876158
severe_06,facility,888197
severe_06,facility,966003
severe_06,facility,965433
severe_06,facility,885520
severe_06,facility,907956
severe_06,facility,885528
severe_06,facility,876161
severe_06,facility,901325
severe_06,facility,929411
severe_06,facility,960725
severe_06,facility,900084
severe_06,facility,879303
severe_06,facility,899998
severe_06,facility,900239
severe_06,facility,963173
severe_06,facility,900323
severe_07,road_segment,0
severe_07,road_segment,6
severe_07,road_segment,7
severe_07,road_segment,11
severe_07,road_segment,14
severe_07,road_segment,15
severe_07,road_segment,16
severe_07,road_segment,18
severe_07,road_segment,22
severe_07,road_segment,28
severe_07,road_segment,33
severe_07,road_segment,40
severe_07,road_segment,42
severe_07,road_segment,43
severe_07,road_segment,44
severe_07,road_segment,45
severe_07,road_segment,47
severe_07,road_segment,51
severe_07,road_segment,57
severe_07,road_segment,58
severe_07,road_segment,59
severe_07,road_segment,62
severe_07,road_segment,65
severe_07,road_segment,68
severe_07,road_segment,70
severe_07,road_segment,72
severe_07,road_segment,74
severe_07,road_segment,75
severe_07,road_segment,83
severe_07,road_segment,85
severe_07,road_segment,86
severe_07,road_segment,87
severe_07,road_segment,89
severe_07,road_segment,97
severe_07,road_segment,98
severe_07,road_segment,99
severe_07,road_segment,100
severe_07,road_segment,101
severe_07,road_segment,105
severe_07,road_segment,108
severe_07,road_segment,109
severe_07,road_segment,114
severe_07,road_segment,117
severe_07,road_segment,118
severe_07,road_segment,119
severe_07,road_segment,120
severe_07,road_segment,122
severe_07,road_segment,127
severe_07,road_segment,134
severe_07,road_segment,136
severe_07,road_segment,140
severe_07,road_segment,141
severe_07,road_segment,143
severe_07,road_segment,144
severe_07,road_segment,148
severe_07,road_segment,149
severe_07,road_segment,153
severe_07,road_segment,155
severe_07,road_segment,156
severe_07,road_segment,158
severe_07,road_segment,159
severe_07,road_segment,160
severe_07,road_segment,162
severe_07,road_segment,165
severe_07,road_segment,170
severe_07,road_segment,172
severe_07,road_segment,173
severe_07,road_segment,174
severe_07,road_segment,177
severe_07,road_segment,178
severe_07,road_segment,180
severe_07,road_segment,182
severe_07,road_segment,183
severe_07,road_segment,184
severe_07,road_segment,186
severe_07,road_segment,189
severe_07,road_segment,190
severe_07,road_segment,191
severe_07,road_segment,192
severe_07,road_segment,194
severe_07,road_segment,195
severe_07,road_segment,196
severe_07,road_segment,198
severe_07,road_segment,201
severe_07,road_segment,206
severe_07,road_segment,207
severe_07,road_segment,208
severe_07,road_segment,210
severe_07,road_segment,215
severe_07,road_segment,216
severe_07,road_segment,220
severe_07,road_segment,222
severe_07,road_segment,224
severe_07,road_segment,225
severe_07,road_segment,227
severe_07,road_segment,228
severe_07,road_segment,230
severe_07,road_segment,234
severe_07,road_segment,235
severe_07,road_segment,238
severe_07,road_segment,239
severe_07,road_segment,241
severe_07,road_segment,245
severe_07,road_segment,247
severe_07,road_segment,250
severe_07,road_segment,251
severe_07,road_segment,256
severe_07,road_segment,257
severe_07,road_segment,258
severe_07,road_segment,260
severe_07,road_segment,264
severe_07,road_segment,266
severe_07,road_segment,270
severe_07,road_segment,271
severe_07,road_segment,272
severe_07,road_segment,273
severe_07,road_segment,274
severe_07,road_segment,275
severe_07,road_segment,278
severe_07,road_segment,279
severe_07,road_segment,280
severe_07,road_segment,281
severe_07,road_segment,285
severe_07,road_segment,289
severe_07,road_segment,292
severe_07,road_segment,296
severe_07,road_segment,299
severe_07,road_segment,301
severe_07,road_segment,304
severe_07,road_segment,306
severe_07,road_segment,308
severe_07,road_segment,310
severe_07,road_segment,316
severe_07,road_segment,317
severe_07,road_segment,319
severe_07,road_segment,320
severe_07,road_segment,323
severe_07,road_segment,325
severe_07,road_segment,326
severe_07,road_segment,327
severe_07,road_segment,337
severe_07,road_segment,338
severe_07,road_segment,339
severe_07,road_segment,342
severe_07,road_segment,345
severe_07,road_segment,346
severe_07,road_segment,348
severe_07,road_segment,350
severe_07,road_segment,354
severe_07,road_segment,355
severe_07,road_segment,358
severe_07,road_segment,361
severe_07,road_segment,362
severe_07,road_segment,364
severe_07,road_segment,365
severe_07,road_segment,366
severe_07,road_segment,367
severe_07,road_segment,368
severe_07,road_segment,369
severe_07,road_segment,370
severe_07,road_segment,376
severe_07,road_segment,382
severe_07,road_segment,387
severe_07,road_segment,389
severe_07,road_segment,391
severe_07,road_segment,393
severe_07,road_segment,397
severe_07,road_segment,400
severe_07,road_segment,401
severe_07,road_segment,402
severe_07,road_segment,403
severe_07,road_segment,404
severe_07,road_segment,405
severe_07,road_segment,408
severe_07,road_segment,409
severe_07,road_segment,410
severe_07,road_segment,415
severe_07,road_segment,417
severe_07,road_segment,418
severe_07,road_segment,420
severe_07,road_segment,423
severe_07,road_segment,426
severe_07,road_segment,427
severe_07,road_segment,432
severe_07,road_segment,434
severe_07,road_segment,435
severe_07,road_segment,440
severe_07,road_segment,443
severe_07,road_segment,444
severe_07,road_segment,452
severe_07,road_segment,454
severe_07,road_segment,458
severe_07,road_segment,461
severe_07,road_segment,467
severe_07,road_segment,470
severe_07,road_segment,477
severe_07,road_segment,478
severe_07,road_segment,479
severe_07,road_segment,480
severe_07,road_segment,482
severe_07,road_segment,483
severe_07,road_segment,484
severe_07,road_segment,485
severe_07,road_segment,488
severe_07,road_segment,489
severe_07,road_segment,490
severe_07,road_segment,491
severe_07,road_segment,495
severe_07,road_segment,498
severe_07,road_segment,500
severe_07,road_segment,501
severe_07,road_segment,505
severe_07,road_segment,506
severe_07,road_segment,507
severe_07,road_segment,510
severe_07,road_segment,513
severe_07,road_segment,514
severe_07,road_segment,515
severe_07,road_segment,516
severe_07,road_segment,517
severe_07,road_segment,519
severe_07,road_segment,521
severe_07,road_segment,522
severe_07,road_segment,523
severe_07,road_segment,524
severe_07,road_segment,526
severe_07,road_segment,530
severe_07,road_segment,531
severe_07,road_segment,535
severe_07,road_segment,540
severe_07,road_segment,541
severe_07,road_segment,542
severe_07,road_segment,543
severe_07,road_segment,544
severe_07,road_segment,548
severe_07,road_segment,551
severe_07,road_segment,552
severe_07,road_segment,554
severe_07,road_segment,555
severe_07,road_segment,556
severe_07,road_segment,557
severe_07,road_segment,558
severe_07,road_segment,559
severe_07,road_segment,561
severe_07,road_segment,562
severe_07,road_segment,563
severe_07,road_segment,566
severe_07,road_segment,568
severe_07,road_segment,569
severe_07,road_segment,570
severe_07,road_segment,573
severe_07,road_segment,575
severe_07,road_segment,576
severe_07,road_segment,578
severe_07,road_segment,579
severe_07,road_segment,580
severe_07,road_segment,581
severe_07,road_segment,583
severe_07,road_segment,584
severe_07,road_segment,585
severe_07,road_segment,587
severe_07,road_segment,589
severe_07,road_segment,590
severe_07,road_segment,591
severe_07,road_segment,592
severe_07,road_segment,593
severe_07,road_segment,594
severe_07,road_segment,599
severe_07,road_segment,601
severe_07,road_segment,603
severe_07,road_segment,604
severe_07,road_segment,605
severe_07,road_segment,606
severe_07,road_segment,608
severe_07,road_segment,610
severe_07,road_segment,612
severe_07,road_segment,613
severe_07,road_segment,615
severe_07,road_segment,616
severe_07,road_segment,623
severe_07,road_segment,625
severe_07,road_segment,627
severe_07,road_segment,628
severe_07,road_segment,630
severe_07,road_segment,634
severe_07,road_segment,636
severe_07,road_segment,638
severe_07,road_segment,639
severe_07,road_segment,640
severe_07,road_segment,641
severe_07,road_segment,646
severe_07,road_segment,647
severe_07,road_segment,653
severe_07,road_segment,654
severe_07,road_segment,655
severe_07,road_segment,660
severe_07,road_segment,661
severe_07,road_segment,663
severe_07,road_segment,666
severe_07,road_segment,667
severe_07,road_segment,668
severe_07,road_segment,669
severe_07,road_segment,670
severe_07,road_segment,672
severe_07,road_segment,674
severe_07,road_segment,677
severe_07,road_segment,679
severe_07,road_segment,682
severe_07,road_segment,688
severe_07,road_segment,689
severe_07,road_segment,691
severe_07,road_segment,693
severe_07,road_segment,696
severe_07,road_segment,700
severe_07,road_segment,702
severe_07,road_segment,704
severe_07,road_segment,705
severe_07,road_segment,708
severe_07,road_segment,712
severe_07,road_segment,719
severe_07,road_segment,720
severe_07,road_segment,723
severe_07,road_segment,730
severe_07,road_segment,732
severe_07,road_segment,733
severe_07,road_segment,734
severe_07,road_segment,735
severe_07,road_segment,737
severe_07,road_segment,738
severe_07,road_segment,739
severe_07,road_segment,740
severe_07,road_segment,741
severe_07,road_segment,744
severe_07,road_segment,745
severe_07,road_segment,750
severe_07,road_segment,756
severe_07,road_segment,761
severe_07,road_segment,763
severe_07,road_segment,767
severe_07,road_segment,768
severe_07,road_segment,769
severe_07,road_segment,773
severe_07,road_segment,774
severe_07,road_segment,776
severe_07,road_segment,777
severe_07,road_segment,779
severe_07,road_segment,781
severe_07,road_segment,782
severe_07,road_segment,785
severe_07,road_segment,787
severe_07,road_segment,788
severe_07,road_segment,789
severe_07,road_segment,790
severe_07,road_segment,792
severe_07,road_segment,793
severe_07,road_segment,794
severe_07,road_segment,796
severe_07,road_segment,798
severe_07,road_segment,800
severe_07,road_segment,801
severe_07,road_segment,803
severe_07,road_segment,804
severe_07,road_segment,807
severe_07,road_segment,809
severe_07,road_segment,810
severe_07,road_segment,813
severe_07,road_segment,817
severe_07,road_segment,818
severe_07,road_segment,823
severe_07,road_segment,824
severe_07,road_segment,826
severe_07,road_segment,827
severe_07,road_segment,828
severe_07,road_segment,830
severe_07,road_segment,831
severe_07,road_segment,832
severe_07,road_segment,838
severe_07,road_segment,840
severe_07,road_segment,841
severe_07,road_segment,843
severe_07,road_segment,844
severe_07,road_segment,845
severe_07,road_segment,847
severe_07,road_segment,848
severe_07,road_segment,852
severe_07,road_segment,854
severe_07,road_segment,856
severe_07,road_segment,859
severe_07,road_segment,860
severe_07,road_segment,861
severe_07,road_segment,863
severe_07,road_segment,865
severe_07,road_segment,866
severe_07,road_segment,868
severe_07,road_segment,871
severe_07,road_segment,876
severe_07,road_segment,877
severe_07,road_segment,882
severe_07,road_segment,884
severe_07,road_segment,887
severe_07,road_segment,888
severe_07,road_segment,892
severe_07,road_segment,893
severe_07,road_segment,895
severe_07,road_segment,899
severe_07,road_segment,901
severe_07,road_segment,902
severe_07,road_segment,908
severe_07,road_segment,910
severe_07,road_segment,911
severe_07,road_segment,912
severe_07,road_segment,914
severe_07,road_segment,915
severe_07,road_segment,920
severe_07,road_segment,921
severe_07,road_segment,922
severe_07,road_segment,923
severe_07,road_segment,924
severe_07,road_segment,927
severe_07,road_segment,930
severe_07,road_segment,931
severe_07,road_segment,932
severe_07,road_segment,933
severe_07,road_segment,934
severe_07,road_segment,936
severe_07,road_segment,938
severe_07,road_segment,942
severe_07,road_segment,944
severe_07,road_segment,947
severe_07,road_segment,953
severe_07,road_segment,954
severe_07,road_segment,955
severe_07,road_segment,956
severe_07,road_segment,957
severe_07,road_segment,963
severe_07,road_segment,966
severe_07,road_segment,967
severe_07,road_segment,972
severe_07,road_segment,973
severe_07,road_segment,975
severe_07,road_segment,982
severe_07,road_segment,992
severe_07,road_segment,994
severe_07,road_segment,997
severe_07,road_segment,1000
severe_07,road_segment,1001
severe_07,road_segment,1005
severe_07,road_segment,1006
severe_07,road_segment,1010
severe_07,road_segment,1013
severe_07,road_segment,1014
severe_07,road_segment,1015
severe_07,road_segment,1024
severe_07,road_segment,1026
severe_07,road_segment,1027
severe_07,road_segment,1030
severe_07,road_segment,1033
severe_07,road_segment,1037
severe_07,road_segment,1041
severe_07,road_segment,1043
severe_07,road_segment,1047
severe_07,road_segment,1048
severe_07,road_segment,1049
severe_07,road_segment,1051
severe_07,road_segment,1056
severe_07,road_segment,1058
severe_07,road_segment,1063
severe_07,road_segment,1065
severe_07,road_segment,1068
severe_07,road_segment,1069
severe_07,road_segment,1070
severe_07,road_segment,1072
severe_07,road_segment,1073
severe_07,road_segment,1074
severe_07,road_segment,1076
severe_07,road_segment,1081
severe_07,road_segment,1082
severe_07,road_segment,1089
severe_07,road_segment,1091
severe_07,road_segment,1092
severe_07,road_segment,1093
severe_07,road_segment,1095
severe_07,road_segment,1096
severe_07,road_segment,1100
severe_07,road_segment,1105
severe_07,road_segment,1106
severe_07,road_segment,1107
severe_07,road_segment,1108
severe_07,road_segment,1117
severe_07,road_segment,1124
severe_07,road_segment,1127
severe_07,road_segment,1129
severe_07,facility,900308
severe_07,facility,876158
severe_07,facility,966003
severe_07,facility,964438
severe_07,facility,965433
severe_07,facility,907956
severe_07,facility,876161
severe_07,facility,963180
severe_07,facility,887699
severe_07,facility,914520
severe_07,facility,900084
severe_07,facility,879303
severe_07,facility,890796
severe_07,facility,870357
severe_07,facility,900326
severe_07,facility,956263
severe_07,facility,902085
severe_08,road_segment,0
severe_08,road_segment,6
severe_08,road_segment,7
severe_08,road_segment,11
severe_08,road_segment,14
severe_08,road_segment,15
severe_08,road_segment,16
severe_08,road_segment,18
severe_08,road_segment,21
severe_08,road_segment,22
severe_08,road_segment,28
severe_08,road_segment,33
severe_08,road_segment,40
severe_08,road_segment,42
severe_08,road_segment,43
severe_08,road_segment,44
severe_08,road_segment,45
severe_08,road_segment,47
severe_08,road_segment,51
severe_08,road_segment,53
severe_08,road_segment,57
severe_08,road_segment,58
severe_08,road_segment,59
severe_08,road_segment,62
severe_08,road_segment,65
severe_08,road_segment,68
severe_08,road_segment,70
severe_08,road_segment,72
severe_08,road_segment,74
severe_08,road_segment,75
severe_08,road_segment,83
severe_08,road_segment,85
severe_08,road_segment,86
severe_08,road_segment,87
severe_08,road_segment,89
severe_08,road_segment,90
severe_08,road_segment,97
severe_08,road_segment,98
severe_08,road_segment,99
severe_08,road_segment,100
severe_08,road_segment,101
severe_08,road_segment,105
severe_08,road_segment,108
severe_08,road_segment,109
severe_08,road_segment,110
severe_08,road_segment,114
severe_08,road_segment,115
severe_08,road_segment,117
severe_08,road_segment,118
severe_08,road_segment,119
severe_08,road_segment,120
severe_08,road_segment,122
severe_08,road_segment,127
severe_08,road_segment,131
severe_08,road_segment,134
severe_08,road_segment,136
severe_08,road_segment,137
severe_08,road_segment,140
severe_08,road_segment,141
severe_08,road_segment,142
severe_08,road_segment,143
severe_08,road_segment,144
severe_08,road_segment,145
severe_08,road_segment,148
severe_08,road_segment,149
severe_08,road_segment,153
severe_08,road_segment,155
severe_08,road_segment,156
severe_08,road_segment,158
severe_08,road_segment,159
severe_08,road_segment,160
severe_08,road_segment,161
severe_08,road_segment,162
severe_08,road_segment,165
severe_08,road_segment,170
severe_08,road_segment,172
severe_08,road_segment,173
severe_08,road_segment,174
severe_08,road_segment,177
severe_08,road_segment,178
severe_08,road_segment,180
severe_08,road_segment,182
severe_08,road_segment,183
severe_08,road_segment,184
severe_08,road_segment,186
severe_08,road_segment,189
severe_08,road_segment,190
severe_08,road_segment,191
severe_08,road_segment,192
severe_08,road_segment,194
severe_08,road_segment,195
severe_08,road_segment,196
severe_08,road_segment,198
severe_08,road_segment,201
severe_08,road_segment,202
severe_08,road_segment,203
severe_08,road_segment,206
severe_08,road_segment,207
severe_08,road_segment,208
severe_08,road_segment,210
severe_08,road_segment,215
severe_08,road_segment,216
severe_08,road_segment,218
severe_08,road_segment,220
severe_08,road_segment,222
severe_08,road_segment,224
severe_08,road_segment,225
severe_08,road_segment,227
severe_08,road_segment,228
severe_08,road_segment,230
severe_08,road_segment,234
severe_08,road_segment,235
severe_08,road_segment,237
severe_08,road_segment,238
severe_08,road_segment,239
severe_08,road_segment,240
severe_08,road_segment,241
severe_08,road_segment,245
severe_08,road_segment,247
severe_08,road_segment,250
severe_08,road_segment,251
severe_08,road_segment,256
severe_08,road_segment,257
severe_08,road_segment,258
severe_08,road_segment,259
severe_08,road_segment,260
severe_08,road_segment,261
severe_08,road_segment,264
severe_08,road_segment,266
severe_08,road_segment,270
severe_08,road_segment,271
severe_08,road_segment,272
severe_08,road_segment,273
severe_08,road_segment,274
severe_08,road_segment,275
severe_08,road_segment,276
severe_08,road_segment,278
severe_08,road_segment,279
severe_08,road_segment,280
severe_08,road_segment,281
severe_08,road_segment,285
severe_08,road_segment,287
severe_08,road_segment,288
severe_08,road_segment,289
severe_08,road_segment,292
severe_08,road_segment,296
severe_08,road_segment,299
severe_08,road_segment,301
severe_08,road_segment,304
severe_08,road_segment,306
severe_08,road_segment,308
severe_08,road_segment,310
severe_08,road_segment,312
severe_08,road_segment,316
severe_08,road_segment,317
severe_08,road_segment,319
severe_08,road_segment,320
severe_08,road_segment,323
severe_08,road_segment,325
severe_08,road_segment,326
severe_08,road_segment,327
severe_08,road_segment,337
severe_08,road_segment,338
severe_08,road_segment,339
severe_08,road_segment,342
severe_08,road_segment,345
severe_08,road_segment,346
severe_08,road_segment,348
severe_08,road_segment,350
severe_08,road_segment,354
severe_08,road_segment,355
severe_08,road_segment,357
severe_08,road_segment,358
severe_08,road_segment,361
severe_08,road_segment,362
severe_08,road_segment,364
severe_08,road_segment,365
severe_08,road_segment,366
severe_08,road_segment,367
severe_08,road_segment,368
severe_08,road_segment,369
severe_08,road_segment,370
severe_08,road_segment,371
severe_08,road_segment,376
severe_08,road_segment,382
severe_08,road_segment,387
severe_08,road_segment,389
severe_08,road_segment,390
severe_08,road_segment,391
severe_08,road_segment,393
severe_08,road_segment,395
severe_08,road_segment,397
severe_08,road_segment,400
severe_08,road_segment,401
severe_08,road_segment,402
severe_08,road_segment,403
severe_08,road_segment,404
severe_08,road_segment,405
severe_08,road_segment,408
severe_08,road_segment,409
severe_08,road_segment,410
severe_08,road_segment,415
severe_08,road_segment,417
severe_08,road_segment,418
severe_08,road_segment,420
severe_08,road_segment,423
severe_08,road_segment,425
severe_08,road_segment,426
severe_08,road_segment,427
severe_08,road_segment,432
severe_08,road_segment,434
severe_08,road_segment,435
severe_08,road_segment,439
severe_08,road_segment,440
severe_08,road_segment,443
severe_08,road_segment,444
severe_08,road_segment,447
severe_08,road_segment,452
severe_08,road_segment,454
severe_08,road_segment,458
severe_08,road_segment,460
severe_08,road_segment,461
severe_08,road_segment,466
severe_08,road_segment,467
severe_08,road_segment,470
severe_08,road_segment,477
severe_08,road_segment,478
severe_08,road_segment,479
severe_08,road_segment,480
severe_08,road_segment,482
severe_08,road_segment,483
severe_08,road_segment,484
severe_08,road_segment,485
severe_08,road_segment,488
severe_08,road_segment,489
severe_08,road_segment,490
severe_08,road_segment,491
severe_08,road_segment,495
severe_08,road_segment,497
severe_08,road_segment,498
severe_08,road_segment,500
severe_08,road_segment,501
severe_08,road_segment,505
severe_08,road_segment,506
severe_08,road_segment,507
severe_08,road_segment,510
severe_08,road_segment,513
severe_08,road_segment,514
severe_08,road_segment,515
severe_08,road_segment,516
severe_08,road_segment,517
severe_08,road_segment,519
severe_08,road_segment,521
severe_08,road_segment,522
severe_08,road_segment,523
severe_08,road_segment,524
severe_08,road_segment,526
severe_08,road_segment,528
severe_08,road_segment,530
severe_08,road_segment,531
severe_08,road_segment,535
severe_08,road_segment,540
severe_08,road_segment,541
severe_08,road_segment,542
severe_08,road_segment,543
severe_08,road_segment,544
severe_08,road_segment,548
severe_08,road_segment,551
severe_08,road_segment,552
severe_08,road_segment,554
severe_08,road_segment,555
severe_08,road_segment,556
severe_08,road_segment,557
severe_08,road_segment,558
severe_08,road_segment,559
severe_08,road_segment,561
severe_08,road_segment,562
severe_08,road_segment,563
severe_08,road_segment,564
severe_08,road_segment,565
severe_08,road_segment,566
severe_08,road_segment,568
severe_08,road_segment,569
severe_08,road_segment,570
severe_08,road_segment,571
severe_08,road_segment,573
severe_08,road_segment,575
severe_08,road_segment,576
severe_08,road_segment,578
severe_08,road_segment,579
severe_08,road_segment,580
severe_08,road_segment,581
severe_08,road_segment,582
severe_08,road_segment,583
severe_08,road_segment,584
severe_08,road_segment,585
severe_08,road_segment,587
severe_08,road_segment,589
severe_08,road_segment,590
severe_08,road_segment,591
severe_08,road_segment,592
severe_08,road_segment,593
severe_08,road_segment,594
severe_08,road_segment,596
severe_08,road_segment,599
severe_08,road_segment,601
severe_08,road_segment,603
severe_08,road_segment,604
severe_08,road_segment,605
severe_08,road_segment,606
severe_08,road_segment,608
severe_08,road_segment,609
severe_08,road_segment,610
severe_08,road_segment,611
severe_08,road_segment,612
severe_08,road_segment,613
severe_08,road_segment,615
severe_08,road_segment,616
severe_08,road_segment,617
severe_08,road_segment,618
severe_08,road_segment,619
severe_08,road_segment,622
severe_08,road_segment,623
severe_08,road_segment,625
severe_08,road_segment,627
severe_08,road_segment,628
severe_08,road_segment,630
severe_08,road_segment,634
severe_08,road_segment,636
severe_08,road_segment,637
severe_08,road_segment,638
severe_08,road_segment,639
severe_08,road_segment,640
severe_08,road_segment,641
severe_08,road_segment,646
severe_08,road_segment,647
severe_08,road_segment,648
severe_08,road_segment,651
severe_08,road_segment,653
severe_08,road_segment,654
severe_08,road_segment,655
severe_08,road_segment,657
severe_08,road_segment,660
severe_08,road_segment,661
severe_08,road_segment,663
severe_08,road_segment,666
severe_08,road_segment,667
severe_08,road_segment,668
severe_08,road_segment,669
severe_08,road_segment,670
severe_08,road_segment,672
severe_08,road_segment,674
severe_08,road_segment,677
severe_08,road_segment,679
severe_08,road_segment,682
severe_08,road_segment,688
severe_08,road_segment,689
severe_08,road_segment,691
severe_08,road_segment,693
severe_08,road_segment,696
severe_08,road_segment,699
severe_08,road_segment,700
severe_08,road_segment,702
severe_08,road_segment,704
severe_08,road_segment,705
severe_08,road_segment,706
severe_08,road_segment,708
severe_08,road_segment,712
severe_08,road_segment,719
severe_08,road_segment,720
severe_08,road_segment,723
severe_08,road_segment,724
severe_08,road_segment,725
severe_08,road_segment,729
severe_08,road_segment,730
severe_08,road_segment,732
severe_08,road_segment,733
severe_08,road_segment,734
severe_08,road_segment,735
severe_08,road_segment,737
severe_08,road_segment,738
severe_08,road_segment,739
severe_08,road_segment,740
severe_08,road_segment,741
severe_08,road_segment,742
severe_08,road_segment,743
severe_08,road_segment,744
severe_08,road_segment,745
severe_08,road_segment,747
severe_08,road_segment,748
severe_08,road_segment,750
severe_08,road_segment,755
severe_08,road_segment,756
severe_08,road_segment,761
severe_08,road_segment,763
severe_08,road_segment,767
severe_08,road_segment,768
severe_08,road_segment,769
severe_08,road_segment,772
severe_08,road_segment,773
severe_08,road_segment,774
severe_08,road_segment,776
severe_08,road_segment,777
severe_08,road_segment,778
severe_08,road_segment,779
severe_08,road_segment,781
severe_08,road_segment,782
severe_08,road_segment,785
severe_08,road_segment,787
severe_08,road_segment,788
severe_08,road_segment,789
severe_08,road_segment,790
severe_08,road_segment,791
severe_08,road_segment,792
severe_08,road_segment,793
severe_08,road_segment,794
severe_08,road_segment,796
severe_08,road_segment,798
severe_08,road_segment,800
severe_08,road_segment,801
severe_08,road_segment,803
severe_08,road_segment,804
severe_08,road_segment,807
severe_08,road_segment,809
severe_08,road_segment,810
severe_08,road_segment,813
severe_08,road_segment,815
severe_08,road_segment,817
severe_08,road_segment,818
severe_08,road_segment,820
severe_08,road_segment,822
severe_08,road_segment,823
severe_08,road_segment,824
severe_08,road_segment,826
severe_08,road_segment,827
severe_08,road_segment,828
severe_08,road_segment,830
severe_08,road_segment,831
severe_08,road_segment,832
severe_08,road_segment,836
severe_08,road_segment,838
severe_08,road_segment,840
severe_08,road_segment,841
severe_08,road_segment,843
severe_08,road_segment,844
severe_08,road_segment,845
severe_08,road_segment,846
severe_08,road_segment,847
severe_08,road_segment,848
severe_08,road_segment,850
severe_08,road_segment,851
severe_08,road_segment,852
severe_08,road_segment,853
severe_08,road_segment,854
severe_08,road_segment,855
severe_08,road_segment,856
severe_08,road_segment,859
severe_08,road_segment,860
severe_08,road_segment,861
severe_08,road_segment,863
severe_08,road_segment,865
severe_08,road_segment,866
severe_08,road_segment,868
severe_08,road_segment,870
severe_08,road_segment,871
severe_08,road_segment,876
severe_08,road_segment,877
severe_08,road_segment,882
severe_08,road_segment,884
severe_08,road_segment,887
severe_08,road_segment,888
severe_08,road_segment,891
severe_08,road_segment,892
severe_08,road_segment,893
severe_08,road_segment,895
severe_08,road_segment,899
severe_08,road_segment,901
severe_08,road_segment,902
severe_08,road_segment,908
severe_08,road_segment,910
severe_08,road_segment,911
severe_08,road_segment,912
severe_08,road_segment,914
severe_08,road_segment,915
severe_08,road_segment,918
severe_08,road_segment,920
severe_08,road_segment,921
severe_08,road_segment,922
severe_08,road_segment,923
severe_08,road_segment,924
severe_08,road_segment,927
severe_08,road_segment,930
severe_08,road_segment,931
severe_08,road_segment,932
severe_08,road_segment,933
severe_08,road_segment,934
severe_08,road_segment,936
severe_08,road_segment,938
severe_08,road_segment,939
severe_08,road_segment,940
severe_08,road_segment,942
severe_08,road_segment,944
severe_08,road_segment,947
severe_08,road_segment,953
severe_08,road_segment,954
severe_08,road_segment,955
severe_08,road_segment,956
severe_08,road_segment,957
severe_08,road_segment,960
severe_08,road_segment,963
severe_08,road_segment,966
severe_08,road_segment,967
severe_08,road_segment,972
severe_08,road_segment,973
severe_08,road_segment,975
severe_08,road_segment,979
severe_08,road_segment,982
severe_08,road_segment,991
severe_08,road_segment,992
severe_08,road_segment,994
severe_08,road_segment,995
severe_08,road_segment,997
severe_08,road_segment,1000
severe_08,road_segment,1001
severe_08,road_segment,1005
severe_08,road_segment,1006
severe_08,road_segment,1007
severe_08,road_segment,1010
severe_08,road_segment,1013
severe_08,road_segment,1014
severe_08,road_segment,1015
severe_08,road_segment,1016
severe_08,road_segment,1024
severe_08,road_segment,1026
severe_08,road_segment,1027
severe_08,road_segment,1030
severe_08,road_segment,1033
severe_08,road_segment,1037
severe_08,road_segment,1041
severe_08,road_segment,1043
severe_08,road_segment,1044
severe_08,road_segment,1047
severe_08,road_segment,1048
severe_08,road_segment,1049
severe_08,road_segment,1050
severe_08,road_segment,1051
severe_08,road_segment,1054
severe_08,road_segment,1056
severe_08,road_segment,1057
severe_08,road_segment,1058
severe_08,road_segment,1059
severe_08,road_segment,1062
severe_08,road_segment,1063
severe_08,road_segment,1065
severe_08,road_segment,1068
severe_08,road_segment,1069
severe_08,road_segment,1070
severe_08,road_segment,1071
severe_08,road_segment,1072
severe_08,road_segment,1073
severe_08,road_segment,1074
severe_08,road_segment,1076
severe_08,road_segment,1078
severe_08,road_segment,1081
severe_08,road_segment,1082
severe_08,road_segment,1089
severe_08,road_segment,1091
severe_08,road_segment,1092
severe_08,road_segment,1093
severe_08,road_segment,1095
severe_08,road_segment,1096
severe_08,road_segment,1100
severe_08,road_segment,1105
severe_08,road_segment,1106
severe_08,road_segment,1107
severe_08,road_segment,1108
severe_08,road_segment,1110
severe_08,road_segment,1112
severe_08,road_segment,1113
severe_08,road_segment,1115
severe_08,road_segment,1117
severe_08,road_segment,1118
severe_08,road_segment,1120
severe_08,road_segment,1124
severe_08,road_segment,1127
severe_08,road_segment,1129
severe_08,facility,900308
severe_08,facility,876158
severe_08,facility,965433
severe_08,facility,885520
severe_08,facility,907956
severe_08,facility,963180
severe_08,facility,901325
severe_08,facility,929411
severe_08,facility,887699
severe_08,facility,950638
severe_08,facility,914520
severe_08,facility,900084
severe_08,facility,890796
severe_08,facility,900326
severe_08,facility,900239
severe_08,facility,870360
severe_08,facility,900323
severe_08,facility,902085
severe_09,road_segment,0
severe_09,road_segment,6
severe_09,road_segment,7
severe_09,road_segment,11
severe_09,road_segment,14
severe_09,road_segment,15
severe_09,road_segment,16
severe_09,road_segment,18
severe_09,road_segment,21
severe_09,road_segment,22
severe_09,road_segment,28
severe_09,road_segment,33
severe_09,road_segment,40
severe_09,road_segment,42
severe_09,road_segment,43
severe_09,road_segment,44
severe_09,road_segment,45
severe_09,road_segment,47
severe_09,road_segment,49
severe_09,road_segment,51
severe_09,road_segment,53
severe_09,road_segment,57
severe_09,road_segment,58
severe_09,road_segment,59
severe_09,road_segment,62
severe_09,road_segment,65
severe_09,road_segment,68
severe_09,road_segment,70
severe_09,road_segment,72
severe_09,road_segment,74
severe_09,road_segment,75
severe_09,road_segment,76
severe_09,road_segment,83
severe_09,road_segment,85
severe_09,road_segment,86
severe_09,road_segment,87
severe_09,road_segment,89
severe_09,road_segment,90
severe_09,road_segment,97
severe_09,road_segment,98
severe_09,road_segment,99
severe_09,road_segment,100
severe_09,road_segment,101
severe_09,road_segment,105
severe_09,road_segment,108
severe_09,road_segment,109
severe_09,road_segment,110
severe_09,road_segment,114
severe_09,road_segment,115
severe_09,road_segment,117
severe_09,road_segment,118
severe_09,road_segment,119
severe_09,road_segment,120
severe_09,road_segment,122
severe_09,road_segment,125
severe_09,road_segment,126
severe_09,road_segment,127
severe_09,road_segment,131
severe_09,road_segment,134
severe_09,road_segment,136
severe_09,road_segment,137
severe_09,road_segment,140
severe_09,road_segment,141
severe_09,road_segment,142
severe_09,road_segment,143
severe_09,road_segment,144
severe_09,road_segment,145
severe_09,road_segment,148
severe_09,road_segment,149
severe_09,road_segment,153
severe_09,road_segment,155
severe_09,road_segment,156
severe_09,road_segment,158
severe_09,road_segment,159
severe_09,road_segment,160
severe_09,road_segment,161
severe_09,road_segment,162
severe_09,road_segment,165
severe_09,road_segment,168
severe_09,road_segment,170
severe_09,road_segment,172
severe_09,road_segment,173
severe_09,road_segment,174
severe_09,road_segment,177
severe_09,road_segment,178
severe_09,road_segment,180
severe_09,road_segment,182
severe_09,road_segment,183
severe_09,road_segment,184
severe_09,road_segment,186
severe_09,road_segment,189
severe_09,road_segment,190
severe_09,road_segment,191
severe_09,road_segment,192
severe_09,road_segment,194
severe_09,road_segment,195
severe_09,road_segment,196
severe_09,road_segment,198
severe_09,road_segment,201
severe_09,road_segment,202
severe_09,road_segment,203
severe_09,road_segment,206
severe_09,road_segment,207
severe_09,road_segment,208
severe_09,road_segment,210
severe_09,road_segment,213
severe_09,road_segment,215
severe_09,road_segment,216
severe_09,road_segment,217
severe_09,road_segment,218
severe_09,road_segment,220
severe_09,road_segment,221
severe_09,road_segment,222
severe_09,road_segment,224
severe_09,road_segment,225
severe_09,road_segment,227
severe_09,road_segment,228
severe_09,road_segment,230
severe_09,road_segment,234
severe_09,road_segment,235
severe_09,road_segment,237
severe_09,road_segment,238
severe_09,road_segment,239
severe_09,road_segment,240
severe_09,road_segment,241
severe_09,road_segment,244
severe_09,road_segment,245
severe_09,road_segment,247
severe_09,road_segment,250
severe_09,road_segment,251
severe_09,road_segment,256
severe_09,road_segment,257
severe_09,road_segment,258
severe_09,road_segment,260
severe_09,road_segment,264
severe_09,road_segment,266
severe_09,road_segment,270
severe_09,road_segment,271
severe_09,road_segment,272
severe_09,road_segment,273
severe_09,road_segment,274
severe_09,road_segment,275
severe_09,road_segment,276
severe_09,road_segment,278
severe_09,road_segment,279
severe_09,road_segment,280
severe_09,road_segment,281
severe_09,road_segment,285
severe_09,road_segment,287
severe_09,road_segment,288
severe_09,road_segment,289
severe_09,road_segment,292
severe_09,road_segment,296
severe_09,road_segment,299
severe_09,road_segment,301
severe_09,road_segment,304
severe_09,road_segment,306
severe_09,road_segment,308
severe_09,road_segment,309
severe_09,road_segment,310
severe_09,road_segment,312
severe_09,road_segment,314
severe_09,road_segment,316
severe_09,road_segment,317
severe_09,road_segment,319
severe_09,road_segment,320
severe_09,road_segment,323
severe_09,road_segment,325
severe_09,road_segment,326
severe_09,road_segment,327
severe_09,road_segment,337
severe_09,road_segment,338
severe_09,road_segment,339
severe_09,road_segment,342
severe_09,road_segment,345
severe_09,road_segment,346
severe_09,road_segment,348
severe_09,road_segment,350
severe_09,road_segment,354
severe_09,road_segment,355
severe_09,road_segment,357
severe_09,road_segment,358
severe_09,road_segment,361
severe_09,road_segment,362
severe_09,road_segment,363
severe_09,road_segment,364
severe_09,road_segment,365
severe_09,road_segment,366
severe_09,road_segment,367
severe_09,road_segment,368
severe_09,road_segment,369
severe_09,road_segment,370
severe_09,road_segment,371
severe_09,road_segment,376
severe_09,road_segment,382
severe_09,road_segment,387
severe_09,road_segment,389
severe_09,road_segment,391
severe_09,road_segment,393
severe_09,road_segment,396
severe_09,road_segment,397
severe_09,road_segment,400
severe_09,road_segment,401
severe_09,road_segment,402
severe_09,road_segment,403
severe_09,road_segment,404
severe_09,road_segment,405
severe_09,road_segment,408
severe_09,road_segment,409
severe_09,road_segment,410
severe_09,road_segment,413
severe_09,road_segment,415
severe_09,road_segment,417
severe_09,road_segment,418
severe_09,road_segment,420
severe_09,road_segment,421
severe_09,road_segment,423
severe_09,road_segment,425
severe_09,road_segment,426
severe_09,road_segment,427
severe_09,road_segment,429
severe_09,road_segment,432
severe_09,road_segment,434
severe_09,road_segment,435
severe_09,road_segment,440
severe_09,road_segment,443
severe_09,road_segment,444
severe_09,road_segment,452
severe_09,road_segment,454
severe_09,road_segment,458
severe_09,road_segment,461
severe_09,road_segment,467
severe_09,road_segment,470
severe_09,road_segment,472
severe_09,road_segment,477
severe_09,road_segment,478
severe_09,road_segment,479
severe_09,road_segment,480
severe_09,road_segment,482
severe_09,road_segment,483
severe_09,road_segment,484
severe_09,road_segment,485
severe_09,road_segment,488
severe_09,road_segment,489
severe_09,road_segment,490
severe_09,road_segment,491
severe_09,road_segment,495
severe_09,road_segment,497
severe_09,road_segment,498
severe_09,road_segment,500
severe_09,road_segment,501
severe_09,road_segment,503
severe_09,road_segment,505
severe_09,road_segment,506
severe_09,road_segment,507
severe_09,road_segment,509
severe_09,road_segment,510
severe_09,road_segment,512
severe_09,road_segment,513
severe_09,road_segment,514
severe_09,road_segment,515
severe_09,road_segment,516
severe_09,road_segment,517
severe_09,road_segment,519
severe_09,road_segment,521
severe_09,road_segment,522
severe_09,road_segment,523
severe_09,road_segment,524
severe_09,road_segment,526
severe_09,road_segment,528
severe_09,road_segment,530
severe_09,road_segment,531
severe_09,road_segment,535
severe_09,road_segment,540
severe_09,road_segment,541
severe_09,road_segment,542
severe_09,road_segment,543
severe_09,road_segment,544
severe_09,road_segment,548
severe_09,road_segment,551
severe_09,road_segment,552
severe_09,road_segment,554
severe_09,road_segment,555
severe_09,road_segment,556
severe_09,road_segment,557
severe_09,road_segment,558
severe_09,road_segment,559
severe_09,road_segment,561
severe_09,road_segment,562
severe_09,road_segment,563
severe_09,road_segment,565
severe_09,road_segment,566
severe_09,road_segment,568
severe_09,road_segment,569
severe_09,road_segment,570
severe_09,road_segment,571
severe_09,road_segment,572
severe_09,road_segment,573
severe_09,road_segment,575
severe_09,road_segment,576
severe_09,road_segment,578
severe_09,road_segment,579
severe_09,road_segment,580
severe_09,road_segment,581
severe_09,road_segment,583
severe_09,road_segment,584
severe_09,road_segment,585
severe_09,road_segment,587
severe_09,road_segment,589
severe_09,road_segment,590
severe_09,road_segment,591
severe_09,road_segment,592
severe_09,road_segment,593
severe_09,road_segment,594
severe_09,road_segment,599
severe_09,road_segment,601
severe_09,road_segment,602
severe_09,road_segment,603
severe_09,road_segment,604
severe_09,road_segment,605
severe_09,road_segment,606
severe_09,road_segment,608
severe_09,road_segment,610
severe_09,road_segment,611
severe_09,road_segment,612
severe_09,road_segment,613
severe_09,road_segment,615
severe_09,road_segment,616
severe_09,road_segment,617
severe_09,road_segment,618
severe_09,road_segment,619
severe_09,road_segment,623
severe_09,road_segment,625
severe_09,road_segment,627
severe_09,road_segment,628
severe_09,road_segment,630
severe_09,road_segment,633
severe_09,road_segment,634
severe_09,road_segment,635
severe_09,road_segment,636
severe_09,road_segment,638
severe_09,road_segment,639
severe_09,road_segment,640
severe_09,road_segment,641
severe_09,road_segment,646
severe_09,road_segment,647
severe_09,road_segment,651
severe_09,road_segment,653
severe_09,road_segment,654
severe_09,road_segment,655
severe_09,road_segment,657
severe_09,road_segment,660
severe_09,road_segment,661
severe_09,road_segment,663
severe_09,road_segment,666
severe_09,road_segment,667
severe_09,road_segment,668
severe_09,road_segment,669
severe_09,road_segment,670
severe_09,road_segment,672
severe_09,road_segment,674
severe_09,road_segment,677
severe_09,road_segment,679
severe_09,road_segment,682
severe_09,road_segment,688
severe_09,road_segment,689
severe_09,road_segment,691
severe_09,road_segment,693
severe_09,road_segment,696
severe_09,road_segment,700
severe_09,road_segment,702
severe_09,road_segment,704
severe_09,road_segment,705
severe_09,road_segment,708
severe_09,road_segment,712
severe_09,road_segment,719
severe_09,road_segment,720
severe_09,road_segment,723
severe_09,road_segment,724
severe_09,road_segment,730
severe_09,road_segment,732
severe_09,road_segment,733
severe_09,road_segment,734
severe_09,road_segment,735
severe_09,road_segment,737
severe_09,road_segment,738
severe_09,road_segment,739
severe_09,road_segment,740
severe_09,road_segment,741
severe_09,road_segment,743
severe_09,road_segment,744
severe_09,road_segment,745
severe_09,road_segment,747
severe_09,road_segment,748
severe_09,road_segment,750
severe_09,road_segment,755
severe_09,road_segment,756
severe_09,road_segment,758
severe_09,road_segment,761
severe_09,road_segment,763
severe_09,road_segment,765
severe_09,road_segment,767
severe_09,road_segment,768
severe_09,road_segment,769
severe_09,road_segment,770
severe_09,road_segment,773
severe_09,road_segment,774
severe_09,road_segment,776
severe_09,road_segment,777
severe_09,road_segment,778
severe_09,road_segment,779
severe_09,road_segment,781
severe_09,road_segment,782
severe_09,road_segment,785
severe_09,road_segment,787
severe_09,road_segment,788
severe_09,road_segment,789
severe_09,road_segment,790
severe_09,road_segment,792
severe_09,road_segment,793
severe_09,road_segment,794
severe_09,road_segment,796
severe_09,road_segment,798
severe_09,road_segment,800
severe_09,road_segment,801
severe_09,road_segment,802
severe_09,road_segment,803
severe_09,road_segment,804
severe_09,road_segment,807
severe_09,road_segment,809
severe_09,road_segment,810
severe_09,road_segment,813
severe_09,road_segment,817
severe_09,road_segment,818
severe_09,road_segment,820
severe_09,road_segment,823
severe_09,road_segment,824
severe_09,road_segment,826
severe_09,road_segment,827
severe_09,road_segment,828
severe_09,road_segment,830
severe_09,road_segment,831
severe_09,road_segment,832
severe_09,road_segment,836
severe_09,road_segment,838
severe_09,road_segment,840
severe_09,road_segment,841
severe_09,road_segment,843
severe_09,road_segment,844
severe_09,road_segment,845
severe_09,road_segment,846
severe_09,road_segment,847
severe_09,road_segment,848
severe_09,road_segment,849
severe_09,road_segment,852
severe_09,road_segment,853
severe_09,road_segment,854
severe_09,road_segment,856
severe_09,road_segment,859
severe_09,road_segment,860
severe_09,road_segment,861
severe_09,road_segment,862
severe_09,road_segment,863
severe_09,road_segment,865
severe_09,road_segment,866
severe_09,road_segment,868
severe_09,road_segment,870
severe_09,road_segment,871
severe_09,road_segment,874
severe_09,road_segment,876
severe_09,road_segment,877
severe_09,road_segment,882
severe_09,road_segment,884
severe_09,road_segment,887
severe_09,road_segment,888
severe_09,road_segment,891
severe_09,road_segment,892
severe_09,road_segment,893
severe_09,road_segment,895
severe_09,road_segment,899
severe_09,road_segment,901
severe_09,road_segment,902
severe_09,road_segment,903
severe_09,road_segment,908
severe_09,road_segment,910
severe_09,road_segment,911
severe_09,road_segment,912
severe_09,road_segment,914
severe_09,road_segment,915
severe_09,road_segment,920
severe_09,road_segment,921
severe_09,road_segment,922
severe_09,road_segment,923
severe_09,road_segment,924
severe_09,road_segment,927
severe_09,road_segment,930
severe_09,road_segment,931
severe_09,road_segment,932
severe_09,road_segment,933
severe_09,road_segment,934
severe_09,road_segment,936
severe_09,road_segment,938
severe_09,road_segment,939
severe_09,road_segment,940
severe_09,road_segment,941
severe_09,road_segment,942
severe_09,road_segment,944
severe_09,road_segment,947
severe_09,road_segment,953
severe_09,road_segment,954
severe_09,road_segment,955
severe_09,road_segment,956
severe_09,road_segment,957
severe_09,road_segment,958
severe_09,road_segment,963
severe_09,road_segment,966
severe_09,road_segment,967
severe_09,road_segment,972
severe_09,road_segment,973
severe_09,road_segment,975
severe_09,road_segment,979
severe_09,road_segment,982
severe_09,road_segment,991
severe_09,road_segment,992
severe_09,road_segment,994
severe_09,road_segment,997
severe_09,road_segment,1000
severe_09,road_segment,1001
severe_09,road_segment,1005
severe_09,road_segment,1006
severe_09,road_segment,1007
severe_09,road_segment,1010
severe_09,road_segment,1013
severe_09,road_segment,1014
severe_09,road_segment,1015
severe_09,road_segment,1016
severe_09,road_segment,1020
severe_09,road_segment,1024
severe_09,road_segment,1026
severe_09,road_segment,1027
severe_09,road_segment,1030
severe_09,road_segment,1031
severe_09,road_segment,1033
severe_09,road_segment,1037
severe_09,road_segment,1041
severe_09,road_segment,1043
severe_09,road_segment,1044
severe_09,road_segment,1047
severe_09,road_segment,1048
severe_09,road_segment,1049
severe_09,road_segment,1051
severe_09,road_segment,1056
severe_09,road_segment,1058
severe_09,road_segment,1059
severe_09,road_segment,1063
severe_09,road_segment,1065
severe_09,road_segment,1068
severe_09,road_segment,1069
severe_09,road_segment,1070
severe_09,road_segment,1072
severe_09,road_segment,1073
severe_09,road_segment,1074
severe_09,road_segment,1076
severe_09,road_segment,1081
severe_09,road_segment,1082
severe_09,road_segment,1084
severe_09,road_segment,1089
severe_09,road_segment,1091
severe_09,road_segment,1092
severe_09,road_segment,1093
severe_09,road_segment,1095
severe_09,road_segment,1096
severe_09,road_segment,1100
severe_09,road_segment,1101
severe_09,road_segment,1105
severe_09,road_segment,1106
severe_09,road_segment,1107
severe_09,road_segment,1108
severe_09,road_segment,1110
severe_09,road_segment,1112
severe_09,road_segment,1115
severe_09,road_segment,1117
severe_09,road_segment,1120
severe_09,road_segment,1122
severe_09,road_segment,1124
severe_09,road_segment,1127
severe_09,road_segment,1129
severe_09,facility,900036
severe_09,facility,876158
severe_09,facility,912333
severe_09,facility,966003
severe_09,facility,885528
severe_09,facility,876161
severe_09,facility,901325
severe_09,facility,917873
severe_09,facility,900003
severe_09,facility,929411
severe_09,facility,877557
severe_09,facility,879303
severe_09,facility,870357
severe_09,facility,900326
severe_09,facility,899998
severe_09,facility,956263
severe_09,facility,900239
severe_09,facility,870360
severe_09,facility,900323
severe_09,facility,902085
severe_10,road_segment,0
severe_10,road_segment,6
severe_10,road_segment,7
severe_10,road_segment,11
severe_10,road_segment,14
severe_10,road_segment,15
severe_10,road_segment,16
severe_10,road_segment,18
severe_10,road_segment,22
severe_10,road_segment,28
severe_10,road_segment,33
severe_10,road_segment,40
severe_10,road_segment,42
severe_10,road_segment,43
severe_10,road_segment,44
severe_10,road_segment,45
severe_10,road_segment,47
severe_10,road_segment,51
severe_10,road_segment,57
severe_10,road_segment,58
severe_10,road_segment,59
severe_10,road_segment,62
severe_10,road_segment,65
severe_10,road_segment,68
severe_10,road_segment,72
severe_10,road_segment,74
severe_10,road_segment,75
severe_10,road_segment,83
severe_10,road_segment,85
severe_10,road_segment,86
severe_10,road_segment,87
severe_10,road_segment,89
severe_10,road_segment,97
severe_10,road_segment,98
severe_10,road_segment,100
severe_10,road_segment,101
severe_10,road_segment,105
severe_10,road_segment,108
severe_10,road_segment,109
severe_10,road_segment,114
severe_10,road_segment,117
severe_10,road_segment,118
severe_10,road_segment,119
severe_10,road_segment,120
severe_10,road_segment,122
severe_10,road_segment,127
severe_10,road_segment,134
severe_10,road_segment,136
severe_10,road_segment,140
severe_10,road_segment,141
severe_10,road_segment,143
severe_10,road_segment,144
severe_10,road_segment,148
severe_10,road_segment,149
severe_10,road_segment,153
severe_10,road_segment,155
severe_10,road_segment,156
severe_10,road_segment,158
severe_10,road_segment,159
severe_10,road_segment,160
severe_10,road_segment,162
severe_10,road_segment,165
severe_10,road_segment,170
severe_10,road_segment,172
severe_10,road_segment,173
severe_10,road_segment,174
severe_10,road_segment,177
severe_10,road_segment,180
severe_10,road_segment,182
severe_10,road_segment,183
severe_10,road_segment,184
severe_10,road_segment,186
severe_10,road_segment,189
severe_10,road_segment,190
severe_10,road_segment,191
severe_10,road_segment,192
severe_10,road_segment,194
severe_10,road_segment,195
severe_10,road_segment,196
severe_10,road_segment,198
severe_10,road_segment,201
severe_10,road_segment,206
severe_10,road_segment,207
severe_10,road_segment,208
severe_10,road_segment,210
severe_10,road_segment,215
severe_10,road_segment,216
severe_10,road_segment,220
severe_10,road_segment,222
severe_10,road_segment,224
severe_10,road_segment,225
severe_10,road_segment,227
severe_10,road_segment,228
severe_10,road_segment,230
severe_10,road_segment,234
severe_10,road_segment,235
severe_10,road_segment,238
severe_10,road_segment,239
severe_10,road_segment,241
severe_10,road_segment,245
severe_10,road_segment,247
severe_10,road_segment,250
severe_10,road_segment,251
severe_10,road_segment,256
severe_10,road_segment,257
severe_10,road_segment,258
severe_10,road_segment,260
severe_10,road_segment,264
severe_10,road_segment,266
severe_10,road_segment,270
severe_10,road_segment,271
severe_10,road_segment,272
severe_10,road_segment,273
severe_10,road_segment,274
severe_10,road_segment,275
severe_10,road_segment,278
severe_10,road_segment,279
severe_10,road_segment,280
severe_10,road_segment,281
severe_10,road_segment,285
severe_10,road_segment,289
severe_10,road_segment,292
severe_10,road_segment,296
severe_10,road_segment,299
severe_10,road_segment,301
severe_10,road_segment,304
severe_10,road_segment,306
severe_10,road_segment,308
severe_10,road_segment,310
severe_10,road_segment,316
severe_10,road_segment,317
severe_10,road_segment,319
severe_10,road_segment,320
severe_10,road_segment,323
severe_10,road_segment,325
severe_10,road_segment,326
severe_10,road_segment,327
severe_10,road_segment,337
severe_10,road_segment,338
severe_10,road_segment,339
severe_10,road_segment,342
severe_10,road_segment,345
severe_10,road_segment,346
severe_10,road_segment,348
severe_10,road_segment,350
severe_10,road_segment,354
severe_10,road_segment,355
severe_10,road_segment,358
severe_10,road_segment,361
severe_10,road_segment,362
severe_10,road_segment,364
severe_10,road_segment,365
severe_10,road_segment,366
severe_10,road_segment,367
severe_10,road_segment,368
severe_10,road_segment,369
severe_10,road_segment,370
severe_10,road_segment,376
severe_10,road_segment,382
severe_10,road_segment,387
severe_10,road_segment,389
severe_10,road_segment,391
severe_10,road_segment,393
severe_10,road_segment,397
severe_10,road_segment,400
severe_10,road_segment,401
severe_10,road_segment,402
severe_10,road_segment,403
severe_10,road_segment,404
severe_10,road_segment,405
severe_10,road_segment,408
severe_10,road_segment,409
severe_10,road_segment,410
severe_10,road_segment,415
severe_10,road_segment,417
severe_10,road_segment,418
severe_10,road_segment,420
severe_10,road_segment,423
severe_10,road_segment,426
severe_10,road_segment,427
severe_10,road_segment,432
severe_10,road_segment,434
severe_10,road_segment,435
severe_10,road_segment,440
severe_10,road_segment,443
severe_10,road_segment,444
severe_10,road_segment,452
severe_10,road_segment,454
severe_10,road_segment,458
severe_10,road_segment,461
severe_10,road_segment,467
severe_10,road_segment,470
severe_10,road_segment,477
severe_10,road_segment,479
severe_10,road_segment,480
severe_10,road_segment,482
severe_10,road_segment,483
severe_10,road_segment,484
severe_10,road_segment,485
severe_10,road_segment,488
severe_10,road_segment,489
severe_10,road_segment,490
severe_10,road_segment,491
severe_10,road_segment,495
severe_10,road_segment,498
severe_10,road_segment,500
severe_10,road_segment,501
severe_10,road_segment,505
severe_10,road_segment,506
severe_10,road_segment,507
severe_10,road_segment,510
severe_10,road_segment,513
severe_10,road_segment,514
severe_10,road_segment,515
severe_10,road_segment,516
severe_10,road_segment,517
severe_10,road_segment,519
severe_10,road_segment,522
severe_10,road_segment,523
severe_10,road_segment,524
severe_10,road_segment,526
severe_10,road_segment,530
severe_10,road_segment,531
severe_10,road_segment,535
severe_10,road_segment,540
severe_10,road_segment,541
severe_10,road_segment,542
severe_10,road_segment,543
severe_10,road_segment,544
severe_10,road_segment,548
severe_10,road_segment,551
severe_10,road_segment,552
severe_10,road_segment,554
severe_10,road_segment,555
severe_10,road_segment,556
severe_10,road_segment,557
severe_10,road_segment,558
severe_10,road_segment,559
severe_10,road_segment,561
severe_10,road_segment,562
severe_10,road_segment,566
severe_10,road_segment,568
severe_10,road_segment,569
severe_10,road_segment,570
severe_10,road_segment,573
severe_10,road_segment,575
severe_10,road_segment,576
severe_10,road_segment,578
severe_10,road_segment,579
severe_10,road_segment,580
severe_10,road_segment,581
severe_10,road_segment,583
severe_10,road_segment,584
severe_10,road_segment,585
severe_10,road_segment,587
severe_10,road_segment,589
severe_10,road_segment,590
severe_10,road_segment,591
severe_10,road_segment,592
severe_10,road_segment,593
severe_10,road_segment,594
severe_10,road_segment,599
severe_10,road_segment,601
severe_10,road_segment,603
severe_10,road_segment,604
severe_10,road_segment,605
severe_10,road_segment,606
severe_10,road_segment,608
severe_10,road_segment,610
severe_10,road_segment,612
severe_10,road_segment,613
severe_10,road_segment,615
severe_10,road_segment,616
severe_10,road_segment,623
severe_10,road_segment,625
severe_10,road_segment,627
severe_10,road_segment,628
severe_10,road_segment,630
severe_10,road_segment,634
severe_10,road_segment,636
severe_10,road_segment,638
severe_10,road_segment,639
severe_10,road_segment,640
severe_10,road_segment,641
severe_10,road_segment,646
severe_10,road_segment,647
severe_10,road_segment,653
severe_10,road_segment,654
severe_10,road_segment,655
severe_10,road_segment,660
severe_10,road_segment,661
severe_10,road_segment,663
severe_10,road_segment,666
severe_10,road_segment,667
severe_10,road_segment,668
severe_10,road_segment,669
severe_10,road_segment,670
severe_10,road_segment,672
severe_10,road_segment,674
severe_10,road_segment,677
severe_10,road_segment,679
severe_10,road_segment,682
severe_10,road_segment,688
severe_10,road_segment,689
severe_10,road_segment,693
severe_10,road_segment,696
severe_10,road_segment,700
severe_10,road_segment,704
severe_10,road_segment,705
severe_10,road_segment,708
severe_10,road_segment,712
severe_10,road_segment,719
severe_10,road_segment,720
severe_10,road_segment,723
severe_10,road_segment,730
severe_10,road_segment,732
severe_10,road_segment,733
severe_10,road_segment,734
severe_10,road_segment,735
severe_10,road_segment,737
severe_10,road_segment,738
severe_10,road_segment,739
severe_10,road_segment,740
severe_10,road_segment,741
severe_10,road_segment,744
severe_10,road_segment,745
severe_10,road_segment,750
severe_10,road_segment,756
severe_10,road_segment,761
severe_10,road_segment,763
severe_10,road_segment,767
severe_10,road_segment,768
severe_10,road_segment,769
severe_10,road_segment,773
severe_10,road_segment,774
severe_10,road_segment,776
severe_10,road_segment,777
severe_10,road_segment,779
severe_10,road_segment,781
severe_10,road_segment,782
severe_10,road_segment,785
severe_10,road_segment,787
severe_10,road_segment,789
severe_10,road_segment,790
severe_10,road_segment,792
severe_10,road_segment,793
severe_10,road_segment,794
severe_10,road_segment,796
severe_10,road_segment,798
severe_10,road_segment,800
severe_10,road_segment,801
severe_10,road_segment,803
severe_10,road_segment,804
severe_10,road_segment,807
severe_10,road_segment,809
severe_10,road_segment,810
severe_10,road_segment,813
severe_10,road_segment,817
severe_10,road_segment,818
severe_10,road_segment,823
severe_10,road_segment,824
severe_10,road_segment,826
severe_10,road_segment,827
severe_10,road_segment,828
severe_10,road_segment,830
severe_10,road_segment,831
severe_10,road_segment,832
severe_10,road_segment,838
severe_10,road_segment,840
severe_10,road_segment,841
severe_10,road_segment,843
severe_10,road_segment,844
severe_10,road_segment,845
severe_10,road_segment,847
severe_10,road_segment,848
severe_10,road_segment,852
severe_10,road_segment,854
severe_10,road_segment,856
severe_10,road_segment,859
severe_10,road_segment,860
severe_10,road_segment,861
severe_10,road_segment,863
severe_10,road_segment,865
severe_10,road_segment,866
severe_10,road_segment,868
severe_10,road_segment,871
severe_10,road_segment,876
severe_10,road_segment,877
severe_10,road_segment,884
severe_10,road_segment,887
severe_10,road_segment,888
severe_10,road_segment,892
severe_10,road_segment,893
severe_10,road_segment,895
severe_10,road_segment,899
severe_10,road_segment,901
severe_10,road_segment,910
severe_10,road_segment,911
severe_10,road_segment,912
severe_10,road_segment,914
severe_10,road_segment,915
severe_10,road_segment,920
severe_10,road_segment,921
severe_10,road_segment,922
severe_10,road_segment,923
severe_10,road_segment,924
severe_10,road_segment,927
severe_10,road_segment,930
severe_10,road_segment,931
severe_10,road_segment,932
severe_10,road_segment,933
severe_10,road_segment,934
severe_10,road_segment,936
severe_10,road_segment,938
severe_10,road_segment,942
severe_10,road_segment,944
severe_10,road_segment,947
severe_10,road_segment,953
severe_10,road_segment,954
severe_10,road_segment,955
severe_10,road_segment,956
severe_10,road_segment,957
severe_10,road_segment,963
severe_10,road_segment,966
severe_10,road_segment,967
severe_10,road_segment,972
severe_10,road_segment,973
severe_10,road_segment,975
severe_10,road_segment,982
severe_10,road_segment,992
severe_10,road_segment,994
severe_10,road_segment,997
severe_10,road_segment,1000
severe_10,road_segment,1001
severe_10,road_segment,1005
severe_10,road_segment,1006
severe_10,road_segment,1010
severe_10,road_segment,1013
severe_10,road_segment,1014
severe_10,road_segment,1015
severe_10,road_segment,1024
severe_10,road_segment,1026
severe_10,road_segment,1027
severe_10,road_segment,1030
severe_10,road_segment,1033
severe_10,road_segment,1037
severe_10,road_segment,1041
severe_10,road_segment,1043
severe_10,road_segment,1047
severe_10,road_segment,1048
severe_10,road_segment,1049
severe_10,road_segment,1051
severe_10,road_segment,1056
severe_10,road_segment,1058
severe_10,road_segment,1063
severe_10,road_segment,1065
severe_10,road_segment,1068
severe_10,road_segment,1069
severe_10,road_segment,1070
severe_10,road_segment,1072
severe_10,road_segment,1073
severe_10,road_segment,1074
severe_10,road_segment,1076
severe_10,road_segment,1081
severe_10,road_segment,1082
severe_10,road_segment,1089
severe_10,road_segment,1091
severe_10,road_segment,1092
severe_10,road_segment,1093
severe_10,road_segment,1095
severe_10,road_segment,1096
severe_10,road_segment,1100
severe_10,road_segment,1105
severe_10,road_segment,1106
severe_10,road_segment,1107
severe_10,road_segment,1108
severe_10,road_segment,1117
severe_10,road_segment,1124
severe_10,road_segment,1127
severe_10,road_segment,1129
severe_10,facility,900308
severe_10,facility,888197
severe_10,facility,966003
severe_10,facility,907956
severe_10,facility,876161
severe_10,facility,901325
severe_10,facility,900003
severe_10,facility,960725
severe_10,facility,914520
severe_10,facility,900084
severe_10,facility,900326
severe_10,facility,956263
severe_10,facility,963173
severe_10,facility,900323
severe_10,facility,902085
severe_11,road_segment,0
severe_11,road_segment,6
severe_11,road_segment,7
severe_11,road_segment,11
severe_11,road_segment,14
severe_11,road_segment,15
severe_11,road_segment,16
severe_11,road_segment,18
severe_11,road_segment,21
severe_11,road_segment,22
severe_11,road_segment,28
severe_11,road_segment,33
severe_11,road_segment,40
severe_11,road_segment,42
severe_11,road_segment,43
severe_11,road_segment,44
severe_11,road_segment,45
severe_11,road_segment,47
severe_11,road_segment,51
severe_11,road_segment,53
severe_11,road_segment,57
severe_11,road_segment,58
severe_11,road_segment,59
severe_11,road_segment,62
severe_11,road_segment,65
severe_11,road_segment,68
severe_11,road_segment,70
severe_11,road_segment,72
severe_11,road_segment,74
severe_11,road_segment,75
severe_11,road_segment,83
severe_11,road_segment,85
severe_11,road_segment,86
severe_11,road_segment,87
severe_11,road_segment,89
severe_11,road_segment,97
severe_11,road_segment,98
severe_11,road_segment,99
severe_11,road_segment,100
severe_11,road_segment,101
severe_11,road_segment,105
severe_11,road_segment,108
severe_11,road_segment,109
severe_11,road_segment,110
severe_11,road_segment,114
severe_11,road_segment,115
severe_11,road_segment,117
severe_11,road_segment,118
severe_11,road_segment,119
severe_11,road_segment,120
severe_11,road_segment,122
severe_11,road_segment,127
severe_11,road_segment,131
severe_11,road_segment,134
severe_11,road_segment,136
severe_11,road_segment,137
severe_11,road_segment,140
severe_11,road_segment,141
severe_11,road_segment,142
severe_11,road_segment,143
severe_11,road_segment,144
severe_11,road_segment,145
severe_11,road_segment,148
severe_11,road_segment,149
severe_11,road_segment,153
severe_11,road_segment,155
severe_11,road_segment,156
severe_11,road_segment,158
severe_11,road_segment,159
severe_11,road_segment,160
severe_11,road_segment,161
severe_11,road_segment,162
severe_11,road_segment,165
severe_11,road_segment,170
severe_11,road_segment,172
severe_11,road_segment,173
severe_11,road_segment,174
severe_11,road_segment,177
severe_11,road_segment,178
severe_11,road_segment,180
severe_11,road_segment,182
severe_11,road_segment,183
severe_11,road_segment,184
severe_11,road_segment,186
severe_11,road_segment,189
severe_11,road_segment,190
severe_11,road_segment,191
severe_11,road_segment,192
severe_11,road_segment,194
severe_11,road_segment,195
severe_11,road_segment,196
severe_11,road_segment,198
severe_11,road_segment,201
severe_11,road_segment,202
severe_11,road_segment,203
severe_11,road_segment,206
severe_11,road_segment,207
severe_11,road_segment,208
severe_11,road_segment,210
severe_11,road_segment,215
severe_11,road_segment,216
severe_11,road_segment,218
severe_11,road_segment,220
severe_11,road_segment,222
severe_11,road_segment,224
severe_11,road_segment,225
severe_11,road_segment,227
severe_11,road_segment,228
severe_11,road_segment,230
severe_11,road_segment,234
severe_11,road_segment,235
severe_11,road_segment,237
severe_11,road_segment,238
severe_11,road_segment,239
severe_11,road_segment,240
severe_11,road_segment,241
severe_11,road_segment,245
severe_11,road_segment,247
severe_11,road_segment,250
severe_11,road_segment,251
severe_11,road_segment,256
severe_11,road_segment,257
severe_11,road_segment,258
severe_11,road_segment,260
severe_11,road_segment,264
severe_11,road_segment,266
severe_11,road_segment,270
severe_11,road_segment,271
severe_11,road_segment,272
severe_11,road_segment,273
severe_11,road_segment,274
severe_11,road_segment,275
severe_11,road_segment,276
severe_11,road_segment,278
severe_11,road_segment,279
severe_11,road_segment,280
severe_11,road_segment,281
severe_11,road_segment,285
severe_11,road_segment,287
severe_11,road_segment,288
severe_11,road_segment,289
severe_11,road_segment,292
severe_11,road_segment,296
severe_11,road_segment,299
severe_11,road_segment,301
severe_11,road_segment,304
severe_11,road_segment,306
severe_11,road_segment,308
severe_11,road_segment,310
severe_11,road_segment,312
severe_11,road_segment,316
severe_11,road_segment,317
severe_11,road_segment,319
severe_11,road_segment,320
severe_11,road_segment,323
severe_11,road_segment,325
severe_11,road_segment,326
severe_11,road_segment,327
severe_11,road_segment,337
severe_11,road_segment,338
severe_11,road_segment,339
severe_11,road_segment,342
severe_11,road_segment,345
severe_11,road_segment,346
severe_11,road_segment,348
severe_11,road_segment,350
severe_11,road_segment,354
severe_11,road_segment,355
severe_11,road_segment,357
severe_11,road_segment,358
severe_11,road_segment,361
severe_11,road_segment,362
severe_11,road_segment,364
severe_11,road_segment,365
severe_11,road_segment,366
severe_11,road_segment,367
severe_11,road_segment,368
severe_11,road_segment,369
severe_11,road_segment,370
severe_11,road_segment,371
severe_11,road_segment,376
severe_11,road_segment,382
severe_11,road_segment,387
severe_11,road_segment,389
severe_11,road_segment,391
severe_11,road_segment,393
severe_11,road_segment,397
severe_11,road_segment,400
severe_11,road_segment,401
severe_11,road_segment,402
severe_11,road_segment,403
severe_11,road_segment,404
severe_11,road_segment,405
severe_11,road_segment,408
severe_11,road_segment,409
severe_11,road_segment,410
severe_11,road_segment,415
severe_11,road_segment,417
severe_11,road_segment,418
severe_11,road_segment,420
severe_11,road_segment,423
severe_11,road_segment,425
severe_11,road_segment,426
severe_11,road_segment,427
severe_11,road_segment,432
severe_11,road_segment,434
severe_11,road_segment,435
severe_11,road_segment,440
severe_11,road_segment,443
severe_11,road_segment,444
severe_11,road_segment,452
severe_11,road_segment,454
severe_11,road_segment,458
severe_11,road_segment,461
severe_11,road_segment,467
severe_11,road_segment,470
severe_11,road_segment,477
severe_11,road_segment,478
severe_11,road_segment,479
severe_11,road_segment,480
severe_11,road_segment,482
severe_11,road_segment,483
severe_11,road_segment,484
severe_11,road_segment,485
severe_11,road_segment,488
severe_11,road_segment,489
severe_11,road_segment,490
severe_11,road_segment,491
severe_11,road_segment,495
severe_11,road_segment,497
severe_11,road_segment,498
severe_11,road_segment,500
severe_11,road_segment,501
severe_11,road_segment,505
severe_11,road_segment,506
severe_11,road_segment,507
severe_11,road_segment,510
severe_11,road_segment,513
severe_11,road_segment,514
severe_11,road_segment,515
severe_11,road_segment,516
severe_11,road_segment,517
severe_11,road_segment,519
severe_11,road_segment,521
severe_11,road_segment,522
severe_11,road_segment,523
severe_11,road_segment,524
severe_11,road_segment,526
severe_11,road_segment,528
severe_11,road_segment,530
severe_11,road_segment,531
severe_11,road_segment,535
severe_11,road_segment,540
severe_11,road_segment,541
severe_11,road_segment,542
severe_11,road_segment,543
severe_11,road_segment,544
severe_11,road_segment,548
severe_11,road_segment,551
severe_11,road_segment,552
severe_11,road_segment,554
severe_11,road_segment,555
severe_11,road_segment,556
severe_11,road_segment,557
severe_11,road_segment,558
severe_11,road_segment,559
severe_11,road_segment,561
severe_11,road_segment,562
severe_11,road_segment,563
severe_11,road_segment,565
severe_11,road_segment,566
severe_11,road_segment,568
severe_11,road_segment,569
severe_11,road_segment,570
severe_11,road_segment,571
severe_11,road_segment,573
severe_11,road_segment,575
severe_11,road_segment,576
severe_11,road_segment,578
severe_11,road_segment,579
severe_11,road_segment,580
severe_11,road_segment,581
severe_11,road_segment,583
severe_11,road_segment,584
severe_11,road_segment,585
severe_11,road_segment,587
severe_11,road_segment,589
severe_11,road_segment,590
severe_11,road_segment,591
severe_11,road_segment,592
severe_11,road_segment,593
severe_11,road_segment,594
severe_11,road_segment,599
severe_11,road_segment,601
severe_11,road_segment,603
severe_11,road_segment,604
severe_11,road_segment,605
severe_11,road_segment,606
severe_11,road_segment,608
severe_11,road_segment,610
severe_11,road_segment,611
severe_11,road_segment,612
severe_11,road_segment,613
severe_11,road_segment,615
severe_11,road_segment,616
severe_11,road_segment,617
severe_11,road_segment,618
severe_11,road_segment,619
severe_11,road_segment,623
severe_11,road_segment,625
severe_11,road_segment,627
severe_11,road_segment,628
severe_11,road_segment,630
severe_11,road_segment,634
severe_11,road_segment,636
severe_11,road_segment,638
severe_11,road_segment,639
severe_11,road_segment,640
severe_11,road_segment,641
severe_11,road_segment,646
severe_11,road_segment,647
severe_11,road_segment,651
severe_11,road_segment,653
severe_11,road_segment,654
severe_11,road_segment,655
severe_11,road_segment,657
severe_11,road_segment,660
severe_11,road_segment,661
severe_11,road_segment,663
severe_11,road_segment,666
severe_11,road_segment,667
severe_11,road_segment,668
severe_11,road_segment,669
severe_11,road_segment,670
severe_11,road_segment,672
severe_11,road_segment,674
severe_11,road_segment,677
severe_11,road_segment,679
severe_11,road_segment,682
severe_11,road_segment,688
severe_11,road_segment,689
severe_11,road_segment,691
severe_11,road_segment,693
severe_11,road_segment,696
severe_11,road_segment,700
severe_11,road_segment,702
severe_11,road_segment,704
severe_11,road_segment,705
severe_11,road_segment,708
severe_11,road_segment,712
severe_11,road_segment,719
severe_11,road_segment,720
severe_11,road_segment,723
severe_11,road_segment,724
severe_11,road_segment,730
severe_11,road_segment,732
severe_11,road_segment,733
severe_11,road_segment,734
severe_11,road_segment,735
severe_11,road_segment,737
severe_11,road_segment,738
severe_11,road_segment,739
severe_11,road_segment,740
severe_11,road_segment,741
severe_11,road_segment,743
severe_11,road_segment,744
severe_11,road_segment,745
severe_11,road_segment,747
severe_11,road_segment,748
severe_11,road_segment,750
severe_11,road_segment,755
severe_11,road_segment,756
severe_11,road_segment,761
severe_11,road_segment,763
severe_11,road_segment,767
severe_11,road_segment,768
severe_11,road_segment,769
severe_11,road_segment,773
severe_11,road_segment,774
severe_11,road_segment,776
severe_11,road_segment,777
severe_11,road_segment,778
severe_11,road_segment,779
severe_11,road_segment,781
severe_11,road_segment,782
severe_11,road_segment,785
severe_11,road_segment,787
severe_11,road_segment,788
severe_11,road_segment,789
severe_11,road_segment,790
severe_11,road_segment,792
severe_11,road_segment,793
severe_11,road_segment,794
severe_11,road_segment,796
severe_11,road_segment,798
severe_11,road_segment,800
severe_11,road_segment,801
severe_11,road_segment,803
severe_11,road_segment,804
severe_11,road_segment,807
severe_11,road_segment,809
severe_11,road_segment,810
severe_11,road_segment,813
severe_11,road_segment,817
severe_11,road_segment,818
severe_11,road_segment,820
severe_11,road_segment,823
severe_11,road_segment,824
severe_11,road_segment,826
severe_11,road_segment,827
severe_11,road_segment,828
severe_11,road_segment,830
severe_11,road_segment,831
severe_11,road_segment,832
severe_11,road_segment,836
severe_11,road_segment,838
severe_11,road_segment,840
severe_11,road_segment,841
severe_11,road_segment,843
severe_11,road_segment,844
severe_11,road_segment,845
severe_11,road_segment,846
severe_11,road_segment,847
severe_11,road_segment,848
severe_11,road_segment,852
severe_11,road_segment,853
severe_11,road_segment,854
severe_11,road_segment,856
severe_11,road_segment,859
severe_11,road_segment,860
severe_11,road_segment,861
severe_11,road_segment,863
severe_11,road_segment,865
severe_11,road_segment,866
severe_11,road_segment,868
severe_11,road_segment,870
severe_11,road_segment,871
severe_11,road_segment,876
severe_11,road_segment,877
severe_11,road_segment,882
severe_11,road_segment,884
severe_11,road_segment,887
severe_11,road_segment,888
severe_11,road_segment,891
severe_11,road_segment,892
severe_11,road_segment,893
severe_11,road_segment,895
severe_11,road_segment,899
severe_11,road_segment,901
severe_11,road_segment,902
severe_11,road_segment,908
severe_11,road_segment,910
severe_11,road_segment,911
severe_11,road_segment,912
severe_11,road_segment,914
severe_11,road_segment,915
severe_11,road_segment,920
severe_11,road_segment,921
severe_11,road_segment,922
severe_11,road_segment,923
severe_11,road_segment,924
severe_11,road_segment,927
severe_11,road_segment,930
severe_11,road_segment,931
severe_11,road_segment,932
severe_11,road_segment,933
severe_11,road_segment,934
severe_11,road_segment,936
severe_11,road_segment,938
severe_11,road_segment,939
severe_11,road_segment,940
severe_11,road_segment,942
severe_11,road_segment,944
severe_11,road_segment,947
severe_11,road_segment,953
severe_11,road_segment,954
severe_11,road_segment,955
severe_11,road_segment,956
severe_11,road_segment,957
severe_11,road_segment,963
severe_11,road_segment,966
severe_11,road_segment,967
severe_11,road_segment,972
severe_11,road_segment,973
severe_11,road_segment,975
severe_11,road_segment,979
severe_11,road_segment,982
severe_11,road_segment,991
severe_11,road_segment,992
severe_11,road_segment,994
severe_11,road_segment,997
severe_11,road_segment,1000
severe_11,road_segment,1001
severe_11,road_segment,1005
severe_11,road_segment,1006
severe_11,road_segment,1007
severe_11,road_segment,1010
severe_11,road_segment,1013
severe_11,road_segment,1014
severe_11,road_segment,1015
severe_11,road_segment,1016
severe_11,road_segment,1024
severe_11,road_segment,1026
severe_11,road_segment,1027
severe_11,road_segment,1030
severe_11,road_segment,1033
severe_11,road_segment,1037
severe_11,road_segment,1041
severe_11,road_segment,1043
severe_11,road_segment,1044
severe_11,road_segment,1047
severe_11,road_segment,1048
severe_11,road_segment,1049
severe_11,road_segment,1051
severe_11,road_segment,1056
severe_11,road_segment,1058
severe_11,road_segment,1059
severe_11,road_segment,1063
severe_11,road_segment,1065
severe_11,road_segment,1068
severe_11,road_segment,1069
severe_11,road_segment,1070
severe_11,road_segment,1072
severe_11,road_segment,1073
severe_11,road_segment,1074
severe_11,road_segment,1076
severe_11,road_segment,1081
severe_11,road_segment,1082
severe_11,road_segment,1089
severe_11,road_segment,1091
severe_11,road_segment,1092
severe_11,road_segment,1093
severe_11,road_segment,1095
severe_11,road_segment,1096
severe_11,road_segment,1100
severe_11,road_segment,1105
severe_11,road_segment,1106
severe_11,road_segment,1107
severe_11,road_segment,1108
severe_11,road_segment,1110
severe_11,road_segment,1112
severe_11,road_segment,1115
severe_11,road_segment,1117
severe_11,road_segment,1120
severe_11,road_segment,1124
severe_11,road_segment,1127
severe_11,road_segment,1129
severe_11,facility,900308
severe_11,facility,876158
severe_11,facility,912333
severe_11,facility,876161
severe_11,facility,963180
severe_11,facility,900003
severe_11,facility,950638
severe_11,facility,914520
severe_11,facility,900084
severe_11,facility,879303
severe_11,facility,890796
severe_11,facility,900326
severe_11,facility,956263
severe_11,facility,870360
severe_11,facility,902085
severe_12,road_segment,6
severe_12,road_segment,7
severe_12,road_segment,14
severe_12,road_segment,15
severe_12,road_segment,18
severe_12,road_segment,21
severe_12,road_segment,22
severe_12,road_segment,42
severe_12,road_segment,43
severe_12,road_segment,44
severe_12,road_segment,47
severe_12,road_segment,51
severe_12,road_segment,57
severe_12,road_segment,58
severe_12,road_segment,59
severe_12,road_segment,62
severe_12,road_segment,65
severe_12,road_segment,68
severe_12,road_segment,70
severe_12,road_segment,72
severe_12,road_segment,74
severe_12,road_segment,75
severe_12,road_segment,85
severe_12,road_segment,86
severe_12,road_segment,87
severe_12,road_segment,89
severe_12,road_segment,90
severe_12,road_segment,97
severe_12,road_segment,98
severe_12,road_segment,99
severe_12,road_segment,100
severe_12,road_segment,101
severe_12,road_segment,105
severe_12,road_segment,108
severe_12,road_segment,109
severe_12,road_segment,110
severe_12,road_segment,114
severe_12,road_segment,115
severe_12,road_segment,117
severe_12,road_segment,118
severe_12,road_segment,119
severe_12,road_segment,120
severe_12,road_segment,122
severe_12,road_segment,125
severe_12,road_segment,126
severe_12,road_segment,131
severe_12,road_segment,134
severe_12,road_segment,136
severe_12,road_segment,137
severe_12,road_segment,140
severe_12,road_segment,141
severe_12,road_segment,142
severe_12,road_segment,143
severe_12,road_segment,144
severe_12,road_segment,145
severe_12,road_segment,148
severe_12,road_segment,149
severe_12,road_segment,156
severe_12,road_segment,158
severe_12,road_segment,159
severe_12,road_segment,160
severe_12,road_segment,161
severe_12,road_segment,162
severe_12,road_segment,165
severe_12,road_segment,172
severe_12,road_segment,173
severe_12,road_segment,177
severe_12,road_segment,180
severe_12,road_segment,182
severe_12,road_segment,183
severe_12,road_segment,184
severe_12,road_segment,186
severe_12,road_segment,190
severe_12,road_segment,191
severe_12,road_segment,192
severe_12,road_segment,196
severe_12,road_segment,198
severe_12,road_segment,201
severe_12,road_segment,202
severe_12,road_segment,203
severe_12,road_segment,206
severe_12,road_segment,207
severe_12,road_segment,208
severe_12,road_segment,210
severe_12,road_segment,213
severe_12,road_segment,215
severe_12,road_segment,216
severe_12,road_segment,218
severe_12,road_segment,220
severe_12,road_segment,222
severe_12,road_segment,224
severe_12,road_segment,225
severe_12,road_segment,227
severe_12,road_segment,228
severe_12,road_segment,230
severe_12,road_segment,234
severe_12,road_segment,235
severe_12,road_segment,237
severe_12,road_segment,238
severe_12,road_segment,239
severe_12,road_segment,240
severe_12,road_segment,241
severe_12,road_segment,245
severe_12,road_segment,251
severe_12,road_segment,256
severe_12,road_segment,257
severe_12,road_segment,258
severe_12,road_segment,260
severe_12,road_segment,264
severe_12,road_segment,266
severe_12,road_segment,270
severe_12,road_segment,271
severe_12,road_segment,272
severe_12,road_segment,273
severe_12,road_segment,274
severe_12,road_segment,275
severe_12,road_segment,276
severe_12,road_segment,278
severe_12,road_segment,279
severe_12,road_segment,280
severe_12,road_segment,281
severe_12,road_segment,285
severe_12,road_segment,289
severe_12,road_segment,292
severe_12,road_segment,296
severe_12,road_segment,299
severe_12,road_segment,301
severe_12,road_segment,304
severe_12,road_segment,306
severe_12,road_segment,308
severe_12,road_segment,309
severe_12,road_segment,310
severe_12,road_segment,314
severe_12,road_segment,317
severe_12,road_segment,319
severe_12,road_segment,323
severe_12,road_segment,325
severe_12,road_segment,326
severe_12,road_segment,337
severe_12,road_segment,338
severe_12,road_segment,339
severe_12,road_segment,342
severe_12,road_segment,345
severe_12,road_segment,346
severe_12,road_segment,348
severe_12,road_segment,354
severe_12,road_segment,355
severe_12,road_segment,357
severe_12,road_segment,358
severe_12,road_segment,361
severe_12,road_segment,363
severe_12,road_segment,364
severe_12,road_segment,365
severe_12,road_segment,366
severe_12,road_segment,367
severe_12,road_segment,368
severe_12,road_segment,369
severe_12,road_segment,370
severe_12,road_segment,376
severe_12,road_segment,387
severe_12,road_segment,389
severe_12,road_segment,391
severe_12,road_segment,393
severe_12,road_segment,397
severe_12,road_segment,400
severe_12,road_segment,401
severe_12,road_segment,402
severe_12,road_segment,403
severe_12,road_segment,404
severe_12,road_segment,408
severe_12,road_segment,410
severe_12,road_segment,415
severe_12,road_segment,417
severe_12,road_segment,418
severe_12,road_segment,420
severe_12,road_segment,423
severe_12,road_segment,426
severe_12,road_segment,427
severe_12,road_segment,429
severe_12,road_segment,434
severe_12,road_segment,435
severe_12,road_segment,440
severe_12,road_segment,443
severe_12,road_segment,444
severe_12,road_segment,452
severe_12,road_segment,454
severe_12,road_segment,458
severe_12,road_segment,461
severe_12,road_segment,470
severe_12,road_segment,472
severe_12,road_segment,478
severe_12,road_segment,479
severe_12,road_segment,480
severe_12,road_segment,482
severe_12,road_segment,484
severe_12,road_segment,488
severe_12,road_segment,489
severe_12,road_segment,490
severe_12,road_segment,491
severe_12,road_segment,495
severe_12,road_segment,497
severe_12,road_segment,498
severe_12,road_segment,500
severe_12,road_segment,501
severe_12,road_segment,503
severe_12,road_segment,505
severe_12,road_segment,506
severe_12,road_segment,510
severe_12,road_segment,512
severe_12,road_segment,513
severe_12,road_segment,514
severe_12,road_segment,515
severe_12,road_segment,516
severe_12,road_segment,517
severe_12,road_segment,519
severe_12,road_segment,521
severe_12,road_segment,522
severe_12,road_segment,524
severe_12,road_segment,526
severe_12,road_segment,528
severe_12,road_segment,530
severe_12,road_segment,531
severe_12,road_segment,535
severe_12,road_segment,541
severe_12,road_segment,542
severe_12,road_segment,543
severe_12,road_segment,544
severe_12,road_segment,548
severe_12,road_segment,551
severe_12,road_segment,552
severe_12,road_segment,554
severe_12,road_segment,555
severe_12,road_segment,556
severe_12,road_segment,558
severe_12,road_segment,559
severe_12,road_segment,562
severe_12,road_segment,565
severe_12,road_segment,566
severe_12,road_segment,568
severe_12,road_segment,569
severe_12,road_segment,570
severe_12,road_segment,571
severe_12,road_segment,573
severe_12,road_segment,575
severe_12,road_segment,576
severe_12,road_segment,578
severe_12,road_segment,580
severe_12,road_segment,583
severe_12,road_segment,584
severe_12,road_segment,585
severe_12,road_segment,590
severe_12,road_segment,591
severe_12,road_segment,594
severe_12,road_segment,599
severe_12,road_segment,601
severe_12,road_segment,602
severe_12,road_segment,603
severe_12,road_segment,604
severe_12,road_segment,606
severe_12,road_segment,608
severe_12,road_segment,610
severe_12,road_segment,611
severe_12,road_segment,612
severe_12,road_segment,613
severe_12,road_segment,615
severe_12,road_segment,616
severe_12,road_segment,619
severe_12,road_segment,625
severe_12,road_segment,627
severe_12,road_segment,628
severe_12,road_segment,630
severe_12,road_segment,633
severe_12,road_segment,634
severe_12,road_segment,636
severe_12,road_segment,638
severe_12,road_segment,640
severe_12,road_segment,641
severe_12,road_segment,646
severe_12,road_segment,647
severe_12,road_segment,651
severe_12,road_segment,653
severe_12,road_segment,654
severe_12,road_segment,655
severe_12,road_segment,657
severe_12,road_segment,660
severe_12,road_segment,661
severe_12,road_segment,663
severe_12,road_segment,668
severe_12,road_segment,669
severe_12,road_segment,670
severe_12,road_segment,672
severe_12,road_segment,674
severe_12,road_segment,677
severe_12,road_segment,682
severe_12,road_segment,688
severe_12,road_segment,691
severe_12,road_segment,693
severe_12,road_segment,704
severe_12,road_segment,705
severe_12,road_segment,708
severe_12,road_segment,723
severe_12,road_segment,730
severe_12,road_segment,732
severe_12,road_segment,734
severe_12,road_segment,735
severe_12,road_segment,737
severe_12,road_segment,739
severe_12,road_segment,740
severe_12,road_segment,741
severe_12,road_segment,743
severe_12,road_segment,744
severe_12,road_segment,745
severe_12,road_segment,747
severe_12,road_segment,748
severe_12,road_segment,750
severe_12,road_segment,755
severe_12,road_segment,756
severe_12,road_segment,761
severe_12,road_segment,763
severe_12,road_segment,767
severe_12,road_segment,769
severe_12,road_segment,770
severe_12,road_segment,773
severe_12,road_segment,774
severe_12,road_segment,776
severe_12,road_segment,777
severe_12,road_segment,778
severe_12,road_segment,782
severe_12,road_segment,785
severe_12,road_segment,787
severe_12,road_segment,790
severe_12,road_segment,792
severe_12,road_segment,794
severe_12,road_segment,801
severe_12,road_segment,802
severe_12,road_segment,803
severe_12,road_segment,804
severe_12,road_segment,807
severe_12,road_segment,810
severe_12,road_segment,813
severe_12,road_segment,817
severe_12,road_segment,818
severe_12,road_segment,823
severe_12,road_segment,824
severe_12,road_segment,826
severe_12,road_segment,827
severe_12,road_segment,828
severe_12,road_segment,830
severe_12,road_segment,831
severe_12,road_segment,832
severe_12,road_segment,838
severe_12,road_segment,840
severe_12,road_segment,841
severe_12,road_segment,843
severe_12,road_segment,844
severe_12,road_segment,845
severe_12,road_segment,846
severe_12,road_segment,847
severe_12,road_segment,848
severe_12,road_segment,849
severe_12,road_segment,852
severe_12,road_segment,853
severe_12,road_segment,854
severe_12,road_segment,856
severe_12,road_segment,859
severe_12,road_segment,860
severe_12,road_segment,861
severe_12,road_segment,863
severe_12,road_segment,865
severe_12,road_segment,866
severe_12,road_segment,870
severe_12,road_segment,871
severe_12,road_segment,874
severe_12,road_segment,876
severe_12,road_segment,877
severe_12,road_segment,882
severe_12,road_segment,884
severe_12,road_segment,887
severe_12,road_segment,888
severe_12,road_segment,892
severe_12,road_segment,893
severe_12,road_segment,895
severe_12,road_segment,899
severe_12,road_segment,901
severe_12,road_segment,902
severe_12,road_segment,908
severe_12,road_segment,910
severe_12,road_segment,911
severe_12,road_segment,914
severe_12,road_segment,915
severe_12,road_segment,920
severe_12,road_segment,921
severe_12,road_segment,927
severe_12,road_segment,930
severe_12,road_segment,931
severe_12,road_segment,932
severe_12,road_segment,933
severe_12,road_segment,936
severe_12,road_segment,938
severe_12,road_segment,939
severe_12,road_segment,940
severe_12,road_segment,941
severe_12,road_segment,942
severe_12,road_segment,944
severe_12,road_segment,953
severe_12,road_segment,955
severe_12,road_segment,956
severe_12,road_segment,957
severe_12,road_segment,963
severe_12,road_segment,966
severe_12,road_segment,967
severe_12,road_segment,972
severe_12,road_segment,973
severe_12,road_segment,982
severe_12,road_segment,991
severe_12,road_segment,1000
severe_12,road_segment,1001
severe_12,road_segment,1005
severe_12,road_segment,1007
severe_12,road_segment,1010
severe_12,road_segment,1014
severe_12,road_segment,1016
severe_12,road_segment,1020
severe_12,road_segment,1024
severe_12,road_segment,1026
severe_12,road_segment,1027
severe_12,road_segment,1030
severe_12,road_segment,1031
severe_12,road_segment,1037
severe_12,road_segment,1041
severe_12,road_segment,1043
severe_12,road_segment,1044
severe_12,road_segment,1047
severe_12,road_segment,1048
severe_12,road_segment,1051
severe_12,road_segment,1056
severe_12,road_segment,1058
severe_12,road_segment,1059
severe_12,road_segment,1063
severe_12,road_segment,1065
severe_12,road_segment,1068
severe_12,road_segment,1069
severe_12,road_segment,1072
severe_12,road_segment,1073
severe_12,road_segment,1081
severe_12,road_segment,1082
severe_12,road_segment,1084
severe_12,road_segment,1089
severe_12,road_segment,1091
severe_12,road_segment,1092
severe_12,road_segment,1093
severe_12,road_segment,1095
severe_12,road_segment,1096
severe_12,road_segment,1100
severe_12,road_segment,1101
severe_12,road_segment,1105
severe_12,road_segment,1106
severe_12,road_segment,1107
severe_12,road_segment,1108
severe_12,road_segment,1110
severe_12,road_segment,1112
severe_12,road_segment,1115
severe_12,road_segment,1117
severe_12,road_segment,1120
severe_12,road_segment,1122
severe_12,road_segment,1124
severe_12,road_segment,1127
severe_12,road_segment,1129
severe_12,facility,900308
severe_12,facility,966003
severe_12,facility,964438
severe_12,facility,965433
severe_12,facility,885528
severe_12,facility,876161
severe_12,facility,901325
severe_12,facility,900003
severe_12,facility,950638
severe_12,facility,900084
severe_12,facility,956263
severe_12,facility,900239
severe_12,facility,962177
severe_13,road_segment,0
severe_13,road_segment,6
severe_13,road_segment,7
severe_13,road_segment,11
severe_13,road_segment,14
severe_13,road_segment,15
severe_13,road_segment,18
severe_13,road_segment,21
severe_13,road_segment,22
severe_13,road_segment,28
severe_13,road_segment,40
severe_13,road_segment,41
severe_13,road_segment,42
severe_13,road_segment,43
severe_13,road_segment,44
severe_13,road_segment,45
severe_13,road_segment,47
severe_13,road_segment,49
severe_13,road_segment,51
severe_13,road_segment,53
severe_13,road_segment,57
severe_13,road_segment,58
severe_13,road_segment,59
severe_13,road_segment,62
severe_13,road_segment,65
severe_13,road_segment,68
severe_13,road_segment,70
severe_13,road_segment,72
severe_13,road_segment,74
severe_13,road_segment,75
severe_13,road_segment,78
severe_13,road_segment,83
severe_13,road_segment,85
severe_13,road_segment,86
severe_13,road_segment,87
severe_13,road_segment,89
severe_13,road_segment,90
severe_13,road_segment,95
severe_13,road_segment,97
severe_13,road_segment,98
severe_13,road_segment,99
severe_13,road_segment,100
severe_13,road_segment,101
severe_13,road_segment,102
severe_13,road_segment,105
severe_13,road_segment,108
severe_13,road_segment,109
severe_13,road_segment,110
severe_13,road_segment,114
severe_13,road_segment,115
severe_13,road_segment,117
severe_13,road_segment,118
severe_13,road_segment,119
severe_13,road_segment,120
severe_13,road_segment,122
severe_13,road_segment,125
severe_13,road_segment,126
severe_13,road_segment,129
severe_13,road_segment,131
severe_13,road_segment,134
severe_13,road_segment,136
severe_13,road_segment,137
severe_13,road_segment,140
severe_13,road_segment,141
severe_13,road_segment,142
severe_13,road_segment,143
severe_13,road_segment,144
severe_13,road_segment,145
severe_13,road_segment,148
severe_13,road_segment,149
severe_13,road_segment,156
severe_13,road_segment,158
severe_13,road_segment,159
severe_13,road_segment,160
severe_13,road_segment,161
severe_13,road_segment,162
severe_13,road_segment,165
severe_13,road_segment,170
severe_13,road_segment,172
severe_13,road_segment,173
severe_13,road_segment,177
severe_13,road_segment,178
severe_13,road_segment,180
severe_13,road_segment,182
severe_13,road_segment,183
severe_13,road_segment,184
severe_13,road_segment,186
severe_13,road_segment,190
severe_13,road_segment,191
severe_13,road_segment,192
severe_13,road_segment,194
severe_13,road_segment,196
severe_13,road_segment,197
severe_13,road_segment,198
severe_13,road_segment,201
severe_13,road_segment,202
severe_13,road_segment,203
severe_13,road_segment,206
severe_13,road_segment,207
severe_13,road_segment,208
severe_13,road_segment,210
severe_13,road_segment,213
severe_13,road_segment,215
severe_13,road_segment,216
severe_13,road_segment,217
severe_13,road_segment,218
severe_13,road_segment,220
severe_13,road_segment,222
severe_13,road_segment,224
severe_13,road_segment,225
severe_13,road_segment,227
severe_13,road_segment,228
severe_13,road_segment,230
severe_13,road_segment,232
severe_13,road_segment,234
severe_13,road_segment,235
severe_13,road_segment,237
severe_13,road_segment,238
severe_13,road_segment,239
severe_13,road_segment,240
severe_13,road_segment,241
severe_13,road_segment,244
severe_13,road_segment,245
severe_13,road_segment,247
severe_13,road_segment,251
severe_13,road_segment,256
severe_13,road_segment,257
severe_13,road_segment,258
severe_13,road_segment,260
severe_13,road_segment,263
severe_13,road_segment,264
severe_13,road_segment,266
severe_13,road_segment,270
severe_13,road_segment,271
severe_13,road_segment,272
severe_13,road_segment,273
severe_13,road_segment,274
severe_13,road_segment,275
severe_13,road_segment,276
severe_13,road_segment,278
severe_13,road_segment,279
severe_13,road_segment,280
severe_13,road_segment,281
severe_13,road_segment,285
severe_13,road_segment,287
severe_13,road_segment,288
severe_13,road_segment,289
severe_13,road_segment,292
severe_13,road_segment,296
severe_13,road_segment,299
severe_13,road_segment,301
severe_13,road_segment,304
severe_13,road_segment,306
severe_13,road_segment,308
severe_13,road_segment,309
severe_13,road_segment,310
severe_13,road_segment,314
severe_13,road_segment,316
severe_13,road_segment,317
severe_13,road_segment,319
severe_13,road_segment,323
severe_13,road_segment,325
severe_13,road_segment,326
severe_13,road_segment,327
severe_13,road_segment,337
severe_13,road_segment,338
severe_13,road_segment,339
severe_13,road_segment,340
severe_13,road_segment,342
severe_13,road_segment,345
severe_13,road_segment,346
severe_13,road_segment,348
severe_13,road_segment,350
severe_13,road_segment,354
severe_13,road_segment,355
severe_13,road_segment,357
severe_13,road_segment,358
severe_13,road_segment,361
severe_13,road_segment,362
severe_13,road_segment,363
severe_13,road_segment,364
severe_13,road_segment,365
severe_13,road_segment,366
severe_13,road_segment,367
severe_13,road_segment,368
severe_13,road_segment,369
severe_13,road_segment,370
severe_13,road_segment,376
severe_13,road_segment,382
severe_13,road_segment,387
severe_13,road_segment,389
severe_13,road_segment,391
severe_13,road_segment,393
severe_13,road_segment,397
severe_13,road_segment,400
severe_13,road_segment,401
severe_13,road_segment,402
severe_13,road_segment,403
severe_13,road_segment,404
severe_13,road_segment,405
severe_13,road_segment,408
severe_13,road_segment,410
severe_13,road_segment,413
severe_13,road_segment,415
severe_13,road_segment,417
severe_13,road_segment,418
severe_13,road_segment,420
severe_13,road_segment,423
severe_13,road_segment,426
severe_13,road_segment,427
severe_13,road_segment,429
severe_13,road_segment,432
severe_13,road_segment,434
severe_13,road_segment,435
severe_13,road_segment,440
severe_13,road_segment,443
severe_13,road_segment,444
severe_13,road_segment,452
severe_13,road_segment,454
severe_13,road_segment,458
severe_13,road_segment,461
severe_13,road_segment,470
severe_13,road_segment,472
severe_13,road_segment,477
severe_13,road_segment,478
severe_13,road_segment,479
severe_13,road_segment,480
severe_13,road_segment,482
severe_13,road_segment,484
severe_13,road_segment,488
severe_13,road_segment,489
severe_13,road_segment,490
severe_13,road_segment,491
severe_13,road_segment,493
severe_13,road_segment,495
severe_13,road_segment,497
severe_13,road_segment,498
severe_13,road_segment,500
severe_13,road_segment,501
severe_13,road_segment,503
severe_13,road_segment,505
severe_13,road_segment,506
severe_13,road_segment,507
severe_13,road_segment,509
severe_13,road_segment,510
severe_13,road_segment,512
severe_13,road_segment,513
severe_13,road_segment,514
severe_13,road_segment,515
severe_13,road_segment,516
severe_13,road_segment,517
severe_13,road_segment,519
severe_13,road_segment,521
severe_13,road_segment,522
severe_13,road_segment,523
severe_13,road_segment,524
severe_13,road_segment,526
severe_13,road_segment,528
severe_13,road_segment,530
severe_13,road_segment,531
severe_13,road_segment,535
severe_13,road_segment,540
severe_13,road_segment,541
severe_13,road_segment,542
severe_13,road_segment,543
severe_13,road_segment,544
severe_13,road_segment,545
severe_13,road_segment,548
severe_13,road_segment,551
severe_13,road_segment,552
severe_13,road_segment,554
severe_13,road_segment,555
severe_13,road_segment,556
severe_13,road_segment,558
severe_13,road_segment,559
severe_13,road_segment,561
severe_13,road_segment,562
severe_13,road_segment,563
severe_13,road_segment,565
severe_13,road_segment,566
severe_13,road_segment,568
severe_13,road_segment,569
severe_13,road_segment,570
severe_13,road_segment,571
severe_13,road_segment,572
severe_13,road_segment,573
severe_13,road_segment,575
severe_13,road_segment,576
severe_13,road_segment,578
severe_13,road_segment,580
severe_13,road_segment,581
severe_13,road_segment,583
severe_13,road_segment,584
severe_13,road_segment,585
severe_13,road_segment,587
severe_13,road_segment,588
severe_13,road_segment,589
severe_13,road_segment,590
severe_13,road_segment,591
severe_13,road_segment,592
severe_13,road_segment,593
severe_13,road_segment,594
severe_13,road_segment,599
severe_13,road_segment,601
severe_13,road_segment,602
severe_13,road_segment,603
severe_13,road_segment,604
severe_13,road_segment,606
severe_13,road_segment,608
severe_13,road_segment,610
severe_13,road_segment,611
severe_13,road_segment,612
severe_13,road_segment,613
severe_13,road_segment,615
severe_13,road_segment,616
severe_13,road_segment,618
severe_13,road_segment,619
severe_13,road_segment,625
severe_13,road_segment,627
severe_13,road_segment,628
severe_13,road_segment,630
severe_13,road_segment,633
severe_13,road_segment,634
severe_13,road_segment,635
severe_13,road_segment,636
severe_13,road_segment,638
severe_13,road_segment,639
severe_13,road_segment,640
severe_13,road_segment,641
severe_13,road_segment,646
severe_13,road_segment,647
severe_13,road_segment,651
severe_13,road_segment,653
severe_13,road_segment,654
severe_13,road_segment,655
severe_13,road_segment,657
severe_13,road_segment,660
severe_13,road_segment,661
severe_13,road_segment,663
severe_13,road_segment,667
severe_13,road_segment,668
severe_13,road_segment,669
severe_13,road_segment,670
severe_13,road_segment,672
severe_13,road_segment,674
severe_13,road_segment,677
severe_13,road_segment,679
severe_13,road_segment,682
severe_13,road_segment,688
severe_13,road_segment,689
severe_13,road_segment,691
severe_13,road_segment,693
severe_13,road_segment,700
severe_13,road_segment,704
severe_13,road_segment,705
severe_13,road_segment,708
severe_13,road_segment,712
severe_13,road_segment,723
severe_13,road_segment,724
severe_13,road_segment,730
severe_13,road_segment,732
severe_13,road_segment,733
severe_13,road_segment,734
severe_13,road_segment,735
severe_13,road_segment,737
severe_13,road_segment,739
severe_13,road_segment,740
severe_13,road_segment,741
severe_13,road_segment,743
severe_13,road_segment,744
severe_13,road_segment,745
severe_13,road_segment,747
severe_13,road_segment,748
severe_13,road_segment,750
severe_13,road_segment,754
severe_13,road_segment,755
severe_13,road_segment,756
severe_13,road_segment,761
severe_13,road_segment,763
severe_13,road_segment,765
severe_13,road_segment,767
severe_13,road_segment,768
severe_13,road_segment,769
severe_13,road_segment,770
severe_13,road_segment,773
severe_13,road_segment,774
severe_13,road_segment,776
severe_13,road_segment,777
severe_13,road_segment,778
severe_13,road_segment,782
severe_13,road_segment,785
severe_13,road_segment,787
severe_13,road_segment,789
severe_13,road_segment,790
severe_13,road_segment,792
severe_13,road_segment,793
severe_13,road_segment,794
severe_13,road_segment,796
severe_13,road_segment,798
severe_13,road_segment,800
severe_13,road_segment,801
severe_13,road_segment,802
severe_13,road_segment,803
severe_13,road_segment,804
severe_13,road_segment,805
severe_13,road_segment,807
severe_13,road_segment,810
severe_13,road_segment,813
severe_13,road_segment,817
severe_13,road_segment,818
severe_13,road_segment,823
severe_13,road_segment,824
severe_13,road_segment,826
severe_13,road_segment,827
severe_13,road_segment,828
severe_13,road_segment,830
severe_13,road_segment,831
severe_13,road_segment,832
severe_13,road_segment,836
severe_13,road_segment,838
severe_13,road_segment,840
severe_13,road_segment,841
severe_13,road_segment,843
severe_13,road_segment,844
severe_13,road_segment,845
severe_13,road_segment,846
severe_13,road_segment,847
severe_13,road_segment,848
severe_13,road_segment,849
severe_13,road_segment,852
severe_13,road_segment,853
severe_13,road_segment,854
severe_13,road_segment,856
severe_13,road_segment,859
severe_13,road_segment,860
severe_13,road_segment,861
severe_13,road_segment,862
severe_13,road_segment,863
severe_13,road_segment,865
severe_13,road_segment,866
severe_13,road_segment,868
severe_13,road_segment,870
severe_13,road_segment,871
severe_13,road_segment,874
severe_13,road_segment,876
severe_13,road_segment,877
severe_13,road_segment,882
severe_13,road_segment,884
severe_13,road_segment,887
severe_13,road_segment,888
severe_13,road_segment,891
severe_13,road_segment,892
severe_13,road_segment,893
severe_13,road_segment,894
severe_13,road_segment,895
severe_13,road_segment,896
severe_13,road_segment,899
severe_13,road_segment,901
severe_13,road_segment,902
severe_13,road_segment,903
severe_13,road_segment,908
severe_13,road_segment,910
severe_13,road_segment,911
severe_13,road_segment,914
severe_13,road_segment,915
severe_13,road_segment,919
severe_13,road_segment,920
severe_13,road_segment,921
severe_13,road_segment,924
severe_13,road_segment,927
severe_13,road_segment,930
severe_13,road_segment,931
severe_13,road_segment,932
severe_13,road_segment,933
severe_13,road_segment,936
severe_13,road_segment,938
severe_13,road_segment,939
severe_13,road_segment,940
severe_13,road_segment,941
severe_13,road_segment,942
severe_13,road_segment,944
severe_13,road_segment,947
severe_13,road_segment,951
severe_13,road_segment,953
severe_13,road_segment,954
severe_13,road_segment,955
severe_13,road_segment,956
severe_13,road_segment,957
severe_13,road_segment,958
severe_13,road_segment,963
severe_13,road_segment,966
severe_13,road_segment,967
severe_13,road_segment,972
severe_13,road_segment,973
severe_13,road_segment,979
severe_13,road_segment,982
severe_13,road_segment,991
severe_13,road_segment,992
severe_13,road_segment,997
severe_13,road_segment,1000
severe_13,road_segment,1001
severe_13,road_segment,1005
severe_13,road_segment,1007
severe_13,road_segment,1010
severe_13,road_segment,1013
severe_13,road_segment,1014
severe_13,road_segment,1016
severe_13,road_segment,1020
severe_13,road_segment,1024
severe_13,road_segment,1026
severe_13,road_segment,1027
severe_13,road_segment,1030
severe_13,road_segment,1031
severe_13,road_segment,1033
severe_13,road_segment,1037
severe_13,road_segment,1041
severe_13,road_segment,1043
severe_13,road_segment,1044
severe_13,road_segment,1047
severe_13,road_segment,1048
severe_13,road_segment,1051
severe_13,road_segment,1056
severe_13,road_segment,1058
severe_13,road_segment,1059
severe_13,road_segment,1063
severe_13,road_segment,1065
severe_13,road_segment,1068
severe_13,road_segment,1069
severe_13,road_segment,1070
severe_13,road_segment,1072
severe_13,road_segment,1073
severe_13,road_segment,1081
severe_13,road_segment,1082
severe_13,road_segment,1084
severe_13,road_segment,1089
severe_13,road_segment,1091
severe_13,road_segment,1092
severe_13,road_segment,1093
severe_13,road_segment,1095
severe_13,road_segment,1096
severe_13,road_segment,1100
severe_13,road_segment,1101
severe_13,road_segment,1103
severe_13,road_segment,1105
severe_13,road_segment,1106
severe_13,road_segment,1107
severe_13,road_segment,1108
severe_13,road_segment,1110
severe_13,road_segment,1112
severe_13,road_segment,1115
severe_13,road_segment,1117
severe_13,road_segment,1120
severe_13,road_segment,1122
severe_13,road_segment,1124
severe_13,road_segment,1127
severe_13,road_segment,1129
severe_13,road_segment,1130
severe_13,facility,900308
severe_13,facility,912333
severe_13,facility,966003
severe_13,facility,965433
severe_13,facility,885520
severe_13,facility,917873
severe_13,facility,900003
severe_13,facility,887699
severe_13,facility,903867
severe_13,facility,950638
severe_13,facility,888112
severe_13,facility,900084
severe_13,facility,879303
severe_13,facility,890796
severe_13,facility,900326
severe_13,facility,899998
severe_13,facility,956263
severe_13,facility,900239
severe_13,facility,963173
severe_13,facility,962177
severe_13,facility,900323
severe_14,road_segment,0
severe_14,road_segment,6
severe_14,road_segment,7
severe_14,road_segment,11
severe_14,road_segment,14
severe_14,road_segment,15
severe_14,road_segment,18
severe_14,road_segment,21
severe_14,road_segment,22
severe_14,road_segment,28
severe_14,road_segment,40
severe_14,road_segment,42
severe_14,road_segment,43
severe_14,road_segment,44
severe_14,road_segment,45
severe_14,road_segment,47
severe_14,road_segment,49
severe_14,road_segment,51
severe_14,road_segment,53
severe_14,road_segment,57
severe_14,road_segment,58
severe_14,road_segment,59
severe_14,road_segment,62
severe_14,road_segment,65
severe_14,road_segment,68
severe_14,road_segment,70
severe_14,road_segment,72
severe_14,road_segment,74
severe_14,road_segment,75
severe_14,road_segment,83
severe_14,road_segment,85
severe_14,road_segment,86
severe_14,road_segment,87
severe_14,road_segment,89
severe_14,road_segment,90
severe_14,road_segment,97
severe_14,road_segment,98
severe_14,road_segment,99
severe_14,road_segment,100
severe_14,road_segment,101
severe_14,road_segment,105
severe_14,road_segment,108
severe_14,road_segment,109
severe_14,road_segment,110
severe_14,road_segment,114
severe_14,road_segment,115
severe_14,road_segment,117
severe_14,road_segment,118
severe_14,road_segment,119
severe_14,road_segment,120
severe_14,road_segment,122
severe_14,road_segment,125
severe_14,road_segment,126
severe_14,road_segment,131
severe_14,road_segment,134
severe_14,road_segment,136
severe_14,road_segment,137
severe_14,road_segment,140
severe_14,road_segment,141
severe_14,road_segment,142
severe_14,road_segment,143
severe_14,road_segment,144
severe_14,road_segment,145
severe_14,road_segment,148
severe_14,road_segment,149
severe_14,road_segment,156
severe_14,road_segment,158
severe_14,road_segment,159
severe_14,road_segment,160
severe_14,road_segment,161
severe_14,road_segment,162
severe_14,road_segment,165
severe_14,road_segment,170
severe_14,road_segment,172
severe_14,road_segment,173
severe_14,road_segment,177
severe_14,road_segment,178
severe_14,road_segment,180
severe_14,road_segment,182
severe_14,road_segment,183
severe_14,road_segment,184
severe_14,road_segment,186
severe_14,road_segment,190
severe_14,road_segment,191
severe_14,road_segment,192
severe_14,road_segment,194
severe_14,road_segment,196
severe_14,road_segment,198
severe_14,road_segment,201
severe_14,road_segment,202
severe_14,road_segment,203
severe_14,road_segment,206
severe_14,road_segment,207
severe_14,road_segment,208
severe_14,road_segment,210
severe_14,road_segment,213
severe_14,road_segment,215
severe_14,road_segment,216
severe_14,road_segment,217
severe_14,road_segment,218
severe_14,road_segment,220
severe_14,road_segment,222
severe_14,road_segment,224
severe_14,road_segment,225
severe_14,road_segment,227
severe_14,road_segment,228
severe_14,road_segment,230
severe_14,road_segment,234
severe_14,road_segment,235
severe_14,road_segment,237
severe_14,road_segment,238
severe_14,road_segment,239
severe_14,road_segment,240
severe_14,road_segment,241
severe_14,road_segment,244
severe_14,road_segment,245
severe_14,road_segment,247
severe_14,road_segment,251
severe_14,road_segment,256
severe_14,road_segment,257
severe_14,road_segment,258
severe_14,road_segment,260
severe_14,road_segment,264
severe_14,road_segment,266
severe_14,road_segment,270
severe_14,road_segment,271
severe_14,road_segment,272
severe_14,road_segment,273
severe_14,road_segment,274
severe_14,road_segment,275
severe_14,road_segment,276
severe_14,road_segment,278
severe_14,road_segment,279
severe_14,road_segment,280
severe_14,road_segment,281
severe_14,road_segment,285
severe_14,road_segment,287
severe_14,road_segment,288
severe_14,road_segment,289
severe_14,road_segment,292
severe_14,road_segment,296
severe_14,road_segment,299
severe_14,road_segment,301
severe_14,road_segment,304
severe_14,road_segment,306
severe_14,road_segment,308
severe_14,road_segment,309
severe_14,road_segment,310
severe_14,road_segment,314
severe_14,road_segment,316
severe_14,road_segment,317
severe_14,road_segment,319
severe_14,road_segment,323
severe_14,road_segment,325
severe_14,road_segment,326
severe_14,road_segment,327
severe_14,road_segment,337
severe_14,road_segment,338
severe_14,road_segment,339
severe_14,road_segment,342
severe_14,road_segment,345
severe_14,road_segment,346
severe_14,road_segment,348
severe_14,road_segment,350
severe_14,road_segment,354
severe_14,road_segment,355
severe_14,road_segment,357
severe_14,road_segment,358
severe_14,road_segment,361
severe_14,road_segment,362
severe_14,road_segment,363
severe_14,road_segment,364
severe_14,road_segment,365
severe_14,road_segment,366
severe_14,road_segment,367
severe_14,road_segment,368
severe_14,road_segment,369
severe_14,road_segment,370
severe_14,road_segment,376
severe_14,road_segment,382
severe_14,road_segment,387
severe_14,road_segment,389
severe_14,road_segment,391
severe_14,road_segment,393
severe_14,road_segment,397
severe_14,road_segment,400
severe_14,road_segment,401
severe_14,road_segment,402
severe_14,road_segment,403
severe_14,road_segment,404
severe_14,road_segment,405
severe_14,road_segment,408
severe_14,road_segment,410
severe_14,road_segment,413
severe_14,road_segment,415
severe_14,road_segment,417
severe_14,road_segment,418
severe_14,road_segment,420
severe_14,road_segment,423
severe_14,road_segment,426
severe_14,road_segment,427
severe_14,road_segment,429
severe_14,road_segment,432
severe_14,road_segment,434
severe_14,road_segment,435
severe_14,road_segment,440
severe_14,road_segment,443
severe_14,road_segment,444
severe_14,road_segment,452
severe_14,road_segment,454
severe_14,road_segment,458
severe_14,road_segment,461
severe_14,road_segment,470
severe_14,road_segment,472
severe_14,road_segment,477
severe_14,road_segment,478
severe_14,road_segment,479
severe_14,road_segment,480
severe_14,road_segment,482
severe_14,road_segment,484
severe_14,road_segment,488
severe_14,road_segment,489
severe_14,road_segment,490
severe_14,road_segment,491
severe_14,road_segment,495
severe_14,road_segment,497
severe_14,road_segment,498
severe_14,road_segment,500
severe_14,road_segment,501
severe_14,road_segment,503
severe_14,road_segment,505
severe_14,road_segment,506
severe_14,road_segment,507
severe_14,road_segment,509
severe_14,road_segment,510
severe_14,road_segment,512
severe_14,road_segment,513
severe_14,road_segment,514
severe_14,road_segment,515
severe_14,road_segment,516
severe_14,road_segment,517
severe_14,road_segment,519
severe_14,road_segment,521
severe_14,road_segment,522
severe_14,road_segment,523
severe_14,road_segment,524
severe_14,road_segment,526
severe_14,road_segment,528
severe_14,road_segment,530
severe_14,road_segment,531
severe_14,road_segment,535
severe_14,road_segment,540
severe_14,road_segment,541
severe_14,road_segment,542
severe_14,road_segment,543
severe_14,road_segment,544
severe_14,road_segment,548
severe_14,road_segment,551
severe_14,road_segment,552
severe_14,road_segment,554
severe_14,road_segment,555
severe_14,road_segment,556
severe_14,road_segment,558
severe_14,road_segment,559
severe_14,road_segment,561
severe_14,road_segment,562
severe_14,road_segment,563
severe_14,road_segment,565
severe_14,road_segment,566
severe_14,road_segment,568
severe_14,road_segment,569
severe_14,road_segment,570
severe_14,road_segment,571
severe_14,road_segment,572
severe_14,road_segment,573
severe_14,road_segment,575
severe_14,road_segment,576
severe_14,road_segment,578
severe_14,road_segment,580
severe_14,road_segment,581
severe_14,road_segment,583
severe_14,road_segment,584
severe_14,road_segment,585
severe_14,road_segment,587
severe_14,road_segment,589
severe_14,road_segment,590
severe_14,road_segment,591
severe_14,road_segment,592
severe_14,road_segment,593
severe_14,road_segment,594
severe_14,road_segment,599
severe_14,road_segment,601
severe_14,road_segment,602
severe_14,road_segment,603
severe_14,road_segment,604
severe_14,road_segment,606
severe_14,road_segment,608
severe_14,road_segment,610
severe_14,road_segment,611
severe_14,road_segment,612
severe_14,road_segment,613
severe_14,road_segment,615
severe_14,road_segment,616
severe_14,road_segment,618
severe_14,road_segment,619
severe_14,road_segment,625
severe_14,road_segment,627
severe_14,road_segment,628
severe_14,road_segment,630
severe_14,road_segment,633
severe_14,road_segment,634
severe_14,road_segment,635
severe_14,road_segment,636
severe_14,road_segment,638
severe_14,road_segment,639
severe_14,road_segment,640
severe_14,road_segment,641
severe_14,road_segment,646
severe_14,road_segment,647
severe_14,road_segment,651
severe_14,road_segment,653
severe_14,road_segment,654
severe_14,road_segment,655
severe_14,road_segment,657
severe_14,road_segment,660
severe_14,road_segment,661
severe_14,road_segment,663
severe_14,road_segment,667
severe_14,road_segment,668
severe_14,road_segment,669
severe_14,road_segment,670
severe_14,road_segment,672
severe_14,road_segment,674
severe_14,road_segment,677
severe_14,road_segment,679
severe_14,road_segment,682
severe_14,road_segment,688
severe_14,road_segment,689
severe_14,road_segment,691
severe_14,road_segment,693
severe_14,road_segment,700
severe_14,road_segment,704
severe_14,road_segment,705
severe_14,road_segment,708
severe_14,road_segment,712
severe_14,road_segment,723
severe_14,road_segment,724
severe_14,road_segment,730
severe_14,road_segment,732
severe_14,road_segment,733
severe_14,road_segment,734
severe_14,road_segment,735
severe_14,road_segment,737
severe_14,road_segment,739
severe_14,road_segment,740
severe_14,road_segment,741
severe_14,road_segment,743
severe_14,road_segment,744
severe_14,road_segment,745
severe_14,road_segment,747
severe_14,road_segment,748
severe_14,road_segment,750
severe_14,road_segment,755
severe_14,road_segment,756
severe_14,road_segment,761
severe_14,road_segment,763
severe_14,road_segment,765
severe_14,road_segment,767
severe_14,road_segment,768
severe_14,road_segment,769
severe_14,road_segment,770
severe_14,road_segment,773
severe_14,road_segment,774
severe_14,road_segment,776
severe_14,road_segment,777
severe_14,road_segment,778
severe_14,road_segment,782
severe_14,road_segment,785
severe_14,road_segment,787
severe_14,road_segment,789
severe_14,road_segment,790
severe_14,road_segment,792
severe_14,road_segment,793
severe_14,road_segment,794
severe_14,road_segment,796
severe_14,road_segment,798
severe_14,road_segment,800
severe_14,road_segment,801
severe_14,road_segment,802
severe_14,road_segment,803
severe_14,road_segment,804
severe_14,road_segment,807
severe_14,road_segment,810
severe_14,road_segment,813
severe_14,road_segment,817
severe_14,road_segment,818
severe_14,road_segment,823
severe_14,road_segment,824
severe_14,road_segment,826
severe_14,road_segment,827
severe_14,road_segment,828
severe_14,road_segment,830
severe_14,road_segment,831
severe_14,road_segment,832
severe_14,road_segment,836
severe_14,road_segment,838
severe_14,road_segment,840
severe_14,road_segment,841
severe_14,road_segment,843
severe_14,road_segment,844
severe_14,road_segment,845
severe_14,road_segment,846
severe_14,road_segment,847
severe_14,road_segment,848
severe_14,road_segment,849
severe_14,road_segment,852
severe_14,road_segment,853
severe_14,road_segment,854
severe_14,road_segment,856
severe_14,road_segment,859
severe_14,road_segment,860
severe_14,road_segment,861
severe_14,road_segment,862
severe_14,road_segment,863
severe_14,road_segment,865
severe_14,road_segment,866
severe_14,road_segment,868
severe_14,road_segment,870
severe_14,road_segment,871
severe_14,road_segment,874
severe_14,road_segment,876
severe_14,road_segment,877
severe_14,road_segment,882
severe_14,road_segment,884
severe_14,road_segment,887
severe_14,road_segment,888
severe_14,road_segment,891
severe_14,road_segment,892
severe_14,road_segment,893
severe_14,road_segment,895
severe_14,road_segment,899
severe_14,road_segment,901
severe_14,road_segment,902
severe_14,road_segment,903
severe_14,road_segment,908
severe_14,road_segment,910
severe_14,road_segment,911
severe_14,road_segment,914
severe_14,road_segment,915
severe_14,road_segment,920
severe_14,road_segment,921
severe_14,road_segment,924
severe_14,road_segment,927
severe_14,road_segment,930
severe_14,road_segment,931
severe_14,road_segment,932
severe_14,road_segment,933
severe_14,road_segment,936
severe_14,road_segment,938
severe_14,road_segment,939
severe_14,road_segment,940
severe_14,road_segment,941
severe_14,road_segment,942
severe_14,road_segment,944
severe_14,road_segment,947
severe_14,road_segment,953
severe_14,road_segment,954
severe_14,road_segment,955
severe_14,road_segment,956
severe_14,road_segment,957
severe_14,road_segment,963
severe_14,road_segment,966
severe_14,road_segment,967
severe_14,road_segment,972
severe_14,road_segment,973
severe_14,road_segment,979
severe_14,road_segment,982
severe_14,road_segment,991
severe_14,road_segment,992
severe_14,road_segment,997
severe_14,road_segment,1000
severe_14,road_segment,1001
severe_14,road_segment,1005
severe_14,road_segment,1007
severe_14,road_segment,1010
severe_14,road_segment,1013
severe_14,road_segment,1014
severe_14,road_segment,1016
severe_14,road_segment,1020
severe_14,road_segment,1024
severe_14,road_segment,1026
severe_14,road_segment,1027
severe_14,road_segment,1030
severe_14,road_segment,1031
severe_14,road_segment,1033
severe_14,road_segment,1037
severe_14,road_segment,1041
severe_14,road_segment,1043
severe_14,road_segment,1044
severe_14,road_segment,1047
severe_14,road_segment,1048
severe_14,road_segment,1051
severe_14,road_segment,1056
severe_14,road_segment,1058
severe_14,road_segment,1059
severe_14,road_segment,1063
severe_14,road_segment,1065
severe_14,road_segment,1068
severe_14,road_segment,1069
severe_14,road_segment,1070
severe_14,road_segment,1072
severe_14,road_segment,1073
severe_14,road_segment,1081
severe_14,road_segment,1082
severe_14,road_segment,1084
severe_14,road_segment,1089
severe_14,road_segment,1091
severe_14,road_segment,1092
severe_14,road_segment,1093
severe_14,road_segment,1095
severe_14,road_segment,1096
severe_14,road_segment,1100
severe_14,road_segment,1101
severe_14,road_segment,1105
severe_14,road_segment,1106
severe_14,road_segment,1107
severe_14,road_segment,1108
severe_14,road_segment,1110
severe_14,road_segment,1112
severe_14,road_segment,1115
severe_14,road_segment,1117
severe_14,road_segment,1120
severe_14,road_segment,1122
severe_14,road_segment,1124
severe_14,road_segment,1127
severe_14,road_segment,1129
severe_14,facility,900036
severe_14,facility,964438
severe_14,facility,907956
severe_14,facility,885528
severe_14,facility,901325
severe_14,facility,917873
severe_14,facility,900003
severe_14,facility,887699
severe_14,facility,950638
severe_14,facility,960725
severe_14,facility,900084
severe_14,facility,890796
severe_14,facility,870357
severe_14,facility,956263
severe_14,facility,870360
severe_14,facility,963173
severe_15,road_segment,0
severe_15,road_segment,6
severe_15,road_segment,7
severe_15,road_segment,11
severe_15,road_segment,14
severe_15,road_segment,15
severe_15,road_segment,16
severe_15,road_segment,18
severe_15,road_segment,21
severe_15,road_segment,22
severe_15,road_segment,28
severe_15,road_segment,33
severe_15,road_segment,40
severe_15,road_segment,42
severe_15,road_segment,43
severe_15,road_segment,44
severe_15,road_segment,45
severe_15,road_segment,47
severe_15,road_segment,51
severe_15,road_segment,57
severe_15,road_segment,58
severe_15,road_segment,59
severe_15,road_segment,62
severe_15,road_segment,65
severe_15,road_segment,68
severe_15,road_segment,70
severe_15,road_segment,72
severe_15,road_segment,74
severe_15,road_segment,75
severe_15,road_segment,83
severe_15,road_segment,85
severe_15,road_segment,86
severe_15,road_segment,87
severe_15,road_segment,89
severe_15,road_segment,97
severe_15,road_segment,98
severe_15,road_segment,99
severe_15,road_segment,100
severe_15,road_segment,101
severe_15,road_segment,105
severe_15,road_segment,108
severe_15,road_segment,109
severe_15,road_segment,110
severe_15,road_segment,114
severe_15,road_segment,115
severe_15,road_segment,117
severe_15,road_segment,118
severe_15,road_segment,119
severe_15,road_segment,120
severe_15,road_segment,122
severe_15,road_segment,127
severe_15,road_segment,134
severe_15,road_segment,136
severe_15,road_segment,140
severe_15,road_segment,141
severe_15,road_segment,143
severe_15,road_segment,144
severe_15,road_segment,148
severe_15,road_segment,149
severe_15,road_segment,153
severe_15,road_segment,155
severe_15,road_segment,156
severe_15,road_segment,158
severe_15,road_segment,159
severe_15,road_segment,160
severe_15,road_segment,161
severe_15,road_segment,162
severe_15,road_segment,165
severe_15,road_segment,170
severe_15,road_segment,172
severe_15,road_segment,173
severe_15,road_segment,174
severe_15,road_segment,177
severe_15,road_segment,178
severe_15,road_segment,180
severe_15,road_segment,182
severe_15,road_segment,183
severe_15,road_segment,184
severe_15,road_segment,186
severe_15,road_segment,189
severe_15,road_segment,190
severe_15,road_segment,191
severe_15,road_segment,192
severe_15,road_segment,194
severe_15,road_segment,195
severe_15,road_segment,196
severe_15,road_segment,198
severe_15,road_segment,201
severe_15,road_segment,202
severe_15,road_segment,203
severe_15,road_segment,206
severe_15,road_segment,207
severe_15,road_segment,208
severe_15,road_segment,210
severe_15,road_segment,215
severe_15,road_segment,216
severe_15,road_segment,220
severe_15,road_segment,222
severe_15,road_segment,224
severe_15,road_segment,225
severe_15,road_segment,227
severe_15,road_segment,228
severe_15,road_segment,230
severe_15,road_segment,234
severe_15,road_segment,235
severe_15,road_segment,238
severe_15,road_segment,239
severe_15,road_segment,241
severe_15,road_segment,245
severe_15,road_segment,247
severe_15,road_segment,250
severe_15,road_segment,251
severe_15,road_segment,256
severe_15,road_segment,257
severe_15,road_segment,258
severe_15,road_segment,260
severe_15,road_segment,264
severe_15,road_segment,266
severe_15,road_segment,270
severe_15,road_segment,271
severe_15,road_segment,272
severe_15,road_segment,273
severe_15,road_segment,274
severe_15,road_segment,275
severe_15,road_segment,278
severe_15,road_segment,279
severe_15,road_segment,280
severe_15,road_segment,281
severe_15,road_segment,285
severe_15,road_segment,287
severe_15,road_segment,289
severe_15,road_segment,292
severe_15,road_segment,296
severe_15,road_segment,299
severe_15,road_segment,301
severe_15,road_segment,304
severe_15,road_segment,306
severe_15,road_segment,308
severe_15,road_segment,310
severe_15,road_segment,316
severe_15,road_segment,317
severe_15,road_segment,319
severe_15,road_segment,320
severe_15,road_segment,323
severe_15,road_segment,325
severe_15,road_segment,326
severe_15,road_segment,327
severe_15,road_segment,337
severe_15,road_segment,338
severe_15,road_segment,339
severe_15,road_segment,342
severe_15,road_segment,345
severe_15,road_segment,346
severe_15,road_segment,348
severe_15,road_segment,350
severe_15,road_segment,354
severe_15,road_segment,355
severe_15,road_segment,357
severe_15,road_segment,358
severe_15,road_segment,361
severe_15,road_segment,362
severe_15,road_segment,364
severe_15,road_segment,365
severe_15,road_segment,366
severe_15,road_segment,367
severe_15,road_segment,368
severe_15,road_segment,369
severe_15,road_segment,370
severe_15,road_segment,376
severe_15,road_segment,382
severe_15,road_segment,387
severe_15,road_segment,389
severe_15,road_segment,391
severe_15,road_segment,393
severe_15,road_segment,397
severe_15,road_segment,400
severe_15,road_segment,401
severe_15,road_segment,402
severe_15,road_segment,403
severe_15,road_segment,404
severe_15,road_segment,405
severe_15,road_segment,408
severe_15,road_segment,409
severe_15,road_segment,410
severe_15,road_segment,415
severe_15,road_segment,417
severe_15,road_segment,418
severe_15,road_segment,420
severe_15,road_segment,423
severe_15,road_segment,425
severe_15,road_segment,426
severe_15,road_segment,427
severe_15,road_segment,432
severe_15,road_segment,434
severe_15,road_segment,435
severe_15,road_segment,440
severe_15,road_segment,443
severe_15,road_segment,444
severe_15,road_segment,452
severe_15,road_segment,454
severe_15,road_segment,458
severe_15,road_segment,461
severe_15,road_segment,467
severe_15,road_segment,470
severe_15,road_segment,477
severe_15,road_segment,478
severe_15,road_segment,479
severe_15,road_segment,480
severe_15,road_segment,482
severe_15,road_segment,483
severe_15,road_segment,484
severe_15,road_segment,485
severe_15,road_segment,488
severe_15,road_segment,489
severe_15,road_segment,490
severe_15,road_segment,491
severe_15,road_segment,495
severe_15,road_segment,498
severe_15,road_segment,500
severe_15,road_segment,501
severe_15,road_segment,505
severe_15,road_segment,506
severe_15,road_segment,507
severe_15,road_segment,510
severe_15,road_segment,513
severe_15,road_segment,514
severe_15,road_segment,515
severe_15,road_segment,516
severe_15,road_segment,517
severe_15,road_segment,519
severe_15,road_segment,521
severe_15,road_segment,522
severe_15,road_segment,523
severe_15,road_segment,524
severe_15,road_segment,526
severe_15,road_segment,530
severe_15,road_segment,531
severe_15,road_segment,535
severe_15,road_segment,540
severe_15,road_segment,541
severe_15,road_segment,542
severe_15,road_segment,543
severe_15,road_segment,544
severe_15,road_segment,548
severe_15,road_segment,551
severe_15,road_segment,552
severe_15,road_segment,554
severe_15,road_segment,555
severe_15,road_segment,556
severe_15,road_segment,557
severe_15,road_segment,558
severe_15,road_segment,559
severe_15,road_segment,561
severe_15,road_segment,562
severe_15,road_segment,563
severe_15,road_segment,566
severe_15,road_segment,568
severe_15,road_segment,569
severe_15,road_segment,570
severe_15,road_segment,571
severe_15,road_segment,573
severe_15,road_segment,575
severe_15,road_segment,576
severe_15,road_segment,578
severe_15,road_segment,579
severe_15,road_segment,580
severe_15,road_segment,581
severe_15,road_segment,583
severe_15,road_segment,584
severe_15,road_segment,585
severe_15,road_segment,587
severe_15,road_segment,589
severe_15,road_segment,590
severe_15,road_segment,591
severe_15,road_segment,592
severe_15,road_segment,593
severe_15,road_segment,594
severe_15,road_segment,599
severe_15,road_segment,601
severe_15,road_segment,603
severe_15,road_segment,604
severe_15,road_segment,605
severe_15,road_segment,606
severe_15,road_segment,608
severe_15,road_segment,610
severe_15,road_segment,612
severe_15,road_segment,613
severe_15,road_segment,615
severe_15,road_segment,616
severe_15,road_segment,617
severe_15,road_segment,623
severe_15,road_segment,625
severe_15,road_segment,627
severe_15,road_segment,628
severe_15,road_segment,630
severe_15,road_segment,634
severe_15,road_segment,636
severe_15,road_segment,638
severe_15,road_segment,639
severe_15,road_segment,640
severe_15,road_segment,641
severe_15,road_segment,646
severe_15,road_segment,647
severe_15,road_segment,653
severe_15,road_segment,654
severe_15,road_segment,655
severe_15,road_segment,657
severe_15,road_segment,660
severe_15,road_segment,661
severe_15,road_segment,663
severe_15,road_segment,666
severe_15,road_segment,667
severe_15,road_segment,668
severe_15,road_segment,669
severe_15,road_segment,670
severe_15,road_segment,672
severe_15,road_segment,674
severe_15,road_segment,677
severe_15,road_segment,679
severe_15,road_segment,682
severe_15,road_segment,688
severe_15,road_segment,689
severe_15,road_segment,691
severe_15,road_segment,693
severe_15,road_segment,696
severe_15,road_segment,700
severe_15,road_segment,702
severe_15,road_segment,704
severe_15,road_segment,705
severe_15,road_segment,708
severe_15,road_segment,712
severe_15,road_segment,719
severe_15,road_segment,720
severe_15,road_segment,723
severe_15,road_segment,724
severe_15,road_segment,730
severe_15,road_segment,732
severe_15,road_segment,733
severe_15,road_segment,734
severe_15,road_segment,735
severe_15,road_segment,737
severe_15,road_segment,738
severe_15,road_segment,739
severe_15,road_segment,740
severe_15,road_segment,741
severe_15,road_segment,744
severe_15,road_segment,745
severe_15,road_segment,747
severe_15,road_segment,750
severe_15,road_segment,755
severe_15,road_segment,756
severe_15,road_segment,761
severe_15,road_segment,763
severe_15,road_segment,767
severe_15,road_segment,768
severe_15,road_segment,769
severe_15,road_segment,773
severe_15,road_segment,774
severe_15,road_segment,776
severe_15,road_segment,777
severe_15,road_segment,779
severe_15,road_segment,781
severe_15,road_segment,782
severe_15,road_segment,785
severe_15,road_segment,787
severe_15,road_segment,788
severe_15,road_segment,789
severe_15,road_segment,790
severe_15,road_segment,792
severe_15,road_segment,793
severe_15,road_segment,794
severe_15,road_segment,796
severe_15,road_segment,798
severe_15,road_segment,800
severe_15,road_segment,801
severe_15,road_segment,803
severe_15,road_segment,804
severe_15,road_segment,807
severe_15,road_segment,809
severe_15,road_segment,810
severe_15,road_segment,813
severe_15,road_segment,817
severe_15,road_segment,818
severe_15,road_segment,823
severe_15,road_segment,824
severe_15,road_segment,826
severe_15,road_segment,827
severe_15,road_segment,828
severe_15,road_segment,830
severe_15,road_segment,831
severe_15,road_segment,832
severe_15,road_segment,836
severe_15,road_segment,838
severe_15,road_segment,840
severe_15,road_segment,841
severe_15,road_segment,843
severe_15,road_segment,844
severe_15,road_segment,845
severe_15,road_segment,847
severe_15,road_segment,848
severe_15,road_segment,852
severe_15,road_segment,854
severe_15,road_segment,856
severe_15,road_segment,859
severe_15,road_segment,860
severe_15,road_segment,861
severe_15,road_segment,863
severe_15,road_segment,865
severe_15,road_segment,866
severe_15,road_segment,868
severe_15,road_segment,871
severe_15,road_segment,876
severe_15,road_segment,877
severe_15,road_segment,882
severe_15,road_segment,884
severe_15,road_segment,887
severe_15,road_segment,888
severe_15,road_segment,891
severe_15,road_segment,892
severe_15,road_segment,893
severe_15,road_segment,895
severe_15,road_segment,899
severe_15,road_segment,901
severe_15,road_segment,902
severe_15,road_segment,908
severe_15,road_segment,910
severe_15,road_segment,911
severe_15,road_segment,912
severe_15,road_segment,914
severe_15,road_segment,915
severe_15,road_segment,920
severe_15,road_segment,921
severe_15,road_segment,922
severe_15,road_segment,923
severe_15,road_segment,924
severe_15,road_segment,927
severe_15,road_segment,930
severe_15,road_segment,931
severe_15,road_segment,932
severe_15,road_segment,933
severe_15,road_segment,934
severe_15,road_segment,936
severe_15,road_segment,938
severe_15,road_segment,942
severe_15,road_segment,944
severe_15,road_segment,947
severe_15,road_segment,953
severe_15,road_segment,954
severe_15,road_segment,955
severe_15,road_segment,956
severe_15,road_segment,957
severe_15,road_segment,963
severe_15,road_segment,966
severe_15,road_segment,967
severe_15,road_segment,972
severe_15,road_segment,973
severe_15,road_segment,975
severe_15,road_segment,982
severe_15,road_segment,992
severe_15,road_segment,994
severe_15,road_segment,997
severe_15,road_segment,1000
severe_15,road_segment,1001
severe_15,road_segment,1005
severe_15,road_segment,1006
severe_15,road_segment,1010
severe_15,road_segment,1013
severe_15,road_segment,1014
severe_15,road_segment,1015
severe_15,road_segment,1024
severe_15,road_segment,1026
severe_15,road_segment,1027
severe_15,road_segment,1030
severe_15,road_segment,1033
severe_15,road_segment,1037
severe_15,road_segment,1041
severe_15,road_segment,1043
severe_15,road_segment,1044
severe_15,road_segment,1047
severe_15,road_segment,1048
severe_15,road_segment,1049
severe_15,road_segment,1051
severe_15,road_segment,1056
severe_15,road_segment,1058
severe_15,road_segment,1059
severe_15,road_segment,1063
severe_15,road_segment,1065
severe_15,road_segment,1068
severe_15,road_segment,1069
severe_15,road_segment,1070
severe_15,road_segment,1072
severe_15,road_segment,1073
severe_15,road_segment,1074
severe_15,road_segment,1076
severe_15,road_segment,1081
severe_15,road_segment,1082
severe_15,road_segment,1089
severe_15,road_segment,1091
severe_15,road_segment,1092
severe_15,road_segment,1093
severe_15,road_segment,1095
severe_15,road_segment,1096
severe_15,road_segment,1100
severe_15,road_segment,1105
severe_15,road_segment,1106
severe_15,road_segment,1107
severe_15,road_segment,1108
severe_15,road_segment,1117
severe_15,road_segment,1124
severe_15,road_segment,1127
severe_15,road_segment,1129
severe_15,facility,900308
severe_15,facility,888197
severe_15,facility,966003
severe_15,facility,964438
severe_15,facility,885520
severe_15,facility,907956
severe_15,facility,876161
severe_15,facility,963180
severe_15,facility,929411
severe_15,facility,887699
severe_15,facility,950638
severe_15,facility,960725
severe_15,facility,890796
severe_15,facility,870357
severe_15,facility,899998
severe_15,facility,956263
severe_15,facility,963173
severe_15,facility,900323
severe_15,facility,902085
severe_16,road_segment,0
severe_16,road_segment,6
severe_16,road_segment,7
severe_16,road_segment,11
severe_16,road_segment,14
severe_16,road_segment,15
severe_16,road_segment,16
severe_16,road_segment,18
severe_16,road_segment,21
severe_16,road_segment,22
severe_16,road_segment,28
severe_16,road_segment,33
severe_16,road_segment,40
severe_16,road_segment,42
severe_16,road_segment,43
severe_16,road_segment,44
severe_16,road_segment,45
severe_16,road_segment,47
severe_16,road_segment,51
severe_16,road_segment,53
severe_16,road_segment,57
severe_16,road_segment,58
severe_16,road_segment,59
severe_16,road_segment,62
severe_16,road_segment,65
severe_16,road_segment,68
severe_16,road_segment,70
severe_16,road_segment,72
severe_16,road_segment,74
severe_16,road_segment,75
severe_16,road_segment,83
severe_16,road_segment,85
severe_16,road_segment,86
severe_16,road_segment,87
severe_16,road_segment,89
severe_16,road_segment,90
severe_16,road_segment,97
severe_16,road_segment,98
severe_16,road_segment,99
severe_16,road_segment,100
severe_16,road_segment,101
severe_16,road_segment,105
severe_16,road_segment,108
severe_16,road_segment,109
severe_16,road_segment,110
severe_16,road_segment,114
severe_16,road_segment,115
severe_16,road_segment,117
severe_16,road_segment,118
severe_16,road_segment,119
severe_16,road_segment,120
severe_16,road_segment,122
severe_16,road_segment,127
severe_16,road_segment,131
severe_16,road_segment,134
severe_16,road_segment,136
severe_16,road_segment,137
severe_16,road_segment,140
severe_16,road_segment,141
severe_16,road_segment,142
severe_16,road_segment,143
severe_16,road_segment,144
severe_16,road_segment,145
severe_16,road_segment,148
severe_16,road_segment,149
severe_16,road_segment,153
severe_16,road_segment,155
severe_16,road_segment,156
severe_16,road_segment,158
severe_16,road_segment,159
severe_16,road_segment,160
severe_16,road_segment,161
severe_16,road_segment,162
severe_16,road_segment,165
severe_16,road_segment,170
severe_16,road_segment,172
severe_16,road_segment,173
severe_16,road_segment,174
severe_16,road_segment,177
severe_16,road_segment,178
severe_16,road_segment,180
severe_16,road_segment,182
severe_16,road_segment,183
severe_16,road_segment,184
severe_16,road_segment,186
severe_16,road_segment,189
severe_16,road_segment,190
severe_16,road_segment,191
severe_16,road_segment,192
severe_16,road_segment,194
severe_16,road_segment,195
severe_16,road_segment,196
severe_16,road_segment,198
severe_16,road_segment,201
severe_16,road_segment,202
severe_16,road_segment,203
severe_16,road_segment,206
severe_16,road_segment,207
severe_16,road_segment,208
severe_16,road_segment,210
severe_16,road_segment,215
severe_16,road_segment,216
severe_16,road_segment,218
severe_16,road_segment,220
severe_16,road_segment,222
severe_16,road_segment,224
severe_16,road_segment,225
severe_16,road_segment,227
severe_16,road_segment,228
severe_16,road_segment,230
severe_16,road_segment,234
severe_16,road_segment,235
severe_16,road_segment,237
severe_16,road_segment,238
severe_16,road_segment,239
severe_16,road_segment,240
severe_16,road_segment,241
severe_16,road_segment,245
severe_16,road_segment,247
severe_16,road_segment,250
severe_16,road_segment,251
severe_16,road_segment,256
severe_16,road_segment,257
severe_16,road_segment,258
severe_16,road_segment,259
severe_16,road_segment,260
severe_16,road_segment,261
severe_16,road_segment,264
severe_16,road_segment,266
severe_16,road_segment,270
severe_16,road_segment,271
severe_16,road_segment,272
severe_16,road_segment,273
severe_16,road_segment,274
severe_16,road_segment,275
severe_16,road_segment,276
severe_16,road_segment,278
severe_16,road_segment,279
severe_16,road_segment,280
severe_16,road_segment,281
severe_16,road_segment,285
severe_16,road_segment,287
severe_16,road_segment,288
severe_16,road_segment,289
severe_16,road_segment,292
severe_16,road_segment,296
severe_16,road_segment,299
severe_16,road_segment,301
severe_16,road_segment,304
severe_16,road_segment,306
severe_16,road_segment,308
severe_16,road_segment,310
severe_16,road_segment,312
severe_16,road_segment,316
severe_16,road_segment,317
severe_16,road_segment,319
severe_16,road_segment,320
severe_16,road_segment,323
severe_16,road_segment,325
severe_16,road_segment,326
severe_16,road_segment,327
severe_16,road_segment,337
severe_16,road_segment,338
severe_16,road_segment,339
severe_16,road_segment,342
severe_16,road_segment,345
severe_16,road_segment,346
severe_16,road_segment,348
severe_16,road_segment,350
severe_16,road_segment,354
severe_16,road_segment,355
severe_16,road_segment,357
severe_16,road_segment,358
severe_16,road_segment,361
severe_16,road_segment,362
severe_16,road_segment,364
severe_16,road_segment,365
severe_16,road_segment,366
severe_16,road_segment,367
severe_16,road_segment,368
severe_16,road_segment,369
severe_16,road_segment,370
severe_16,road_segment,371
severe_16,road_segment,376
severe_16,road_segment,382
severe_16,road_segment,387
severe_16,road_segment,389
severe_16,road_segment,390
severe_16,road_segment,391
severe_16,road_segment,393
severe_16,road_segment,395
severe_16,road_segment,397
severe_16,road_segment,400
severe_16,road_segment,401
severe_16,road_segment,402
severe_16,road_segment,403
severe_16,road_segment,404
severe_16,road_segment,405
severe_16,road_segment,408
severe_16,road_segment,409
severe_16,road_segment,410
severe_16,road_segment,415
severe_16,road_segment,417
severe_16,road_segment,418
severe_16,road_segment,420
severe_16,road_segment,423
severe_16,road_segment,425
severe_16,road_segment,426
severe_16,road_segment,427
severe_16,road_segment,432
severe_16,road_segment,434
severe_16,road_segment,435
severe_16,road_segment,439
severe_16,road_segment,440
severe_16,road_segment,443
severe_16,road_segment,444
severe_16,road_segment,447
severe_16,road_segment,452
severe_16,road_segment,454
severe_16,road_segment,458
severe_16,road_segment,460
severe_16,road_segment,461
severe_16,road_segment,466
severe_16,road_segment,467
severe_16,road_segment,470
severe_16,road_segment,472
severe_16,road_segment,477
severe_16,road_segment,478
severe_16,road_segment,479
severe_16,road_segment,480
severe_16,road_segment,482
severe_16,road_segment,483
severe_16,road_segment,484
severe_16,road_segment,485
severe_16,road_segment,488
severe_16,road_segment,489
severe_16,road_segment,490
severe_16,road_segment,491
severe_16,road_segment,495
severe_16,road_segment,497
severe_16,road_segment,498
severe_16,road_segment,500
severe_16,road_segment,501
severe_16,road_segment,503
severe_16,road_segment,505
severe_16,road_segment,506
severe_16,road_segment,507
severe_16,road_segment,510
severe_16,road_segment,513
severe_16,road_segment,514
severe_16,road_segment,515
severe_16,road_segment,516
severe_16,road_segment,517
severe_16,road_segment,519
severe_16,road_segment,521
severe_16,road_segment,522
severe_16,road_segment,523
severe_16,road_segment,524
severe_16,road_segment,526
severe_16,road_segment,528
severe_16,road_segment,530
severe_16,road_segment,531
severe_16,road_segment,535
severe_16,road_segment,540
severe_16,road_segment,541
severe_16,road_segment,542
severe_16,road_segment,543
severe_16,road_segment,544
severe_16,road_segment,548
severe_16,road_segment,551
severe_16,road_segment,552
severe_16,road_segment,554
severe_16,road_segment,555
severe_16,road_segment,556
severe_16,road_segment,557
severe_16,road_segment,558
severe_16,road_segment,559
severe_16,road_segment,561
severe_16,road_segment,562
severe_16,road_segment,563
severe_16,road_segment,564
severe_16,road_segment,565
severe_16,road_segment,566
severe_16,road_segment,568
severe_16,road_segment,569
severe_16,road_segment,570
severe_16,road_segment,571
severe_16,road_segment,573
severe_16,road_segment,575
severe_16,road_segment,576
severe_16,road_segment,578
severe_16,road_segment,579
severe_16,road_segment,580
severe_16,road_segment,581
severe_16,road_segment,582
severe_16,road_segment,583
severe_16,road_segment,584
severe_16,road_segment,585
severe_16,road_segment,587
severe_16,road_segment,589
severe_16,road_segment,590
severe_16,road_segment,591
severe_16,road_segment,592
severe_16,road_segment,593
severe_16,road_segment,594
severe_16,road_segment,596
severe_16,road_segment,599
severe_16,road_segment,601
severe_16,road_segment,603
severe_16,road_segment,604
severe_16,road_segment,605
severe_16,road_segment,606
severe_16,road_segment,608
severe_16,road_segment,609
severe_16,road_segment,610
severe_16,road_segment,611
severe_16,road_segment,612
severe_16,road_segment,613
severe_16,road_segment,615
severe_16,road_segment,616
severe_16,road_segment,617
severe_16,road_segment,618
severe_16,road_segment,619
severe_16,road_segment,622
severe_16,road_segment,623
severe_16,road_segment,625
severe_16,road_segment,627
severe_16,road_segment,628
severe_16,road_segment,630
severe_16,road_segment,634
severe_16,road_segment,635
severe_16,road_segment,636
severe_16,road_segment,637
severe_16,road_segment,638
severe_16,road_segment,639
severe_16,road_segment,640
severe_16,road_segment,641
severe_16,road_segment,646
severe_16,road_segment,647
severe_16,road_segment,648
severe_16,road_segment,651
severe_16,road_segment,653
severe_16,road_segment,654
severe_16,road_segment,655
severe_16,road_segment,657
severe_16,road_segment,660
severe_16,road_segment,661
severe_16,road_segment,663
severe_16,road_segment,666
severe_16,road_segment,667
severe_16,road_segment,668
severe_16,road_segment,669
severe_16,road_segment,670
severe_16,road_segment,672
severe_16,road_segment,674
severe_16,road_segment,677
severe_16,road_segment,679
severe_16,road_segment,682
severe_16,road_segment,688
severe_16,road_segment,689
severe_16,road_segment,691
severe_16,road_segment,693
severe_16,road_segment,696
severe_16,road_segment,699
severe_16,road_segment,700
severe_16,road_segment,702
severe_16,road_segment,704
severe_16,road_segment,705
severe_16,road_segment,706
severe_16,road_segment,708
severe_16,road_segment,712
severe_16,road_segment,719
severe_16,road_segment,720
severe_16,road_segment,723
severe_16,road_segment,724
severe_16,road_segment,725
severe_16,road_segment,729
severe_16,road_segment,730
severe_16,road_segment,732
severe_16,road_segment,733
severe_16,road_segment,734
severe_16,road_segment,735
severe_16,road_segment,737
severe_16,road_segment,738
severe_16,road_segment,739
severe_16,road_segment,740
severe_16,road_segment,741
severe_16,road_segment,742
severe_16,road_segment,743
severe_16,road_segment,744
severe_16,road_segment,745
severe_16,road_segment,747
severe_16,road_segment,748
severe_16,road_segment,750
severe_16,road_segment,755
severe_16,road_segment,756
severe_16,road_segment,761
severe_16,road_segment,763
severe_16,road_segment,767
severe_16,road_segment,768
severe_16,road_segment,769
severe_16,road_segment,770
severe_16,road_segment,772
severe_16,road_segment,773
severe_16,road_segment,774
severe_16,road_segment,776
severe_16,road_segment,777
severe_16,road_segment,778
severe_16,road_segment,779
severe_16,road_segment,781
severe_16,road_segment,782
severe_16,road_segment,785
severe_16,road_segment,787
severe_16,road_segment,788
severe_16,road_segment,789
severe_16,road_segment,790
severe_16,road_segment,791
severe_16,road_segment,792
severe_16,road_segment,793
severe_16,road_segment,794
severe_16,road_segment,796
severe_16,road_segment,798
severe_16,road_segment,800
severe_16,road_segment,801
severe_16,road_segment,803
severe_16,road_segment,804
severe_16,road_segment,807
severe_16,road_segment,809
severe_16,road_segment,810
severe_16,road_segment,813
severe_16,road_segment,815
severe_16,road_segment,817
severe_16,road_segment,818
severe_16,road_segment,820
severe_16,road_segment,822
severe_16,road_segment,823
severe_16,road_segment,824
severe_16,road_segment,826
severe_16,road_segment,827
severe_16,road_segment,828
severe_16,road_segment,830
severe_16,road_segment,831
severe_16,road_segment,832
severe_16,road_segment,836
severe_16,road_segment,838
severe_16,road_segment,840
severe_16,road_segment,841
severe_16,road_segment,843
severe_16,road_segment,844
severe_16,road_segment,845
severe_16,road_segment,846
severe_16,road_segment,847
severe_16,road_segment,848
severe_16,road_segment,850
severe_16,road_segment,851
severe_16,road_segment,852
severe_16,road_segment,853
severe_16,road_segment,854
severe_16,road_segment,855
severe_16,road_segment,856
severe_16,road_segment,859
severe_16,road_segment,860
severe_16,road_segment,861
severe_16,road_segment,863
severe_16,road_segment,865
severe_16,road_segment,866
severe_16,road_segment,868
severe_16,road_segment,870
severe_16,road_segment,871
severe_16,road_segment,876
severe_16,road_segment,877
severe_16,road_segment,882
severe_16,road_segment,884
severe_16,road_segment,887
severe_16,road_segment,888
severe_16,road_segment,891
severe_16,road_segment,892
severe_16,road_segment,893
severe_16,road_segment,895
severe_16,road_segment,899
severe_16,road_segment,901
severe_16,road_segment,902
severe_16,road_segment,908
severe_16,road_segment,910
severe_16,road_segment,911
severe_16,road_segment,912
severe_16,road_segment,914
severe_16,road_segment,915
severe_16,road_segment,918
severe_16,road_segment,920
severe_16,road_segment,921
severe_16,road_segment,922
severe_16,road_segment,923
severe_16,road_segment,924
severe_16,road_segment,927
severe_16,road_segment,930
severe_16,road_segment,931
severe_16,road_segment,932
severe_16,road_segment,933
severe_16,road_segment,934
severe_16,road_segment,936
severe_16,road_segment,938
severe_16,road_segment,939
severe_16,road_segment,940
severe_16,road_segment,942
severe_16,road_segment,944
severe_16,road_segment,947
severe_16,road_segment,953
severe_16,road_segment,954
severe_16,road_segment,955
severe_16,road_segment,956
severe_16,road_segment,957
severe_16,road_segment,960
severe_16,road_segment,963
severe_16,road_segment,966
severe_16,road_segment,967
severe_16,road_segment,972
severe_16,road_segment,973
severe_16,road_segment,975
severe_16,road_segment,979
severe_16,road_segment,982
severe_16,road_segment,991
severe_16,road_segment,992
severe_16,road_segment,994
severe_16,road_segment,995
severe_16,road_segment,997
severe_16,road_segment,1000
severe_16,road_segment,1001
severe_16,road_segment,1005
severe_16,road_segment,1006
severe_16,road_segment,1007
severe_16,road_segment,1010
severe_16,road_segment,1013
severe_16,road_segment,1014
severe_16,road_segment,1015
severe_16,road_segment,1016
severe_16,road_segment,1024
severe_16,road_segment,1026
severe_16,road_segment,1027
severe_16,road_segment,1030
severe_16,road_segment,1031
severe_16,road_segment,1033
severe_16,road_segment,1037
severe_16,road_segment,1041
severe_16,road_segment,1043
severe_16,road_segment,1044
severe_16,road_segment,1047
severe_16,road_segment,1048
severe_16,road_segment,1049
severe_16,road_segment,1050
severe_16,road_segment,1051
severe_16,road_segment,1054
severe_16,road_segment,1056
severe_16,road_segment,1057
severe_16,road_segment,1058
severe_16,road_segment,1059
severe_16,road_segment,1062
severe_16,road_segment,1063
severe_16,road_segment,1065
severe_16,road_segment,1068
severe_16,road_segment,1069
severe_16,road_segment,1070
severe_16,road_segment,1071
severe_16,road_segment,1072
severe_16,road_segment,1073
severe_16,road_segment,1074
severe_16,road_segment,1076
severe_16,road_segment,1078
severe_16,road_segment,1081
severe_16,road_segment,1082
severe_16,road_segment,1089
severe_16,road_segment,1091
severe_16,road_segment,1092
severe_16,road_segment,1093
severe_16,road_segment,1095
severe_16,road_segment,1096
severe_16,road_segment,1100
severe_16,road_segment,1105
severe_16,road_segment,1106
severe_16,road_segment,1107
severe_16,road_segment,1108
severe_16,road_segment,1110
severe_16,road_segment,1112
severe_16,road_segment,1113
severe_16,road_segment,1115
severe_16,road_segment,1117
severe_16,road_segment,1118
severe_16,road_segment,1120
severe_16,road_segment,1124
severe_16,road_segment,1127
severe_16,road_segment,1129
severe_16,facility,900036
severe_16,facility,912333
severe_16,facility,964438
severe_16,facility,885520
severe_16,facility,885528
severe_16,facility,963180
severe_16,facility,901325
severe_16,facility,929411
severe_16,facility,887699
severe_16,facility,950638
severe_16,facility,960725
severe_16,facility,914520
severe_16,facility,870357
severe_16,facility,899998
severe_16,facility,956263
severe_16,facility,870360
severe_16,facility,963173
severe_16,facility,876167
severe_17,road_segment,0
severe_17,road_segment,6
severe_17,road_segment,7
severe_17,road_segment,11
severe_17,road_segment,14
severe_17,road_segment,15
severe_17,road_segment,16
severe_17,road_segment,18
severe_17,road_segment,21
severe_17,road_segment,22
severe_17,road_segment,28
severe_17,road_segment,33
severe_17,road_segment,40
severe_17,road_segment,42
severe_17,road_segment,43
severe_17,road_segment,44
severe_17,road_segment,45
severe_17,road_segment,47
severe_17,road_segment,51
severe_17,road_segment,53
severe_17,road_segment,57
severe_17,road_segment,58
severe_17,road_segment,59
severe_17,road_segment,62
severe_17,road_segment,65
severe_17,road_segment,68
severe_17,road_segment,70
severe_17,road_segment,72
severe_17,road_segment,74
severe_17,road_segment,75
severe_17,road_segment,83
severe_17,road_segment,85
severe_17,road_segment,86
severe_17,road_segment,87
severe_17,road_segment,89
severe_17,road_segment,90
severe_17,road_segment,97
severe_17,road_segment,98
severe_17,road_segment,99
severe_17,road_segment,100
severe_17,road_segment,101
severe_17,road_segment,105
severe_17,road_segment,108
severe_17,road_segment,109
severe_17,road_segment,110
severe_17,road_segment,114
severe_17,road_segment,115
severe_17,road_segment,117
severe_17,road_segment,118
severe_17,road_segment,119
severe_17,road_segment,120
severe_17,road_segment,122
severe_17,road_segment,127
severe_17,road_segment,131
severe_17,road_segment,134
severe_17,road_segment,136
severe_17,road_segment,137
severe_17,road_segment,140
severe_17,road_segment,141
severe_17,road_segment,142
severe_17,road_segment,143
severe_17,road_segment,144
severe_17,road_segment,145
severe_17,road_segment,148
severe_17,road_segment,149
severe_17,road_segment,153
severe_17,road_segment,155
severe_17,road_segment,156
severe_17,road_segment,158
severe_17,road_segment,159
severe_17,road_segment,160
severe_17,road_segment,161
severe_17,road_segment,162
severe_17,road_segment,165
severe_17,road_segment,170
severe_17,road_segment,172
severe_17,road_segment,173
severe_17,road_segment,174
severe_17,road_segment,177
severe_17,road_segment,178
severe_17,road_segment,180
severe_17,road_segment,182
severe_17,road_segment,183
severe_17,road_segment,184
severe_17,road_segment,186
severe_17,road_segment,189
severe_17,road_segment,190
severe_17,road_segment,191
severe_17,road_segment,192
severe_17,road_segment,194
severe_17,road_segment,195
severe_17,road_segment,196
severe_17,road_segment,198
severe_17,road_segment,201
severe_17,road_segment,202
severe_17,road_segment,203
severe_17,road_segment,206
severe_17,road_segment,207
severe_17,road_segment,208
severe_17,road_segment,210
severe_17,road_segment,215
severe_17,road_segment,216
severe_17,road_segment,218
severe_17,road_segment,220
severe_17,road_segment,222
severe_17,road_segment,224
severe_17,road_segment,225
severe_17,road_segment,227
severe_17,road_segment,228
severe_17,road_segment,230
severe_17,road_segment,234
severe_17,road_segment,235
severe_17,road_segment,237
severe_17,road_segment,238
severe_17,road_segment,239
severe_17,road_segment,240
severe_17,road_segment,241
severe_17,road_segment,245
severe_17,road_segment,247
severe_17,road_segment,250
severe_17,road_segment,251
severe_17,road_segment,256
severe_17,road_segment,257
severe_17,road_segment,258
severe_17,road_segment,260
severe_17,road_segment,264
severe_17,road_segment,266
severe_17,road_segment,270
severe_17,road_segment,271
severe_17,road_segment,272
severe_17,road_segment,273
severe_17,road_segment,274
severe_17,road_segment,275
severe_17,road_segment,276
severe_17,road_segment,278
severe_17,road_segment,279
severe_17,road_segment,280
severe_17,road_segment,281
severe_17,road_segment,285
severe_17,road_segment,287
severe_17,road_segment,288
severe_17,road_segment,289
severe_17,road_segment,292
severe_17,road_segment,296
severe_17,road_segment,299
severe_17,road_segment,301
severe_17,road_segment,304
severe_17,road_segment,306
severe_17,road_segment,308
severe_17,road_segment,310
severe_17,road_segment,312
severe_17,road_segment,316
severe_17,road_segment,317
severe_17,road_segment,319
severe_17,road_segment,320
severe_17,road_segment,323
severe_17,road_segment,325
severe_17,road_segment,326
severe_17,road_segment,327
severe_17,road_segment,337
severe_17,road_segment,338
severe_17,road_segment,339
severe_17,road_segment,342
severe_17,road_segment,345
severe_17,road_segment,346
severe_17,road_segment,348
severe_17,road_segment,350
severe_17,road_segment,354
severe_17,road_segment,355
severe_17,road_segment,357
severe_17,road_segment,358
severe_17,road_segment,361
severe_17,road_segment,362
severe_17,road_segment,364
severe_17,road_segment,365
severe_17,road_segment,366
severe_17,road_segment,367
severe_17,road_segment,368
severe_17,road_segment,369
severe_17,road_segment,370
severe_17,road_segment,371
severe_17,road_segment,376
severe_17,road_segment,382
severe_17,road_segment,387
severe_17,road_segment,389
severe_17,road_segment,391
severe_17,road_segment,393
severe_17,road_segment,397
severe_17,road_segment,400
severe_17,road_segment,401
severe_17,road_segment,402
severe_17,road_segment,403
severe_17,road_segment,404
severe_17,road_segment,405
severe_17,road_segment,408
severe_17,road_segment,409
severe_17,road_segment,410
severe_17,road_segment,415
severe_17,road_segment,417
severe_17,road_segment,418
severe_17,road_segment,420
severe_17,road_segment,423
severe_17,road_segment,425
severe_17,road_segment,426
severe_17,road_segment,427
severe_17,road_segment,432
severe_17,road_segment,434
severe_17,road_segment,435
severe_17,road_segment,440
severe_17,road_segment,443
severe_17,road_segment,444
severe_17,road_segment,452
severe_17,road_segment,454
severe_17,road_segment,458
severe_17,road_segment,461
severe_17,road_segment,467
severe_17,road_segment,470
severe_17,road_segment,472
severe_17,road_segment,477
severe_17,road_segment,478
severe_17,road_segment,479
severe_17,road_segment,480
severe_17,road_segment,482
severe_17,road_segment,483
severe_17,road_segment,484
severe_17,road_segment,485
severe_17,road_segment,488
severe_17,road_segment,489
severe_17,road_segment,490
severe_17,road_segment,491
severe_17,road_segment,495
severe_17,road_segment,497
severe_17,road_segment,498
severe_17,road_segment,500
severe_17,road_segment,501
severe_17,road_segment,503
severe_17,road_segment,505
severe_17,road_segment,506
severe_17,road_segment,507
severe_17,road_segment,510
severe_17,road_segment,513
severe_17,road_segment,514
severe_17,road_segment,515
severe_17,road_segment,516
severe_17,road_segment,517
severe_17,road_segment,519
severe_17,road_segment,521
severe_17,road_segment,522
severe_17,road_segment,523
severe_17,road_segment,524
severe_17,road_segment,526
severe_17,road_segment,528
severe_17,road_segment,530
severe_17,road_segment,531
severe_17,road_segment,535
severe_17,road_segment,540
severe_17,road_segment,541
severe_17,road_segment,542
severe_17,road_segment,543
severe_17,road_segment,544
severe_17,road_segment,548
severe_17,road_segment,551
severe_17,road_segment,552
severe_17,road_segment,554
severe_17,road_segment,555
severe_17,road_segment,556
severe_17,road_segment,557
severe_17,road_segment,558
severe_17,road_segment,559
severe_17,road_segment,561
severe_17,road_segment,562
severe_17,road_segment,563
severe_17,road_segment,565
severe_17,road_segment,566
severe_17,road_segment,568
severe_17,road_segment,569
severe_17,road_segment,570
severe_17,road_segment,571
severe_17,road_segment,573
severe_17,road_segment,575
severe_17,road_segment,576
severe_17,road_segment,578
severe_17,road_segment,579
severe_17,road_segment,580
severe_17,road_segment,581
severe_17,road_segment,583
severe_17,road_segment,584
severe_17,road_segment,585
severe_17,road_segment,587
severe_17,road_segment,589
severe_17,road_segment,590
severe_17,road_segment,591
severe_17,road_segment,592
severe_17,road_segment,593
severe_17,road_segment,594
severe_17,road_segment,599
severe_17,road_segment,601
severe_17,road_segment,603
severe_17,road_segment,604
severe_17,road_segment,605
severe_17,road_segment,606
severe_17,road_segment,608
severe_17,road_segment,610
severe_17,road_segment,611
severe_17,road_segment,612
severe_17,road_segment,613
severe_17,road_segment,615
severe_17,road_segment,616
severe_17,road_segment,617
severe_17,road_segment,618
severe_17,road_segment,619
severe_17,road_segment,623
severe_17,road_segment,625
severe_17,road_segment,627
severe_17,road_segment,628
severe_17,road_segment,630
severe_17,road_segment,634
severe_17,road_segment,635
severe_17,road_segment,636
severe_17,road_segment,638
severe_17,road_segment,639
severe_17,road_segment,640
severe_17,road_segment,641
severe_17,road_segment,646
severe_17,road_segment,647
severe_17,road_segment,651
severe_17,road_segment,653
severe_17,road_segment,654
severe_17,road_segment,655
severe_17,road_segment,657
severe_17,road_segment,660
severe_17,road_segment,661
severe_17,road_segment,663
severe_17,road_segment,666
severe_17,road_segment,667
severe_17,road_segment,668
severe_17,road_segment,669
severe_17,road_segment,670
severe_17,road_segment,672
severe_17,road_segment,674
severe_17,road_segment,677
severe_17,road_segment,679
severe_17,road_segment,682
severe_17,road_segment,688
severe_17,road_segment,689
severe_17,road_segment,691
severe_17,road_segment,693
severe_17,road_segment,696
severe_17,road_segment,700
severe_17,road_segment,702
severe_17,road_segment,704
severe_17,road_segment,705
severe_17,road_segment,708
severe_17,road_segment,712
severe_17,road_segment,719
severe_17,road_segment,720
severe_17,road_segment,723
severe_17,road_segment,724
severe_17,road_segment,730
severe_17,road_segment,732
severe_17,road_segment,733
severe_17,road_segment,734
severe_17,road_segment,735
severe_17,road_segment,737
severe_17,road_segment,738
severe_17,road_segment,739
severe_17,road_segment,740
severe_17,road_segment,741
severe_17,road_segment,743
severe_17,road_segment,744
severe_17,road_segment,745
severe_17,road_segment,747
severe_17,road_segment,748
severe_17,road_segment,750
severe_17,road_segment,755
severe_17,road_segment,756
severe_17,road_segment,761
severe_17,road_segment,763
severe_17,road_segment,767
severe_17,road_segment,768
severe_17,road_segment,769
severe_17,road_segment,770
severe_17,road_segment,773
severe_17,road_segment,774
severe_17,road_segment,776
severe_17,road_segment,777
severe_17,road_segment,778
severe_17,road_segment,779
severe_17,road_segment,781
severe_17,road_segment,782
severe_17,road_segment,785
severe_17,road_segment,787
severe_17,road_segment,788
severe_17,road_segment,789
severe_17,road_segment,790
severe_17,road_segment,792
severe_17,road_segment,793
severe_17,road_segment,794
severe_17,road_segment,796
severe_17,road_segment,798
severe_17,road_segment,800
severe_17,road_segment,801
severe_17,road_segment,803
severe_17,road_segment,804
severe_17,road_segment,807
severe_17,road_segment,809
severe_17,road_segment,810
severe_17,road_segment,813
severe_17,road_segment,817
severe_17,road_segment,818
severe_17,road_segment,820
severe_17,road_segment,823
severe_17,road_segment,824
severe_17,road_segment,826
severe_17,road_segment,827
severe_17,road_segment,828
severe_17,road_segment,830
severe_17,road_segment,831
severe_17,road_segment,832
severe_17,road_segment,836
severe_17,road_segment,838
severe_17,road_segment,840
severe_17,road_segment,841
severe_17,road_segment,843
severe_17,road_segment,844
severe_17,road_segment,845
severe_17,road_segment,846
severe_17,road_segment,847
severe_17,road_segment,848
severe_17,road_segment,852
severe_17,road_segment,853
severe_17,road_segment,854
severe_17,road_segment,856
severe_17,road_segment,859
severe_17,road_segment,860
severe_17,road_segment,861
severe_17,road_segment,863
severe_17,road_segment,865
severe_17,road_segment,866
severe_17,road_segment,868
severe_17,road_segment,870
severe_17,road_segment,871
severe_17,road_segment,876
severe_17,road_segment,877
severe_17,road_segment,882
severe_17,road_segment,884
severe_17,road_segment,887
severe_17,road_segment,888
severe_17,road_segment,891
severe_17,road_segment,892
severe_17,road_segment,893
severe_17,road_segment,895
severe_17,road_segment,899
severe_17,road_segment,901
severe_17,road_segment,902
severe_17,road_segment,908
severe_17,road_segment,910
severe_17,road_segment,911
severe_17,road_segment,912
severe_17,road_segment,914
severe_17,road_segment,915
severe_17,road_segment,920
severe_17,road_segment,921
severe_17,road_segment,922
severe_17,road_segment,923
severe_17,road_segment,924
severe_17,road_segment,927
severe_17,road_segment,930
severe_17,road_segment,931
severe_17,road_segment,932
severe_17,road_segment,933
severe_17,road_segment,934
severe_17,road_segment,936
severe_17,road_segment,938
severe_17,road_segment,939
severe_17,road_segment,940
severe_17,road_segment,942
severe_17,road_segment,944
severe_17,road_segment,947
severe_17,road_segment,953
severe_17,road_segment,954
severe_17,road_segment,955
severe_17,road_segment,956
severe_17,road_segment,957
severe_17,road_segment,963
severe_17,road_segment,966
severe_17,road_segment,967
severe_17,road_segment,972
severe_17,road_segment,973
severe_17,road_segment,975
severe_17,road_segment,979
severe_17,road_segment,982
severe_17,road_segment,991
severe_17,road_segment,992
severe_17,road_segment,994
severe_17,road_segment,997
severe_17,road_segment,1000
severe_17,road_segment,1001
severe_17,road_segment,1005
severe_17,road_segment,1006
severe_17,road_segment,1007
severe_17,road_segment,1010
severe_17,road_segment,1013
severe_17,road_segment,1014
severe_17,road_segment,1015
severe_17,road_segment,1016
severe_17,road_segment,1024
severe_17,road_segment,1026
severe_17,road_segment,1027
severe_17,road_segment,1030
severe_17,road_segment,1031
severe_17,road_segment,1033
severe_17,road_segment,1037
severe_17,road_segment,1041
severe_17,road_segment,1043
severe_17,road_segment,1044
severe_17,road_segment,1047
severe_17,road_segment,1048
severe_17,road_segment,1049
severe_17,road_segment,1051
severe_17,road_segment,1056
severe_17,road_segment,1058
severe_17,road_segment,1059
severe_17,road_segment,1063
severe_17,road_segment,1065
severe_17,road_segment,1068
severe_17,road_segment,1069
severe_17,road_segment,1070
severe_17,road_segment,1072
severe_17,road_segment,1073
severe_17,road_segment,1074
severe_17,road_segment,1076
severe_17,road_segment,1081
severe_17,road_segment,1082
severe_17,road_segment,1089
severe_17,road_segment,1091
severe_17,road_segment,1092
severe_17,road_segment,1093
severe_17,road_segment,1095
severe_17,road_segment,1096
severe_17,road_segment,1100
severe_17,road_segment,1105
severe_17,road_segment,1106
severe_17,road_segment,1107
severe_17,road_segment,1108
severe_17,road_segment,1110
severe_17,road_segment,1112
severe_17,road_segment,1115
severe_17,road_segment,1117
severe_17,road_segment,1120
severe_17,road_segment,1124
severe_17,road_segment,1127
severe_17,road_segment,1129
severe_17,facility,876158
severe_17,facility,888197
severe_17,facility,966003
severe_17,facility,964438
severe_17,facility,907956
severe_17,facility,885528
severe_17,facility,876161
severe_17,facility,901325
severe_17,facility,900003
severe_17,facility,914520
severe_17,facility,900084
severe_17,facility,879303
severe_17,facility,900326
severe_17,facility,956263
severe_17,facility,963173
severe_18,road_segment,0
severe_18,road_segment,6
severe_18,road_segment,7
severe_18,road_segment,11
severe_18,road_segment,14
severe_18,road_segment,15
severe_18,road_segment,16
severe_18,road_segment,18
severe_18,road_segment,21
severe_18,road_segment,22
severe_18,road_segment,28
severe_18,road_segment,33
severe_18,road_segment,40
severe_18,road_segment,42
severe_18,road_segment,43
severe_18,road_segment,44
severe_18,road_segment,45
severe_18,road_segment,47
severe_18,road_segment,51
severe_18,road_segment,53
severe_18,road_segment,57
severe_18,road_segment,58
severe_18,road_segment,59
severe_18,road_segment,62
severe_18,road_segment,65
severe_18,road_segment,68
severe_18,road_segment,70
severe_18,road_segment,72
severe_18,road_segment,74
severe_18,road_segment,75
severe_18,road_segment,83
severe_18,road_segment,85
severe_18,road_segment,86
severe_18,road_segment,87
severe_18,road_segment,89
severe_18,road_segment,97
severe_18,road_segment,98
severe_18,road_segment,99
severe_18,road_segment,100
severe_18,road_segment,101
severe_18,road_segment,105
severe_18,road_segment,108
severe_18,road_segment,109
severe_18,road_segment,110
severe_18,road_segment,114
severe_18,road_segment,115
severe_18,road_segment,117
severe_18,road_segment,118
severe_18,road_segment,119
severe_18,road_segment,120
severe_18,road_segment,122
severe_18,road_segment,127
severe_18,road_segment,131
severe_18,road_segment,134
severe_18,road_segment,136
severe_18,road_segment,137
severe_18,road_segment,140
severe_18,road_segment,141
severe_18,road_segment,142
severe_18,road_segment,143
severe_18,road_segment,144
severe_18,road_segment,145
severe_18,road_segment,148
severe_18,road_segment,149
severe_18,road_segment,153
severe_18,road_segment,155
severe_18,road_segment,156
severe_18,road_segment,158
severe_18,road_segment,159
severe_18,road_segment,160
severe_18,road_segment,161
severe_18,road_segment,162
severe_18,road_segment,165
severe_18,road_segment,170
severe_18,road_segment,172
severe_18,road_segment,173
severe_18,road_segment,174
severe_18,road_segment,177
severe_18,road_segment,178
severe_18,road_segment,180
severe_18,road_segment,182
severe_18,road_segment,183
severe_18,road_segment,184
severe_18,road_segment,186
severe_18,road_segment,189
severe_18,road_segment,190
severe_18,road_segment,191
severe_18,road_segment,192
severe_18,road_segment,194
severe_18,road_segment,195
severe_18,road_segment,196
severe_18,road_segment,198
severe_18,road_segment,201
severe_18,road_segment,202
severe_18,road_segment,203
severe_18,road_segment,206
severe_18,road_segment,207
severe_18,road_segment,208
severe_18,road_segment,210
severe_18,road_segment,215
severe_18,road_segment,216
severe_18,road_segment,220
severe_18,road_segment,222
severe_18,road_segment,224
severe_18,road_segment,225
severe_18,road_segment,227
severe_18,road_segment,228
severe_18,road_segment,230
severe_18,road_segment,234
severe_18,road_segment,235
severe_18,road_segment,238
severe_18,road_segment,239
severe_18,road_segment,240
severe_18,road_segment,241
severe_18,road_segment,245
severe_18,road_segment,247
severe_18,road_segment,250
severe_18,road_segment,251
severe_18,road_segment,256
severe_18,road_segment,257
severe_18,road_segment,258
severe_18,road_segment,260
severe_18,road_segment,264
severe_18,road_segment,266
severe_18,road_segment,270
severe_18,road_segment,271
severe_18,road_segment,272
severe_18,road_segment,273
severe_18,road_segment,274
severe_18,road_segment,275
severe_18,road_segment,276
severe_18,road_segment,278
severe_18,road_segment,279
severe_18,road_segment,280
severe_18,road_segment,281
severe_18,road_segment,285
severe_18,road_segment,287
severe_18,road_segment,288
severe_18,road_segment,289
severe_18,road_segment,292
severe_18,road_segment,296
severe_18,road_segment,299
severe_18,road_segment,301
severe_18,road_segment,304
severe_18,road_segment,306
severe_18,road_segment,308
severe_18,road_segment,310
severe_18,road_segment,316
severe_18,road_segment,317
severe_18,road_segment,319
severe_18,road_segment,320
severe_18,road_segment,323
severe_18,road_segment,325
severe_18,road_segment,326
severe_18,road_segment,327
severe_18,road_segment,337
severe_18,road_segment,338
severe_18,road_segment,339
severe_18,road_segment,342
severe_18,road_segment,345
severe_18,road_segment,346
severe_18,road_segment,348
severe_18,road_segment,350
severe_18,road_segment,354
severe_18,road_segment,355
severe_18,road_segment,357
severe_18,road_segment,358
severe_18,road_segment,361
severe_18,road_segment,362
severe_18,road_segment,364
severe_18,road_segment,365
severe_18,road_segment,366
severe_18,road_segment,367
severe_18,road_segment,368
severe_18,road_segment,369
severe_18,road_segment,370
severe_18,road_segment,371
severe_18,road_segment,376
severe_18,road_segment,382
severe_18,road_segment,387
severe_18,road_segment,389
severe_18,road_segment,391
severe_18,road_segment,393
severe_18,road_segment,397
severe_18,road_segment,400
severe_18,road_segment,401
severe_18,road_segment,402
severe_18,road_segment,403
severe_18,road_segment,404
severe_18,road_segment,405
severe_18,road_segment,408
severe_18,road_segment,409
severe_18,road_segment,410
severe_18,road_segment,415
severe_18,road_segment,417
severe_18,road_segment,418
severe_18,road_segment,420
severe_18,road_segment,423
severe_18,road_segment,425
severe_18,road_segment,426
severe_18,road_segment,427
severe_18,road_segment,432
severe_18,road_segment,434
severe_18,road_segment,435
severe_18,road_segment,440
severe_18,road_segment,443
severe_18,road_segment,444
severe_18,road_segment,452
severe_18,road_segment,454
severe_18,road_segment,458
severe_18,road_segment,461
severe_18,road_segment,467
severe_18,road_segment,470
severe_18,road_segment,477
severe_18,road_segment,478
severe_18,road_segment,479
severe_18,road_segment,480
severe_18,road_segment,482
severe_18,road_segment,483
severe_18,road_segment,484
severe_18,road_segment,485
severe_18,road_segment,488
severe_18,road_segment,489
severe_18,road_segment,490
severe_18,road_segment,491
severe_18,road_segment,495
severe_18,road_segment,497
severe_18,road_segment,498
severe_18,road_segment,500
severe_18,road_segment,501
severe_18,road_segment,505
severe_18,road_segment,506
severe_18,road_segment,507
severe_18,road_segment,510
severe_18,road_segment,513
severe_18,road_segment,514
severe_18,road_segment,515
severe_18,road_segment,516
severe_18,road_segment,517
severe_18,road_segment,519
severe_18,road_segment,521
severe_18,road_segment,522
severe_18,road_segment,523
severe_18,road_segment,524
severe_18,road_segment,526
severe_18,road_segment,528
severe_18,road_segment,530
severe_18,road_segment,531
severe_18,road_segment,535
severe_18,road_segment,540
severe_18,road_segment,541
severe_18,road_segment,542
severe_18,road_segment,543
severe_18,road_segment,544
severe_18,road_segment,548
severe_18,road_segment,551
severe_18,road_segment,552
severe_18,road_segment,554
severe_18,road_segment,555
severe_18,road_segment,556
severe_18,road_segment,557
severe_18,road_segment,558
severe_18,road_segment,559
severe_18,road_segment,561
severe_18,road_segment,562
severe_18,road_segment,563
severe_18,road_segment,566
severe_18,road_segment,568
severe_18,road_segment,569
severe_18,road_segment,570
severe_18,road_segment,571
severe_18,road_segment,573
severe_18,road_segment,575
severe_18,road_segment,576
severe_18,road_segment,578
severe_18,road_segment,579
severe_18,road_segment,580
severe_18,road_segment,581
severe_18,road_segment,583
severe_18,road_segment,584
severe_18,road_segment,585
severe_18,road_segment,587
severe_18,road_segment,589
severe_18,road_segment,590
severe_18,road_segment,591
severe_18,road_segment,592
severe_18,road_segment,593
severe_18,road_segment,594
severe_18,road_segment,599
severe_18,road_segment,601
severe_18,road_segment,603
severe_18,road_segment,604
severe_18,road_segment,605
severe_18,road_segment,606
severe_18,road_segment,608
severe_18,road_segment,610
severe_18,road_segment,612
severe_18,road_segment,613
severe_18,road_segment,615
severe_18,road_segment,616
severe_18,road_segment,617
severe_18,road_segment,618
severe_18,road_segment,619
severe_18,road_segment,623
severe_18,road_segment,625
severe_18,road_segment,627
severe_18,road_segment,628
severe_18,road_segment,630
severe_18,road_segment,634
severe_18,road_segment,636
severe_18,road_segment,638
severe_18,road_segment,639
severe_18,road_segment,640
severe_18,road_segment,641
severe_18,road_segment,646
severe_18,road_segment,647
severe_18,road_segment,651
severe_18,road_segment,653
severe_18,road_segment,654
severe_18,road_segment,655
severe_18,road_segment,657
severe_18,road_segment,660
severe_18,road_segment,661
severe_18,road_segment,663
severe_18,road_segment,666
severe_18,road_segment,667
severe_18,road_segment,668
severe_18,road_segment,669
severe_18,road_segment,670
severe_18,road_segment,672
severe_18,road_segment,674
severe_18,road_segment,677
severe_18,road_segment,679
severe_18,road_segment,682
severe_18,road_segment,688
severe_18,road_segment,689
severe_18,road_segment,691
severe_18,road_segment,693
severe_18,road_segment,696
severe_18,road_segment,700
severe_18,road_segment,702
severe_18,road_segment,704
severe_18,road_segment,705
severe_18,road_segment,708
severe_18,road_segment,712
severe_18,road_segment,719
severe_18,road_segment,720
severe_18,road_segment,723
severe_18,road_segment,724
severe_18,road_segment,730
severe_18,road_segment,732
severe_18,road_segment,733
severe_18,road_segment,734
severe_18,road_segment,735
severe_18,road_segment,737
severe_18,road_segment,738
severe_18,road_segment,739
severe_18,road_segment,740
severe_18,road_segment,741
severe_18,road_segment,743
severe_18,road_segment,744
severe_18,road_segment,745
severe_18,road_segment,747
severe_18,road_segment,748
severe_18,road_segment,750
severe_18,road_segment,755
severe_18,road_segment,756
severe_18,road_segment,761
severe_18,road_segment,763
severe_18,road_segment,767
severe_18,road_segment,768
severe_18,road_segment,769
severe_18,road_segment,773
severe_18,road_segment,774
severe_18,road_segment,776
severe_18,road_segment,777
severe_18,road_segment,778
severe_18,road_segment,779
severe_18,road_segment,781
severe_18,road_segment,782
severe_18,road_segment,785
severe_18,road_segment,787
severe_18,road_segment,788
severe_18,road_segment,789
severe_18,road_segment,790
severe_18,road_segment,792
severe_18,road_segment,793
severe_18,road_segment,794
severe_18,road_segment,796
severe_18,road_segment,798
severe_18,road_segment,800
severe_18,road_segment,801
severe_18,road_segment,803
severe_18,road_segment,804
severe_18,road_segment,807
severe_18,road_segment,809
severe_18,road_segment,810
severe_18,road_segment,813
severe_18,road_segment,817
severe_18,road_segment,818
severe_18,road_segment,820
severe_18,road_segment,823
severe_18,road_segment,824
severe_18,road_segment,826
severe_18,road_segment,827
severe_18,road_segment,828
severe_18,road_segment,830
severe_18,road_segment,831
severe_18,road_segment,832
severe_18,road_segment,836
severe_18,road_segment,838
severe_18,road_segment,840
severe_18,road_segment,841
severe_18,road_segment,843
severe_18,road_segment,844
severe_18,road_segment,845
severe_18,road_segment,846
severe_18,road_segment,847
severe_18,road_segment,848
severe_18,road_segment,852
severe_18,road_segment,854
severe_18,road_segment,856
severe_18,road_segment,859
severe_18,road_segment,860
severe_18,road_segment,861
severe_18,road_segment,863
severe_18,road_segment,865
severe_18,road_segment,866
severe_18,road_segment,868
severe_18,road_segment,870
severe_18,road_segment,871
severe_18,road_segment,876
severe_18,road_segment,877
severe_18,road_segment,882
severe_18,road_segment,884
severe_18,road_segment,887
severe_18,road_segment,888
severe_18,road_segment,891
severe_18,road_segment,892
severe_18,road_segment,893
severe_18,road_segment,895
severe_18,road_segment,899
severe_18,road_segment,901
severe_18,road_segment,902
severe_18,road_segment,908
severe_18,road_segment,910
severe_18,road_segment,911
severe_18,road_segment,912
severe_18,road_segment,914
severe_18,road_segment,915
severe_18,road_segment,920
severe_18,road_segment,921
severe_18,road_segment,922
severe_18,road_segment,923
severe_18,road_segment,924
severe_18,road_segment,927
severe_18,road_segment,930
severe_18,road_segment,931
severe_18,road_segment,932
severe_18,road_segment,933
severe_18,road_segment,934
severe_18,road_segment,936
severe_18,road_segment,938
severe_18,road_segment,939
severe_18,road_segment,940
severe_18,road_segment,942
severe_18,road_segment,944
severe_18,road_segment,947
severe_18,road_segment,953
severe_18,road_segment,954
severe_18,road_segment,955
severe_18,road_segment,956
severe_18,road_segment,957
severe_18,road_segment,963
severe_18,road_segment,966
severe_18,road_segment,967
severe_18,road_segment,972
severe_18,road_segment,973
severe_18,road_segment,975
severe_18,road_segment,982
severe_18,road_segment,992
severe_18,road_segment,994
severe_18,road_segment,997
severe_18,road_segment,1000
severe_18,road_segment,1001
severe_18,road_segment,1005
severe_18,road_segment,1006
severe_18,road_segment,1010
severe_18,road_segment,1013
severe_18,road_segment,1014
severe_18,road_segment,1015
severe_18,road_segment,1016
severe_18,road_segment,1024
severe_18,road_segment,1026
severe_18,road_segment,1027
severe_18,road_segment,1030
severe_18,road_segment,1033
severe_18,road_segment,1037
severe_18,road_segment,1041
severe_18,road_segment,1043
severe_18,road_segment,1044
severe_18,road_segment,1047
severe_18,road_segment,1048
severe_18,road_segment,1049
severe_18,road_segment,1051
severe_18,road_segment,1056
severe_18,road_segment,1058
severe_18,road_segment,1059
severe_18,road_segment,1063
severe_18,road_segment,1065
severe_18,road_segment,1068
severe_18,road_segment,1069
severe_18,road_segment,1070
severe_18,road_segment,1072
severe_18,road_segment,1073
severe_18,road_segment,1074
severe_18,road_segment,1076
severe_18,road_segment,1081
severe_18,road_segment,1082
severe_18,road_segment,1089
severe_18,road_segment,1091
severe_18,road_segment,1092
severe_18,road_segment,1093
severe_18,road_segment,1095
severe_18,road_segment,1096
severe_18,road_segment,1100
severe_18,road_segment,1105
severe_18,road_segment,1106
severe_18,road_segment,1107
severe_18,road_segment,1108
severe_18,road_segment,1110
severe_18,road_segment,1112
severe_18,road_segment,1115
severe_18,road_segment,1117
severe_18,road_segment,1120
severe_18,road_segment,1124
severe_18,road_segment,1127
severe_18,road_segment,1129
severe_18,facility,900308
severe_18,facility,876158
severe_18,facility,912333
severe_18,facility,966003
severe_18,facility,965433
severe_18,facility,907956
severe_18,facility,963180
severe_18,facility,887699
severe_18,facility,914520
severe_18,facility,900084
severe_18,facility,890796
severe_18,facility,956263
severe_18,facility,963173
severe_18,facility,900323
severe_19,road_segment,0
severe_19,road_segment,6
severe_19,road_segment,7
severe_19,road_segment,11
severe_19,road_segment,14
severe_19,road_segment,15
severe_19,road_segment,16
severe_19,road_segment,18
severe_19,road_segment,21
severe_19,road_segment,22
severe_19,road_segment,28
severe_19,road_segment,33
severe_19,road_segment,40
severe_19,road_segment,42
severe_19,road_segment,43
severe_19,road_segment,44
severe_19,road_segment,45
severe_19,road_segment,47
severe_19,road_segment,51
severe_19,road_segment,53
severe_19,road_segment,57
severe_19,road_segment,58
severe_19,road_segment,59
severe_19,road_segment,62
severe_19,road_segment,65
severe_19,road_segment,68
severe_19,road_segment,70
severe_19,road_segment,72
severe_19,road_segment,74
severe_19,road_segment,75
severe_19,road_segment,83
severe_19,road_segment,85
severe_19,road_segment,86
severe_19,road_segment,87
severe_19,road_segment,89
severe_19,road_segment,97
severe_19,road_segment,98
severe_19,road_segment,99
severe_19,road_segment,100
severe_19,road_segment,101
severe_19,road_segment,105
severe_19,road_segment,108
severe_19,road_segment,109
severe_19,road_segment,110
severe_19,road_segment,114
severe_19,road_segment,115
severe_19,road_segment,117
severe_19,road_segment,118
severe_19,road_segment,119
severe_19,road_segment,120
severe_19,road_segment,122
severe_19,road_segment,127
severe_19,road_segment,131
severe_19,road_segment,134
severe_19,road_segment,136
severe_19,road_segment,137
severe_19,road_segment,140
severe_19,road_segment,141
severe_19,road_segment,142
severe_19,road_segment,143
severe_19,road_segment,144
severe_19,road_segment,145
severe_19,road_segment,148
severe_19,road_segment,149
severe_19,road_segment,153
severe_19,road_segment,155
severe_19,road_segment,156
severe_19,road_segment,158
severe_19,road_segment,159
severe_19,road_segment,160
severe_19,road_segment,161
severe_19,road_segment,162
severe_19,road_segment,165
severe_19,road_segment,170
severe_19,road_segment,172
severe_19,road_segment,173
severe_19,road_segment,174
severe_19,road_segment,177
severe_19,road_segment,178
severe_19,road_segment,180
severe_19,road_segment,182
severe_19,road_segment,183
severe_19,road_segment,184
severe_19,road_segment,186
severe_19,road_segment,189
severe_19,road_segment,190
severe_19,road_segment,191
severe_19,road_segment,192
severe_19,road_segment,194
severe_19,road_segment,195
severe_19,road_segment,196
severe_19,road_segment,198
severe_19,road_segment,201
severe_19,road_segment,202
severe_19,road_segment,203
severe_19,road_segment,206
severe_19,road_segment,207
severe_19,road_segment,208
severe_19,road_segment,210
severe_19,road_segment,215
severe_19,road_segment,216
severe_19,road_segment,220
severe_19,road_segment,222
severe_19,road_segment,224
severe_19,road_segment,225
severe_19,road_segment,227
severe_19,road_segment,228
severe_19,road_segment,230
severe_19,road_segment,234
severe_19,road_segment,235
severe_19,road_segment,238
severe_19,road_segment,239
severe_19,road_segment,240
severe_19,road_segment,241
severe_19,road_segment,245
severe_19,road_segment,247
severe_19,road_segment,250
severe_19,road_segment,251
severe_19,road_segment,256
severe_19,road_segment,257
severe_19,road_segment,258
severe_19,road_segment,260
severe_19,road_segment,264
severe_19,road_segment,266
severe_19,road_segment,270
severe_19,road_segment,271
severe_19,road_segment,272
severe_19,road_segment,273
severe_19,road_segment,274
severe_19,road_segment,275
severe_19,road_segment,276
severe_19,road_segment,278
severe_19,road_segment,279
severe_19,road_segment,280
severe_19,road_segment,281
severe_19,road_segment,285
severe_19,road_segment,287
severe_19,road_segment,288
severe_19,road_segment,289
severe_19,road_segment,292
severe_19,road_segment,296
severe_19,road_segment,299
severe_19,road_segment,301
severe_19,road_segment,304
severe_19,road_segment,306
severe_19,road_segment,308
severe_19,road_segment,310
severe_19,road_segment,312
severe_19,road_segment,316
severe_19,road_segment,317
severe_19,road_segment,319
severe_19,road_segment,320
severe_19,road_segment,323
severe_19,road_segment,325
severe_19,road_segment,326
severe_19,road_segment,327
severe_19,road_segment,337
severe_19,road_segment,338
severe_19,road_segment,339
severe_19,road_segment,342
severe_19,road_segment,345
severe_19,road_segment,346
severe_19,road_segment,348
severe_19,road_segment,350
severe_19,road_segment,354
severe_19,road_segment,355
severe_19,road_segment,357
severe_19,road_segment,358
severe_19,road_segment,361
severe_19,road_segment,362
severe_19,road_segment,364
severe_19,road_segment,365
severe_19,road_segment,366
severe_19,road_segment,367
severe_19,road_segment,368
severe_19,road_segment,369
severe_19,road_segment,370
severe_19,road_segment,371
severe_19,road_segment,376
severe_19,road_segment,382
severe_19,road_segment,387
severe_19,road_segment,389
severe_19,road_segment,391
severe_19,road_segment,393
severe_19,road_segment,397
severe_19,road_segment,400
severe_19,road_segment,401
severe_19,road_segment,402
severe_19,road_segment,403
severe_19,road_segment,404
severe_19,road_segment,405
severe_19,road_segment,408
severe_19,road_segment,409
severe_19,road_segment,410
severe_19,road_segment,415
severe_19,road_segment,417
severe_19,road_segment,418
severe_19,road_segment,420
severe_19,road_segment,423
severe_19,road_segment,425
severe_19,road_segment,426
severe_19,road_segment,427
severe_19,road_segment,432
severe_19,road_segment,434
severe_19,road_segment,435
severe_19,road_segment,440
severe_19,road_segment,443
severe_19,road_segment,444
severe_19,road_segment,452
severe_19,road_segment,454
severe_19,road_segment,458
severe_19,road_segment,461
severe_19,road_segment,467
severe_19,road_segment,470
severe_19,road_segment,477
severe_19,road_segment,478
severe_19,road_segment,479
severe_19,road_segment,480
severe_19,road_segment,482
severe_19,road_segment,483
severe_19,road_segment,484
severe_19,road_segment,485
severe_19,road_segment,488
severe_19,road_segment,489
severe_19,road_segment,490
severe_19,road_segment,491
severe_19,road_segment,495
severe_19,road_segment,497
severe_19,road_segment,498
severe_19,road_segment,500
severe_19,road_segment,501
severe_19,road_segment,505
severe_19,road_segment,506
severe_19,road_segment,507
severe_19,road_segment,510
severe_19,road_segment,513
severe_19,road_segment,514
severe_19,road_segment,515
severe_19,road_segment,516
severe_19,road_segment,517
severe_19,road_segment,519
severe_19,road_segment,521
severe_19,road_segment,522
severe_19,road_segment,523
severe_19,road_segment,524
severe_19,road_segment,526
severe_19,road_segment,528
severe_19,road_segment,530
severe_19,road_segment,531
severe_19,road_segment,535
severe_19,road_segment,540
severe_19,road_segment,541
severe_19,road_segment,542
severe_19,road_segment,543
severe_19,road_segment,544
severe_19,road_segment,548
severe_19,road_segment,551
severe_19,road_segment,552
severe_19,road_segment,554
severe_19,road_segment,555
severe_19,road_segment,556
severe_19,road_segment,557
severe_19,road_segment,558
severe_19,road_segment,559
severe_19,road_segment,561
severe_19,road_segment,562
severe_19,road_segment,563
severe_19,road_segment,566
severe_19,road_segment,568
severe_19,road_segment,569
severe_19,road_segment,570
severe_19,road_segment,571
severe_19,road_segment,573
severe_19,road_segment,575
severe_19,road_segment,576
severe_19,road_segment,578
severe_19,road_segment,579
severe_19,road_segment,580
severe_19,road_segment,581
severe_19,road_segment,583
severe_19,road_segment,584
severe_19,road_segment,585
severe_19,road_segment,587
severe_19,road_segment,589
severe_19,road_segment,590
severe_19,road_segment,591
severe_19,road_segment,592
severe_19,road_segment,593
severe_19,road_segment,594
severe_19,road_segment,599
severe_19,road_segment,601
severe_19,road_segment,603
severe_19,road_segment,604
severe_19,road_segment,605
severe_19,road_segment,606
severe_19,road_segment,608
severe_19,road_segment,610
severe_19,road_segment,612
severe_19,road_segment,613
severe_19,road_segment,615
severe_19,road_segment,616
severe_19,road_segment,617
severe_19,road_segment,618
severe_19,road_segment,619
severe_19,road_segment,623
severe_19,road_segment,625
severe_19,road_segment,627
severe_19,road_segment,628
severe_19,road_segment,630
severe_19,road_segment,634
severe_19,road_segment,636
severe_19,road_segment,638
severe_19,road_segment,639
severe_19,road_segment,640
severe_19,road_segment,641
severe_19,road_segment,646
severe_19,road_segment,647
severe_19,road_segment,651
severe_19,road_segment,653
severe_19,road_segment,654
severe_19,road_segment,655
severe_19,road_segment,657
severe_19,road_segment,660
severe_19,road_segment,661
severe_19,road_segment,663
severe_19,road_segment,666
severe_19,road_segment,667
severe_19,road_segment,668
severe_19,road_segment,669
severe_19,road_segment,670
severe_19,road_segment,672
severe_19,road_segment,674
severe_19,road_segment,677
severe_19,road_segment,679
severe_19,road_segment,682
severe_19,road_segment,688
severe_19,road_segment,689
severe_19,road_segment,691
severe_19,road_segment,693
severe_19,road_segment,696
severe_19,road_segment,700
severe_19,road_segment,702
severe_19,road_segment,704
severe_19,road_segment,705
severe_19,road_segment,708
severe_19,road_segment,712
severe_19,road_segment,719
severe_19,road_segment,720
severe_19,road_segment,723
severe_19,road_segment,724
severe_19,road_segment,730
severe_19,road_segment,732
severe_19,road_segment,733
severe_19,road_segment,734
severe_19,road_segment,735
severe_19,road_segment,737
severe_19,road_segment,738
severe_19,road_segment,739
severe_19,road_segment,740
severe_19,road_segment,741
severe_19,road_segment,743
severe_19,road_segment,744
severe_19,road_segment,745
severe_19,road_segment,747
severe_19,road_segment,748
severe_19,road_segment,750
severe_19,road_segment,755
severe_19,road_segment,756
severe_19,road_segment,761
severe_19,road_segment,763
severe_19,road_segment,767
severe_19,road_segment,768
severe_19,road_segment,769
severe_19,road_segment,773
severe_19,road_segment,774
severe_19,road_segment,776
severe_19,road_segment,777
severe_19,road_segment,778
severe_19,road_segment,779
severe_19,road_segment,781
severe_19,road_segment,782
severe_19,road_segment,785
severe_19,road_segment,787
severe_19,road_segment,788
severe_19,road_segment,789
severe_19,road_segment,790
severe_19,road_segment,792
severe_19,road_segment,793
severe_19,road_segment,794
severe_19,road_segment,796
severe_19,road_segment,798
severe_19,road_segment,800
severe_19,road_segment,801
severe_19,road_segment,803
severe_19,road_segment,804
severe_19,road_segment,807
severe_19,road_segment,809
severe_19,road_segment,810
severe_19,road_segment,813
severe_19,road_segment,817
severe_19,road_segment,818
severe_19,road_segment,820
severe_19,road_segment,823
severe_19,road_segment,824
severe_19,road_segment,826
severe_19,road_segment,827
severe_19,road_segment,828
severe_19,road_segment,830
severe_19,road_segment,831
severe_19,road_segment,832
severe_19,road_segment,836
severe_19,road_segment,838
severe_19,road_segment,840
severe_19,road_segment,841
severe_19,road_segment,843
severe_19,road_segment,844
severe_19,road_segment,845
severe_19,road_segment,846
severe_19,road_segment,847
severe_19,road_segment,848
severe_19,road_segment,852
severe_19,road_segment,854
severe_19,road_segment,856
severe_19,road_segment,859
severe_19,road_segment,860
severe_19,road_segment,861
severe_19,road_segment,863
severe_19,road_segment,865
severe_19,road_segment,866
severe_19,road_segment,868
severe_19,road_segment,870
severe_19,road_segment,871
severe_19,road_segment,876
severe_19,road_segment,877
severe_19,road_segment,882
severe_19,road_segment,884
severe_19,road_segment,887
severe_19,road_segment,888
severe_19,road_segment,891
severe_19,road_segment,892
severe_19,road_segment,893
severe_19,road_segment,895
severe_19,road_segment,899
severe_19,road_segment,901
severe_19,road_segment,902
severe_19,road_segment,908
severe_19,road_segment,910
severe_19,road_segment,911
severe_19,road_segment,912
severe_19,road_segment,914
severe_19,road_segment,915
severe_19,road_segment,920
severe_19,road_segment,921
severe_19,road_segment,922
severe_19,road_segment,923
severe_19,road_segment,924
severe_19,road_segment,927
severe_19,road_segment,930
severe_19,road_segment,931
severe_19,road_segment,932
severe_19,road_segment,933
severe_19,road_segment,934
severe_19,road_segment,936
severe_19,road_segment,938
severe_19,road_segment,939
severe_19,road_segment,940
severe_19,road_segment,942
severe_19,road_segment,944
severe_19,road_segment,947
severe_19,road_segment,953
severe_19,road_segment,954
severe_19,road_segment,955
severe_19,road_segment,956
severe_19,road_segment,957
severe_19,road_segment,963
severe_19,road_segment,966
severe_19,road_segment,967
severe_19,road_segment,972
severe_19,road_segment,973
severe_19,road_segment,975
severe_19,road_segment,982
severe_19,road_segment,992
severe_19,road_segment,994
severe_19,road_segment,997
severe_19,road_segment,1000
severe_19,road_segment,1001
severe_19,road_segment,1005
severe_19,road_segment,1006
severe_19,road_segment,1007
severe_19,road_segment,1010
severe_19,road_segment,1013
severe_19,road_segment,1014
severe_19,road_segment,1015
severe_19,road_segment,1016
severe_19,road_segment,1024
severe_19,road_segment,1026
severe_19,road_segment,1027
severe_19,road_segment,1030
severe_19,road_segment,1033
severe_19,road_segment,1037
severe_19,road_segment,1041
severe_19,road_segment,1043
severe_19,road_segment,1044
severe_19,road_segment,1047
severe_19,road_segment,1048
severe_19,road_segment,1049
severe_19,road_segment,1051
severe_19,road_segment,1056
severe_19,road_segment,1058
severe_19,road_segment,1059
severe_19,road_segment,1063
severe_19,road_segment,1065
severe_19,road_segment,1068
severe_19,road_segment,1069
severe_19,road_segment,1070
severe_19,road_segment,1072
severe_19,road_segment,1073
severe_19,road_segment,1074
severe_19,road_segment,1076
severe_19,road_segment,1081
severe_19,road_segment,1082
severe_19,road_segment,1089
severe_19,road_segment,1091
severe_19,road_segment,1092
severe_19,road_segment,1093
severe_19,road_segment,1095
severe_19,road_segment,1096
severe_19,road_segment,1100
severe_19,road_segment,1105
severe_19,road_segment,1106
severe_19,road_segment,1107
severe_19,road_segment,1108
severe_19,road_segment,1110
severe_19,road_segment,1112
severe_19,road_segment,1115
severe_19,road_segment,1117
severe_19,road_segment,1120
severe_19,road_segment,1124
severe_19,road_segment,1127
severe_19,road_segment,1129
severe_19,facility,912333
severe_19,facility,964438
severe_19,facility,965433
severe_19,facility,885520
severe_19,facility,907956
severe_19,facility,876161
severe_19,facility,963180
severe_19,facility,901325
severe_19,facility,900003
severe_19,facility,887699
severe_19,facility,950638
severe_19,facility,914520
severe_19,facility,900084
severe_19,facility,879303
severe_19,facility,890796
severe_19,facility,900323
severe_19,facility,902085
