policy,scenario,severity,trucks,unmet_units,cut_off_units,total_unmet_units,none_unmet_units,avoidable_units,capture_rate,delivered,useful_delivered,waste_share,truck_hours,truck_hour_budget,visits,hubs,facilities_stocked_out,facilities_unreachable,unmet_gini,config,fleet
none,mild_00,mild,2,12355.224,2290.904,14646.128,12355.224,11864.820000000002,0.0,0.0,0.0,0.0,0.0,60.0,0,1,35,7,0.6804559159744109,single depot (Silchar centre),2
proportional,mild_00,mild,2,5632.303211369608,2290.904,7923.207211369609,12355.224,11864.820000000002,0.5666264459663435,22052.34603204514,6722.920788630393,0.6951380692620618,59.419070922990116,60.0,33,1,25,7,0.79246980253648,single depot (Silchar centre),2
nearest_first,mild_00,mild,2,5245.396000000001,2290.904,7536.300000000001,12355.224,11864.820000000002,0.5992360608926219,8656.508000000002,7109.828000000001,0.17867250859122408,56.69610930330269,60.0,26,1,23,7,0.8078340594263868,single depot (Silchar centre),2
nearest_first_post,mild_00,mild,2,2484.632,2290.904,4775.536,12355.224,11864.820000000002,0.831920922525584,9870.592,9870.592,0.0,56.91172526219031,60.0,25,1,10,7,0.9058359071221984,single depot (Silchar centre),2
access_opt,mild_00,mild,2,1154.624,2290.904,3445.5280000000002,12355.224,11864.820000000002,0.9440176926409334,11200.599999999999,11200.599999999999,0.0,59.62208288578173,60.0,24,1,11,7,0.9130978976837089,single depot (Silchar centre),2
none,mild_01,mild,2,12086.94,2290.904,14377.844000000001,12086.94,11596.536000000002,0.0,0.0,0.0,0.0,0.0,60.0,0,1,36,7,0.6875327198728768,single depot (Silchar centre),2
proportional,mild_01,mild,2,5668.126768005405,2290.904,7959.030768005405,12086.94,11596.536000000002,0.5535112581890483,21754.53607491633,6418.813231994596,0.7049436857724725,58.158137615922875,60.0,33,1,25,7,0.7953414369491417,single depot (Silchar centre),2
nearest_first,mild_01,mild,2,4853.4800000000005,2290.904,7144.384,12086.94,11596.536000000002,0.6237604056935622,8787.812000000002,7233.460000000001,0.1768758821877392,58.46251060951296,60.0,27,1,21,7,0.8327568212610122,single depot (Silchar centre),2
nearest_first_post,mild_01,mild,2,2484.632,2290.904,4775.536,12086.94,11596.536000000002,0.8280324400320923,9602.308,9602.308,0.0,58.67812656840058,60.0,26,1,10,7,0.9071258262027161,single depot (Silchar centre),2
access_opt,mild_01,mild,2,1150.8799999999999,2290.904,3441.7839999999997,12086.94,11596.536000000002,0.943045405972956,10936.060000000001,10936.060000000001,0.0,59.98786566349243,60.0,24,1,12,7,0.9099785990116022,single depot (Silchar centre),2
none,mild_02,mild,2,10623.372000000003,581.7560000000001,11205.128000000002,10623.372000000003,10623.372000000003,0.0,0.0,0.0,0.0,0.0,60.0,0,1,38,0,0.6881964905725689,single depot (Silchar centre),2
proportional,mild_02,mild,2,5382.608424618975,581.7560000000001,5964.364424618975,10623.372000000003,10623.372000000003,0.49332392533943337,19237.29471859534,5240.763575381026,0.7275727355616615,59.84835240111176,60.0,35,1,24,0,0.8045936461961188,single depot (Silchar centre),2
nearest_first,mild_02,mild,2,2866.4840000000004,581.7560000000001,3448.2400000000007,10623.372000000003,10623.372000000003,0.7301719265784913,8740.928000000002,7756.888000000001,0.11257843560775249,58.10835542713186,60.0,28,1,15,0,0.8889670144685318,single depot (Silchar centre),2
nearest_first_post,mild_02,mild,2,1924.644,581.7560000000001,2506.4,10623.372000000003,10623.372000000003,0.8188292756763107,8698.728000000003,8698.728000000003,0.0,59.42977001252215,60.0,28,1,10,0,0.9294077342238095,single depot (Silchar centre),2
access_opt,mild_02,mild,2,739.1600000000001,581.7560000000001,1320.9160000000002,10623.372000000003,10623.372000000003,0.9304213389119764,9884.212000000003,9884.212000000003,0.0,59.67550921439558,60.0,27,1,11,0,0.9133059246546307,single depot (Silchar centre),2
none,mild_03,mild,2,10578.472000000003,872.732,11451.204000000003,10578.472000000003,10578.472000000003,0.0,0.0,0.0,0.0,0.0,60.0,0,1,37,0,0.6964632111625947,single depot (Silchar centre),2
proportional,mild_03,mild,2,4689.253218763877,872.732,5561.985218763877,10578.472000000003,10578.472000000003,0.5567173388780652,20212.937797285653,5889.218781236124,0.7086411267724292,59.22073075057559,60.0,34,1,22,0,0.8152130527167504,single depot (Silchar centre),2
nearest_first,mild_03,mild,2,3177.992,872.732,4050.724,10578.472000000003,10578.472000000003,0.6995792965184386,8581.360000000002,7400.480000000001,0.13760988934154972,58.297425247993864,60.0,27,1,15,0,0.8923287054587505,single depot (Silchar centre),2
nearest_first_post,mild_03,mild,2,2406.428,872.732,3279.16,10578.472000000003,10578.472000000003,0.772516484422325,8172.044000000001,8172.044000000001,0.0,59.65174913434524,60.0,27,1,10,0,0.9206878248488664,single depot (Silchar centre),2
access_opt,mild_03,mild,2,751.808,872.732,1624.54,10578.472000000003,10578.472000000003,0.9289303786028834,9826.664000000002,9826.664000000002,0.0,59.943725460506066,60.0,25,1,12,0,0.9086630409580801,single depot (Silchar centre),2
none,mild_04,mild,2,12088.616000000004,1555.26,13643.876000000004,12088.616,12088.616000000002,-3.009425402454435e-16,0.0,0.0,0.0,0.0,60.0,0,1,36,2,0.6973672136794932,single depot (Silchar centre),2
proportional,mild_04,mild,2,5073.058556514587,1555.26,6628.318556514587,12088.616,12088.616000000002,0.5803441389390988,21205.840236006283,7015.557443485413,0.6691686174465559,57.97264115889881,60.0,33,1,25,2,0.7957084432139071,single depot (Silchar centre),2
nearest_first,mild_04,mild,2,4187.652,1555.26,5742.912,12088.616,12088.616000000002,0.6535871434744887,8712.104000000001,7900.964000000001,0.09310494916038659,59.59273352038745,60.0,27,1,18,2,0.863436379850973,single depot (Silchar centre),2
nearest_first_post,mild_04,mild,2,2011.8239999999998,1555.26,3567.084,12088.616,12088.616000000002,0.8335769785391477,10076.792000000001,10076.792000000001,0.0,57.02369471393014,60.0,26,1,10,2,0.9185132433329749,single depot (Silchar centre),2
access_opt,mild_04,mild,2,547.472,1555.26,2102.732,12088.616,12088.616000000002,0.9547117718024957,11541.144000000002,11541.144000000002,0.0,59.82467942334925,60.0,25,1,11,2,0.9044216743631337,single depot (Silchar centre),2
none,mild_05,mild,2,12188.431999999999,2612.428,14800.859999999999,12188.431999999999,11698.028,0.0,0.0,0.0,0.0,0.0,60.0,0,1,35,9,0.6965815181356595,single depot (Silchar centre),2
proportional,mild_05,mild,2,5532.811728259918,2612.428,8145.239728259918,12188.431999999999,11698.028,0.5689523286950656,21849.15915059508,6655.620271740083,0.6953832307290959,57.50702017053582,60.0,32,1,23,9,0.8010078525500407,single depot (Silchar centre),2
nearest_first,mild_05,mild,2,5112.624000000002,2612.428,7725.0520000000015,12188.431999999999,11698.028,0.6048718638731243,8787.812000000002,7075.808000000001,0.19481572887540155,59.706700030558515,60.0,27,1,22,9,0.8242478030340663,single depot (Silchar centre),2
nearest_first_post,mild_05,mild,2,2487.824,2612.428,5100.252,12188.431999999999,11698.028,0.8292515627420278,9700.608,9700.608,0.0,56.48108046283384,60.0,25,1,10,9,0.915754450363758,single depot (Silchar centre),2
access_opt,mild_05,mild,2,961.0440000000003,2612.428,3573.472,12188.431999999999,11698.028,0.9597675779199707,11227.387999999999,11227.387999999999,0.0,59.05136402008464,60.0,24,1,11,9,0.9184099492845585,single depot (Silchar centre),2
none,mild_06,mild,2,10763.320000000003,528.808,11292.128000000004,10763.320000000003,10763.320000000002,0.0,0.0,0.0,0.0,0.0,60.0,0,1,37,1,0.6873774455627003,single depot (Silchar centre),2
proportional,mild_06,mild,2,5517.344007973585,528.808,6046.152007973585,10763.320000000003,10763.320000000002,0.4873938517136365,19328.82394839916,5245.975992026416,0.728593110163803,59.84835240111176,60.0,35,1,23,1,0.8051586888197539,single depot (Silchar centre),2
nearest_first,mild_06,mild,2,2947.4080000000004,528.808,3476.2160000000003,10763.320000000003,10763.320000000002,0.7261618162425721,8740.928000000002,7815.912,0.10582583451093541,58.10835542713186,60.0,28,1,15,1,0.8863894748014371,single depot (Silchar centre),2
nearest_first_post,mild_06,mild,2,1946.684,528.808,2475.492,10763.320000000003,10763.320000000002,0.8191372178844448,8816.636000000002,8816.636000000002,0.0,59.42977001252215,60.0,28,1,9,1,0.9325401227051126,single depot (Silchar centre),2
access_opt,mild_06,mild,2,680.1240000000001,528.808,1208.9320000000002,10763.320000000003,10763.320000000002,0.9368109468082341,10083.196000000004,10083.196000000004,0.0,59.95897434736758,60.0,27,1,10,1,0.9005902092682134,single depot (Silchar centre),2
none,mild_07,mild,2,12214.296,1693.468,13907.764000000001,12214.296,12214.296,0.0,0.0,0.0,0.0,0.0,60.0,0,1,35,3,0.6779536656757357,single depot (Silchar centre),2
proportional,mild_07,mild,2,5084.278198356877,1693.468,6777.746198356876,12214.296,12214.296,0.5837436559293407,21193.917058409104,7130.017801643125,0.6635818767246637,58.83429427310364,60.0,33,1,25,3,0.7836788228155877,single depot (Silchar centre),2
nearest_first,mild_07,mild,2,4922.168000000001,1693.468,6615.636,12214.296,12214.296,0.5970158247352119,8450.056,7292.128000000001,0.13703199126727683,56.531023941783594,60.0,26,1,22,3,0.8135228221529927,single depot (Silchar centre),2
nearest_first_post,mild_07,mild,2,1792.416,1693.468,3485.884,12214.296,12214.296,0.8532526148048156,10421.880000000001,10421.880000000001,0.0,57.12342614120188,60.0,25,1,10,3,0.9047932720843166,single depot (Silchar centre),2
access_opt,mild_07,mild,2,796.9160000000002,1693.468,2490.384,12214.296,12214.296,0.9347554701474404,11417.380000000001,11417.380000000001,0.0,59.609856113823,60.0,24,1,11,3,0.9026395191163092,single depot (Silchar centre),2
none,mild_08,mild,2,12088.616000000004,1555.26,13643.876000000004,12088.616,12088.616000000002,-3.009425402454435e-16,0.0,0.0,0.0,0.0,60.0,0,1,36,2,0.6973672136794932,single depot (Silchar centre),2
proportional,mild_08,mild,2,5073.058556514587,1555.26,6628.318556514587,12088.616,12088.616000000002,0.5803441389390988,21205.840236006283,7015.557443485413,0.6691686174465559,57.97264115889881,60.0,33,1,25,2,0.7957084432139071,single depot (Silchar centre),2
nearest_first,mild_08,mild,2,4187.652,1555.26,5742.912,12088.616,12088.616000000002,0.6535871434744887,8712.104000000001,7900.964000000001,0.09310494916038659,59.59273352038745,60.0,27,1,18,2,0.863436379850973,single depot (Silchar centre),2
nearest_first_post,mild_08,mild,2,2011.8239999999998,1555.26,3567.084,12088.616,12088.616000000002,0.8335769785391477,10076.792000000001,10076.792000000001,0.0,57.02369471393014,60.0,26,1,10,2,0.9185132433329749,single depot (Silchar centre),2
access_opt,mild_08,mild,2,547.472,1555.26,2102.732,12088.616,12088.616000000002,0.9547117718024957,11541.144000000002,11541.144000000002,0.0,59.82467942334925,60.0,25,1,11,2,0.9044216743631337,single depot (Silchar centre),2
none,mild_09,mild,2,12765.376000000002,1469.776,14235.152000000002,12765.376000000002,12765.376000000002,0.0,0.0,0.0,0.0,0.0,60.0,0,1,35,2,0.6824731627186699,single depot (Silchar centre),2
proportional,mild_09,mild,2,5324.095368165755,1469.776,6793.871368165755,12765.376000000002,12765.376000000002,0.5829268665360304,21347.925792839404,7441.2806318342455,0.651428400864583,58.83429427310364,60.0,33,1,24,2,0.7995489141697504,single depot (Silchar centre),2
nearest_first,mild_09,mild,2,5241.092000000001,1469.776,6710.868,12765.376000000002,12765.376000000002,0.5894290931970981,8450.056,7524.284000000001,0.10955809050259546,56.531023941783594,60.0,26,1,20,2,0.8388653976018491,single depot (Silchar centre),2
nearest_first_post,mild_09,mild,2,1645.144,1469.776,3114.92,12765.376000000002,12765.376000000002,0.8711245168179926,11120.232,11120.232,0.0,57.95926963970687,60.0,26,1,9,2,0.9267301831963984,single depot (Silchar centre),2
access_opt,mild_09,mild,2,634.7,1469.776,2104.476,12765.376000000002,12765.376000000002,0.9502795687334239,12130.676,12130.676,0.0,59.78165270442655,60.0,25,1,10,2,0.9148551310681783,single depot (Silchar centre),2
none,mild_10,mild,2,10821.000000000004,471.12800000000004,11292.128000000004,10821.000000000004,10821.000000000002,0.0,0.0,0.0,0.0,0.0,60.0,0,1,37,1,0.6864309960789646,single depot (Silchar centre),2
proportional,mild_10,mild,2,5517.344007973585,471.12800000000004,5988.472007973584,10821.000000000004,10821.000000000002,0.49012623528568694,19328.82394839916,5303.655992026416,0.7256089658540414,59.84835240111176,60.0,35,1,23,1,0.8051586888197539,single depot (Silchar centre),2
nearest_first,mild_10,mild,2,2947.4080000000004,471.12800000000004,3418.5360000000005,10821.000000000004,10821.000000000002,0.7276214767581556,8740.928000000002,7873.592000000001,0.09922699283188252,58.10835542713186,60.0,28,1,15,1,0.8863894748014371,single depot (Silchar centre),2
nearest_first_post,mild_10,mild,2,1946.684,471.12800000000004,2417.812,10821.000000000004,10821.000000000002,0.820101284539322,8874.316000000003,8874.316000000003,0.0,59.42977001252215,60.0,28,1,9,1,0.9325401227051126,single depot (Silchar centre),2
access_opt,mild_10,mild,2,680.1240000000001,471.12800000000004,1151.2520000000002,10821.000000000004,10821.000000000002,0.9371477682284449,10140.876000000004,10140.876000000004,0.0,59.95897434736758,60.0,27,1,10,1,0.9005902092682134,single depot (Silchar centre),2
none,mild_11,mild,2,13226.676000000001,2844.632,16071.308,13226.676000000001,12736.272000000003,0.0,0.0,0.0,0.0,0.0,60.0,0,1,36,8,0.681856868144629,single depot (Silchar centre),2
proportional,mild_11,mild,2,5635.066612398308,2844.632,8479.698612398308,13226.676000000001,12736.272000000003,0.596062127724792,21953.183187568364,7591.609387601693,0.654190951592812,59.017950784670184,60.0,32,1,21,8,0.8167513464685898,single depot (Silchar centre),2
nearest_first,mild_11,mild,2,6208.548000000001,2844.632,9053.18,13226.676000000001,12736.272000000003,0.5510347140827394,8656.508000000002,7018.128000000001,0.18926569466579368,57.613417331840445,60.0,26,1,22,8,0.8153416895890617,single depot (Silchar centre),2
nearest_first_post,mild_11,mild,2,2487.824,2844.632,5332.456,13226.676000000001,12736.272000000003,0.843170748865916,10738.851999999999,10738.851999999999,0.0,58.9782146074021,60.0,26,1,10,8,0.9133125503743018,single depot (Silchar centre),2
access_opt,mild_11,mild,2,1049.0320000000004,2844.632,3893.6640000000007,13226.676000000001,12736.272000000003,0.9561388136183019,12177.644,12177.644,0.0,59.88371491586357,60.0,24,1,12,8,0.9148110697282302,single depot (Silchar centre),2
none,mild_12,mild,2,12521.828,1345.176,13867.003999999999,12521.828,12521.828,0.0,0.0,0.0,0.0,0.0,60.0,0,1,33,1,0.7056584212865167,single depot (Silchar centre),2
proportional,mild_12,mild,2,5463.126089330339,1345.176,6808.302089330338,12521.828,12521.828,0.5637117768004528,20986.80170981373,7058.701910669661,0.6636599512269223,59.15869181359065,60.0,33,1,24,1,0.7868579058165751,single depot (Silchar centre),2
nearest_first,mild_12,mild,2,5103.335999999999,1345.176,6448.511999999999,12521.828,12521.828,0.5924448091764238,8337.08,7418.492,0.1101810226122335,56.913560248624314,60.0,26,1,18,1,0.8470111030183619,single depot (Silchar centre),2
nearest_first_post,mild_12,mild,2,1567.6719999999998,1345.176,2912.848,12521.828,12521.828,0.8748048607599465,10954.155999999999,10954.155999999999,0.0,56.248523247829525,60.0,25,1,8,1,0.9261395144799842,single depot (Silchar centre),2
access_opt,mild_12,mild,2,426.30800000000005,1345.176,1771.484,12521.828,12521.828,0.9659548110707158,12095.519999999999,12095.519999999999,0.0,59.538221417855134,60.0,25,1,8,1,0.9104663714642489,single depot (Silchar centre),2
none,mild_13,mild,2,10623.372000000003,612.164,11235.536000000004,10623.372000000003,10623.372000000003,0.0,0.0,0.0,0.0,0.0,60.0,0,1,38,0,0.6881964905725689,single depot (Silchar centre),2
proportional,mild_13,mild,2,5382.608424618975,612.164,5994.772424618975,10623.372000000003,10623.372000000003,0.49332392533943337,19237.29471859534,5240.763575381026,0.7275727355616615,59.84835240111176,60.0,35,1,24,0,0.8045936461961188,single depot (Silchar centre),2
nearest_first,mild_13,mild,2,2866.4840000000004,612.164,3478.648,10623.372000000003,10623.372000000003,0.7301719265784913,8740.928000000002,7756.888000000001,0.11257843560775249,58.10835542713186,60.0,28,1,15,0,0.8889670144685318,single depot (Silchar centre),2
nearest_first_post,mild_13,mild,2,1924.644,612.164,2536.808,10623.372000000003,10623.372000000003,0.8188292756763107,8698.728000000003,8698.728000000003,0.0,59.42977001252215,60.0,28,1,10,0,0.9294077342238095,single depot (Silchar centre),2
access_opt,mild_13,mild,2,739.1600000000001,612.164,1351.324,10623.372000000003,10623.372000000003,0.9304213389119764,9884.212000000003,9884.212000000003,0.0,59.67550921439558,60.0,27,1,11,0,0.9133059246546307,single depot (Silchar centre),2
none,mild_14,mild,2,12096.884000000002,1516.9840000000002,13613.868000000002,12096.884000000002,12096.884000000002,0.0,0.0,0.0,0.0,0.0,60.0,0,1,37,3,0.6915140456963631,single depot (Silchar centre),2
proportional,mild_14,mild,2,4972.766558898023,1516.9840000000002,6489.750558898023,12096.884000000002,12096.884000000002,0.5889216959592221,20891.31377866362,7124.117441101977,0.658991410660929,57.770577828358626,60.0,33,1,24,3,0.8040477732104685,single depot (Silchar centre),2
nearest_first,mild_14,mild,2,4448.968,1516.9840000000002,5965.952,12096.884000000002,12096.884000000002,0.6322219837769794,8581.360000000002,7647.916000000001,0.10877576514678333,58.297425247993864,60.0,27,1,19,3,0.8598389931342116,single depot (Silchar centre),2
nearest_first_post,mild_14,mild,2,2011.8239999999998,1516.9840000000002,3528.808,12096.884000000002,12096.884000000002,0.8336907256447197,10085.060000000001,10085.060000000001,0.0,59.65174913434524,60.0,27,1,10,3,0.9196295002736191,single depot (Silchar centre),2
access_opt,mild_14,mild,2,659.684,1516.9840000000002,2176.668,12096.884000000002,12096.884000000002,0.9454666176843558,11437.2,11437.2,0.0,59.947348900433376,60.0,26,1,11,3,0.9131183408527173,single depot (Silchar centre),2
none,mild_15,mild,2,12251.624000000002,1829.7160000000003,14081.340000000002,12251.624000000002,12251.624000000002,0.0,0.0,0.0,0.0,0.0,60.0,0,1,34,3,0.7001834153173679,single depot (Silchar centre),2
proportional,mild_15,mild,2,5010.9934078792085,1829.7160000000003,6840.709407879209,12251.624000000002,12251.624000000002,0.5909935362137128,21474.348412049465,7240.630592120792,0.6628242006142545,57.065409114872566,60.0,32,1,26,3,0.7864945789763145,single depot (Silchar centre),2
nearest_first,mild_15,mild,2,4474.487999999999,1829.7160000000003,6304.204,12251.624000000002,12251.624000000002,0.6347840906642255,8580.800000000001,7777.136,0.09365840014917026,58.74364024271494,60.0,26,1,19,3,0.8436158517313701,single depot (Silchar centre),2
nearest_first_post,mild_15,mild,2,1980.916,1829.7160000000003,3810.6320000000005,12251.624000000002,12251.624000000002,0.8383140063717268,10270.708000000002,10270.708000000002,0.0,56.17460143625762,60.0,25,1,9,3,0.9191688146678446,single depot (Silchar centre),2
access_opt,mild_15,mild,2,434.92800000000005,1829.7160000000003,2264.6440000000002,12251.624000000002,12251.624000000002,0.9645003797047641,11816.696,11816.696,0.0,59.538221417855134,60.0,25,1,9,3,0.9065274772001277,single depot (Silchar centre),2
none,mild_16,mild,2,12073.636,1410.3600000000001,13483.996000000001,12073.636,12073.636,0.0,0.0,0.0,0.0,0.0,60.0,0,1,35,1,0.70289679061892,single depot (Silchar centre),2
proportional,mild_16,mild,2,4967.946807032711,1410.3600000000001,6378.306807032712,12073.636,12073.636,0.5885293537893049,20566.131937370723,7105.68919296729,0.6544955942806366,58.75941162072823,60.0,33,1,25,1,0.7975266042686113,single depot (Silchar centre),2
nearest_first,mild_16,mild,2,4541.511999999999,1410.3600000000001,5951.871999999999,12073.636,12073.636,0.6238488554731981,8581.360000000002,7532.124000000001,0.12226919742325237,59.541614669039426,60.0,27,1,19,1,0.8514953605222184,single depot (Silchar centre),2
nearest_first_post,mild_16,mild,2,1980.916,1410.3600000000001,3391.276,12073.636,12073.636,0.8359304521024156,10092.720000000001,10092.720000000001,0.0,58.80265585667272,60.0,26,1,9,1,0.9224906442020429,single depot (Silchar centre),2
access_opt,mild_16,mild,2,483.8480000000001,1410.3600000000001,1894.2080000000003,12073.636,12073.636,0.959925245385897,11589.788,11589.788,0.0,59.86042687648336,60.0,25,1,10,1,0.9012895983302398,single depot (Silchar centre),2
none,mild_17,mild,2,11578.072000000002,980.8679999999999,12558.940000000002,11578.072000000002,11578.072000000002,0.0,0.0,0.0,0.0,0.0,60.0,0,1,37,0,0.7018341040537851,single depot (Silchar centre),2
proportional,mild_17,mild,2,4976.8400491449065,980.8679999999999,5957.708049144907,11578.072000000002,11578.072000000002,0.570149499057796,20298.215003650737,6601.231950855093,0.674787563848948,59.41828693280913,60.0,34,1,24,0,0.8081132235296715,single depot (Silchar centre),2
nearest_first,mild_17,mild,2,3913.7759999999994,980.8679999999999,4894.643999999999,11578.072000000002,11578.072000000002,0.6619665173959879,8581.360000000002,7664.296,0.10686697679621904,58.297425247993864,60.0,27,1,17,0,0.8765214396976012,single depot (Silchar centre),2
nearest_first_post,mild_17,mild,2,2040.72,980.8679999999999,3021.5879999999997,11578.072000000002,11578.072000000002,0.823742674946226,9537.352000000003,9537.352000000003,0.0,59.65174913434524,60.0,27,1,10,0,0.9218955304102733,single depot (Silchar centre),2
access_opt,mild_17,mild,2,642.6400000000001,980.8679999999999,1623.508,11578.072000000002,11578.072000000002,0.9444950765550604,10935.432000000003,10935.432000000003,0.0,59.95244053055565,60.0,25,1,12,0,0.9115432876023588,single depot (Silchar centre),2
none,mild_18,mild,2,10763.320000000003,528.808,11292.128000000004,10763.320000000003,10763.320000000002,0.0,0.0,0.0,0.0,0.0,60.0,0,1,37,1,0.6873774455627003,single depot (Silchar centre),2
proportional,mild_18,mild,2,5517.344007973585,528.808,6046.152007973585,10763.320000000003,10763.320000000002,0.4873938517136365,19328.82394839916,5245.975992026416,0.728593110163803,59.84835240111176,60.0,35,1,23,1,0.8051586888197539,single depot (Silchar centre),2
nearest_first,mild_18,mild,2,2947.4080000000004,528.808,3476.2160000000003,10763.320000000003,10763.320000000002,0.7261618162425721,8740.928000000002,7815.912,0.10582583451093541,58.10835542713186,60.0,28,1,15,1,0.8863894748014371,single depot (Silchar centre),2
nearest_first_post,mild_18,mild,2,1946.684,528.808,2475.492,10763.320000000003,10763.320000000002,0.8191372178844448,8816.636000000002,8816.636000000002,0.0,59.42977001252215,60.0,28,1,9,1,0.9325401227051126,single depot (Silchar centre),2
access_opt,mild_18,mild,2,680.1240000000001,528.808,1208.9320000000002,10763.320000000003,10763.320000000002,0.9368109468082341,10083.196000000004,10083.196000000004,0.0,59.95897434736758,60.0,27,1,10,1,0.9005902092682134,single depot (Silchar centre),2
none,mild_19,mild,2,12271.244000000002,2314.508,14585.752000000002,12271.244000000002,11780.840000000002,0.0,0.0,0.0,0.0,0.0,60.0,0,1,34,8,0.6846339607923942,single depot (Silchar centre),2
proportional,mild_19,mild,2,4831.270427433596,2314.508,7145.778427433595,12271.244000000002,11780.840000000002,0.6315316711343508,21986.792936981034,7439.973572566405,0.6616162441748099,59.02290943242521,60.0,32,1,21,8,0.8083393166579459,single depot (Silchar centre),2
nearest_first,mild_19,mild,2,5075.004,2314.508,7389.512,12271.244000000002,11780.840000000002,0.6108426903344754,8580.800000000001,7196.240000000001,0.16135558456088017,58.74364024271494,60.0,26,1,21,8,0.8268016323744157,single depot (Silchar centre),2
nearest_first_post,mild_19,mild,2,2171.8199999999997,2314.508,4486.3279999999995,12271.244000000002,11780.840000000002,0.8572753725540794,10099.424000000003,10099.424000000003,0.0,57.9141678026671,60.0,25,1,9,8,0.9121585739662625,single depot (Silchar centre),2
access_opt,mild_19,mild,2,1011.4400000000002,2314.508,3325.948,12271.244000000002,11780.840000000002,0.9557725934653216,11259.804,11259.804,0.0,58.9247976530121,60.0,24,1,10,8,0.9148354470701521,single depot (Silchar centre),2
none,moderate_00,moderate,2,12176.336000000001,9577.456,21753.792,12176.336000000003,3283.008,5.540618248709283e-16,0.0,0.0,0.0,0.0,60.0,0,1,31,50,0.6690057914701346,single depot (Silchar centre),2
proportional,moderate_00,moderate,2,8893.328,9577.456,18470.784,12176.336000000003,3283.008,1.000000000000001,27189.365123636795,3283.008,0.8792539662080616,27.511907050020486,60.0,17,1,19,50,0.7716485001459191,single depot (Silchar centre),2
nearest_first,moderate_00,moderate,2,9540.504,9577.456,19117.96,12176.336000000003,3283.008,0.8028710255960395,3002.7,2635.8319999999994,0.12217937189862471,16.352061420337385,60.0,11,1,25,50,0.7413330768547364,single depot (Silchar centre),2
nearest_first_post,moderate_00,moderate,2,8893.328,9577.456,18470.784,12176.336000000003,3283.008,1.000000000000001,3283.008,3283.008,0.0,18.427491846030843,60.0,12,1,19,50,0.7716485001459191,single depot (Silchar centre),2
access_opt,moderate_00,moderate,2,8893.328,9577.456,18470.784,12176.336000000003,3283.008,1.000000000000001,3283.008,3283.008,0.0,18.427491846030843,60.0,12,1,19,50,0.7716485001459191,single depot (Silchar centre),2
none,moderate_01,moderate,2,12790.368000000002,10449.936,23240.304000000004,12790.368,2968.6480000000006,-6.127332723670358e-16,0.0,0.0,0.0,0.0,60.0,0,1,30,51,0.6707310211804433,single depot (Silchar centre),2
proportional,moderate_01,moderate,2,9928.92,10449.936,20378.856,12790.368,2968.6480000000006,0.9638892856276661,25244.389328333804,2861.4480000000003,0.8866501398475752,24.509985555173934,60.0,15,1,19,51,0.7606943777288021,single depot (Silchar centre),2
nearest_first,moderate_01,moderate,2,10709.712,10449.936,21159.648,12790.368,2968.6480000000006,0.70087662801383,2823.928,2080.656,0.26320501089262893,14.19009351163409,60.0,10,1,25,51,0.7178807015359158,single depot (Silchar centre),2
nearest_first_post,moderate_01,moderate,2,9821.72,10449.936,20271.656,12790.368,2968.6480000000006,1.0000000000000002,2968.648,2968.648,0.0,17.04286977205269,60.0,12,1,18,51,0.7716640251813589,single depot (Silchar centre),2
access_opt,moderate_01,moderate,2,9821.72,10449.936,20271.656,12790.368,2968.6480000000006,1.0000000000000002,2968.648,2968.648,0.0,17.04286977205269,60.0,12,1,18,51,0.7716640251813589,single depot (Silchar centre),2
none,moderate_02,moderate,2,12728.044,10126.088,22854.131999999998,12728.044000000002,2954.1400000000003,6.157424507795353e-16,0.0,0.0,0.0,0.0,60.0,0,1,31,52,0.6825110029665256,single depot (Silchar centre),2
proportional,moderate_02,moderate,2,9773.904,10126.088,19899.992,12728.044000000002,2954.1400000000003,1.0000000000000002,26991.089021043004,2954.1400000000003,0.8905512853632223,27.44322184003527,60.0,17,1,19,52,0.7821612182290613,single depot (Silchar centre),2
nearest_first,moderate_02,moderate,2,10380.480000000001,10126.088,20506.568,12728.044000000002,2954.1400000000003,0.7946691761392487,2955.232,2347.5640000000003,0.20562446535500412,16.283376210352166,60.0,11,1,24,52,0.7535817602649167,single depot (Silchar centre),2
nearest_first_post,moderate_02,moderate,2,9773.904,10126.088,19899.992,12728.044000000002,2954.1400000000003,1.0000000000000002,2954.1400000000003,2954.1400000000003,0.0,18.358806636045628,60.0,12,1,19,52,0.7821612182290613,single depot (Silchar centre),2
access_opt,moderate_02,moderate,2,9773.904,10126.088,19899.992,12728.044000000002,2954.1400000000003,1.0000000000000002,2954.1400000000003,2954.1400000000003,0.0,18.358806636045628,60.0,12,1,19,52,0.7821612182290613,single depot (Silchar centre),2
none,moderate_03,moderate,2,10921.796,7740.4039999999995,18662.2,10921.796000000002,5921.776000000001,3.0716957270012513e-16,0.0,0.0,0.0,0.0,60.0,0,1,29,48,0.706348799406086,single depot (Silchar centre),2
proportional,moderate_03,moderate,2,5000.02,7740.4039999999995,12740.423999999999,10921.796000000002,5921.776000000001,1.0000000000000002,30559.858398551693,5921.775999999999,0.8062237094566954,46.56705793338381,60.0,25,1,16,48,0.8236887783126816,single depot (Silchar centre),2
nearest_first,moderate_03,moderate,2,6925.152,7740.4039999999995,14665.556,10921.796000000002,5921.776000000001,0.674906311890217,5151.124,3996.6440000000002,0.22412195862495243,26.99954364156373,60.0,16,1,23,48,0.7726086567135002,single depot (Silchar centre),2
nearest_first_post,moderate_03,moderate,2,5000.02,7740.4039999999995,12740.423999999999,10921.796000000002,5921.776000000001,1.0000000000000002,5921.775999999999,5921.775999999999,0.0,22.012585423350476,60.0,13,1,16,48,0.8236887783126816,single depot (Silchar centre),2
access_opt,moderate_03,moderate,2,5000.02,7740.4039999999995,12740.423999999999,10921.796000000002,5921.776000000001,1.0000000000000002,5921.775999999999,5921.775999999999,0.0,22.012585423350476,60.0,13,1,16,48,0.8236887783126816,single depot (Silchar centre),2
none,moderate_04,moderate,2,11142.488,12875.996000000001,24018.484,11142.488000000001,2219.772,8.194487557937737e-16,0.0,0.0,0.0,0.0,60.0,0,1,27,51,0.7002600431599465,single depot (Silchar centre),2
proportional,moderate_04,moderate,2,8922.716,12875.996000000001,21798.712,11142.488000000001,2219.772,1.0000000000000004,26013.94728346637,2219.772,0.914669927796355,25.86528085221326,60.0,16,1,16,51,0.7935009678579555,single depot (Silchar centre),2
nearest_first,moderate_04,moderate,2,9352.864,12875.996000000001,22228.86,11142.488000000001,2219.772,0.8062197378829905,2823.928,1789.624,0.3662642956902583,14.705435222530156,60.0,10,1,21,51,0.7594396619241631,single depot (Silchar centre),2
nearest_first_post,moderate_04,moderate,2,8922.716,12875.996000000001,21798.712,11142.488000000001,2219.772,1.0000000000000004,2219.772,2219.772,0.0,16.780865648223617,60.0,11,1,16,51,0.7935009678579555,single depot (Silchar centre),2
access_opt,moderate_04,moderate,2,8922.716,12875.996000000001,21798.712,11142.488000000001,2219.772,1.0000000000000004,2219.772,2219.772,0.0,16.780865648223617,60.0,11,1,16,51,0.7935009678579555,single depot (Silchar centre),2
none,moderate_05,moderate,2,10897.560000000001,7609.364000000001,18506.924000000003,10897.56,6280.548000000001,-2.896227213844805e-16,0.0,0.0,0.0,0.0,60.0,0,1,30,49,0.703457091963436,single depot (Silchar centre),2
proportional,moderate_05,moderate,2,4617.012,7609.364000000001,12226.376,10897.56,6280.548000000001,0.9999999999999999,30567.036848826425,6280.548000000001,0.7945319976201379,45.3828191827033,60.0,25,1,18,49,0.8059585794766796,single depot (Silchar centre),2
nearest_first,moderate_05,moderate,2,6985.58,7609.364000000001,14594.944000000001,10897.56,6280.548000000001,0.6228723990326958,5282.428,3911.9800000000005,0.25943524455042255,29.092826340281807,60.0,17,1,25,49,0.7539765646335709,single depot (Silchar centre),2
nearest_first_post,moderate_05,moderate,2,4617.012,7609.364000000001,12226.376,10897.56,6280.548000000001,0.9999999999999999,6280.548000000001,6280.548000000001,0.0,19.850617514647183,60.0,12,1,18,49,0.8059585794766796,single depot (Silchar centre),2
access_opt,moderate_05,moderate,2,4617.012,7609.364000000001,12226.376,10897.56,6280.548000000001,0.9999999999999999,6280.548000000001,6280.548000000001,0.0,19.850617514647183,60.0,12,1,18,49,0.8059585794766796,single depot (Silchar centre),2
none,moderate_06,moderate,2,13342.320000000002,8821.036,22163.356,13342.320000000002,3297.9800000000005,0.0,0.0,0.0,0.0,0.0,60.0,0,1,31,51,0.6762110554959969,single depot (Silchar centre),2
proportional,moderate_06,moderate,2,10044.34,8821.036,18865.376,13342.320000000002,3297.9800000000005,1.0000000000000002,27462.20245824113,3297.9800000000005,0.8799083939092325,30.657472161265847,60.0,18,1,19,51,0.783276563811173,single depot (Silchar centre),2
nearest_first,moderate_06,moderate,2,10687.520000000002,8821.036,19508.556000000004,13342.320000000002,3297.9800000000005,0.8049775923444045,3029.34,2654.8,0.123637491994956,19.497626531582743,60.0,12,1,24,51,0.7550497358397997,single depot (Silchar centre),2
nearest_first_post,moderate_06,moderate,2,10044.34,8821.036,18865.376,13342.320000000002,3297.9800000000005,1.0000000000000002,3297.9800000000005,3297.9800000000005,0.0,18.742939206320916,60.0,12,1,19,51,0.783276563811173,single depot (Silchar centre),2
access_opt,moderate_06,moderate,2,10044.34,8821.036,18865.376,13342.320000000002,3297.9800000000005,1.0000000000000002,3297.9800000000005,3297.9800000000005,0.0,18.742939206320916,60.0,12,1,19,51,0.783276563811173,single depot (Silchar centre),2
none,moderate_07,moderate,2,9327.624,15267.644,24595.268,9327.624000000002,2057.464,8.840929433253056e-16,0.0,0.0,0.0,0.0,60.0,0,1,28,54,0.7088630842096263,single depot (Silchar centre),2
proportional,moderate_07,moderate,2,7377.360000000001,15267.644,22645.004,9327.624000000002,2057.464,0.9478970227425613,22443.079270398037,1950.2640000000001,0.9131017639556993,17.798296208397613,60.0,12,1,18,54,0.7877155250085579,single depot (Silchar centre),2
nearest_first,moderate_07,moderate,2,7682.495999999999,15267.644,22950.14,9327.624000000002,2057.464,0.7995901750893345,2072.2120000000004,1645.128,0.20610053411523555,12.720944910743778,60.0,9,1,22,54,0.7664277439377526,single depot (Silchar centre),2
nearest_first_post,moderate_07,moderate,2,7270.16,15267.644,22537.804,9327.624000000002,2057.464,1.0000000000000009,2057.464,2057.464,0.0,16.328408496424203,60.0,11,1,17,54,0.7992255077786606,single depot (Silchar centre),2
access_opt,moderate_07,moderate,2,7270.16,15267.644,22537.804,9327.624000000002,2057.464,1.0000000000000009,2057.464,2057.464,0.0,16.328408496424203,60.0,11,1,17,54,0.7992255077786606,single depot (Silchar centre),2
none,moderate_08,moderate,2,10482.332000000002,10316.768,20799.100000000002,10482.332,3005.9280000000003,-6.051340562867296e-16,0.0,0.0,0.0,0.0,60.0,0,1,32,59,0.7111361948917453,single depot (Silchar centre),2
proportional,moderate_08,moderate,2,7583.604000000001,10316.768,17900.372000000003,10482.332,3005.9280000000003,0.964337136484972,26302.48559569917,2898.728,0.8897926209500906,26.603268253892008,60.0,16,1,20,59,0.7977107787804723,single depot (Silchar centre),2
nearest_first,moderate_08,moderate,2,8275.216000000002,10316.768,18591.984000000004,10482.332,3005.9280000000003,0.7342544465469558,2955.232,2207.116,0.25314966811404316,16.283376210352166,60.0,11,1,26,59,0.7617838724498553,single depot (Silchar centre),2
nearest_first_post,moderate_08,moderate,2,7476.404,10316.768,17793.172,10482.332,3005.9280000000003,0.9999999999999999,3005.9280000000003,3005.9280000000003,0.0,19.136152470770767,60.0,13,1,19,59,0.8080930981046529,single depot (Silchar centre),2
access_opt,moderate_08,moderate,2,7476.404,10316.768,17793.172,10482.332,3005.9280000000003,0.9999999999999999,3005.9280000000003,3005.9280000000003,0.0,19.136152470770767,60.0,13,1,19,59,0.8080930981046529,single depot (Silchar centre),2
none,moderate_09,moderate,2,12476.36,6412.868,18889.228000000003,12476.36,11849.732000000002,0.0,0.0,0.0,0.0,0.0,60.0,0,1,30,15,0.7003792297105196,single depot (Silchar centre),2
proportional,moderate_09,moderate,2,6528.506044981163,6412.868,12941.374044981163,12476.36,11849.732000000002,0.501939955690039,19556.831135203494,5947.85395501884,0.6958682153617239,56.33285540782292,60.0,27,1,22,15,0.7960295810713662,single depot (Silchar centre),2
nearest_first,moderate_09,moderate,2,7805.492,6412.868,14218.36,12476.36,11849.732000000002,0.3941749906242605,6613.664000000001,4670.868,0.29375486870817746,55.89966891807772,60.0,22,1,22,15,0.7779445804333927,single depot (Silchar centre),2
nearest_first_post,moderate_09,moderate,2,3755.8680000000004,6412.868,10168.736,12476.36,11849.732000000002,0.735923141552906,8720.492000000002,8720.492000000002,0.0,56.445458375251334,60.0,19,1,11,15,0.8805235553506146,single depot (Silchar centre),2
access_opt,moderate_09,moderate,2,1429.7440000000001,6412.868,7842.612000000001,12476.36,11849.732000000002,0.9322249650878178,11046.616000000002,11046.616000000002,0.0,59.87369013960388,60.0,18,1,12,15,0.8838021055666744,single depot (Silchar centre),2
none,moderate_10,moderate,2,13349.42,8667.372,22016.792,13349.42,3461.1800000000003,0.0,0.0,0.0,0.0,0.0,60.0,0,1,32,54,0.6630467354734156,single depot (Silchar centre),2
proportional,moderate_10,moderate,2,9995.439999999999,8667.372,18662.811999999998,13349.42,3461.1800000000003,0.9690279037784805,26810.961937470474,3353.9800000000005,0.8749026607914226,29.817518575122584,60.0,17,1,20,54,0.7614834486696109,single depot (Silchar centre),2
nearest_first,moderate_10,moderate,2,10694.62,8667.372,19361.992,13349.42,3461.1800000000003,0.767021651575474,3029.34,2654.8,0.123637491994956,19.497626531582743,60.0,12,1,25,54,0.7324250012527632,single depot (Silchar centre),2
nearest_first_post,moderate_10,moderate,2,9888.239999999998,8667.372,18555.611999999997,13349.42,3461.1800000000003,1.0000000000000004,3461.1800000000003,3461.1800000000003,0.0,19.520285041046055,60.0,13,1,19,54,0.7719044274515782,single depot (Silchar centre),2
access_opt,moderate_10,moderate,2,9888.239999999998,8667.372,18555.611999999997,13349.42,3461.1800000000003,1.0000000000000004,3461.1800000000003,3461.1800000000003,0.0,19.520285041046055,60.0,13,1,19,54,0.7719044274515782,single depot (Silchar centre),2
none,moderate_11,moderate,2,13676.024000000001,10757.908,24433.932,13676.024000000003,2860.8600000000006,6.358190906041736e-16,0.0,0.0,0.0,0.0,60.0,0,1,30,51,0.6646801783842463,single depot (Silchar centre),2
proportional,moderate_11,moderate,2,10815.164,10757.908,21573.072,13676.024000000003,2860.8600000000006,1.0000000000000007,26013.94728346637,2860.8600000000006,0.8900259169119532,25.349939141317194,60.0,16,1,19,51,0.7685108983671869,single depot (Silchar centre),2
nearest_first,moderate_11,moderate,2,11454.920000000002,10757.908,22212.828,13676.024000000003,2860.8600000000006,0.7763763343889603,2823.928,2221.1040000000003,0.21347003181384216,14.19009351163409,60.0,10,1,24,51,0.7347831755291964,single depot (Silchar centre),2
nearest_first_post,moderate_11,moderate,2,10815.164,10757.908,21573.072,13676.024000000003,2860.8600000000006,1.0000000000000007,2860.8600000000006,2860.8600000000006,0.0,16.26552393732755,60.0,11,1,19,51,0.7685108983671869,single depot (Silchar centre),2
access_opt,moderate_11,moderate,2,10815.164,10757.908,21573.072,13676.024000000003,2860.8600000000006,1.0000000000000007,2860.8600000000006,2860.8600000000006,0.0,16.26552393732755,60.0,11,1,19,51,0.7685108983671869,single depot (Silchar centre),2
none,moderate_12,moderate,2,11957.860000000002,8740.648,20698.508,11957.86,3461.1800000000003,-5.255402503036122e-16,0.0,0.0,0.0,0.0,60.0,0,1,33,55,0.6762247175481619,single depot (Silchar centre),2
proportional,moderate_12,moderate,2,8603.88,8740.648,17344.528,11957.86,3461.1800000000003,0.9690279037784805,26810.961937470474,3353.9800000000005,0.8749026607914226,29.817518575122584,60.0,17,1,21,55,0.773534285119756,single depot (Silchar centre),2
nearest_first,moderate_12,moderate,2,9303.06,8740.648,18043.708,11957.86,3461.1800000000003,0.7670216515754745,3029.34,2654.8,0.123637491994956,19.497626531582743,60.0,12,1,26,55,0.7430813312930045,single depot (Silchar centre),2
nearest_first_post,moderate_12,moderate,2,8496.68,8740.648,17237.328,11957.86,3461.1800000000003,1.0,3461.1800000000003,3461.1800000000003,0.0,19.520285041046055,60.0,13,1,20,55,0.7846078334685215,single depot (Silchar centre),2
access_opt,moderate_12,moderate,2,8496.68,8740.648,17237.328,11957.86,3461.1800000000003,1.0,3461.1800000000003,3461.1800000000003,0.0,19.520285041046055,60.0,13,1,20,55,0.7846078334685215,single depot (Silchar centre),2
none,moderate_13,moderate,2,11868.396,12142.844000000001,24011.24,11868.396,2567.5200000000004,0.0,0.0,0.0,0.0,0.0,60.0,0,1,29,53,0.6976131338615416,single depot (Silchar centre),2
proportional,moderate_13,moderate,2,9408.076000000001,12142.844000000001,21550.920000000002,11868.396,2567.5200000000004,0.9582476475353646,25244.389328333804,2460.32,0.9025399280608232,25.02532726607,60.0,15,1,18,53,0.791422194366852,single depot (Silchar centre),2
nearest_first,moderate_13,moderate,2,10048.756,12142.844000000001,22191.6,11868.396,2567.5200000000004,0.7087150246151932,2823.928,1819.64,0.35563512950755116,14.705435222530156,60.0,10,1,24,53,0.7518142657380996,single depot (Silchar centre),2
nearest_first_post,moderate_13,moderate,2,9300.876,12142.844000000001,21443.72,11868.396,2567.5200000000004,1.0,2567.52,2567.52,0.0,17.558211482948753,60.0,12,1,17,53,0.8020367017949358,single depot (Silchar centre),2
access_opt,moderate_13,moderate,2,9300.876,12142.844000000001,21443.72,11868.396,2567.5200000000004,1.0,2567.52,2567.52,0.0,17.558211482948753,60.0,12,1,17,53,0.8020367017949358,single depot (Silchar centre),2
none,moderate_14,moderate,2,13130.58,9182.852,22313.432,13130.58,3358.3360000000002,0.0,0.0,0.0,0.0,0.0,60.0,0,1,31,54,0.661725632231122,single depot (Silchar centre),2
proportional,moderate_14,moderate,2,9772.243999999999,9182.852,18955.095999999998,13130.58,3358.3360000000002,1.0000000000000002,26013.94728346637,3358.3360000000002,0.8709024830639812,25.349939141317194,60.0,16,1,20,54,0.7577959897342005,single depot (Silchar centre),2
nearest_first,moderate_14,moderate,2,10579.411999999998,9182.852,19762.264,13130.58,3358.3360000000002,0.7596523992834551,2823.928,2551.1679999999997,0.09658886487190899,14.19009351163409,60.0,10,1,26,54,0.720476559610618,single depot (Silchar centre),2
nearest_first_post,moderate_14,moderate,2,9772.243999999999,9182.852,18955.095999999998,13130.58,3358.3360000000002,1.0000000000000002,3358.3360000000002,3358.3360000000002,0.0,16.26552393732755,60.0,11,1,20,54,0.7577959897342005,single depot (Silchar centre),2
access_opt,moderate_14,moderate,2,9772.243999999999,9182.852,18955.095999999998,13130.58,3358.3360000000002,1.0000000000000002,3358.3360000000002,3358.3360000000002,0.0,16.26552393732755,60.0,11,1,20,54,0.7577959897342005,single depot (Silchar centre),2
none,moderate_15,moderate,2,10175.612000000001,15775.984,25951.596,10175.612,1917.7720000000002,-9.484909590638806e-16,0.0,0.0,0.0,0.0,60.0,0,1,27,53,0.6949958814012993,single depot (Silchar centre),2
proportional,moderate_15,moderate,2,8365.04,15775.984,24141.024,10175.612,1917.7720000000002,0.9441018014654495,22443.079270398037,1810.5720000000001,0.9193260435350283,17.798296208397613,60.0,12,1,17,53,0.7785044448028371,single depot (Silchar centre),2
nearest_first,moderate_15,moderate,2,8580.912,15775.984,24356.896,10175.612,1917.7720000000002,0.8315378470433392,2072.2120000000004,1594.7,0.23043588204295717,12.720944910743778,60.0,9,1,21,53,0.7592495155636708,single depot (Silchar centre),2
nearest_first_post,moderate_15,moderate,2,8257.84,15775.984,24033.824,10175.612,1917.7720000000002,0.9999999999999994,1917.772,1917.772,0.0,16.328408496424203,60.0,11,1,16,53,0.7902751531631744,single depot (Silchar centre),2
access_opt,moderate_15,moderate,2,8257.84,15775.984,24033.824,10175.612,1917.7720000000002,0.9999999999999994,1917.772,1917.772,0.0,16.328408496424203,60.0,11,1,16,53,0.7902751531631744,single depot (Silchar centre),2
none,moderate_16,moderate,2,12197.064,11523.12,23720.184,12197.064000000002,2898.728,6.275129655303486e-16,0.0,0.0,0.0,0.0,60.0,0,1,29,54,0.7148529979097523,single depot (Silchar centre),2
proportional,moderate_16,moderate,2,9298.336,11523.12,20821.456,12197.064000000002,2898.728,1.0000000000000009,26991.089021043004,2898.728,0.8926042592153258,27.44322184003527,60.0,17,1,17,54,0.8053653096846219,single depot (Silchar centre),2
nearest_first,moderate_16,moderate,2,9989.948,11523.12,21513.068,12197.064000000002,2898.728,0.7614084522590604,2955.232,2207.116,0.25314966811404316,16.283376210352166,60.0,11,1,23,54,0.7712694264258133,single depot (Silchar centre),2
nearest_first_post,moderate_16,moderate,2,9298.336,11523.12,20821.456,12197.064000000002,2898.728,1.0000000000000009,2898.728,2898.728,0.0,18.358806636045628,60.0,12,1,17,54,0.8053653096846219,single depot (Silchar centre),2
access_opt,moderate_16,moderate,2,9298.336,11523.12,20821.456,12197.064000000002,2898.728,1.0000000000000009,2898.728,2898.728,0.0,18.358806636045628,60.0,12,1,17,54,0.8053653096846219,single depot (Silchar centre),2
none,moderate_17,moderate,2,12013.084000000003,8862.588,20875.672000000002,12013.084,3213.3160000000003,-5.660785940585539e-16,0.0,0.0,0.0,0.0,60.0,0,1,31,53,0.6870659034461859,single depot (Silchar centre),2
proportional,moderate_17,moderate,2,8799.768,8862.588,17662.356,12013.084,3213.3160000000003,1.0000000000000002,28295.294097740745,3213.3160000000003,0.8864363809437638,32.75075485998393,60.0,19,1,20,53,0.7794435358620153,single depot (Silchar centre),2
nearest_first,moderate_17,moderate,2,9442.948,8862.588,18305.536,12013.084,3213.3160000000003,0.7998391692569297,3160.6440000000002,2570.1360000000004,0.18683154445739536,21.59090923030082,60.0,13,1,25,53,0.7510867159486604,single depot (Silchar centre),2
nearest_first_post,moderate_17,moderate,2,8799.768,8862.588,17662.356,12013.084,3213.3160000000003,1.0000000000000002,3213.3160000000003,3213.3160000000003,0.0,16.580971297617623,60.0,11,1,20,53,0.7794435358620153,single depot (Silchar centre),2
access_opt,moderate_17,moderate,2,8799.768,8862.588,17662.356,12013.084,3213.3160000000003,1.0000000000000002,3213.3160000000003,3213.3160000000003,0.0,16.580971297617623,60.0,11,1,20,53,0.7794435358620153,single depot (Silchar centre),2
none,moderate_18,moderate,2,11448.456,10253.628,21702.084000000003,11448.456,3024.0600000000004,0.0,0.0,0.0,0.0,0.0,60.0,0,1,30,53,0.6859598188958302,single depot (Silchar centre),2
proportional,moderate_18,moderate,2,8531.596,10253.628,18785.224000000002,11448.456,3024.0600000000004,0.964550967904076,25244.389328333804,2916.8600000000006,0.8844551174495564,24.509985555173934,60.0,15,1,19,53,0.7805452128780267,single depot (Silchar centre),2
nearest_first,moderate_18,moderate,2,9227.352,10253.628,19480.980000000003,11448.456,3024.0600000000004,0.7344774905259813,2823.928,2221.1040000000003,0.21347003181384216,14.19009351163409,60.0,10,1,24,53,0.7462250126910754,single depot (Silchar centre),2
nearest_first_post,moderate_18,moderate,2,8424.396,10253.628,18678.024,11448.456,3024.0600000000004,0.9999999999999997,3024.0600000000004,3024.0600000000004,0.0,17.04286977205269,60.0,12,1,18,53,0.7913803367254622,single depot (Silchar centre),2
access_opt,moderate_18,moderate,2,8424.396,10253.628,18678.024,11448.456,3024.0600000000004,0.9999999999999997,3024.0600000000004,3024.0600000000004,0.0,17.04286977205269,60.0,12,1,18,53,0.7913803367254622,single depot (Silchar centre),2
none,moderate_19,moderate,2,11922.552000000001,8542.464,20465.016000000003,11922.552,3269.3160000000003,-5.563822535190408e-16,0.0,0.0,0.0,0.0,60.0,0,1,29,54,0.7082626582242926,single depot (Silchar centre),2
proportional,moderate_19,moderate,2,8653.236,8542.464,17195.7,11922.552,3269.3160000000003,0.9999999999999996,28295.294097740745,3269.3160000000003,0.8844572532553729,32.75075485998393,60.0,19,1,18,54,0.8019151956839911,single depot (Silchar centre),2
nearest_first,moderate_19,moderate,2,9352.416000000001,8542.464,17894.88,11922.552,3269.3160000000003,0.7861387519591249,3160.6440000000002,2570.1360000000004,0.18683154445739536,21.59090923030082,60.0,13,1,23,54,0.7740222795542158,single depot (Silchar centre),2
nearest_first_post,moderate_19,moderate,2,8653.236,8542.464,17195.7,11922.552,3269.3160000000003,0.9999999999999996,3269.3160000000003,3269.3160000000003,0.0,16.580971297617623,60.0,11,1,18,54,0.8019151956839911,single depot (Silchar centre),2
access_opt,moderate_19,moderate,2,8653.236,8542.464,17195.7,11922.552,3269.3160000000003,0.9999999999999996,3269.3160000000003,3269.3160000000003,0.0,16.580971297617623,60.0,11,1,18,54,0.8019151956839911,single depot (Silchar centre),2
none,severe_00,severe,2,6763.052,22393.616,29156.668,6763.0520000000015,0.0,,0.0,0.0,0.0,0.0,60.0,0,1,22,71,0.7224989648476964,single depot (Silchar centre),2
proportional,severe_00,severe,2,6763.052,22393.616,29156.668,6763.0520000000015,0.0,,0.0,0.0,0.0,0.0,60.0,0,1,22,71,0.7224989648476964,single depot (Silchar centre),2
nearest_first,severe_00,severe,2,6763.052,22393.616,29156.668,6763.0520000000015,0.0,,0.0,0.0,0.0,0.0,60.0,0,1,22,71,0.7224989648476964,single depot (Silchar centre),2
nearest_first_post,severe_00,severe,2,6763.052,22393.616,29156.668,6763.0520000000015,0.0,,0.0,0.0,0.0,0.0,60.0,0,1,22,71,0.7224989648476964,single depot (Silchar centre),2
access_opt,severe_00,severe,2,6763.052,22393.616,29156.668,6763.0520000000015,0.0,,0.0,0.0,0.0,0.0,60.0,0,1,22,71,0.7224989648476964,single depot (Silchar centre),2
none,severe_01,severe,2,8592.872000000001,18686.836000000003,27279.708000000006,8592.872000000001,1578.08,0.0,0.0,0.0,0.0,0.0,60.0,0,1,24,54,0.7351469112229143,single depot (Silchar centre),2
proportional,severe_01,severe,2,7014.7919999999995,18686.836000000003,25701.628000000004,8592.872000000001,1578.08,1.000000000000001,23649.698618194245,1578.0800000000002,0.9332727226051859,18.638249794540876,60.0,13,1,15,54,0.8141839830447405,single depot (Silchar centre),2
nearest_first,severe_01,severe,2,7196.280000000001,18686.836000000003,25883.116,8592.872000000001,1578.08,0.8849944236033666,2072.2120000000004,1396.592,0.3260380694639352,12.720944910743778,60.0,9,1,18,54,0.7973113600759782,single depot (Silchar centre),2
nearest_first_post,severe_01,severe,2,7014.7919999999995,18686.836000000003,25701.628000000004,8592.872000000001,1578.08,1.000000000000001,1578.0800000000002,1578.0800000000002,0.0,14.789140974765976,60.0,9,1,15,54,0.8141839830447405,single depot (Silchar centre),2
access_opt,severe_01,severe,2,7014.7919999999995,18686.836000000003,25701.628000000004,8592.872000000001,1578.08,1.000000000000001,1578.0800000000002,1578.0800000000002,0.0,14.789140974765976,60.0,9,1,15,54,0.8141839830447405,single depot (Silchar centre),2
none,severe_02,severe,2,9780.096,16756.852000000003,26536.948000000004,9780.096,1604.56,0.0,0.0,0.0,0.0,0.0,60.0,0,1,24,52,0.7033774517494596,single depot (Silchar centre),2
proportional,severe_02,severe,2,8175.536,16756.852000000003,24932.388000000003,9780.096,1604.56,0.9999999999999997,21896.13099445961,1604.56,0.9267194738464981,16.5449670958228,60.0,12,1,16,52,0.7833077023907133,single depot (Silchar centre),2
nearest_first,severe_02,severe,2,8446.204,16756.852000000003,25203.056000000004,9780.096,1604.56,0.8313132572169316,1940.9080000000001,1333.892,0.31274846618180774,10.627662212025701,60.0,8,1,19,52,0.7596990380675551,single depot (Silchar centre),2
nearest_first_post,severe_02,severe,2,8175.536,16756.852000000003,24932.388000000003,9780.096,1604.56,0.9999999999999997,1604.56,1604.56,0.0,12.430451158084988,60.0,8,1,16,52,0.7833077023907133,single depot (Silchar centre),2
access_opt,severe_02,severe,2,8175.536,16756.852000000003,24932.388000000003,9780.096,1604.56,0.9999999999999997,1604.56,1604.56,0.0,12.430451158084988,60.0,8,1,16,52,0.7833077023907133,single depot (Silchar centre),2
none,severe_03,severe,2,7062.584000000001,21724.164,28786.748,7062.584000000001,0.0,,0.0,0.0,0.0,0.0,60.0,0,1,21,76,0.7474687454560883,single depot (Silchar centre),2
proportional,severe_03,severe,2,7062.584000000001,21724.164,28786.748,7062.584000000001,0.0,,0.0,0.0,0.0,0.0,60.0,0,1,21,76,0.7474687454560883,single depot (Silchar centre),2
nearest_first,severe_03,severe,2,7062.584000000001,21724.164,28786.748,7062.584000000001,0.0,,0.0,0.0,0.0,0.0,60.0,0,1,21,76,0.7474687454560883,single depot (Silchar centre),2
nearest_first_post,severe_03,severe,2,7062.584000000001,21724.164,28786.748,7062.584000000001,0.0,,0.0,0.0,0.0,0.0,60.0,0,1,21,76,0.7474687454560883,single depot (Silchar centre),2
access_opt,severe_03,severe,2,7062.584000000001,21724.164,28786.748,7062.584000000001,0.0,,0.0,0.0,0.0,0.0,60.0,0,1,21,76,0.7474687454560883,single depot (Silchar centre),2
none,severe_04,severe,2,8277.728000000001,17646.076,25923.804000000004,8277.728,1389.548,-1.3090511472405821e-15,0.0,0.0,0.0,0.0,60.0,0,1,22,53,0.737553798199535,single depot (Silchar centre),2
proportional,severe_04,severe,2,6888.18,17646.076,24534.256,8277.728,1389.548,0.9999999999999992,21896.13099445961,1389.548,0.9365391081944295,16.5449670958228,60.0,12,1,14,53,0.8193058765344639,single depot (Silchar centre),2
nearest_first,severe_04,severe,2,7158.848000000002,17646.076,24804.924000000003,8277.728,1389.548,0.8052114788405995,1940.9080000000001,1118.88,0.4235275448398378,10.627662212025701,60.0,8,1,17,53,0.7940521126700547,single depot (Silchar centre),2
nearest_first_post,severe_04,severe,2,6888.18,17646.076,24534.256,8277.728,1389.548,0.9999999999999992,1389.548,1389.548,0.0,12.430451158084988,60.0,8,1,14,53,0.8193058765344639,single depot (Silchar centre),2
access_opt,severe_04,severe,2,6888.18,17646.076,24534.256,8277.728,1389.548,0.9999999999999992,1389.548,1389.548,0.0,12.430451158084988,60.0,8,1,14,53,0.8193058765344639,single depot (Silchar centre),2
none,severe_05,severe,2,3936.716,33257.672000000006,37194.388000000006,3936.7159999999994,0.0,,0.0,0.0,0.0,0.0,60.0,0,1,14,62,0.7790872952102414,single depot (Silchar centre),2
proportional,severe_05,severe,2,3936.716,33257.672000000006,37194.388000000006,3936.7159999999994,0.0,,0.0,0.0,0.0,0.0,60.0,0,1,14,62,0.7790872952102414,single depot (Silchar centre),2
nearest_first,severe_05,severe,2,3936.716,33257.672000000006,37194.388000000006,3936.7159999999994,0.0,,0.0,0.0,0.0,0.0,60.0,0,1,14,62,0.7790872952102414,single depot (Silchar centre),2
nearest_first_post,severe_05,severe,2,3936.716,33257.672000000006,37194.388000000006,3936.7159999999994,0.0,,0.0,0.0,0.0,0.0,60.0,0,1,14,62,0.7790872952102414,single depot (Silchar centre),2
access_opt,severe_05,severe,2,3936.716,33257.672000000006,37194.388000000006,3936.7159999999994,0.0,,0.0,0.0,0.0,0.0,60.0,0,1,14,62,0.7790872952102414,single depot (Silchar centre),2
none,severe_06,severe,2,9623.968,17677.156,27301.124,9623.968,1610.988,0.0,0.0,0.0,0.0,0.0,60.0,0,1,24,51,0.6951143649944074,single depot (Silchar centre),2
proportional,severe_06,severe,2,8120.18,17677.156,25797.336,9623.968,1610.988,0.9334569841612728,18518.76566574506,1503.788,0.9187965317374462,14.677684704783536,60.0,10,1,16,51,0.7743351129114004,single depot (Silchar centre),2
nearest_first,severe_06,severe,2,8395.384000000002,17677.156,26072.54,9623.968,1610.988,0.7626276545821563,1708.5880000000002,1228.584,0.2809360711886072,9.600333407129702,60.0,7,1,20,51,0.7485457050218831,single depot (Silchar centre),2
nearest_first_post,severe_06,severe,2,8012.9800000000005,17677.156,25690.136,9623.968,1610.988,1.0000000000000002,1610.9879999999998,1610.9879999999998,0.0,13.207796992810126,60.0,9,1,15,51,0.7869927889177838,single depot (Silchar centre),2
access_opt,severe_06,severe,2,8012.9800000000005,17677.156,25690.136,9623.968,1610.988,1.0000000000000002,1610.9879999999998,1610.9879999999998,0.0,13.207796992810126,60.0,9,1,15,51,0.7869927889177838,single depot (Silchar centre),2
none,severe_07,severe,2,9036.912,18301.584000000003,27338.496000000003,9036.912000000002,1411.2120000000002,1.2889554535717216e-15,0.0,0.0,0.0,0.0,60.0,0,1,24,49,0.7088616790132412,single depot (Silchar centre),2
proportional,severe_07,severe,2,7732.9,18301.584000000003,26034.484000000004,9036.912000000002,1411.2120000000002,0.9240369271236372,22443.079270398037,1304.0120000000002,0.9418969213498272,17.798296208397613,60.0,12,1,16,49,0.7792652682585067,single depot (Silchar centre),2
nearest_first,severe_07,severe,2,7914.388000000001,18301.584000000003,26215.972,9036.912000000002,1411.2120000000002,0.7954325785211585,2072.2120000000004,1122.5240000000001,0.45829673797854664,12.720944910743778,60.0,9,1,19,49,0.7603767529737162,single depot (Silchar centre),2
nearest_first_post,severe_07,severe,2,7625.700000000001,18301.584000000003,25927.284000000003,9036.912000000002,1411.2120000000002,1.0000000000000009,1411.212,1411.212,0.0,14.539158004595118,60.0,9,1,15,49,0.7915843260990659,single depot (Silchar centre),2
access_opt,severe_07,severe,2,7625.700000000001,18301.584000000003,25927.284000000003,9036.912000000002,1411.2120000000002,1.0000000000000009,1411.212,1411.212,0.0,14.539158004595118,60.0,9,1,15,49,0.7915843260990659,single depot (Silchar centre),2
none,severe_08,severe,2,7126.8640000000005,22661.940000000002,29788.804000000004,7126.864,0.0,,0.0,0.0,0.0,0.0,60.0,0,1,20,69,0.7364451204171116,single depot (Silchar centre),2
proportional,severe_08,severe,2,7126.8640000000005,22661.940000000002,29788.804000000004,7126.864,0.0,,0.0,0.0,0.0,0.0,60.0,0,1,20,69,0.7364451204171116,single depot (Silchar centre),2
nearest_first,severe_08,severe,2,7126.8640000000005,22661.940000000002,29788.804000000004,7126.864,0.0,,0.0,0.0,0.0,0.0,60.0,0,1,20,69,0.7364451204171116,single depot (Silchar centre),2
nearest_first_post,severe_08,severe,2,7126.8640000000005,22661.940000000002,29788.804000000004,7126.864,0.0,,0.0,0.0,0.0,0.0,60.0,0,1,20,69,0.7364451204171116,single depot (Silchar centre),2
access_opt,severe_08,severe,2,7126.8640000000005,22661.940000000002,29788.804000000004,7126.864,0.0,,0.0,0.0,0.0,0.0,60.0,0,1,20,69,0.7364451204171116,single depot (Silchar centre),2
none,severe_09,severe,2,6805.9000000000015,23812.32,30618.22,6805.9,0.0,,0.0,0.0,0.0,0.0,60.0,0,1,19,67,0.7260791705156959,single depot (Silchar centre),2
proportional,severe_09,severe,2,6805.9000000000015,23812.32,30618.22,6805.9,0.0,,0.0,0.0,0.0,0.0,60.0,0,1,19,67,0.7260791705156959,single depot (Silchar centre),2
nearest_first,severe_09,severe,2,6805.9000000000015,23812.32,30618.22,6805.9,0.0,,0.0,0.0,0.0,0.0,60.0,0,1,19,67,0.7260791705156959,single depot (Silchar centre),2
nearest_first_post,severe_09,severe,2,6805.9000000000015,23812.32,30618.22,6805.9,0.0,,0.0,0.0,0.0,0.0,60.0,0,1,19,67,0.7260791705156959,single depot (Silchar centre),2
access_opt,severe_09,severe,2,6805.9000000000015,23812.32,30618.22,6805.9,0.0,,0.0,0.0,0.0,0.0,60.0,0,1,19,67,0.7260791705156959,single depot (Silchar centre),2
none,severe_10,severe,2,8973.848,17669.036,26642.884,8973.848000000002,1353.852,1.3435659167662761e-15,0.0,0.0,0.0,0.0,60.0,0,1,23,51,0.7307990385319454,single depot (Silchar centre),2
proportional,severe_10,severe,2,7619.995999999999,17669.036,25289.032,8973.848000000002,1353.852,1.0000000000000018,22566.142428480962,1353.852,0.9400051646270171,17.610920989644875,60.0,12,1,15,51,0.8032394770891809,single depot (Silchar centre),2
nearest_first,severe_10,severe,2,7801.483999999999,17669.036,25470.519999999997,8973.848000000002,1353.852,0.8659469425018416,1839.8920000000003,1172.3640000000003,0.3628082517886919,11.69361610584778,60.0,8,1,18,51,0.7842642814648543,single depot (Silchar centre),2
nearest_first_post,severe_10,severe,2,7619.995999999999,17669.036,25289.032,8973.848000000002,1353.852,1.0000000000000018,1353.852,1353.852,0.0,13.76181216986998,60.0,8,1,15,51,0.8032394770891809,single depot (Silchar centre),2
access_opt,severe_10,severe,2,7619.995999999999,17669.036,25289.032,8973.848000000002,1353.852,1.0000000000000018,1353.852,1353.852,0.0,13.76181216986998,60.0,8,1,15,51,0.8032394770891809,single depot (Silchar centre),2
none,severe_11,severe,2,7846.1680000000015,20043.324,27889.492000000002,7846.1680000000015,0.0,,0.0,0.0,0.0,0.0,60.0,0,1,23,72,0.7332268898950288,single depot (Silchar centre),2
proportional,severe_11,severe,2,7846.1680000000015,20043.324,27889.492000000002,7846.1680000000015,0.0,,0.0,0.0,0.0,0.0,60.0,0,1,23,72,0.7332268898950288,single depot (Silchar centre),2
nearest_first,severe_11,severe,2,7846.1680000000015,20043.324,27889.492000000002,7846.1680000000015,0.0,,0.0,0.0,0.0,0.0,60.0,0,1,23,72,0.7332268898950288,single depot (Silchar centre),2
nearest_first_post,severe_11,severe,2,7846.1680000000015,20043.324,27889.492000000002,7846.1680000000015,0.0,,0.0,0.0,0.0,0.0,60.0,0,1,23,72,0.7332268898950288,single depot (Silchar centre),2
access_opt,severe_11,severe,2,7846.1680000000015,20043.324,27889.492000000002,7846.1680000000015,0.0,,0.0,0.0,0.0,0.0,60.0,0,1,23,72,0.7332268898950288,single depot (Silchar centre),2
none,severe_12,severe,2,7890.628000000001,19440.092,27330.72,7890.628000000001,0.0,,0.0,0.0,0.0,0.0,60.0,0,1,24,74,0.7185145034508462,single depot (Silchar centre),2
proportional,severe_12,severe,2,7890.628000000001,19440.092,27330.72,7890.628000000001,0.0,,0.0,0.0,0.0,0.0,60.0,0,1,24,74,0.7185145034508462,single depot (Silchar centre),2
nearest_first,severe_12,severe,2,7890.628000000001,19440.092,27330.72,7890.628000000001,0.0,,0.0,0.0,0.0,0.0,60.0,0,1,24,74,0.7185145034508462,single depot (Silchar centre),2
nearest_first_post,severe_12,severe,2,7890.628000000001,19440.092,27330.72,7890.628000000001,0.0,,0.0,0.0,0.0,0.0,60.0,0,1,24,74,0.7185145034508462,single depot (Silchar centre),2
access_opt,severe_12,severe,2,7890.628000000001,19440.092,27330.72,7890.628000000001,0.0,,0.0,0.0,0.0,0.0,60.0,0,1,24,74,0.7185145034508462,single depot (Silchar centre),2
none,severe_13,severe,2,6975.152,23827.664,30802.816,6975.152,0.0,,0.0,0.0,0.0,0.0,60.0,0,1,21,66,0.7021053287435188,single depot (Silchar centre),2
proportional,severe_13,severe,2,6975.152,23827.664,30802.816,6975.152,0.0,,0.0,0.0,0.0,0.0,60.0,0,1,21,66,0.7021053287435188,single depot (Silchar centre),2
nearest_first,severe_13,severe,2,6975.152,23827.664,30802.816,6975.152,0.0,,0.0,0.0,0.0,0.0,60.0,0,1,21,66,0.7021053287435188,single depot (Silchar centre),2
nearest_first_post,severe_13,severe,2,6975.152,23827.664,30802.816,6975.152,0.0,,0.0,0.0,0.0,0.0,60.0,0,1,21,66,0.7021053287435188,single depot (Silchar centre),2
access_opt,severe_13,severe,2,6975.152,23827.664,30802.816,6975.152,0.0,,0.0,0.0,0.0,0.0,60.0,0,1,21,66,0.7021053287435188,single depot (Silchar centre),2
none,severe_14,severe,2,7376.984,20900.488,28277.472,7376.984,0.0,,0.0,0.0,0.0,0.0,60.0,0,1,18,71,0.773314918881642,single depot (Silchar centre),2
proportional,severe_14,severe,2,7376.984,20900.488,28277.472,7376.984,0.0,,0.0,0.0,0.0,0.0,60.0,0,1,18,71,0.773314918881642,single depot (Silchar centre),2
nearest_first,severe_14,severe,2,7376.984,20900.488,28277.472,7376.984,0.0,,0.0,0.0,0.0,0.0,60.0,0,1,18,71,0.773314918881642,single depot (Silchar centre),2
nearest_first_post,severe_14,severe,2,7376.984,20900.488,28277.472,7376.984,0.0,,0.0,0.0,0.0,0.0,60.0,0,1,18,71,0.773314918881642,single depot (Silchar centre),2
access_opt,severe_14,severe,2,7376.984,20900.488,28277.472,7376.984,0.0,,0.0,0.0,0.0,0.0,60.0,0,1,18,71,0.773314918881642,single depot (Silchar centre),2
none,severe_15,severe,2,8712.880000000001,18868.78,27581.66,8712.880000000001,1168.688,0.0,0.0,0.0,0.0,0.0,60.0,0,1,23,47,0.716560208141395,single depot (Silchar centre),2
proportional,severe_15,severe,2,7544.192000000001,18868.78,26412.972,8712.880000000001,1168.688,1.0,22566.142428480962,1168.688,0.9482105546526647,17.610920989644875,60.0,12,1,15,47,0.7900477395590148,single depot (Silchar centre),2
nearest_first,severe_15,severe,2,7725.68,18868.78,26594.46,8712.880000000001,1168.688,0.8447079117779943,1839.8920000000003,987.2000000000002,0.46344676752765923,11.69361610584778,60.0,8,1,18,47,0.7712038462339034,single depot (Silchar centre),2
nearest_first_post,severe_15,severe,2,7544.192000000001,18868.78,26412.972,8712.880000000001,1168.688,1.0,1168.688,1168.688,0.0,13.76181216986998,60.0,8,1,15,47,0.7900477395590148,single depot (Silchar centre),2
access_opt,severe_15,severe,2,7544.192000000001,18868.78,26412.972,8712.880000000001,1168.688,1.0,1168.688,1168.688,0.0,13.76181216986998,60.0,8,1,15,47,0.7900477395590148,single depot (Silchar centre),2
none,severe_16,severe,2,7073.664000000001,22853.543999999998,29927.208,7073.664000000001,0.0,,0.0,0.0,0.0,0.0,60.0,0,1,19,69,0.7709226536965113,single depot (Silchar centre),2
proportional,severe_16,severe,2,7073.664000000001,22853.543999999998,29927.208,7073.664000000001,0.0,,0.0,0.0,0.0,0.0,60.0,0,1,19,69,0.7709226536965113,single depot (Silchar centre),2
nearest_first,severe_16,severe,2,7073.664000000001,22853.543999999998,29927.208,7073.664000000001,0.0,,0.0,0.0,0.0,0.0,60.0,0,1,19,69,0.7709226536965113,single depot (Silchar centre),2
nearest_first_post,severe_16,severe,2,7073.664000000001,22853.543999999998,29927.208,7073.664000000001,0.0,,0.0,0.0,0.0,0.0,60.0,0,1,19,69,0.7709226536965113,single depot (Silchar centre),2
access_opt,severe_16,severe,2,7073.664000000001,22853.543999999998,29927.208,7073.664000000001,0.0,,0.0,0.0,0.0,0.0,60.0,0,1,19,69,0.7709226536965113,single depot (Silchar centre),2
none,severe_17,severe,2,8477.868,20000.54,28478.408000000003,8477.867999999999,0.0,,0.0,0.0,0.0,0.0,60.0,0,1,22,72,0.7302312463691975,single depot (Silchar centre),2
proportional,severe_17,severe,2,8477.868,20000.54,28478.408000000003,8477.867999999999,0.0,,0.0,0.0,0.0,0.0,60.0,0,1,22,72,0.7302312463691975,single depot (Silchar centre),2
nearest_first,severe_17,severe,2,8477.868,20000.54,28478.408000000003,8477.867999999999,0.0,,0.0,0.0,0.0,0.0,60.0,0,1,22,72,0.7302312463691975,single depot (Silchar centre),2
nearest_first_post,severe_17,severe,2,8477.868,20000.54,28478.408000000003,8477.867999999999,0.0,,0.0,0.0,0.0,0.0,60.0,0,1,22,72,0.7302312463691975,single depot (Silchar centre),2
access_opt,severe_17,severe,2,8477.868,20000.54,28478.408000000003,8477.867999999999,0.0,,0.0,0.0,0.0,0.0,60.0,0,1,22,72,0.7302312463691975,single depot (Silchar centre),2
none,severe_18,severe,2,8882.696,19711.384000000002,28594.08,8882.696,0.0,,0.0,0.0,0.0,0.0,60.0,0,1,25,73,0.710120766885313,single depot (Silchar centre),2
proportional,severe_18,severe,2,8882.696,19711.384000000002,28594.08,8882.696,0.0,,0.0,0.0,0.0,0.0,60.0,0,1,25,73,0.710120766885313,single depot (Silchar centre),2
nearest_first,severe_18,severe,2,8882.696,19711.384000000002,28594.08,8882.696,0.0,,0.0,0.0,0.0,0.0,60.0,0,1,25,73,0.710120766885313,single depot (Silchar centre),2
nearest_first_post,severe_18,severe,2,8882.696,19711.384000000002,28594.08,8882.696,0.0,,0.0,0.0,0.0,0.0,60.0,0,1,25,73,0.710120766885313,single depot (Silchar centre),2
access_opt,severe_18,severe,2,8882.696,19711.384000000002,28594.08,8882.696,0.0,,0.0,0.0,0.0,0.0,60.0,0,1,25,73,0.710120766885313,single depot (Silchar centre),2
none,severe_19,severe,2,7178.136,19868.268,27046.404000000002,7178.136,0.0,,0.0,0.0,0.0,0.0,60.0,0,1,24,70,0.7158740427350284,single depot (Silchar centre),2
proportional,severe_19,severe,2,7178.136,19868.268,27046.404000000002,7178.136,0.0,,0.0,0.0,0.0,0.0,60.0,0,1,24,70,0.7158740427350284,single depot (Silchar centre),2
nearest_first,severe_19,severe,2,7178.136,19868.268,27046.404000000002,7178.136,0.0,,0.0,0.0,0.0,0.0,60.0,0,1,24,70,0.7158740427350284,single depot (Silchar centre),2
nearest_first_post,severe_19,severe,2,7178.136,19868.268,27046.404000000002,7178.136,0.0,,0.0,0.0,0.0,0.0,60.0,0,1,24,70,0.7158740427350284,single depot (Silchar centre),2
access_opt,severe_19,severe,2,7178.136,19868.268,27046.404000000002,7178.136,0.0,,0.0,0.0,0.0,0.0,60.0,0,1,24,70,0.7158740427350284,single depot (Silchar centre),2
none,mild_00,mild,4,12355.224,2290.904,14646.128,12355.224,11864.820000000002,0.0,0.0,0.0,0.0,0.0,120.0,0,1,35,7,0.6804559159744109,single depot (Silchar centre),4
proportional,mild_00,mild,4,3793.403698488787,2290.904,6084.307698488787,12355.224,11864.820000000002,0.7216140069138184,26485.55699864123,8561.820301511214,0.676736256596361,117.30906659770717,120.0,49,1,18,7,0.8447057814831068,single depot (Silchar centre),4
nearest_first,mild_00,mild,4,4335.852000000001,2290.904,6626.756000000001,12355.224,11864.820000000002,0.6758949566870798,9997.004000000003,8019.372000000001,0.1978224676112964,106.03361759604944,120.0,37,1,18,7,0.8509189573398955,single depot (Silchar centre),4
nearest_first_post,mild_00,mild,4,490.404,2290.904,2781.308,12355.224,11864.820000000002,0.9999999999999999,11864.820000000002,11864.820000000002,0.0,96.1826534610674,120.0,34,1,1,7,0.9861111111111109,single depot (Silchar centre),4
access_opt,mild_00,mild,4,490.404,2290.904,2781.308,12355.224,11864.820000000002,0.9999999999999999,11864.820000000002,11864.820000000002,0.0,96.1826534610674,120.0,34,1,1,7,0.9861111111111109,single depot (Silchar centre),4
none,mild_01,mild,4,12086.94,2290.904,14377.844000000001,12086.94,11596.536000000002,0.0,0.0,0.0,0.0,0.0,120.0,0,1,36,7,0.6875327198728768,single depot (Silchar centre),4
proportional,mild_01,mild,4,3839.569040118566,2290.904,6130.473040118566,12086.94,11596.536000000002,0.711192631996437,26560.12631363073,8247.370959881435,0.6894829918166142,119.07546790391746,120.0,50,1,18,7,0.8468981944728263,single depot (Silchar centre),4
nearest_first,mild_01,mild,4,3943.9360000000006,2290.904,6234.84,12086.94,11596.536000000002,0.7021927927443159,10128.308000000003,8143.004000000001,0.19601536604139624,107.80001890225971,120.0,38,1,16,7,0.8747908706034018,single depot (Silchar centre),4
nearest_first_post,mild_01,mild,4,490.404,2290.904,2781.308,12086.94,11596.536000000002,0.9999999999999999,11596.536000000002,11596.536000000002,0.0,97.94905476727767,120.0,35,1,1,7,0.9863013698630138,single depot (Silchar centre),4
access_opt,mild_01,mild,4,490.404,2290.904,2781.308,12086.94,11596.536000000002,0.9999999999999999,11596.536000000002,11596.536000000002,0.0,97.94905476727767,120.0,35,1,1,7,0.9863013698630138,single depot (Silchar centre),4
none,mild_02,mild,4,10623.372000000003,581.7560000000001,11205.128000000002,10623.372000000003,10623.372000000003,0.0,0.0,0.0,0.0,0.0,120.0,0,1,38,0,0.6881964905725689,single depot (Silchar centre),4
proportional,mild_02,mild,4,3029.747214397927,581.7560000000001,3611.503214397927,10623.372000000003,10623.372000000003,0.7148036222022607,26407.804198997706,7593.624785602073,0.7124477018846465,117.07389626089918,120.0,53,1,17,0,0.8681690354829514,single depot (Silchar centre),4
nearest_first,mild_02,mild,4,1244.5119999999997,581.7560000000001,1826.2679999999998,10623.372000000003,10623.372000000003,0.8828515089182607,10557.124000000002,9378.860000000002,0.11160842668893523,110.41998732012381,120.0,40,1,7,0,0.9545209171299603,single depot (Silchar centre),4
nearest_first_post,mild_02,mild,4,0.0,581.7560000000001,581.7560000000001,10623.372000000003,10623.372000000003,1.0,10623.372000000003,10623.372000000003,0.0,102.18178619154727,120.0,38,1,0,0,0.0,single depot (Silchar centre),4
access_opt,mild_02,mild,4,0.0,581.7560000000001,581.7560000000001,10623.372000000003,10623.372000000003,1.0,10623.372000000003,10623.372000000003,0.0,102.18178619154727,120.0,38,1,0,0,0.0,single depot (Silchar centre),4
none,mild_03,mild,4,10578.472000000003,872.732,11451.204000000003,10578.472000000003,10578.472000000003,0.0,0.0,0.0,0.0,0.0,120.0,0,1,37,0,0.6964632111625947,single depot (Silchar centre),4
proportional,mild_03,mild,4,3323.059214397927,872.732,4195.7912143979265,10578.472000000003,10578.472000000003,0.6858658590391953,25673.019789302565,7255.412785602073,0.717391532233179,117.26852733435129,120.0,51,1,16,0,0.8698885123719325,single depot (Silchar centre),4
nearest_first,mild_03,mild,4,1484.248,872.732,2356.98,10578.472000000003,10578.472000000003,0.8596916454474711,10557.124000000002,9094.224000000002,0.13856993628188885,115.02868685409379,120.0,40,1,8,0,0.9466812785059627,single depot (Silchar centre),4
nearest_first_post,mild_03,mild,4,0.0,872.732,872.732,10578.472000000003,10578.472000000003,1.0,10578.472000000003,10578.472000000003,0.0,102.78544893340317,120.0,37,1,0,0,0.0,single depot (Silchar centre),4
access_opt,mild_03,mild,4,0.0,872.732,872.732,10578.472000000003,10578.472000000003,1.0,10578.472000000003,10578.472000000003,0.0,102.78544893340317,120.0,37,1,0,0,0.0,single depot (Silchar centre),4
none,mild_04,mild,4,12088.616000000004,1555.26,13643.876000000004,12088.616,12088.616000000002,-3.009425402454435e-16,0.0,0.0,0.0,0.0,120.0,0,1,36,2,0.6973672136794932,single depot (Silchar centre),4
proportional,mild_04,mild,4,3365.2829086511892,1555.26,4920.5429086511895,12088.616,12088.616000000002,0.7216155340982631,25972.721425500597,8723.333091348812,0.6641348071140497,118.6432119860689,120.0,50,1,17,2,0.8523655965205628,single depot (Silchar centre),4
nearest_first,mild_04,mild,4,2996.1359999999995,1555.26,4551.396,12088.616,12088.616000000002,0.7521522728491002,10312.844000000003,9092.480000000001,0.11833437992468432,113.9823036340343,120.0,39,1,11,2,0.9212190675802777,single depot (Silchar centre),4
nearest_first_post,mild_04,mild,4,0.0,1555.26,1555.26,12088.616,12088.616000000002,0.9999999999999999,12088.616000000004,12088.616000000004,0.0,101.73906571334366,120.0,36,1,0,2,0.0,single depot (Silchar centre),4
access_opt,mild_04,mild,4,0.0,1555.26,1555.26,12088.616,12088.616000000002,0.9999999999999999,12088.616000000004,12088.616000000004,0.0,101.73906571334366,120.0,36,1,0,2,0.0,single depot (Silchar centre),4
none,mild_05,mild,4,12188.431999999999,2612.428,14800.859999999999,12188.431999999999,11698.028,0.0,0.0,0.0,0.0,0.0,120.0,0,1,35,9,0.6965815181356595,single depot (Silchar centre),4
proportional,mild_05,mild,4,3681.516373223461,2612.428,6293.944373223461,12188.431999999999,11698.028,0.7272093746720847,26517.435264753993,8506.91562677654,0.6791953844011596,118.4824892248841,120.0,49,1,15,9,0.8536736596098667,single depot (Silchar centre),4
nearest_first,mild_05,mild,4,4329.272000000001,2612.428,6941.700000000001,12188.431999999999,11698.028,0.6718363129238533,10002.116000000004,7859.160000000002,0.21425026464400143,104.9321298591925,120.0,37,1,17,9,0.8680450952077278,single depot (Silchar centre),4
nearest_first_post,mild_05,mild,4,490.404,2612.428,3102.832,12188.431999999999,11698.028,0.9999999999999999,11698.028,11698.028,0.0,95.48937107883494,120.0,34,1,1,9,0.9859154929577465,single depot (Silchar centre),4
access_opt,mild_05,mild,4,490.404,2612.428,3102.832,12188.431999999999,11698.028,0.9999999999999999,11698.028,11698.028,0.0,95.48937107883494,120.0,34,1,1,9,0.9859154929577465,single depot (Silchar centre),4
none,mild_06,mild,4,10763.320000000003,528.808,11292.128000000004,10763.320000000003,10763.320000000002,0.0,0.0,0.0,0.0,0.0,120.0,0,1,37,1,0.6873774455627003,single depot (Silchar centre),4
proportional,mild_06,mild,4,3045.1509602345577,528.808,3573.9589602345577,10763.320000000003,10763.320000000002,0.7170806999852689,26533.45003509377,7718.169039765443,0.709115511569087,117.07389626089918,120.0,53,1,16,1,0.87058835417654,single depot (Silchar centre),4
nearest_first,mild_06,mild,4,1398.6799999999998,528.808,1927.4879999999998,10763.320000000003,10763.320000000002,0.8700512481279012,10430.932000000003,9364.640000000001,0.10222403904080679,106.30790885601105,120.0,39,1,10,1,0.9295362869067113,single depot (Silchar centre),4
nearest_first_post,mild_06,mild,4,0.0,528.808,528.808,10763.320000000003,10763.320000000002,1.0000000000000002,10763.320000000003,10763.320000000003,0.0,98.06970772743449,120.0,37,1,0,1,0.0,single depot (Silchar centre),4
access_opt,mild_06,mild,4,0.0,528.808,528.808,10763.320000000003,10763.320000000002,1.0000000000000002,10763.320000000003,10763.320000000003,0.0,98.06970772743449,120.0,37,1,0,1,0.0,single depot (Silchar centre),4
none,mild_07,mild,4,12214.296,1693.468,13907.764000000001,12214.296,12214.296,0.0,0.0,0.0,0.0,0.0,120.0,0,1,35,3,0.6779536656757357,single depot (Silchar centre),4
proportional,mild_07,mild,4,3376.1662007844866,1693.468,5069.634200784487,12214.296,12214.296,0.7235889648667032,25965.854765676235,8838.129799215516,0.6596249236170546,119.50486510027372,120.0,50,1,17,3,0.8436646717425547,single depot (Silchar centre),4
nearest_first,mild_07,mild,4,3565.8520000000003,1693.468,5259.320000000001,12214.296,12214.296,0.7080591464297246,10425.820000000002,8648.444000000003,0.1704782933140988,115.48726251265036,120.0,39,1,14,3,0.8836687640740227,single depot (Silchar centre),4
nearest_first_post,mild_07,mild,4,0.0,1693.468,1693.468,12214.296,12214.296,1.0,12214.296,12214.296,0.0,102.08972192539032,120.0,35,1,0,3,0.0,single depot (Silchar centre),4
access_opt,mild_07,mild,4,0.0,1693.468,1693.468,12214.296,12214.296,1.0,12214.296,12214.296,0.0,102.08972192539032,120.0,35,1,0,3,0.0,single depot (Silchar centre),4
none,mild_08,mild,4,12088.616000000004,1555.26,13643.876000000004,12088.616,12088.616000000002,-3.009425402454435e-16,0.0,0.0,0.0,0.0,120.0,0,1,36,2,0.6973672136794932,single depot (Silchar centre),4
proportional,mild_08,mild,4,3365.2829086511892,1555.26,4920.5429086511895,12088.616,12088.616000000002,0.7216155340982631,25972.721425500597,8723.333091348812,0.6641348071140497,118.6432119860689,120.0,50,1,17,2,0.8523655965205628,single depot (Silchar centre),4
nearest_first,mild_08,mild,4,2996.1359999999995,1555.26,4551.396,12088.616,12088.616000000002,0.7521522728491002,10312.844000000003,9092.480000000001,0.11833437992468432,113.9823036340343,120.0,39,1,11,2,0.9212190675802777,single depot (Silchar centre),4
nearest_first_post,mild_08,mild,4,0.0,1555.26,1555.26,12088.616,12088.616000000002,0.9999999999999999,12088.616000000004,12088.616000000004,0.0,101.73906571334366,120.0,36,1,0,2,0.0,single depot (Silchar centre),4
access_opt,mild_08,mild,4,0.0,1555.26,1555.26,12088.616,12088.616000000002,0.9999999999999999,12088.616000000004,12088.616000000004,0.0,101.73906571334366,120.0,36,1,0,2,0.0,single depot (Silchar centre),4
none,mild_09,mild,4,12765.376000000002,1469.776,14235.152000000002,12765.376000000002,12765.376000000002,0.0,0.0,0.0,0.0,0.0,120.0,0,1,35,2,0.6824731627186699,single depot (Silchar centre),4
proportional,mild_09,mild,4,3622.2967912114477,1469.776,5092.072791211448,12765.376000000002,12765.376000000002,0.7162404937221241,26198.111130955152,9143.079208788553,0.6510023503952055,119.66046101115101,120.0,50,1,17,2,0.8577240087797263,single depot (Silchar centre),4
nearest_first,mild_09,mild,4,3682.8959999999993,1469.776,5152.672,12765.376000000002,12765.376000000002,0.7114933394833025,10425.820000000002,9082.480000000001,0.12884741919580422,114.84395674823914,120.0,39,1,12,2,0.9055805090317326,single depot (Silchar centre),4
nearest_first_post,mild_09,mild,4,0.0,1469.776,1469.776,12765.376000000002,12765.376000000002,1.0,12765.376000000002,12765.376000000002,0.0,98.7512779463117,120.0,35,1,0,2,0.0,single depot (Silchar centre),4
access_opt,mild_09,mild,4,0.0,1469.776,1469.776,12765.376000000002,12765.376000000002,1.0,12765.376000000002,12765.376000000002,0.0,98.7512779463117,120.0,35,1,0,2,0.0,single depot (Silchar centre),4
none,mild_10,mild,4,10821.000000000004,471.12800000000004,11292.128000000004,10821.000000000004,10821.000000000002,0.0,0.0,0.0,0.0,0.0,120.0,0,1,37,1,0.6864309960789646,single depot (Silchar centre),4
proportional,mild_10,mild,4,3045.1509602345577,471.12800000000004,3516.278960234558,10821.000000000004,10821.000000000002,0.7185887662660978,26533.45003509377,7775.849039765443,0.7069416517836572,117.07389626089918,120.0,53,1,16,1,0.87058835417654,single depot (Silchar centre),4
nearest_first,mild_10,mild,4,1398.6799999999998,471.12800000000004,1869.808,10821.000000000004,10821.000000000002,0.8707439238517699,10430.932000000003,9422.320000000002,0.09669433182001386,106.30790885601105,120.0,39,1,10,1,0.9295362869067113,single depot (Silchar centre),4
nearest_first_post,mild_10,mild,4,0.0,471.12800000000004,471.12800000000004,10821.000000000004,10821.000000000002,1.0000000000000002,10821.000000000004,10821.000000000004,0.0,98.06970772743449,120.0,37,1,0,1,0.0,single depot (Silchar centre),4
access_opt,mild_10,mild,4,0.0,471.12800000000004,471.12800000000004,10821.000000000004,10821.000000000002,1.0000000000000002,10821.000000000004,10821.000000000004,0.0,98.06970772743449,120.0,37,1,0,1,0.0,single depot (Silchar centre),4
none,mild_11,mild,4,13226.676000000001,2844.632,16071.308,13226.676000000001,12736.272000000003,0.0,0.0,0.0,0.0,0.0,120.0,0,1,36,8,0.681856868144629,single depot (Silchar centre),4
proportional,mild_11,mild,4,4093.8868546025506,2844.632,6938.518854602551,13226.676000000001,12736.272000000003,0.7170692605652148,26674.662447817125,9132.789145397452,0.6576230659614282,117.81013845645248,120.0,48,1,14,8,0.8619429337801862,single depot (Silchar centre),4
nearest_first,mild_11,mild,4,5425.196,2844.632,8269.828,13226.676000000001,12736.272000000003,0.6125403100687548,9870.812000000004,7801.480000000001,0.20964151682759247,103.16806830663715,120.0,36,1,17,8,0.8600902993540179,single depot (Silchar centre),4
nearest_first_post,mild_11,mild,4,490.404,2844.632,3335.036,13226.676000000001,12736.272000000003,0.9999999999999999,12736.272000000003,12736.272000000003,0.0,98.31572636956598,120.0,35,1,1,8,0.9855072463768116,single depot (Silchar centre),4
access_opt,mild_11,mild,4,490.404,2844.632,3335.036,13226.676000000001,12736.272000000003,0.9999999999999999,12736.272000000003,12736.272000000003,0.0,98.31572636956598,120.0,35,1,1,8,0.9855072463768116,single depot (Silchar centre),4
none,mild_12,mild,4,12521.828,1345.176,13867.003999999999,12521.828,12521.828,0.0,0.0,0.0,0.0,0.0,120.0,0,1,33,1,0.7056584212865167,single depot (Silchar centre),4
proportional,mild_12,mild,4,3706.866556539536,1345.176,5052.042556539536,12521.828,12521.828,0.7039676190617267,26285.978168441765,8814.961443460463,0.6646515725238078,119.40372524907687,120.0,50,1,16,1,0.8465507707019575,single depot (Silchar centre),4
nearest_first,mild_12,mild,4,3662.987999999999,1345.176,5008.163999999999,12521.828,12521.828,0.7074717844710853,10186.652000000002,8858.840000000002,0.13034822432335957,111.11441459096706,120.0,38,1,13,1,0.8962382532222245,single depot (Silchar centre),4
nearest_first_post,mild_12,mild,4,0.0,1345.176,1345.176,12521.828,12521.828,1.0,12521.828,12521.828,0.0,92.92845309032155,120.0,33,1,0,1,0.0,single depot (Silchar centre),4
access_opt,mild_12,mild,4,0.0,1345.176,1345.176,12521.828,12521.828,1.0,12521.828,12521.828,0.0,92.92845309032155,120.0,33,1,0,1,0.0,single depot (Silchar centre),4
none,mild_13,mild,4,10623.372000000003,612.164,11235.536000000004,10623.372000000003,10623.372000000003,0.0,0.0,0.0,0.0,0.0,120.0,0,1,38,0,0.6881964905725689,single depot (Silchar centre),4
proportional,mild_13,mild,4,3029.747214397927,612.164,3641.9112143979273,10623.372000000003,10623.372000000003,0.7148036222022607,26407.804198997706,7593.624785602073,0.7124477018846465,117.07389626089918,120.0,53,1,17,0,0.8681690354829514,single depot (Silchar centre),4
nearest_first,mild_13,mild,4,1244.5119999999997,612.164,1856.6759999999997,10623.372000000003,10623.372000000003,0.8828515089182607,10557.124000000002,9378.860000000002,0.11160842668893523,110.41998732012381,120.0,40,1,7,0,0.9545209171299603,single depot (Silchar centre),4
nearest_first_post,mild_13,mild,4,0.0,612.164,612.164,10623.372000000003,10623.372000000003,1.0,10623.372000000003,10623.372000000003,0.0,102.18178619154727,120.0,38,1,0,0,0.0,single depot (Silchar centre),4
access_opt,mild_13,mild,4,0.0,612.164,612.164,10623.372000000003,10623.372000000003,1.0,10623.372000000003,10623.372000000003,0.0,102.18178619154727,120.0,38,1,0,0,0.0,single depot (Silchar centre),4
none,mild_14,mild,4,12096.884000000002,1516.9840000000002,13613.868000000002,12096.884000000002,12096.884000000002,0.0,0.0,0.0,0.0,0.0,120.0,0,1,37,3,0.6915140456963631,single depot (Silchar centre),4
proportional,mild_14,mild,4,3635.1346753318517,1516.9840000000002,5152.118675331852,12096.884000000002,12096.884000000002,0.6994982612603501,25575.90240764616,8461.749324668148,0.6691514852614379,117.34790371367531,120.0,50,1,17,3,0.8539275687657377,single depot (Silchar centre),4
nearest_first,mild_14,mild,4,2890.771999999999,1516.9840000000002,4407.755999999999,12096.884000000002,12096.884000000002,0.7610316838617285,10557.124000000002,9206.112000000001,0.12797159529432456,116.61035805444938,120.0,40,1,11,3,0.9239764798426927,single depot (Silchar centre),4
nearest_first_post,mild_14,mild,4,0.0,1516.9840000000002,1516.9840000000002,12096.884000000002,12096.884000000002,1.0,12096.884000000002,12096.884000000002,0.0,104.36712013375875,120.0,37,1,0,3,0.0,single depot (Silchar centre),4
access_opt,mild_14,mild,4,0.0,1516.9840000000002,1516.9840000000002,12096.884000000002,12096.884000000002,1.0,12096.884000000002,12096.884000000002,0.0,104.36712013375875,120.0,37,1,0,3,0.0,single depot (Silchar centre),4
none,mild_15,mild,4,12251.624000000002,1829.7160000000003,14081.340000000002,12251.624000000002,12251.624000000002,0.0,0.0,0.0,0.0,0.0,120.0,0,1,34,3,0.7001834153173679,single depot (Silchar centre),4
proportional,mild_15,mild,4,3233.03022205535,1829.7160000000003,5062.74622205535,12251.624000000002,12251.624000000002,0.7361141492707131,26025.589652542385,9018.593777944649,0.6534720673633752,117.79411870839637,120.0,49,1,17,3,0.8452303445672404,single depot (Silchar centre),4
nearest_first,mild_15,mild,4,3409.163999999999,1829.7160000000003,5238.879999999999,12251.624000000002,12251.624000000002,0.7217377875782021,10055.348000000002,8842.460000000003,0.12062118586049919,109.02113189224899,120.0,37,1,14,3,0.8912136981547917,single depot (Silchar centre),4
nearest_first_post,mild_15,mild,4,0.0,1829.7160000000003,1829.7160000000003,12251.624000000002,12251.624000000002,1.0,12251.624000000002,12251.624000000002,0.0,96.77789397155836,120.0,34,1,0,3,0.0,single depot (Silchar centre),4
access_opt,mild_15,mild,4,0.0,1829.7160000000003,1829.7160000000003,12251.624000000002,12251.624000000002,1.0,12251.624000000002,12251.624000000002,0.0,96.77789397155836,120.0,34,1,0,3,0.0,single depot (Silchar centre),4
none,mild_16,mild,4,12073.636,1410.3600000000001,13483.996000000001,12073.636,12073.636,0.0,0.0,0.0,0.0,0.0,120.0,0,1,35,1,0.70289679061892,single depot (Silchar centre),4
proportional,mild_16,mild,4,3621.729187549729,1410.3600000000001,5032.089187549729,12073.636,12073.636,0.7000299505840885,25719.420049587214,8451.90681245027,0.6713803500951834,118.0580821534807,120.0,50,1,17,1,0.8519567179437195,single depot (Silchar centre),4
nearest_first,mild_16,mild,4,3101.1639999999993,1410.3600000000001,4511.523999999999,12073.636,12073.636,0.7431458095970428,10430.932000000003,8972.472000000003,0.13982067949441135,113.7424690113822,120.0,39,1,14,1,0.8965766161719328,single depot (Silchar centre),4
nearest_first_post,mild_16,mild,4,0.0,1410.3600000000001,1410.3600000000001,12073.636,12073.636,1.0,12073.636,12073.636,0.0,99.40594839197347,120.0,35,1,0,1,0.0,single depot (Silchar centre),4
access_opt,mild_16,mild,4,0.0,1410.3600000000001,1410.3600000000001,12073.636,12073.636,1.0,12073.636,12073.636,0.0,99.40594839197347,120.0,35,1,0,1,0.0,single depot (Silchar centre),4
none,mild_17,mild,4,11578.072000000002,980.8679999999999,12558.940000000002,11578.072000000002,11578.072000000002,0.0,0.0,0.0,0.0,0.0,120.0,0,1,37,0,0.7018341040537851,single depot (Silchar centre),4
proportional,mild_17,mild,4,3655.2500447789575,980.8679999999999,4636.1180447789575,11578.072000000002,11578.072000000002,0.6842954470503416,25673.019789302565,7922.821955221041,0.6913950123420104,118.46160183688565,120.0,51,1,18,0,0.8571804359643929,single depot (Silchar centre),4
nearest_first,mild_17,mild,4,2355.5799999999995,980.8679999999999,3336.4479999999994,11578.072000000002,11578.072000000002,0.7965481644957814,10557.124000000002,9222.492000000002,0.12642003636596477,116.61035805444938,120.0,40,1,9,0,0.9394166724529251,single depot (Silchar centre),4
nearest_first_post,mild_17,mild,4,0.0,980.8679999999999,980.8679999999999,11578.072000000002,11578.072000000002,1.0,11578.072000000002,11578.072000000002,0.0,104.36712013375875,120.0,37,1,0,0,0.0,single depot (Silchar centre),4
access_opt,mild_17,mild,4,0.0,980.8679999999999,980.8679999999999,11578.072000000002,11578.072000000002,1.0,11578.072000000002,11578.072000000002,0.0,104.36712013375875,120.0,37,1,0,0,0.0,single depot (Silchar centre),4
none,mild_18,mild,4,10763.320000000003,528.808,11292.128000000004,10763.320000000003,10763.320000000002,0.0,0.0,0.0,0.0,0.0,120.0,0,1,37,1,0.6873774455627003,single depot (Silchar centre),4
proportional,mild_18,mild,4,3045.1509602345577,528.808,3573.9589602345577,10763.320000000003,10763.320000000002,0.7170806999852689,26533.45003509377,7718.169039765443,0.709115511569087,117.07389626089918,120.0,53,1,16,1,0.87058835417654,single depot (Silchar centre),4
nearest_first,mild_18,mild,4,1398.6799999999998,528.808,1927.4879999999998,10763.320000000003,10763.320000000002,0.8700512481279012,10430.932000000003,9364.640000000001,0.10222403904080679,106.30790885601105,120.0,39,1,10,1,0.9295362869067113,single depot (Silchar centre),4
nearest_first_post,mild_18,mild,4,0.0,528.808,528.808,10763.320000000003,10763.320000000002,1.0000000000000002,10763.320000000003,10763.320000000003,0.0,98.06970772743449,120.0,37,1,0,1,0.0,single depot (Silchar centre),4
access_opt,mild_18,mild,4,0.0,528.808,528.808,10763.320000000003,10763.320000000002,1.0000000000000002,10763.320000000003,10763.320000000003,0.0,98.06970772743449,120.0,37,1,0,1,0.0,single depot (Silchar centre),4
none,mild_19,mild,4,12271.244000000002,2314.508,14585.752000000002,12271.244000000002,11780.840000000002,0.0,0.0,0.0,0.0,0.0,120.0,0,1,34,8,0.6846339607923942,single depot (Silchar centre),4
proportional,mild_19,mild,4,3433.688362612977,2314.508,5748.196362612976,12271.244000000002,11780.840000000002,0.7501634550156886,26446.767675735406,8837.555637387024,0.6658360769926763,117.51942943704051,120.0,48,1,14,8,0.861736485460363,single depot (Silchar centre),4
nearest_first,mild_19,mild,4,4291.652,2314.508,6606.16,12271.244000000002,11780.840000000002,0.6773364208324705,9795.104000000001,7979.5920000000015,0.18534892534065994,103.9690700713489,120.0,36,1,16,8,0.8719456564706994,single depot (Silchar centre),4
nearest_first_post,mild_19,mild,4,490.404,2314.508,2804.912,12271.244000000002,11780.840000000002,1.0,11780.840000000002,11780.840000000002,0.0,93.07301753743141,120.0,33,1,1,8,0.9855072463768116,single depot (Silchar centre),4
access_opt,mild_19,mild,4,490.404,2314.508,2804.912,12271.244000000002,11780.840000000002,1.0,11780.840000000002,11780.840000000002,0.0,93.07301753743141,120.0,33,1,1,8,0.9855072463768116,single depot (Silchar centre),4
none,moderate_00,moderate,4,12176.336000000001,9577.456,21753.792,12176.336000000003,3283.008,5.540618248709283e-16,0.0,0.0,0.0,0.0,120.0,0,1,31,50,0.6690057914701346,single depot (Silchar centre),4
proportional,moderate_00,moderate,4,8893.328,9577.456,18470.784,12176.336000000003,3283.008,1.000000000000001,27189.365123636795,3283.008,0.8792539662080616,27.511907050020486,120.0,17,1,19,50,0.7716485001459191,single depot (Silchar centre),4
nearest_first,moderate_00,moderate,4,9540.504,9577.456,19117.96,12176.336000000003,3283.008,0.8028710255960395,3002.7,2635.8319999999994,0.12217937189862471,16.352061420337385,120.0,11,1,25,50,0.7413330768547364,single depot (Silchar centre),4
nearest_first_post,moderate_00,moderate,4,8893.328,9577.456,18470.784,12176.336000000003,3283.008,1.000000000000001,3283.008,3283.008,0.0,18.427491846030843,120.0,12,1,19,50,0.7716485001459191,single depot (Silchar centre),4
access_opt,moderate_00,moderate,4,8893.328,9577.456,18470.784,12176.336000000003,3283.008,1.000000000000001,3283.008,3283.008,0.0,18.427491846030843,120.0,12,1,19,50,0.7716485001459191,single depot (Silchar centre),4
none,moderate_01,moderate,4,12790.368000000002,10449.936,23240.304000000004,12790.368,2968.6480000000006,-6.127332723670358e-16,0.0,0.0,0.0,0.0,120.0,0,1,30,51,0.6707310211804433,single depot (Silchar centre),4
proportional,moderate_01,moderate,4,9928.92,10449.936,20378.856,12790.368,2968.6480000000006,0.9638892856276661,25244.389328333804,2861.4480000000003,0.8866501398475752,24.509985555173934,120.0,15,1,19,51,0.7606943777288021,single depot (Silchar centre),4
nearest_first,moderate_01,moderate,4,10709.712,10449.936,21159.648,12790.368,2968.6480000000006,0.70087662801383,2823.928,2080.656,0.26320501089262893,14.19009351163409,120.0,10,1,25,51,0.7178807015359158,single depot (Silchar centre),4
nearest_first_post,moderate_01,moderate,4,9821.72,10449.936,20271.656,12790.368,2968.6480000000006,1.0000000000000002,2968.648,2968.648,0.0,17.04286977205269,120.0,12,1,18,51,0.7716640251813589,single depot (Silchar centre),4
access_opt,moderate_01,moderate,4,9821.72,10449.936,20271.656,12790.368,2968.6480000000006,1.0000000000000002,2968.648,2968.648,0.0,17.04286977205269,120.0,12,1,18,51,0.7716640251813589,single depot (Silchar centre),4
none,moderate_02,moderate,4,12728.044,10126.088,22854.131999999998,12728.044000000002,2954.1400000000003,6.157424507795353e-16,0.0,0.0,0.0,0.0,120.0,0,1,31,52,0.6825110029665256,single depot (Silchar centre),4
proportional,moderate_02,moderate,4,9773.904,10126.088,19899.992,12728.044000000002,2954.1400000000003,1.0000000000000002,26991.089021043004,2954.1400000000003,0.8905512853632223,27.44322184003527,120.0,17,1,19,52,0.7821612182290613,single depot (Silchar centre),4
nearest_first,moderate_02,moderate,4,10380.480000000001,10126.088,20506.568,12728.044000000002,2954.1400000000003,0.7946691761392487,2955.232,2347.5640000000003,0.20562446535500412,16.283376210352166,120.0,11,1,24,52,0.7535817602649167,single depot (Silchar centre),4
nearest_first_post,moderate_02,moderate,4,9773.904,10126.088,19899.992,12728.044000000002,2954.1400000000003,1.0000000000000002,2954.1400000000003,2954.1400000000003,0.0,18.358806636045628,120.0,12,1,19,52,0.7821612182290613,single depot (Silchar centre),4
access_opt,moderate_02,moderate,4,9773.904,10126.088,19899.992,12728.044000000002,2954.1400000000003,1.0000000000000002,2954.1400000000003,2954.1400000000003,0.0,18.358806636045628,120.0,12,1,19,52,0.7821612182290613,single depot (Silchar centre),4
none,moderate_03,moderate,4,10921.796,7740.4039999999995,18662.2,10921.796000000002,5921.776000000001,3.0716957270012513e-16,0.0,0.0,0.0,0.0,120.0,0,1,29,48,0.706348799406086,single depot (Silchar centre),4
proportional,moderate_03,moderate,4,5000.02,7740.4039999999995,12740.423999999999,10921.796000000002,5921.776000000001,1.0000000000000002,30559.858398551693,5921.775999999999,0.8062237094566954,46.56705793338381,120.0,25,1,16,48,0.8236887783126816,single depot (Silchar centre),4
nearest_first,moderate_03,moderate,4,6925.152,7740.4039999999995,14665.556,10921.796000000002,5921.776000000001,0.674906311890217,5151.124,3996.6440000000002,0.22412195862495243,26.99954364156373,120.0,16,1,23,48,0.7726086567135002,single depot (Silchar centre),4
nearest_first_post,moderate_03,moderate,4,5000.02,7740.4039999999995,12740.423999999999,10921.796000000002,5921.776000000001,1.0000000000000002,5921.775999999999,5921.775999999999,0.0,22.012585423350476,120.0,13,1,16,48,0.8236887783126816,single depot (Silchar centre),4
access_opt,moderate_03,moderate,4,5000.02,7740.4039999999995,12740.423999999999,10921.796000000002,5921.776000000001,1.0000000000000002,5921.775999999999,5921.775999999999,0.0,22.012585423350476,120.0,13,1,16,48,0.8236887783126816,single depot (Silchar centre),4
none,moderate_04,moderate,4,11142.488,12875.996000000001,24018.484,11142.488000000001,2219.772,8.194487557937737e-16,0.0,0.0,0.0,0.0,120.0,0,1,27,51,0.7002600431599465,single depot (Silchar centre),4
proportional,moderate_04,moderate,4,8922.716,12875.996000000001,21798.712,11142.488000000001,2219.772,1.0000000000000004,26013.94728346637,2219.772,0.914669927796355,25.86528085221326,120.0,16,1,16,51,0.7935009678579555,single depot (Silchar centre),4
nearest_first,moderate_04,moderate,4,9352.864,12875.996000000001,22228.86,11142.488000000001,2219.772,0.8062197378829905,2823.928,1789.624,0.3662642956902583,14.705435222530156,120.0,10,1,21,51,0.7594396619241631,single depot (Silchar centre),4
nearest_first_post,moderate_04,moderate,4,8922.716,12875.996000000001,21798.712,11142.488000000001,2219.772,1.0000000000000004,2219.772,2219.772,0.0,16.780865648223617,120.0,11,1,16,51,0.7935009678579555,single depot (Silchar centre),4
access_opt,moderate_04,moderate,4,8922.716,12875.996000000001,21798.712,11142.488000000001,2219.772,1.0000000000000004,2219.772,2219.772,0.0,16.780865648223617,120.0,11,1,16,51,0.7935009678579555,single depot (Silchar centre),4
none,moderate_05,moderate,4,10897.560000000001,7609.364000000001,18506.924000000003,10897.56,6280.548000000001,-2.896227213844805e-16,0.0,0.0,0.0,0.0,120.0,0,1,30,49,0.703457091963436,single depot (Silchar centre),4
proportional,moderate_05,moderate,4,4617.012,7609.364000000001,12226.376,10897.56,6280.548000000001,0.9999999999999999,30567.036848826425,6280.548000000001,0.7945319976201379,45.3828191827033,120.0,25,1,18,49,0.8059585794766796,single depot (Silchar centre),4
nearest_first,moderate_05,moderate,4,6985.58,7609.364000000001,14594.944000000001,10897.56,6280.548000000001,0.6228723990326958,5282.428,3911.9800000000005,0.25943524455042255,29.092826340281807,120.0,17,1,25,49,0.7539765646335709,single depot (Silchar centre),4
nearest_first_post,moderate_05,moderate,4,4617.012,7609.364000000001,12226.376,10897.56,6280.548000000001,0.9999999999999999,6280.548000000001,6280.548000000001,0.0,19.850617514647183,120.0,12,1,18,49,0.8059585794766796,single depot (Silchar centre),4
access_opt,moderate_05,moderate,4,4617.012,7609.364000000001,12226.376,10897.56,6280.548000000001,0.9999999999999999,6280.548000000001,6280.548000000001,0.0,19.850617514647183,120.0,12,1,18,49,0.8059585794766796,single depot (Silchar centre),4
none,moderate_06,moderate,4,13342.320000000002,8821.036,22163.356,13342.320000000002,3297.9800000000005,0.0,0.0,0.0,0.0,0.0,120.0,0,1,31,51,0.6762110554959969,single depot (Silchar centre),4
proportional,moderate_06,moderate,4,10044.34,8821.036,18865.376,13342.320000000002,3297.9800000000005,1.0000000000000002,27462.20245824113,3297.9800000000005,0.8799083939092325,30.657472161265847,120.0,18,1,19,51,0.783276563811173,single depot (Silchar centre),4
nearest_first,moderate_06,moderate,4,10687.520000000002,8821.036,19508.556000000004,13342.320000000002,3297.9800000000005,0.8049775923444045,3029.34,2654.8,0.123637491994956,19.497626531582743,120.0,12,1,24,51,0.7550497358397997,single depot (Silchar centre),4
nearest_first_post,moderate_06,moderate,4,10044.34,8821.036,18865.376,13342.320000000002,3297.9800000000005,1.0000000000000002,3297.9800000000005,3297.9800000000005,0.0,18.742939206320916,120.0,12,1,19,51,0.783276563811173,single depot (Silchar centre),4
access_opt,moderate_06,moderate,4,10044.34,8821.036,18865.376,13342.320000000002,3297.9800000000005,1.0000000000000002,3297.9800000000005,3297.9800000000005,0.0,18.742939206320916,120.0,12,1,19,51,0.783276563811173,single depot (Silchar centre),4
none,moderate_07,moderate,4,9327.624,15267.644,24595.268,9327.624000000002,2057.464,8.840929433253056e-16,0.0,0.0,0.0,0.0,120.0,0,1,28,54,0.7088630842096263,single depot (Silchar centre),4
proportional,moderate_07,moderate,4,7377.360000000001,15267.644,22645.004,9327.624000000002,2057.464,0.9478970227425613,22443.079270398037,1950.2640000000001,0.9131017639556993,17.798296208397613,120.0,12,1,18,54,0.7877155250085579,single depot (Silchar centre),4
nearest_first,moderate_07,moderate,4,7682.495999999999,15267.644,22950.14,9327.624000000002,2057.464,0.7995901750893345,2072.2120000000004,1645.128,0.20610053411523555,12.720944910743778,120.0,9,1,22,54,0.7664277439377526,single depot (Silchar centre),4
nearest_first_post,moderate_07,moderate,4,7270.16,15267.644,22537.804,9327.624000000002,2057.464,1.0000000000000009,2057.464,2057.464,0.0,16.328408496424203,120.0,11,1,17,54,0.7992255077786606,single depot (Silchar centre),4
access_opt,moderate_07,moderate,4,7270.16,15267.644,22537.804,9327.624000000002,2057.464,1.0000000000000009,2057.464,2057.464,0.0,16.328408496424203,120.0,11,1,17,54,0.7992255077786606,single depot (Silchar centre),4
none,moderate_08,moderate,4,10482.332000000002,10316.768,20799.100000000002,10482.332,3005.9280000000003,-6.051340562867296e-16,0.0,0.0,0.0,0.0,120.0,0,1,32,59,0.7111361948917453,single depot (Silchar centre),4
proportional,moderate_08,moderate,4,7583.604000000001,10316.768,17900.372000000003,10482.332,3005.9280000000003,0.964337136484972,26302.48559569917,2898.728,0.8897926209500906,26.603268253892008,120.0,16,1,20,59,0.7977107787804723,single depot (Silchar centre),4
nearest_first,moderate_08,moderate,4,8275.216000000002,10316.768,18591.984000000004,10482.332,3005.9280000000003,0.7342544465469558,2955.232,2207.116,0.25314966811404316,16.283376210352166,120.0,11,1,26,59,0.7617838724498553,single depot (Silchar centre),4
nearest_first_post,moderate_08,moderate,4,7476.404,10316.768,17793.172,10482.332,3005.9280000000003,0.9999999999999999,3005.9280000000003,3005.9280000000003,0.0,19.136152470770767,120.0,13,1,19,59,0.8080930981046529,single depot (Silchar centre),4
access_opt,moderate_08,moderate,4,7476.404,10316.768,17793.172,10482.332,3005.9280000000003,0.9999999999999999,3005.9280000000003,3005.9280000000003,0.0,19.136152470770767,120.0,13,1,19,59,0.8080930981046529,single depot (Silchar centre),4
none,moderate_09,moderate,4,12476.36,6412.868,18889.228000000003,12476.36,11849.732000000002,0.0,0.0,0.0,0.0,0.0,120.0,0,1,30,15,0.7003792297105196,single depot (Silchar centre),4
proportional,moderate_09,moderate,4,5098.227411520952,6412.868,11511.095411520953,12476.36,11849.732000000002,0.622641304333216,23600.583209982615,7378.132588479049,0.6873749888791632,119.92269820331687,120.0,38,1,17,15,0.8543076651953987,single depot (Silchar centre),4
nearest_first,moderate_09,moderate,4,5847.7080000000005,6412.868,12260.576000000001,12476.36,11849.732000000002,0.5593925668529887,8965.040000000003,6628.652000000001,0.260610995600689,116.9390868588695,120.0,31,1,18,15,0.8170503954733062,single depot (Silchar centre),4
nearest_first_post,moderate_09,moderate,4,687.128,6412.868,7099.996,12476.36,11849.732000000002,0.9948943992994945,11789.232000000002,11789.232000000002,0.0,113.6773527148629,120.0,27,1,3,15,0.9576414669542905,single depot (Silchar centre),4
access_opt,moderate_09,moderate,4,664.0400000000001,6412.868,7076.908,12476.36,11849.732000000002,0.9968427977949205,11812.320000000002,11812.320000000002,0.0,118.16034979731218,120.0,26,1,4,15,0.9645327754369646,single depot (Silchar centre),4
none,moderate_10,moderate,4,13349.42,8667.372,22016.792,13349.42,3461.1800000000003,0.0,0.0,0.0,0.0,0.0,120.0,0,1,32,54,0.6630467354734156,single depot (Silchar centre),4
proportional,moderate_10,moderate,4,9995.439999999999,8667.372,18662.811999999998,13349.42,3461.1800000000003,0.9690279037784805,26810.961937470474,3353.9800000000005,0.8749026607914226,29.817518575122584,120.0,17,1,20,54,0.7614834486696109,single depot (Silchar centre),4
nearest_first,moderate_10,moderate,4,10694.62,8667.372,19361.992,13349.42,3461.1800000000003,0.767021651575474,3029.34,2654.8,0.123637491994956,19.497626531582743,120.0,12,1,25,54,0.7324250012527632,single depot (Silchar centre),4
nearest_first_post,moderate_10,moderate,4,9888.239999999998,8667.372,18555.611999999997,13349.42,3461.1800000000003,1.0000000000000004,3461.1800000000003,3461.1800000000003,0.0,19.520285041046055,120.0,13,1,19,54,0.7719044274515782,single depot (Silchar centre),4
access_opt,moderate_10,moderate,4,9888.239999999998,8667.372,18555.611999999997,13349.42,3461.1800000000003,1.0000000000000004,3461.1800000000003,3461.1800000000003,0.0,19.520285041046055,120.0,13,1,19,54,0.7719044274515782,single depot (Silchar centre),4
none,moderate_11,moderate,4,13676.024000000001,10757.908,24433.932,13676.024000000003,2860.8600000000006,6.358190906041736e-16,0.0,0.0,0.0,0.0,120.0,0,1,30,51,0.6646801783842463,single depot (Silchar centre),4
proportional,moderate_11,moderate,4,10815.164,10757.908,21573.072,13676.024000000003,2860.8600000000006,1.0000000000000007,26013.94728346637,2860.8600000000006,0.8900259169119532,25.349939141317194,120.0,16,1,19,51,0.7685108983671869,single depot (Silchar centre),4
nearest_first,moderate_11,moderate,4,11454.920000000002,10757.908,22212.828,13676.024000000003,2860.8600000000006,0.7763763343889603,2823.928,2221.1040000000003,0.21347003181384216,14.19009351163409,120.0,10,1,24,51,0.7347831755291964,single depot (Silchar centre),4
nearest_first_post,moderate_11,moderate,4,10815.164,10757.908,21573.072,13676.024000000003,2860.8600000000006,1.0000000000000007,2860.8600000000006,2860.8600000000006,0.0,16.26552393732755,120.0,11,1,19,51,0.7685108983671869,single depot (Silchar centre),4
access_opt,moderate_11,moderate,4,10815.164,10757.908,21573.072,13676.024000000003,2860.8600000000006,1.0000000000000007,2860.8600000000006,2860.8600000000006,0.0,16.26552393732755,120.0,11,1,19,51,0.7685108983671869,single depot (Silchar centre),4
none,moderate_12,moderate,4,11957.860000000002,8740.648,20698.508,11957.86,3461.1800000000003,-5.255402503036122e-16,0.0,0.0,0.0,0.0,120.0,0,1,33,55,0.6762247175481619,single depot (Silchar centre),4
proportional,moderate_12,moderate,4,8603.88,8740.648,17344.528,11957.86,3461.1800000000003,0.9690279037784805,26810.961937470474,3353.9800000000005,0.8749026607914226,29.817518575122584,120.0,17,1,21,55,0.773534285119756,single depot (Silchar centre),4
nearest_first,moderate_12,moderate,4,9303.06,8740.648,18043.708,11957.86,3461.1800000000003,0.7670216515754745,3029.34,2654.8,0.123637491994956,19.497626531582743,120.0,12,1,26,55,0.7430813312930045,single depot (Silchar centre),4
nearest_first_post,moderate_12,moderate,4,8496.68,8740.648,17237.328,11957.86,3461.1800000000003,1.0,3461.1800000000003,3461.1800000000003,0.0,19.520285041046055,120.0,13,1,20,55,0.7846078334685215,single depot (Silchar centre),4
access_opt,moderate_12,moderate,4,8496.68,8740.648,17237.328,11957.86,3461.1800000000003,1.0,3461.1800000000003,3461.1800000000003,0.0,19.520285041046055,120.0,13,1,20,55,0.7846078334685215,single depot (Silchar centre),4
none,moderate_13,moderate,4,11868.396,12142.844000000001,24011.24,11868.396,2567.5200000000004,0.0,0.0,0.0,0.0,0.0,120.0,0,1,29,53,0.6976131338615416,single depot (Silchar centre),4
proportional,moderate_13,moderate,4,9408.076000000001,12142.844000000001,21550.920000000002,11868.396,2567.5200000000004,0.9582476475353646,25244.389328333804,2460.32,0.9025399280608232,25.02532726607,120.0,15,1,18,53,0.791422194366852,single depot (Silchar centre),4
nearest_first,moderate_13,moderate,4,10048.756,12142.844000000001,22191.6,11868.396,2567.5200000000004,0.7087150246151932,2823.928,1819.64,0.35563512950755116,14.705435222530156,120.0,10,1,24,53,0.7518142657380996,single depot (Silchar centre),4
nearest_first_post,moderate_13,moderate,4,9300.876,12142.844000000001,21443.72,11868.396,2567.5200000000004,1.0,2567.52,2567.52,0.0,17.558211482948753,120.0,12,1,17,53,0.8020367017949358,single depot (Silchar centre),4
access_opt,moderate_13,moderate,4,9300.876,12142.844000000001,21443.72,11868.396,2567.5200000000004,1.0,2567.52,2567.52,0.0,17.558211482948753,120.0,12,1,17,53,0.8020367017949358,single depot (Silchar centre),4
none,moderate_14,moderate,4,13130.58,9182.852,22313.432,13130.58,3358.3360000000002,0.0,0.0,0.0,0.0,0.0,120.0,0,1,31,54,0.661725632231122,single depot (Silchar centre),4
proportional,moderate_14,moderate,4,9772.243999999999,9182.852,18955.095999999998,13130.58,3358.3360000000002,1.0000000000000002,26013.94728346637,3358.3360000000002,0.8709024830639812,25.349939141317194,120.0,16,1,20,54,0.7577959897342005,single depot (Silchar centre),4
nearest_first,moderate_14,moderate,4,10579.411999999998,9182.852,19762.264,13130.58,3358.3360000000002,0.7596523992834551,2823.928,2551.1679999999997,0.09658886487190899,14.19009351163409,120.0,10,1,26,54,0.720476559610618,single depot (Silchar centre),4
nearest_first_post,moderate_14,moderate,4,9772.243999999999,9182.852,18955.095999999998,13130.58,3358.3360000000002,1.0000000000000002,3358.3360000000002,3358.3360000000002,0.0,16.26552393732755,120.0,11,1,20,54,0.7577959897342005,single depot (Silchar centre),4
access_opt,moderate_14,moderate,4,9772.243999999999,9182.852,18955.095999999998,13130.58,3358.3360000000002,1.0000000000000002,3358.3360000000002,3358.3360000000002,0.0,16.26552393732755,120.0,11,1,20,54,0.7577959897342005,single depot (Silchar centre),4
none,moderate_15,moderate,4,10175.612000000001,15775.984,25951.596,10175.612,1917.7720000000002,-9.484909590638806e-16,0.0,0.0,0.0,0.0,120.0,0,1,27,53,0.6949958814012993,single depot (Silchar centre),4
proportional,moderate_15,moderate,4,8365.04,15775.984,24141.024,10175.612,1917.7720000000002,0.9441018014654495,22443.079270398037,1810.5720000000001,0.9193260435350283,17.798296208397613,120.0,12,1,17,53,0.7785044448028371,single depot (Silchar centre),4
nearest_first,moderate_15,moderate,4,8580.912,15775.984,24356.896,10175.612,1917.7720000000002,0.8315378470433392,2072.2120000000004,1594.7,0.23043588204295717,12.720944910743778,120.0,9,1,21,53,0.7592495155636708,single depot (Silchar centre),4
nearest_first_post,moderate_15,moderate,4,8257.84,15775.984,24033.824,10175.612,1917.7720000000002,0.9999999999999994,1917.772,1917.772,0.0,16.328408496424203,120.0,11,1,16,53,0.7902751531631744,single depot (Silchar centre),4
access_opt,moderate_15,moderate,4,8257.84,15775.984,24033.824,10175.612,1917.7720000000002,0.9999999999999994,1917.772,1917.772,0.0,16.328408496424203,120.0,11,1,16,53,0.7902751531631744,single depot (Silchar centre),4
none,moderate_16,moderate,4,12197.064,11523.12,23720.184,12197.064000000002,2898.728,6.275129655303486e-16,0.0,0.0,0.0,0.0,120.0,0,1,29,54,0.7148529979097523,single depot (Silchar centre),4
proportional,moderate_16,moderate,4,9298.336,11523.12,20821.456,12197.064000000002,2898.728,1.0000000000000009,26991.089021043004,2898.728,0.8926042592153258,27.44322184003527,120.0,17,1,17,54,0.8053653096846219,single depot (Silchar centre),4
nearest_first,moderate_16,moderate,4,9989.948,11523.12,21513.068,12197.064000000002,2898.728,0.7614084522590604,2955.232,2207.116,0.25314966811404316,16.283376210352166,120.0,11,1,23,54,0.7712694264258133,single depot (Silchar centre),4
nearest_first_post,moderate_16,moderate,4,9298.336,11523.12,20821.456,12197.064000000002,2898.728,1.0000000000000009,2898.728,2898.728,0.0,18.358806636045628,120.0,12,1,17,54,0.8053653096846219,single depot (Silchar centre),4
access_opt,moderate_16,moderate,4,9298.336,11523.12,20821.456,12197.064000000002,2898.728,1.0000000000000009,2898.728,2898.728,0.0,18.358806636045628,120.0,12,1,17,54,0.8053653096846219,single depot (Silchar centre),4
none,moderate_17,moderate,4,12013.084000000003,8862.588,20875.672000000002,12013.084,3213.3160000000003,-5.660785940585539e-16,0.0,0.0,0.0,0.0,120.0,0,1,31,53,0.6870659034461859,single depot (Silchar centre),4
proportional,moderate_17,moderate,4,8799.768,8862.588,17662.356,12013.084,3213.3160000000003,1.0000000000000002,28295.294097740745,3213.3160000000003,0.8864363809437638,32.75075485998393,120.0,19,1,20,53,0.7794435358620153,single depot (Silchar centre),4
nearest_first,moderate_17,moderate,4,9442.948,8862.588,18305.536,12013.084,3213.3160000000003,0.7998391692569297,3160.6440000000002,2570.1360000000004,0.18683154445739536,21.59090923030082,120.0,13,1,25,53,0.7510867159486604,single depot (Silchar centre),4
nearest_first_post,moderate_17,moderate,4,8799.768,8862.588,17662.356,12013.084,3213.3160000000003,1.0000000000000002,3213.3160000000003,3213.3160000000003,0.0,16.580971297617623,120.0,11,1,20,53,0.7794435358620153,single depot (Silchar centre),4
access_opt,moderate_17,moderate,4,8799.768,8862.588,17662.356,12013.084,3213.3160000000003,1.0000000000000002,3213.3160000000003,3213.3160000000003,0.0,16.580971297617623,120.0,11,1,20,53,0.7794435358620153,single depot (Silchar centre),4
none,moderate_18,moderate,4,11448.456,10253.628,21702.084000000003,11448.456,3024.0600000000004,0.0,0.0,0.0,0.0,0.0,120.0,0,1,30,53,0.6859598188958302,single depot (Silchar centre),4
proportional,moderate_18,moderate,4,8531.596,10253.628,18785.224000000002,11448.456,3024.0600000000004,0.964550967904076,25244.389328333804,2916.8600000000006,0.8844551174495564,24.509985555173934,120.0,15,1,19,53,0.7805452128780267,single depot (Silchar centre),4
nearest_first,moderate_18,moderate,4,9227.352,10253.628,19480.980000000003,11448.456,3024.0600000000004,0.7344774905259813,2823.928,2221.1040000000003,0.21347003181384216,14.19009351163409,120.0,10,1,24,53,0.7462250126910754,single depot (Silchar centre),4
nearest_first_post,moderate_18,moderate,4,8424.396,10253.628,18678.024,11448.456,3024.0600000000004,0.9999999999999997,3024.0600000000004,3024.0600000000004,0.0,17.04286977205269,120.0,12,1,18,53,0.7913803367254622,single depot (Silchar centre),4
access_opt,moderate_18,moderate,4,8424.396,10253.628,18678.024,11448.456,3024.0600000000004,0.9999999999999997,3024.0600000000004,3024.0600000000004,0.0,17.04286977205269,120.0,12,1,18,53,0.7913803367254622,single depot (Silchar centre),4
none,moderate_19,moderate,4,11922.552000000001,8542.464,20465.016000000003,11922.552,3269.3160000000003,-5.563822535190408e-16,0.0,0.0,0.0,0.0,120.0,0,1,29,54,0.7082626582242926,single depot (Silchar centre),4
proportional,moderate_19,moderate,4,8653.236,8542.464,17195.7,11922.552,3269.3160000000003,0.9999999999999996,28295.294097740745,3269.3160000000003,0.8844572532553729,32.75075485998393,120.0,19,1,18,54,0.8019151956839911,single depot (Silchar centre),4
nearest_first,moderate_19,moderate,4,9352.416000000001,8542.464,17894.88,11922.552,3269.3160000000003,0.7861387519591249,3160.6440000000002,2570.1360000000004,0.18683154445739536,21.59090923030082,120.0,13,1,23,54,0.7740222795542158,single depot (Silchar centre),4
nearest_first_post,moderate_19,moderate,4,8653.236,8542.464,17195.7,11922.552,3269.3160000000003,0.9999999999999996,3269.3160000000003,3269.3160000000003,0.0,16.580971297617623,120.0,11,1,18,54,0.8019151956839911,single depot (Silchar centre),4
access_opt,moderate_19,moderate,4,8653.236,8542.464,17195.7,11922.552,3269.3160000000003,0.9999999999999996,3269.3160000000003,3269.3160000000003,0.0,16.580971297617623,120.0,11,1,18,54,0.8019151956839911,single depot (Silchar centre),4
none,severe_00,severe,4,6763.052,22393.616,29156.668,6763.0520000000015,0.0,,0.0,0.0,0.0,0.0,120.0,0,1,22,71,0.7224989648476964,single depot (Silchar centre),4
proportional,severe_00,severe,4,6763.052,22393.616,29156.668,6763.0520000000015,0.0,,0.0,0.0,0.0,0.0,120.0,0,1,22,71,0.7224989648476964,single depot (Silchar centre),4
nearest_first,severe_00,severe,4,6763.052,22393.616,29156.668,6763.0520000000015,0.0,,0.0,0.0,0.0,0.0,120.0,0,1,22,71,0.7224989648476964,single depot (Silchar centre),4
nearest_first_post,severe_00,severe,4,6763.052,22393.616,29156.668,6763.0520000000015,0.0,,0.0,0.0,0.0,0.0,120.0,0,1,22,71,0.7224989648476964,single depot (Silchar centre),4
access_opt,severe_00,severe,4,6763.052,22393.616,29156.668,6763.0520000000015,0.0,,0.0,0.0,0.0,0.0,120.0,0,1,22,71,0.7224989648476964,single depot (Silchar centre),4
none,severe_01,severe,4,8592.872000000001,18686.836000000003,27279.708000000006,8592.872000000001,1578.08,0.0,0.0,0.0,0.0,0.0,120.0,0,1,24,54,0.7351469112229143,single depot (Silchar centre),4
proportional,severe_01,severe,4,7014.7919999999995,18686.836000000003,25701.628000000004,8592.872000000001,1578.08,1.000000000000001,23649.698618194245,1578.0800000000002,0.9332727226051859,18.638249794540876,120.0,13,1,15,54,0.8141839830447405,single depot (Silchar centre),4
nearest_first,severe_01,severe,4,7196.280000000001,18686.836000000003,25883.116,8592.872000000001,1578.08,0.8849944236033666,2072.2120000000004,1396.592,0.3260380694639352,12.720944910743778,120.0,9,1,18,54,0.7973113600759782,single depot (Silchar centre),4
nearest_first_post,severe_01,severe,4,7014.7919999999995,18686.836000000003,25701.628000000004,8592.872000000001,1578.08,1.000000000000001,1578.0800000000002,1578.0800000000002,0.0,14.789140974765976,120.0,9,1,15,54,0.8141839830447405,single depot (Silchar centre),4
access_opt,severe_01,severe,4,7014.7919999999995,18686.836000000003,25701.628000000004,8592.872000000001,1578.08,1.000000000000001,1578.0800000000002,1578.0800000000002,0.0,14.789140974765976,120.0,9,1,15,54,0.8141839830447405,single depot (Silchar centre),4
none,severe_02,severe,4,9780.096,16756.852000000003,26536.948000000004,9780.096,1604.56,0.0,0.0,0.0,0.0,0.0,120.0,0,1,24,52,0.7033774517494596,single depot (Silchar centre),4
proportional,severe_02,severe,4,8175.536,16756.852000000003,24932.388000000003,9780.096,1604.56,0.9999999999999997,21896.13099445961,1604.56,0.9267194738464981,16.5449670958228,120.0,12,1,16,52,0.7833077023907133,single depot (Silchar centre),4
nearest_first,severe_02,severe,4,8446.204,16756.852000000003,25203.056000000004,9780.096,1604.56,0.8313132572169316,1940.9080000000001,1333.892,0.31274846618180774,10.627662212025701,120.0,8,1,19,52,0.7596990380675551,single depot (Silchar centre),4
nearest_first_post,severe_02,severe,4,8175.536,16756.852000000003,24932.388000000003,9780.096,1604.56,0.9999999999999997,1604.56,1604.56,0.0,12.430451158084988,120.0,8,1,16,52,0.7833077023907133,single depot (Silchar centre),4
access_opt,severe_02,severe,4,8175.536,16756.852000000003,24932.388000000003,9780.096,1604.56,0.9999999999999997,1604.56,1604.56,0.0,12.430451158084988,120.0,8,1,16,52,0.7833077023907133,single depot (Silchar centre),4
none,severe_03,severe,4,7062.584000000001,21724.164,28786.748,7062.584000000001,0.0,,0.0,0.0,0.0,0.0,120.0,0,1,21,76,0.7474687454560883,single depot (Silchar centre),4
proportional,severe_03,severe,4,7062.584000000001,21724.164,28786.748,7062.584000000001,0.0,,0.0,0.0,0.0,0.0,120.0,0,1,21,76,0.7474687454560883,single depot (Silchar centre),4
nearest_first,severe_03,severe,4,7062.584000000001,21724.164,28786.748,7062.584000000001,0.0,,0.0,0.0,0.0,0.0,120.0,0,1,21,76,0.7474687454560883,single depot (Silchar centre),4
nearest_first_post,severe_03,severe,4,7062.584000000001,21724.164,28786.748,7062.584000000001,0.0,,0.0,0.0,0.0,0.0,120.0,0,1,21,76,0.7474687454560883,single depot (Silchar centre),4
access_opt,severe_03,severe,4,7062.584000000001,21724.164,28786.748,7062.584000000001,0.0,,0.0,0.0,0.0,0.0,120.0,0,1,21,76,0.7474687454560883,single depot (Silchar centre),4
none,severe_04,severe,4,8277.728000000001,17646.076,25923.804000000004,8277.728,1389.548,-1.3090511472405821e-15,0.0,0.0,0.0,0.0,120.0,0,1,22,53,0.737553798199535,single depot (Silchar centre),4
proportional,severe_04,severe,4,6888.18,17646.076,24534.256,8277.728,1389.548,0.9999999999999992,21896.13099445961,1389.548,0.9365391081944295,16.5449670958228,120.0,12,1,14,53,0.8193058765344639,single depot (Silchar centre),4
nearest_first,severe_04,severe,4,7158.848000000002,17646.076,24804.924000000003,8277.728,1389.548,0.8052114788405995,1940.9080000000001,1118.88,0.4235275448398378,10.627662212025701,120.0,8,1,17,53,0.7940521126700547,single depot (Silchar centre),4
nearest_first_post,severe_04,severe,4,6888.18,17646.076,24534.256,8277.728,1389.548,0.9999999999999992,1389.548,1389.548,0.0,12.430451158084988,120.0,8,1,14,53,0.8193058765344639,single depot (Silchar centre),4
access_opt,severe_04,severe,4,6888.18,17646.076,24534.256,8277.728,1389.548,0.9999999999999992,1389.548,1389.548,0.0,12.430451158084988,120.0,8,1,14,53,0.8193058765344639,single depot (Silchar centre),4
none,severe_05,severe,4,3936.716,33257.672000000006,37194.388000000006,3936.7159999999994,0.0,,0.0,0.0,0.0,0.0,120.0,0,1,14,62,0.7790872952102414,single depot (Silchar centre),4
proportional,severe_05,severe,4,3936.716,33257.672000000006,37194.388000000006,3936.7159999999994,0.0,,0.0,0.0,0.0,0.0,120.0,0,1,14,62,0.7790872952102414,single depot (Silchar centre),4
nearest_first,severe_05,severe,4,3936.716,33257.672000000006,37194.388000000006,3936.7159999999994,0.0,,0.0,0.0,0.0,0.0,120.0,0,1,14,62,0.7790872952102414,single depot (Silchar centre),4
nearest_first_post,severe_05,severe,4,3936.716,33257.672000000006,37194.388000000006,3936.7159999999994,0.0,,0.0,0.0,0.0,0.0,120.0,0,1,14,62,0.7790872952102414,single depot (Silchar centre),4
access_opt,severe_05,severe,4,3936.716,33257.672000000006,37194.388000000006,3936.7159999999994,0.0,,0.0,0.0,0.0,0.0,120.0,0,1,14,62,0.7790872952102414,single depot (Silchar centre),4
none,severe_06,severe,4,9623.968,17677.156,27301.124,9623.968,1610.988,0.0,0.0,0.0,0.0,0.0,120.0,0,1,24,51,0.6951143649944074,single depot (Silchar centre),4
proportional,severe_06,severe,4,8120.18,17677.156,25797.336,9623.968,1610.988,0.9334569841612728,18518.76566574506,1503.788,0.9187965317374462,14.677684704783536,120.0,10,1,16,51,0.7743351129114004,single depot (Silchar centre),4
nearest_first,severe_06,severe,4,8395.384000000002,17677.156,26072.54,9623.968,1610.988,0.7626276545821563,1708.5880000000002,1228.584,0.2809360711886072,9.600333407129702,120.0,7,1,20,51,0.7485457050218831,single depot (Silchar centre),4
nearest_first_post,severe_06,severe,4,8012.9800000000005,17677.156,25690.136,9623.968,1610.988,1.0000000000000002,1610.9879999999998,1610.9879999999998,0.0,13.207796992810126,120.0,9,1,15,51,0.7869927889177838,single depot (Silchar centre),4
access_opt,severe_06,severe,4,8012.9800000000005,17677.156,25690.136,9623.968,1610.988,1.0000000000000002,1610.9879999999998,1610.9879999999998,0.0,13.207796992810126,120.0,9,1,15,51,0.7869927889177838,single depot (Silchar centre),4
none,severe_07,severe,4,9036.912,18301.584000000003,27338.496000000003,9036.912000000002,1411.2120000000002,1.2889554535717216e-15,0.0,0.0,0.0,0.0,120.0,0,1,24,49,0.7088616790132412,single depot (Silchar centre),4
proportional,severe_07,severe,4,7732.9,18301.584000000003,26034.484000000004,9036.912000000002,1411.2120000000002,0.9240369271236372,22443.079270398037,1304.0120000000002,0.9418969213498272,17.798296208397613,120.0,12,1,16,49,0.7792652682585067,single depot (Silchar centre),4
nearest_first,severe_07,severe,4,7914.388000000001,18301.584000000003,26215.972,9036.912000000002,1411.2120000000002,0.7954325785211585,2072.2120000000004,1122.5240000000001,0.45829673797854664,12.720944910743778,120.0,9,1,19,49,0.7603767529737162,single depot (Silchar centre),4
nearest_first_post,severe_07,severe,4,7625.700000000001,18301.584000000003,25927.284000000003,9036.912000000002,1411.2120000000002,1.0000000000000009,1411.212,1411.212,0.0,14.539158004595118,120.0,9,1,15,49,0.7915843260990659,single depot (Silchar centre),4
access_opt,severe_07,severe,4,7625.700000000001,18301.584000000003,25927.284000000003,9036.912000000002,1411.2120000000002,1.0000000000000009,1411.212,1411.212,0.0,14.539158004595118,120.0,9,1,15,49,0.7915843260990659,single depot (Silchar centre),4
none,severe_08,severe,4,7126.8640000000005,22661.940000000002,29788.804000000004,7126.864,0.0,,0.0,0.0,0.0,0.0,120.0,0,1,20,69,0.7364451204171116,single depot (Silchar centre),4
proportional,severe_08,severe,4,7126.8640000000005,22661.940000000002,29788.804000000004,7126.864,0.0,,0.0,0.0,0.0,0.0,120.0,0,1,20,69,0.7364451204171116,single depot (Silchar centre),4
nearest_first,severe_08,severe,4,7126.8640000000005,22661.940000000002,29788.804000000004,7126.864,0.0,,0.0,0.0,0.0,0.0,120.0,0,1,20,69,0.7364451204171116,single depot (Silchar centre),4
nearest_first_post,severe_08,severe,4,7126.8640000000005,22661.940000000002,29788.804000000004,7126.864,0.0,,0.0,0.0,0.0,0.0,120.0,0,1,20,69,0.7364451204171116,single depot (Silchar centre),4
access_opt,severe_08,severe,4,7126.8640000000005,22661.940000000002,29788.804000000004,7126.864,0.0,,0.0,0.0,0.0,0.0,120.0,0,1,20,69,0.7364451204171116,single depot (Silchar centre),4
none,severe_09,severe,4,6805.9000000000015,23812.32,30618.22,6805.9,0.0,,0.0,0.0,0.0,0.0,120.0,0,1,19,67,0.7260791705156959,single depot (Silchar centre),4
proportional,severe_09,severe,4,6805.9000000000015,23812.32,30618.22,6805.9,0.0,,0.0,0.0,0.0,0.0,120.0,0,1,19,67,0.7260791705156959,single depot (Silchar centre),4
nearest_first,severe_09,severe,4,6805.9000000000015,23812.32,30618.22,6805.9,0.0,,0.0,0.0,0.0,0.0,120.0,0,1,19,67,0.7260791705156959,single depot (Silchar centre),4
nearest_first_post,severe_09,severe,4,6805.9000000000015,23812.32,30618.22,6805.9,0.0,,0.0,0.0,0.0,0.0,120.0,0,1,19,67,0.7260791705156959,single depot (Silchar centre),4
access_opt,severe_09,severe,4,6805.9000000000015,23812.32,30618.22,6805.9,0.0,,0.0,0.0,0.0,0.0,120.0,0,1,19,67,0.7260791705156959,single depot (Silchar centre),4
none,severe_10,severe,4,8973.848,17669.036,26642.884,8973.848000000002,1353.852,1.3435659167662761e-15,0.0,0.0,0.0,0.0,120.0,0,1,23,51,0.7307990385319454,single depot (Silchar centre),4
proportional,severe_10,severe,4,7619.995999999999,17669.036,25289.032,8973.848000000002,1353.852,1.0000000000000018,22566.142428480962,1353.852,0.9400051646270171,17.610920989644875,120.0,12,1,15,51,0.8032394770891809,single depot (Silchar centre),4
nearest_first,severe_10,severe,4,7801.483999999999,17669.036,25470.519999999997,8973.848000000002,1353.852,0.8659469425018416,1839.8920000000003,1172.3640000000003,0.3628082517886919,11.69361610584778,120.0,8,1,18,51,0.7842642814648543,single depot (Silchar centre),4
nearest_first_post,severe_10,severe,4,7619.995999999999,17669.036,25289.032,8973.848000000002,1353.852,1.0000000000000018,1353.852,1353.852,0.0,13.76181216986998,120.0,8,1,15,51,0.8032394770891809,single depot (Silchar centre),4
access_opt,severe_10,severe,4,7619.995999999999,17669.036,25289.032,8973.848000000002,1353.852,1.0000000000000018,1353.852,1353.852,0.0,13.76181216986998,120.0,8,1,15,51,0.8032394770891809,single depot (Silchar centre),4
none,severe_11,severe,4,7846.1680000000015,20043.324,27889.492000000002,7846.1680000000015,0.0,,0.0,0.0,0.0,0.0,120.0,0,1,23,72,0.7332268898950288,single depot (Silchar centre),4
proportional,severe_11,severe,4,7846.1680000000015,20043.324,27889.492000000002,7846.1680000000015,0.0,,0.0,0.0,0.0,0.0,120.0,0,1,23,72,0.7332268898950288,single depot (Silchar centre),4
nearest_first,severe_11,severe,4,7846.1680000000015,20043.324,27889.492000000002,7846.1680000000015,0.0,,0.0,0.0,0.0,0.0,120.0,0,1,23,72,0.7332268898950288,single depot (Silchar centre),4
nearest_first_post,severe_11,severe,4,7846.1680000000015,20043.324,27889.492000000002,7846.1680000000015,0.0,,0.0,0.0,0.0,0.0,120.0,0,1,23,72,0.7332268898950288,single depot (Silchar centre),4
access_opt,severe_11,severe,4,7846.1680000000015,20043.324,27889.492000000002,7846.1680000000015,0.0,,0.0,0.0,0.0,0.0,120.0,0,1,23,72,0.7332268898950288,single depot (Silchar centre),4
none,severe_12,severe,4,7890.628000000001,19440.092,27330.72,7890.628000000001,0.0,,0.0,0.0,0.0,0.0,120.0,0,1,24,74,0.7185145034508462,single depot (Silchar centre),4
proportional,severe_12,severe,4,7890.628000000001,19440.092,27330.72,7890.628000000001,0.0,,0.0,0.0,0.0,0.0,120.0,0,1,24,74,0.7185145034508462,single depot (Silchar centre),4
nearest_first,severe_12,severe,4,7890.628000000001,19440.092,27330.72,7890.628000000001,0.0,,0.0,0.0,0.0,0.0,120.0,0,1,24,74,0.7185145034508462,single depot (Silchar centre),4
nearest_first_post,severe_12,severe,4,7890.628000000001,19440.092,27330.72,7890.628000000001,0.0,,0.0,0.0,0.0,0.0,120.0,0,1,24,74,0.7185145034508462,single depot (Silchar centre),4
access_opt,severe_12,severe,4,7890.628000000001,19440.092,27330.72,7890.628000000001,0.0,,0.0,0.0,0.0,0.0,120.0,0,1,24,74,0.7185145034508462,single depot (Silchar centre),4
none,severe_13,severe,4,6975.152,23827.664,30802.816,6975.152,0.0,,0.0,0.0,0.0,0.0,120.0,0,1,21,66,0.7021053287435188,single depot (Silchar centre),4
proportional,severe_13,severe,4,6975.152,23827.664,30802.816,6975.152,0.0,,0.0,0.0,0.0,0.0,120.0,0,1,21,66,0.7021053287435188,single depot (Silchar centre),4
nearest_first,severe_13,severe,4,6975.152,23827.664,30802.816,6975.152,0.0,,0.0,0.0,0.0,0.0,120.0,0,1,21,66,0.7021053287435188,single depot (Silchar centre),4
nearest_first_post,severe_13,severe,4,6975.152,23827.664,30802.816,6975.152,0.0,,0.0,0.0,0.0,0.0,120.0,0,1,21,66,0.7021053287435188,single depot (Silchar centre),4
access_opt,severe_13,severe,4,6975.152,23827.664,30802.816,6975.152,0.0,,0.0,0.0,0.0,0.0,120.0,0,1,21,66,0.7021053287435188,single depot (Silchar centre),4
none,severe_14,severe,4,7376.984,20900.488,28277.472,7376.984,0.0,,0.0,0.0,0.0,0.0,120.0,0,1,18,71,0.773314918881642,single depot (Silchar centre),4
proportional,severe_14,severe,4,7376.984,20900.488,28277.472,7376.984,0.0,,0.0,0.0,0.0,0.0,120.0,0,1,18,71,0.773314918881642,single depot (Silchar centre),4
nearest_first,severe_14,severe,4,7376.984,20900.488,28277.472,7376.984,0.0,,0.0,0.0,0.0,0.0,120.0,0,1,18,71,0.773314918881642,single depot (Silchar centre),4
nearest_first_post,severe_14,severe,4,7376.984,20900.488,28277.472,7376.984,0.0,,0.0,0.0,0.0,0.0,120.0,0,1,18,71,0.773314918881642,single depot (Silchar centre),4
access_opt,severe_14,severe,4,7376.984,20900.488,28277.472,7376.984,0.0,,0.0,0.0,0.0,0.0,120.0,0,1,18,71,0.773314918881642,single depot (Silchar centre),4
none,severe_15,severe,4,8712.880000000001,18868.78,27581.66,8712.880000000001,1168.688,0.0,0.0,0.0,0.0,0.0,120.0,0,1,23,47,0.716560208141395,single depot (Silchar centre),4
proportional,severe_15,severe,4,7544.192000000001,18868.78,26412.972,8712.880000000001,1168.688,1.0,22566.142428480962,1168.688,0.9482105546526647,17.610920989644875,120.0,12,1,15,47,0.7900477395590148,single depot (Silchar centre),4
nearest_first,severe_15,severe,4,7725.68,18868.78,26594.46,8712.880000000001,1168.688,0.8447079117779943,1839.8920000000003,987.2000000000002,0.46344676752765923,11.69361610584778,120.0,8,1,18,47,0.7712038462339034,single depot (Silchar centre),4
nearest_first_post,severe_15,severe,4,7544.192000000001,18868.78,26412.972,8712.880000000001,1168.688,1.0,1168.688,1168.688,0.0,13.76181216986998,120.0,8,1,15,47,0.7900477395590148,single depot (Silchar centre),4
access_opt,severe_15,severe,4,7544.192000000001,18868.78,26412.972,8712.880000000001,1168.688,1.0,1168.688,1168.688,0.0,13.76181216986998,120.0,8,1,15,47,0.7900477395590148,single depot (Silchar centre),4
none,severe_16,severe,4,7073.664000000001,22853.543999999998,29927.208,7073.664000000001,0.0,,0.0,0.0,0.0,0.0,120.0,0,1,19,69,0.7709226536965113,single depot (Silchar centre),4
proportional,severe_16,severe,4,7073.664000000001,22853.543999999998,29927.208,7073.664000000001,0.0,,0.0,0.0,0.0,0.0,120.0,0,1,19,69,0.7709226536965113,single depot (Silchar centre),4
nearest_first,severe_16,severe,4,7073.664000000001,22853.543999999998,29927.208,7073.664000000001,0.0,,0.0,0.0,0.0,0.0,120.0,0,1,19,69,0.7709226536965113,single depot (Silchar centre),4
nearest_first_post,severe_16,severe,4,7073.664000000001,22853.543999999998,29927.208,7073.664000000001,0.0,,0.0,0.0,0.0,0.0,120.0,0,1,19,69,0.7709226536965113,single depot (Silchar centre),4
access_opt,severe_16,severe,4,7073.664000000001,22853.543999999998,29927.208,7073.664000000001,0.0,,0.0,0.0,0.0,0.0,120.0,0,1,19,69,0.7709226536965113,single depot (Silchar centre),4
none,severe_17,severe,4,8477.868,20000.54,28478.408000000003,8477.867999999999,0.0,,0.0,0.0,0.0,0.0,120.0,0,1,22,72,0.7302312463691975,single depot (Silchar centre),4
proportional,severe_17,severe,4,8477.868,20000.54,28478.408000000003,8477.867999999999,0.0,,0.0,0.0,0.0,0.0,120.0,0,1,22,72,0.7302312463691975,single depot (Silchar centre),4
nearest_first,severe_17,severe,4,8477.868,20000.54,28478.408000000003,8477.867999999999,0.0,,0.0,0.0,0.0,0.0,120.0,0,1,22,72,0.7302312463691975,single depot (Silchar centre),4
nearest_first_post,severe_17,severe,4,8477.868,20000.54,28478.408000000003,8477.867999999999,0.0,,0.0,0.0,0.0,0.0,120.0,0,1,22,72,0.7302312463691975,single depot (Silchar centre),4
access_opt,severe_17,severe,4,8477.868,20000.54,28478.408000000003,8477.867999999999,0.0,,0.0,0.0,0.0,0.0,120.0,0,1,22,72,0.7302312463691975,single depot (Silchar centre),4
none,severe_18,severe,4,8882.696,19711.384000000002,28594.08,8882.696,0.0,,0.0,0.0,0.0,0.0,120.0,0,1,25,73,0.710120766885313,single depot (Silchar centre),4
proportional,severe_18,severe,4,8882.696,19711.384000000002,28594.08,8882.696,0.0,,0.0,0.0,0.0,0.0,120.0,0,1,25,73,0.710120766885313,single depot (Silchar centre),4
nearest_first,severe_18,severe,4,8882.696,19711.384000000002,28594.08,8882.696,0.0,,0.0,0.0,0.0,0.0,120.0,0,1,25,73,0.710120766885313,single depot (Silchar centre),4
nearest_first_post,severe_18,severe,4,8882.696,19711.384000000002,28594.08,8882.696,0.0,,0.0,0.0,0.0,0.0,120.0,0,1,25,73,0.710120766885313,single depot (Silchar centre),4
access_opt,severe_18,severe,4,8882.696,19711.384000000002,28594.08,8882.696,0.0,,0.0,0.0,0.0,0.0,120.0,0,1,25,73,0.710120766885313,single depot (Silchar centre),4
none,severe_19,severe,4,7178.136,19868.268,27046.404000000002,7178.136,0.0,,0.0,0.0,0.0,0.0,120.0,0,1,24,70,0.7158740427350284,single depot (Silchar centre),4
proportional,severe_19,severe,4,7178.136,19868.268,27046.404000000002,7178.136,0.0,,0.0,0.0,0.0,0.0,120.0,0,1,24,70,0.7158740427350284,single depot (Silchar centre),4
nearest_first,severe_19,severe,4,7178.136,19868.268,27046.404000000002,7178.136,0.0,,0.0,0.0,0.0,0.0,120.0,0,1,24,70,0.7158740427350284,single depot (Silchar centre),4
nearest_first_post,severe_19,severe,4,7178.136,19868.268,27046.404000000002,7178.136,0.0,,0.0,0.0,0.0,0.0,120.0,0,1,24,70,0.7158740427350284,single depot (Silchar centre),4
access_opt,severe_19,severe,4,7178.136,19868.268,27046.404000000002,7178.136,0.0,,0.0,0.0,0.0,0.0,120.0,0,1,24,70,0.7158740427350284,single depot (Silchar centre),4
none,mild_00,mild,8,12355.224,2290.904,14646.128,12355.224,11864.820000000002,0.0,0.0,0.0,0.0,0.0,240.0,0,1,35,7,0.6804559159744109,single depot (Silchar centre),8
proportional,mild_00,mild,8,2446.015050854237,2290.904,4736.919050854237,12355.224,11864.820000000002,0.8351756663097932,32446.060000000012,9909.208949145763,0.6945943837511932,212.27994541342218,240.0,69,1,11,7,0.9123266399726899,single depot (Silchar centre),8
nearest_first,mild_00,mild,8,4335.852000000001,2290.904,6626.756000000001,12355.224,11864.820000000002,0.6758949566870798,9997.004000000003,8019.372000000001,0.1978224676112964,106.03361759604944,240.0,37,1,18,7,0.8509189573398955,single depot (Silchar centre),8
nearest_first_post,mild_00,mild,8,490.404,2290.904,2781.308,12355.224,11864.820000000002,0.9999999999999999,11864.820000000002,11864.820000000002,0.0,96.1826534610674,240.0,34,1,1,7,0.9861111111111109,single depot (Silchar centre),8
access_opt,mild_00,mild,8,490.404,2290.904,2781.308,12355.224,11864.820000000002,0.9999999999999999,11864.820000000002,11864.820000000002,0.0,96.1826534610674,240.0,34,1,1,7,0.9861111111111109,single depot (Silchar centre),8
none,mild_01,mild,8,12086.94,2290.904,14377.844000000001,12086.94,11596.536000000002,0.0,0.0,0.0,0.0,0.0,240.0,0,1,36,7,0.6875327198728768,single depot (Silchar centre),8
proportional,mild_01,mild,8,2494.165428371377,2290.904,4785.0694283713765,12086.94,11596.536000000002,0.8272103472647885,32446.06000000001,9592.774571628626,0.7043470124992488,214.04634671963242,240.0,70,1,11,7,0.9136219379138666,single depot (Silchar centre),8
nearest_first,mild_01,mild,8,3943.9360000000006,2290.904,6234.84,12086.94,11596.536000000002,0.7021927927443159,10128.308000000003,8143.004000000001,0.19601536604139624,107.80001890225971,240.0,38,1,16,7,0.8747908706034018,single depot (Silchar centre),8
nearest_first_post,mild_01,mild,8,490.404,2290.904,2781.308,12086.94,11596.536000000002,0.9999999999999999,11596.536000000002,11596.536000000002,0.0,97.94905476727767,240.0,35,1,1,7,0.9863013698630138,single depot (Silchar centre),8
access_opt,mild_01,mild,8,490.404,2290.904,2781.308,12086.94,11596.536000000002,0.9999999999999999,11596.536000000002,11596.536000000002,0.0,97.94905476727767,240.0,35,1,1,7,0.9863013698630138,single depot (Silchar centre),8
none,mild_02,mild,8,10623.372000000003,581.7560000000001,11205.128000000002,10623.372000000003,10623.372000000003,0.0,0.0,0.0,0.0,0.0,240.0,0,1,38,0,0.6881964905725689,single depot (Silchar centre),8
proportional,mild_02,mild,8,1262.4841437827515,581.7560000000001,1844.2401437827516,10623.372000000003,10623.372000000003,0.8811597538161376,32446.060000000012,9360.887856217252,0.7114938499091339,222.61733863220346,240.0,76,1,7,0,0.9304882065209249,single depot (Silchar centre),8
nearest_first,mild_02,mild,8,1244.5119999999997,581.7560000000001,1826.2679999999998,10623.372000000003,10623.372000000003,0.8828515089182607,10557.124000000002,9378.860000000002,0.11160842668893523,110.41998732012381,240.0,40,1,7,0,0.9545209171299603,single depot (Silchar centre),8
nearest_first_post,mild_02,mild,8,0.0,581.7560000000001,581.7560000000001,10623.372000000003,10623.372000000003,1.0,10623.372000000003,10623.372000000003,0.0,102.18178619154727,240.0,38,1,0,0,0.0,single depot (Silchar centre),8
access_opt,mild_02,mild,8,0.0,581.7560000000001,581.7560000000001,10623.372000000003,10623.372000000003,1.0,10623.372000000003,10623.372000000003,0.0,102.18178619154727,240.0,38,1,0,0,0.0,single depot (Silchar centre),8
none,mild_03,mild,8,10578.472000000003,872.732,11451.204000000003,10578.472000000003,10578.472000000003,0.0,0.0,0.0,0.0,0.0,240.0,0,1,37,0,0.6964632111625947,single depot (Silchar centre),8
proportional,mild_03,mild,8,1364.9838044652076,872.732,2237.715804465208,10578.472000000003,10578.472000000003,0.8709658819851102,32446.060000000012,9213.488195534796,0.7160367639234226,231.77592306963808,240.0,76,1,8,0,0.9236485782651243,single depot (Silchar centre),8
nearest_first,mild_03,mild,8,1484.248,872.732,2356.98,10578.472000000003,10578.472000000003,0.8596916454474711,10557.124000000002,9094.224000000002,0.13856993628188885,115.02868685409379,240.0,40,1,8,0,0.9466812785059627,single depot (Silchar centre),8
nearest_first_post,mild_03,mild,8,0.0,872.732,872.732,10578.472000000003,10578.472000000003,1.0,10578.472000000003,10578.472000000003,0.0,102.78544893340317,240.0,37,1,0,0,0.0,single depot (Silchar centre),8
access_opt,mild_03,mild,8,0.0,872.732,872.732,10578.472000000003,10578.472000000003,1.0,10578.472000000003,10578.472000000003,0.0,102.78544893340317,240.0,37,1,0,0,0.0,single depot (Silchar centre),8
none,mild_04,mild,8,12088.616000000004,1555.26,13643.876000000004,12088.616,12088.616000000002,-3.009425402454435e-16,0.0,0.0,0.0,0.0,240.0,0,1,36,2,0.6973672136794932,single depot (Silchar centre),8
proportional,mild_04,mild,8,1995.6959500494877,1555.26,3550.955950049488,12088.616,12088.616000000002,0.8349111304346595,32446.06000000001,10092.920049950513,0.6889323372406231,227.02656864077707,240.0,73,1,9,2,0.9086967497718121,single depot (Silchar centre),8
nearest_first,mild_04,mild,8,2996.1359999999995,1555.26,4551.396,12088.616,12088.616000000002,0.7521522728491002,10312.844000000003,9092.480000000001,0.11833437992468432,113.9823036340343,240.0,39,1,11,2,0.9212190675802777,single depot (Silchar centre),8
nearest_first_post,mild_04,mild,8,0.0,1555.26,1555.26,12088.616,12088.616000000002,0.9999999999999999,12088.616000000004,12088.616000000004,0.0,101.73906571334366,240.0,36,1,0,2,0.0,single depot (Silchar centre),8
access_opt,mild_04,mild,8,0.0,1555.26,1555.26,12088.616,12088.616000000002,0.9999999999999999,12088.616000000004,12088.616000000004,0.0,101.73906571334366,240.0,36,1,0,2,0.0,single depot (Silchar centre),8
none,mild_05,mild,8,12188.431999999999,2612.428,14800.859999999999,12188.431999999999,11698.028,0.0,0.0,0.0,0.0,0.0,240.0,0,1,35,9,0.6965815181356595,single depot (Silchar centre),8
proportional,mild_05,mild,8,2485.139886050131,2612.428,5097.56788605013,12188.431999999999,11698.028,0.8294810128638663,32446.060000000005,9703.29211394987,0.7009408195032041,209.34128957648633,240.0,68,1,9,9,0.907825138461399,single depot (Silchar centre),8
nearest_first,mild_05,mild,8,4329.272000000001,2612.428,6941.700000000001,12188.431999999999,11698.028,0.6718363129238533,10002.116000000004,7859.160000000002,0.21425026464400143,104.9321298591925,240.0,37,1,17,9,0.8680450952077278,single depot (Silchar centre),8
nearest_first_post,mild_05,mild,8,490.404,2612.428,3102.832,12188.431999999999,11698.028,0.9999999999999999,11698.028,11698.028,0.0,95.48937107883494,240.0,34,1,1,9,0.9859154929577465,single depot (Silchar centre),8
access_opt,mild_05,mild,8,490.404,2612.428,3102.832,12188.431999999999,11698.028,0.9999999999999999,11698.028,11698.028,0.0,95.48937107883494,240.0,34,1,1,9,0.9859154929577465,single depot (Silchar centre),8
none,mild_06,mild,8,10763.320000000003,528.808,11292.128000000004,10763.320000000003,10763.320000000002,0.0,0.0,0.0,0.0,0.0,240.0,0,1,37,1,0.6873774455627003,single depot (Silchar centre),8
proportional,mild_06,mild,8,1252.5411878016646,528.808,1781.3491878016646,10763.320000000003,10763.320000000002,0.8836287327886134,32446.060000000005,9510.77881219834,0.706874153219271,218.5052601680907,240.0,75,1,7,1,0.9298438054048607,single depot (Silchar centre),8
nearest_first,mild_06,mild,8,1398.6799999999998,528.808,1927.4879999999998,10763.320000000003,10763.320000000002,0.8700512481279012,10430.932000000003,9364.640000000001,0.10222403904080679,106.30790885601105,240.0,39,1,10,1,0.9295362869067113,single depot (Silchar centre),8
nearest_first_post,mild_06,mild,8,0.0,528.808,528.808,10763.320000000003,10763.320000000002,1.0000000000000002,10763.320000000003,10763.320000000003,0.0,98.06970772743449,240.0,37,1,0,1,0.0,single depot (Silchar centre),8
access_opt,mild_06,mild,8,0.0,528.808,528.808,10763.320000000003,10763.320000000002,1.0000000000000002,10763.320000000003,10763.320000000003,0.0,98.06970772743449,240.0,37,1,0,1,0.0,single depot (Silchar centre),8
none,mild_07,mild,8,12214.296,1693.468,13907.764000000001,12214.296,12214.296,0.0,0.0,0.0,0.0,0.0,240.0,0,1,35,3,0.6779536656757357,single depot (Silchar centre),8
proportional,mild_07,mild,8,1984.2164730172415,1693.468,3677.6844730172415,12214.296,12214.296,0.837549665325186,32446.060000000005,10230.079526982761,0.6847050296096735,230.18530781769678,240.0,73,1,9,3,0.9209028561735686,single depot (Silchar centre),8
nearest_first,mild_07,mild,8,3565.8520000000003,1693.468,5259.320000000001,12214.296,12214.296,0.7080591464297246,10425.820000000002,8648.444000000003,0.1704782933140988,115.48726251265036,240.0,39,1,14,3,0.8836687640740227,single depot (Silchar centre),8
nearest_first_post,mild_07,mild,8,0.0,1693.468,1693.468,12214.296,12214.296,1.0,12214.296,12214.296,0.0,102.08972192539032,240.0,35,1,0,3,0.0,single depot (Silchar centre),8
access_opt,mild_07,mild,8,0.0,1693.468,1693.468,12214.296,12214.296,1.0,12214.296,12214.296,0.0,102.08972192539032,240.0,35,1,0,3,0.0,single depot (Silchar centre),8
none,mild_08,mild,8,12088.616000000004,1555.26,13643.876000000004,12088.616,12088.616000000002,-3.009425402454435e-16,0.0,0.0,0.0,0.0,240.0,0,1,36,2,0.6973672136794932,single depot (Silchar centre),8
proportional,mild_08,mild,8,1995.6959500494877,1555.26,3550.955950049488,12088.616,12088.616000000002,0.8349111304346595,32446.06000000001,10092.920049950513,0.6889323372406231,227.02656864077707,240.0,73,1,9,2,0.9086967497718121,single depot (Silchar centre),8
nearest_first,mild_08,mild,8,2996.1359999999995,1555.26,4551.396,12088.616,12088.616000000002,0.7521522728491002,10312.844000000003,9092.480000000001,0.11833437992468432,113.9823036340343,240.0,39,1,11,2,0.9212190675802777,single depot (Silchar centre),8
nearest_first_post,mild_08,mild,8,0.0,1555.26,1555.26,12088.616,12088.616000000002,0.9999999999999999,12088.616000000004,12088.616000000004,0.0,101.73906571334366,240.0,36,1,0,2,0.0,single depot (Silchar centre),8
access_opt,mild_08,mild,8,0.0,1555.26,1555.26,12088.616,12088.616000000002,0.9999999999999999,12088.616000000004,12088.616000000004,0.0,101.73906571334366,240.0,36,1,0,2,0.0,single depot (Silchar centre),8
none,mild_09,mild,8,12765.376000000002,1469.776,14235.152000000002,12765.376000000002,12765.376000000002,0.0,0.0,0.0,0.0,0.0,240.0,0,1,35,2,0.6824731627186699,single depot (Silchar centre),8
proportional,mild_09,mild,8,2246.5719283063036,1469.776,3716.3479283063034,12765.376000000002,12765.376000000002,0.8240105165483333,32446.060000000005,10518.804071693696,0.6758064285249521,224.0387808737451,240.0,72,1,9,2,0.917052461164048,single depot (Silchar centre),8
nearest_first,mild_09,mild,8,3682.8959999999993,1469.776,5152.672,12765.376000000002,12765.376000000002,0.7114933394833025,10425.820000000002,9082.480000000001,0.12884741919580422,114.84395674823914,240.0,39,1,12,2,0.9055805090317326,single depot (Silchar centre),8
nearest_first_post,mild_09,mild,8,0.0,1469.776,1469.776,12765.376000000002,12765.376000000002,1.0,12765.376000000002,12765.376000000002,0.0,98.7512779463117,240.0,35,1,0,2,0.0,single depot (Silchar centre),8
access_opt,mild_09,mild,8,0.0,1469.776,1469.776,12765.376000000002,12765.376000000002,1.0,12765.376000000002,12765.376000000002,0.0,98.7512779463117,240.0,35,1,0,2,0.0,single depot (Silchar centre),8
none,mild_10,mild,8,10821.000000000004,471.12800000000004,11292.128000000004,10821.000000000004,10821.000000000002,0.0,0.0,0.0,0.0,0.0,240.0,0,1,37,1,0.6864309960789646,single depot (Silchar centre),8
proportional,mild_10,mild,8,1252.5411878016646,471.12800000000004,1723.6691878016645,10821.000000000004,10821.000000000002,0.88424903541247,32446.060000000005,9568.45881219834,0.705096433520793,218.5052601680907,240.0,75,1,7,1,0.9298438054048607,single depot (Silchar centre),8
nearest_first,mild_10,mild,8,1398.6799999999998,471.12800000000004,1869.808,10821.000000000004,10821.000000000002,0.8707439238517699,10430.932000000003,9422.320000000002,0.09669433182001386,106.30790885601105,240.0,39,1,10,1,0.9295362869067113,single depot (Silchar centre),8
nearest_first_post,mild_10,mild,8,0.0,471.12800000000004,471.12800000000004,10821.000000000004,10821.000000000002,1.0000000000000002,10821.000000000004,10821.000000000004,0.0,98.06970772743449,240.0,37,1,0,1,0.0,single depot (Silchar centre),8
access_opt,mild_10,mild,8,0.0,471.12800000000004,471.12800000000004,10821.000000000004,10821.000000000002,1.0000000000000002,10821.000000000004,10821.000000000004,0.0,98.06970772743449,240.0,37,1,0,1,0.0,single depot (Silchar centre),8
none,mild_11,mild,8,13226.676000000001,2844.632,16071.308,13226.676000000001,12736.272000000003,0.0,0.0,0.0,0.0,0.0,240.0,0,1,36,8,0.681856868144629,single depot (Silchar centre),8
proportional,mild_11,mild,8,2959.6561700291595,2844.632,5804.28817002916,13226.676000000001,12736.272000000003,0.8061244161533956,32446.060000000012,10267.01982997084,0.6835665153189374,205.85576580124774,240.0,66,1,9,8,0.9116059430600475,single depot (Silchar centre),8
nearest_first,mild_11,mild,8,5425.196,2844.632,8269.828,13226.676000000001,12736.272000000003,0.6125403100687548,9870.812000000004,7801.480000000001,0.20964151682759247,103.16806830663715,240.0,36,1,17,8,0.8600902993540179,single depot (Silchar centre),8
nearest_first_post,mild_11,mild,8,490.404,2844.632,3335.036,13226.676000000001,12736.272000000003,0.9999999999999999,12736.272000000003,12736.272000000003,0.0,98.31572636956598,240.0,35,1,1,8,0.9855072463768116,single depot (Silchar centre),8
access_opt,mild_11,mild,8,490.404,2844.632,3335.036,13226.676000000001,12736.272000000003,0.9999999999999999,12736.272000000003,12736.272000000003,0.0,98.31572636956598,240.0,35,1,1,8,0.9855072463768116,single depot (Silchar centre),8
none,mild_12,mild,8,12521.828,1345.176,13867.003999999999,12521.828,12521.828,0.0,0.0,0.0,0.0,0.0,240.0,0,1,33,1,0.7056584212865167,single depot (Silchar centre),8
proportional,mild_12,mild,8,2432.30911130366,1345.176,3777.48511130366,12521.828,12521.828,0.8057544704092997,32446.06000000001,10089.51888869634,0.6890371623335364,223.67500343967228,240.0,72,1,9,1,0.9069460289398024,single depot (Silchar centre),8
nearest_first,mild_12,mild,8,3662.987999999999,1345.176,5008.163999999999,12521.828,12521.828,0.7074717844710853,10186.652000000002,8858.840000000002,0.13034822432335957,111.11441459096706,240.0,38,1,13,1,0.8962382532222245,single depot (Silchar centre),8
nearest_first_post,mild_12,mild,8,0.0,1345.176,1345.176,12521.828,12521.828,1.0,12521.828,12521.828,0.0,92.92845309032155,240.0,33,1,0,1,0.0,single depot (Silchar centre),8
access_opt,mild_12,mild,8,0.0,1345.176,1345.176,12521.828,12521.828,1.0,12521.828,12521.828,0.0,92.92845309032155,240.0,33,1,0,1,0.0,single depot (Silchar centre),8
none,mild_13,mild,8,10623.372000000003,612.164,11235.536000000004,10623.372000000003,10623.372000000003,0.0,0.0,0.0,0.0,0.0,240.0,0,1,38,0,0.6881964905725689,single depot (Silchar centre),8
proportional,mild_13,mild,8,1262.4841437827515,612.164,1874.6481437827515,10623.372000000003,10623.372000000003,0.8811597538161376,32446.060000000012,9360.887856217252,0.7114938499091339,222.61733863220346,240.0,76,1,7,0,0.9304882065209249,single depot (Silchar centre),8
nearest_first,mild_13,mild,8,1244.5119999999997,612.164,1856.6759999999997,10623.372000000003,10623.372000000003,0.8828515089182607,10557.124000000002,9378.860000000002,0.11160842668893523,110.41998732012381,240.0,40,1,7,0,0.9545209171299603,single depot (Silchar centre),8
nearest_first_post,mild_13,mild,8,0.0,612.164,612.164,10623.372000000003,10623.372000000003,1.0,10623.372000000003,10623.372000000003,0.0,102.18178619154727,240.0,38,1,0,0,0.0,single depot (Silchar centre),8
access_opt,mild_13,mild,8,0.0,612.164,612.164,10623.372000000003,10623.372000000003,1.0,10623.372000000003,10623.372000000003,0.0,102.18178619154727,240.0,38,1,0,0,0.0,single depot (Silchar centre),8
none,mild_14,mild,8,12096.884000000002,1516.9840000000002,13613.868000000002,12096.884000000002,12096.884000000002,0.0,0.0,0.0,0.0,0.0,240.0,0,1,37,3,0.6915140456963631,single depot (Silchar centre),8
proportional,mild_14,mild,8,1906.9119180896075,1516.9840000000002,3423.8959180896077,12096.884000000002,12096.884000000002,0.8423633790247467,32446.060000000012,10189.972081910393,0.6859411564328493,229.65462306119215,240.0,74,1,8,3,0.9166810933890737,single depot (Silchar centre),8
nearest_first,mild_14,mild,8,2890.771999999999,1516.9840000000002,4407.755999999999,12096.884000000002,12096.884000000002,0.7610316838617285,10557.124000000002,9206.112000000001,0.12797159529432456,116.61035805444938,240.0,40,1,11,3,0.9239764798426927,single depot (Silchar centre),8
nearest_first_post,mild_14,mild,8,0.0,1516.9840000000002,1516.9840000000002,12096.884000000002,12096.884000000002,1.0,12096.884000000002,12096.884000000002,0.0,104.36712013375875,240.0,37,1,0,3,0.0,single depot (Silchar centre),8
access_opt,mild_14,mild,8,0.0,1516.9840000000002,1516.9840000000002,12096.884000000002,12096.884000000002,1.0,12096.884000000002,12096.884000000002,0.0,104.36712013375875,240.0,37,1,0,3,0.0,single depot (Silchar centre),8
none,mild_15,mild,8,12251.624000000002,1829.7160000000003,14081.340000000002,12251.624000000002,12251.624000000002,0.0,0.0,0.0,0.0,0.0,240.0,0,1,34,3,0.7001834153173679,single depot (Silchar centre),8
proportional,mild_15,mild,8,1928.0874704060257,1829.7160000000003,3757.803470406026,12251.624000000002,12251.624000000002,0.8426259677569254,32446.060000000016,10323.536529593974,0.6818246489837605,222.06539689899176,240.0,71,1,10,3,0.9063465025916385,single depot (Silchar centre),8
nearest_first,mild_15,mild,8,3409.163999999999,1829.7160000000003,5238.879999999999,12251.624000000002,12251.624000000002,0.7217377875782021,10055.348000000002,8842.460000000003,0.12062118586049919,109.02113189224899,240.0,37,1,14,3,0.8912136981547917,single depot (Silchar centre),8
nearest_first_post,mild_15,mild,8,0.0,1829.7160000000003,1829.7160000000003,12251.624000000002,12251.624000000002,1.0,12251.624000000002,12251.624000000002,0.0,96.77789397155836,240.0,34,1,0,3,0.0,single depot (Silchar centre),8
access_opt,mild_15,mild,8,0.0,1829.7160000000003,1829.7160000000003,12251.624000000002,12251.624000000002,1.0,12251.624000000002,12251.624000000002,0.0,96.77789397155836,240.0,34,1,0,3,0.0,single depot (Silchar centre),8
none,mild_16,mild,8,12073.636,1410.3600000000001,13483.996000000001,12073.636,12073.636,0.0,0.0,0.0,0.0,0.0,240.0,0,1,35,1,0.70289679061892,single depot (Silchar centre),8
proportional,mild_16,mild,8,1946.5102340356796,1410.3600000000001,3356.8702340356795,12073.636,12073.636,0.8387801127981928,32446.060000000012,10127.12576596432,0.6878781039681146,230.15249874132414,240.0,74,1,9,1,0.9135874455370906,single depot (Silchar centre),8
nearest_first,mild_16,mild,8,3101.1639999999993,1410.3600000000001,4511.523999999999,12073.636,12073.636,0.7431458095970428,10430.932000000003,8972.472000000003,0.13982067949441135,113.7424690113822,240.0,39,1,14,1,0.8965766161719328,single depot (Silchar centre),8
nearest_first_post,mild_16,mild,8,0.0,1410.3600000000001,1410.3600000000001,12073.636,12073.636,1.0,12073.636,12073.636,0.0,99.40594839197347,240.0,35,1,0,1,0.0,single depot (Silchar centre),8
access_opt,mild_16,mild,8,0.0,1410.3600000000001,1410.3600000000001,12073.636,12073.636,1.0,12073.636,12073.636,0.0,99.40594839197347,240.0,35,1,0,1,0.0,single depot (Silchar centre),8
none,mild_17,mild,8,11578.072000000002,980.8679999999999,12558.940000000002,11578.072000000002,11578.072000000002,0.0,0.0,0.0,0.0,0.0,240.0,0,1,37,0,0.7018341040537851,single depot (Silchar centre),8
proportional,mild_17,mild,8,1960.382974163782,980.8679999999999,2941.250974163782,11578.072000000002,11578.072000000002,0.8306813971994835,32446.060000000012,9617.689025836222,0.7035791394752948,234.66809688884186,240.0,76,1,9,0,0.9170007357854342,single depot (Silchar centre),8
nearest_first,mild_17,mild,8,2355.5799999999995,980.8679999999999,3336.4479999999994,11578.072000000002,11578.072000000002,0.7965481644957814,10557.124000000002,9222.492000000002,0.12642003636596477,116.61035805444938,240.0,40,1,9,0,0.9394166724529251,single depot (Silchar centre),8
nearest_first_post,mild_17,mild,8,0.0,980.8679999999999,980.8679999999999,11578.072000000002,11578.072000000002,1.0,11578.072000000002,11578.072000000002,0.0,104.36712013375875,240.0,37,1,0,0,0.0,single depot (Silchar centre),8
access_opt,mild_17,mild,8,0.0,980.8679999999999,980.8679999999999,11578.072000000002,11578.072000000002,1.0,11578.072000000002,11578.072000000002,0.0,104.36712013375875,240.0,37,1,0,0,0.0,single depot (Silchar centre),8
none,mild_18,mild,8,10763.320000000003,528.808,11292.128000000004,10763.320000000003,10763.320000000002,0.0,0.0,0.0,0.0,0.0,240.0,0,1,37,1,0.6873774455627003,single depot (Silchar centre),8
proportional,mild_18,mild,8,1252.5411878016646,528.808,1781.3491878016646,10763.320000000003,10763.320000000002,0.8836287327886134,32446.060000000005,9510.77881219834,0.706874153219271,218.5052601680907,240.0,75,1,7,1,0.9298438054048607,single depot (Silchar centre),8
nearest_first,mild_18,mild,8,1398.6799999999998,528.808,1927.4879999999998,10763.320000000003,10763.320000000002,0.8700512481279012,10430.932000000003,9364.640000000001,0.10222403904080679,106.30790885601105,240.0,39,1,10,1,0.9295362869067113,single depot (Silchar centre),8
nearest_first_post,mild_18,mild,8,0.0,528.808,528.808,10763.320000000003,10763.320000000002,1.0000000000000002,10763.320000000003,10763.320000000003,0.0,98.06970772743449,240.0,37,1,0,1,0.0,single depot (Silchar centre),8
access_opt,mild_18,mild,8,0.0,528.808,528.808,10763.320000000003,10763.320000000002,1.0000000000000002,10763.320000000003,10763.320000000003,0.0,98.06970772743449,240.0,37,1,0,1,0.0,single depot (Silchar centre),8
none,mild_19,mild,8,12271.244000000002,2314.508,14585.752000000002,12271.244000000002,11780.840000000002,0.0,0.0,0.0,0.0,0.0,240.0,0,1,34,8,0.6846339607923942,single depot (Silchar centre),8
proportional,mild_19,mild,8,2235.3753430864645,2314.508,4549.883343086464,12271.244000000002,11780.840000000002,0.8518805668283024,32446.06000000001,10035.868656913537,0.6906906830316675,208.37822978864276,240.0,67,1,8,8,0.9178688239485229,single depot (Silchar centre),8
nearest_first,mild_19,mild,8,4291.652,2314.508,6606.16,12271.244000000002,11780.840000000002,0.6773364208324705,9795.104000000001,7979.5920000000015,0.18534892534065994,103.9690700713489,240.0,36,1,16,8,0.8719456564706994,single depot (Silchar centre),8
nearest_first_post,mild_19,mild,8,490.404,2314.508,2804.912,12271.244000000002,11780.840000000002,1.0,11780.840000000002,11780.840000000002,0.0,93.07301753743141,240.0,33,1,1,8,0.9855072463768116,single depot (Silchar centre),8
access_opt,mild_19,mild,8,490.404,2314.508,2804.912,12271.244000000002,11780.840000000002,1.0,11780.840000000002,11780.840000000002,0.0,93.07301753743141,240.0,33,1,1,8,0.9855072463768116,single depot (Silchar centre),8
none,moderate_00,moderate,8,12176.336000000001,9577.456,21753.792,12176.336000000003,3283.008,5.540618248709283e-16,0.0,0.0,0.0,0.0,240.0,0,1,31,50,0.6690057914701346,single depot (Silchar centre),8
proportional,moderate_00,moderate,8,8893.328,9577.456,18470.784,12176.336000000003,3283.008,1.000000000000001,27189.365123636795,3283.008,0.8792539662080616,27.511907050020486,240.0,17,1,19,50,0.7716485001459191,single depot (Silchar centre),8
nearest_first,moderate_00,moderate,8,9540.504,9577.456,19117.96,12176.336000000003,3283.008,0.8028710255960395,3002.7,2635.8319999999994,0.12217937189862471,16.352061420337385,240.0,11,1,25,50,0.7413330768547364,single depot (Silchar centre),8
nearest_first_post,moderate_00,moderate,8,8893.328,9577.456,18470.784,12176.336000000003,3283.008,1.000000000000001,3283.008,3283.008,0.0,18.427491846030843,240.0,12,1,19,50,0.7716485001459191,single depot (Silchar centre),8
access_opt,moderate_00,moderate,8,8893.328,9577.456,18470.784,12176.336000000003,3283.008,1.000000000000001,3283.008,3283.008,0.0,18.427491846030843,240.0,12,1,19,50,0.7716485001459191,single depot (Silchar centre),8
none,moderate_01,moderate,8,12790.368000000002,10449.936,23240.304000000004,12790.368,2968.6480000000006,-6.127332723670358e-16,0.0,0.0,0.0,0.0,240.0,0,1,30,51,0.6707310211804433,single depot (Silchar centre),8
proportional,moderate_01,moderate,8,9928.92,10449.936,20378.856,12790.368,2968.6480000000006,0.9638892856276661,25244.389328333804,2861.4480000000003,0.8866501398475752,24.509985555173934,240.0,15,1,19,51,0.7606943777288021,single depot (Silchar centre),8
nearest_first,moderate_01,moderate,8,10709.712,10449.936,21159.648,12790.368,2968.6480000000006,0.70087662801383,2823.928,2080.656,0.26320501089262893,14.19009351163409,240.0,10,1,25,51,0.7178807015359158,single depot (Silchar centre),8
nearest_first_post,moderate_01,moderate,8,9821.72,10449.936,20271.656,12790.368,2968.6480000000006,1.0000000000000002,2968.648,2968.648,0.0,17.04286977205269,240.0,12,1,18,51,0.7716640251813589,single depot (Silchar centre),8
access_opt,moderate_01,moderate,8,9821.72,10449.936,20271.656,12790.368,2968.6480000000006,1.0000000000000002,2968.648,2968.648,0.0,17.04286977205269,240.0,12,1,18,51,0.7716640251813589,single depot (Silchar centre),8
none,moderate_02,moderate,8,12728.044,10126.088,22854.131999999998,12728.044000000002,2954.1400000000003,6.157424507795353e-16,0.0,0.0,0.0,0.0,240.0,0,1,31,52,0.6825110029665256,single depot (Silchar centre),8
proportional,moderate_02,moderate,8,9773.904,10126.088,19899.992,12728.044000000002,2954.1400000000003,1.0000000000000002,26991.089021043004,2954.1400000000003,0.8905512853632223,27.44322184003527,240.0,17,1,19,52,0.7821612182290613,single depot (Silchar centre),8
nearest_first,moderate_02,moderate,8,10380.480000000001,10126.088,20506.568,12728.044000000002,2954.1400000000003,0.7946691761392487,2955.232,2347.5640000000003,0.20562446535500412,16.283376210352166,240.0,11,1,24,52,0.7535817602649167,single depot (Silchar centre),8
nearest_first_post,moderate_02,moderate,8,9773.904,10126.088,19899.992,12728.044000000002,2954.1400000000003,1.0000000000000002,2954.1400000000003,2954.1400000000003,0.0,18.358806636045628,240.0,12,1,19,52,0.7821612182290613,single depot (Silchar centre),8
access_opt,moderate_02,moderate,8,9773.904,10126.088,19899.992,12728.044000000002,2954.1400000000003,1.0000000000000002,2954.1400000000003,2954.1400000000003,0.0,18.358806636045628,240.0,12,1,19,52,0.7821612182290613,single depot (Silchar centre),8
none,moderate_03,moderate,8,10921.796,7740.4039999999995,18662.2,10921.796000000002,5921.776000000001,3.0716957270012513e-16,0.0,0.0,0.0,0.0,240.0,0,1,29,48,0.706348799406086,single depot (Silchar centre),8
proportional,moderate_03,moderate,8,5000.02,7740.4039999999995,12740.423999999999,10921.796000000002,5921.776000000001,1.0000000000000002,30559.858398551693,5921.775999999999,0.8062237094566954,46.56705793338381,240.0,25,1,16,48,0.8236887783126816,single depot (Silchar centre),8
nearest_first,moderate_03,moderate,8,6925.152,7740.4039999999995,14665.556,10921.796000000002,5921.776000000001,0.674906311890217,5151.124,3996.6440000000002,0.22412195862495243,26.99954364156373,240.0,16,1,23,48,0.7726086567135002,single depot (Silchar centre),8
nearest_first_post,moderate_03,moderate,8,5000.02,7740.4039999999995,12740.423999999999,10921.796000000002,5921.776000000001,1.0000000000000002,5921.775999999999,5921.775999999999,0.0,22.012585423350476,240.0,13,1,16,48,0.8236887783126816,single depot (Silchar centre),8
access_opt,moderate_03,moderate,8,5000.02,7740.4039999999995,12740.423999999999,10921.796000000002,5921.776000000001,1.0000000000000002,5921.775999999999,5921.775999999999,0.0,22.012585423350476,240.0,13,1,16,48,0.8236887783126816,single depot (Silchar centre),8
none,moderate_04,moderate,8,11142.488,12875.996000000001,24018.484,11142.488000000001,2219.772,8.194487557937737e-16,0.0,0.0,0.0,0.0,240.0,0,1,27,51,0.7002600431599465,single depot (Silchar centre),8
proportional,moderate_04,moderate,8,8922.716,12875.996000000001,21798.712,11142.488000000001,2219.772,1.0000000000000004,26013.94728346637,2219.772,0.914669927796355,25.86528085221326,240.0,16,1,16,51,0.7935009678579555,single depot (Silchar centre),8
nearest_first,moderate_04,moderate,8,9352.864,12875.996000000001,22228.86,11142.488000000001,2219.772,0.8062197378829905,2823.928,1789.624,0.3662642956902583,14.705435222530156,240.0,10,1,21,51,0.7594396619241631,single depot (Silchar centre),8
nearest_first_post,moderate_04,moderate,8,8922.716,12875.996000000001,21798.712,11142.488000000001,2219.772,1.0000000000000004,2219.772,2219.772,0.0,16.780865648223617,240.0,11,1,16,51,0.7935009678579555,single depot (Silchar centre),8
access_opt,moderate_04,moderate,8,8922.716,12875.996000000001,21798.712,11142.488000000001,2219.772,1.0000000000000004,2219.772,2219.772,0.0,16.780865648223617,240.0,11,1,16,51,0.7935009678579555,single depot (Silchar centre),8
none,moderate_05,moderate,8,10897.560000000001,7609.364000000001,18506.924000000003,10897.56,6280.548000000001,-2.896227213844805e-16,0.0,0.0,0.0,0.0,240.0,0,1,30,49,0.703457091963436,single depot (Silchar centre),8
proportional,moderate_05,moderate,8,4617.012,7609.364000000001,12226.376,10897.56,6280.548000000001,0.9999999999999999,30567.036848826425,6280.548000000001,0.7945319976201379,45.3828191827033,240.0,25,1,18,49,0.8059585794766796,single depot (Silchar centre),8
nearest_first,moderate_05,moderate,8,6985.58,7609.364000000001,14594.944000000001,10897.56,6280.548000000001,0.6228723990326958,5282.428,3911.9800000000005,0.25943524455042255,29.092826340281807,240.0,17,1,25,49,0.7539765646335709,single depot (Silchar centre),8
nearest_first_post,moderate_05,moderate,8,4617.012,7609.364000000001,12226.376,10897.56,6280.548000000001,0.9999999999999999,6280.548000000001,6280.548000000001,0.0,19.850617514647183,240.0,12,1,18,49,0.8059585794766796,single depot (Silchar centre),8
access_opt,moderate_05,moderate,8,4617.012,7609.364000000001,12226.376,10897.56,6280.548000000001,0.9999999999999999,6280.548000000001,6280.548000000001,0.0,19.850617514647183,240.0,12,1,18,49,0.8059585794766796,single depot (Silchar centre),8
none,moderate_06,moderate,8,13342.320000000002,8821.036,22163.356,13342.320000000002,3297.9800000000005,0.0,0.0,0.0,0.0,0.0,240.0,0,1,31,51,0.6762110554959969,single depot (Silchar centre),8
proportional,moderate_06,moderate,8,10044.34,8821.036,18865.376,13342.320000000002,3297.9800000000005,1.0000000000000002,27462.20245824113,3297.9800000000005,0.8799083939092325,30.657472161265847,240.0,18,1,19,51,0.783276563811173,single depot (Silchar centre),8
nearest_first,moderate_06,moderate,8,10687.520000000002,8821.036,19508.556000000004,13342.320000000002,3297.9800000000005,0.8049775923444045,3029.34,2654.8,0.123637491994956,19.497626531582743,240.0,12,1,24,51,0.7550497358397997,single depot (Silchar centre),8
nearest_first_post,moderate_06,moderate,8,10044.34,8821.036,18865.376,13342.320000000002,3297.9800000000005,1.0000000000000002,3297.9800000000005,3297.9800000000005,0.0,18.742939206320916,240.0,12,1,19,51,0.783276563811173,single depot (Silchar centre),8
access_opt,moderate_06,moderate,8,10044.34,8821.036,18865.376,13342.320000000002,3297.9800000000005,1.0000000000000002,3297.9800000000005,3297.9800000000005,0.0,18.742939206320916,240.0,12,1,19,51,0.783276563811173,single depot (Silchar centre),8
none,moderate_07,moderate,8,9327.624,15267.644,24595.268,9327.624000000002,2057.464,8.840929433253056e-16,0.0,0.0,0.0,0.0,240.0,0,1,28,54,0.7088630842096263,single depot (Silchar centre),8
proportional,moderate_07,moderate,8,7377.360000000001,15267.644,22645.004,9327.624000000002,2057.464,0.9478970227425613,22443.079270398037,1950.2640000000001,0.9131017639556993,17.798296208397613,240.0,12,1,18,54,0.7877155250085579,single depot (Silchar centre),8
nearest_first,moderate_07,moderate,8,7682.495999999999,15267.644,22950.14,9327.624000000002,2057.464,0.7995901750893345,2072.2120000000004,1645.128,0.20610053411523555,12.720944910743778,240.0,9,1,22,54,0.7664277439377526,single depot (Silchar centre),8
nearest_first_post,moderate_07,moderate,8,7270.16,15267.644,22537.804,9327.624000000002,2057.464,1.0000000000000009,2057.464,2057.464,0.0,16.328408496424203,240.0,11,1,17,54,0.7992255077786606,single depot (Silchar centre),8
access_opt,moderate_07,moderate,8,7270.16,15267.644,22537.804,9327.624000000002,2057.464,1.0000000000000009,2057.464,2057.464,0.0,16.328408496424203,240.0,11,1,17,54,0.7992255077786606,single depot (Silchar centre),8
none,moderate_08,moderate,8,10482.332000000002,10316.768,20799.100000000002,10482.332,3005.9280000000003,-6.051340562867296e-16,0.0,0.0,0.0,0.0,240.0,0,1,32,59,0.7111361948917453,single depot (Silchar centre),8
proportional,moderate_08,moderate,8,7583.604000000001,10316.768,17900.372000000003,10482.332,3005.9280000000003,0.964337136484972,26302.48559569917,2898.728,0.8897926209500906,26.603268253892008,240.0,16,1,20,59,0.7977107787804723,single depot (Silchar centre),8
nearest_first,moderate_08,moderate,8,8275.216000000002,10316.768,18591.984000000004,10482.332,3005.9280000000003,0.7342544465469558,2955.232,2207.116,0.25314966811404316,16.283376210352166,240.0,11,1,26,59,0.7617838724498553,single depot (Silchar centre),8
nearest_first_post,moderate_08,moderate,8,7476.404,10316.768,17793.172,10482.332,3005.9280000000003,0.9999999999999999,3005.9280000000003,3005.9280000000003,0.0,19.136152470770767,240.0,13,1,19,59,0.8080930981046529,single depot (Silchar centre),8
access_opt,moderate_08,moderate,8,7476.404,10316.768,17793.172,10482.332,3005.9280000000003,0.9999999999999999,3005.9280000000003,3005.9280000000003,0.0,19.136152470770767,240.0,13,1,19,59,0.8080930981046529,single depot (Silchar centre),8
none,moderate_09,moderate,8,12476.36,6412.868,18889.228000000003,12476.36,11849.732000000002,0.0,0.0,0.0,0.0,0.0,240.0,0,1,30,15,0.7003792297105196,single depot (Silchar centre),8
proportional,moderate_09,moderate,8,3028.2328670024554,6412.868,9441.100867002457,12476.36,11849.732000000002,0.7973283389866999,30475.467366581786,9448.127132997546,0.6899759724978658,232.9923277881129,240.0,54,1,12,15,0.8968482671082307,single depot (Silchar centre),8
nearest_first,moderate_09,moderate,8,5638.444,6412.868,12051.312000000002,12476.36,11849.732000000002,0.5770523755305182,9790.920000000002,6837.916,0.30160638632528924,153.52380554107867,240.0,35,1,16,15,0.8396664603913062,single depot (Silchar centre),8
nearest_first_post,moderate_09,moderate,8,626.628,6412.868,7039.496,12476.36,11849.732000000002,0.9999999999999999,11849.732000000002,11849.732000000002,0.0,123.61000644707627,240.0,28,1,2,15,0.9702292311817702,single depot (Silchar centre),8
access_opt,moderate_09,moderate,8,626.628,6412.868,7039.496,12476.36,11849.732000000002,0.9999999999999999,11849.732000000002,11849.732000000002,0.0,123.61000644707627,240.0,28,1,2,15,0.9702292311817702,single depot (Silchar centre),8
none,moderate_10,moderate,8,13349.42,8667.372,22016.792,13349.42,3461.1800000000003,0.0,0.0,0.0,0.0,0.0,240.0,0,1,32,54,0.6630467354734156,single depot (Silchar centre),8
proportional,moderate_10,moderate,8,9995.439999999999,8667.372,18662.811999999998,13349.42,3461.1800000000003,0.9690279037784805,26810.961937470474,3353.9800000000005,0.8749026607914226,29.817518575122584,240.0,17,1,20,54,0.7614834486696109,single depot (Silchar centre),8
nearest_first,moderate_10,moderate,8,10694.62,8667.372,19361.992,13349.42,3461.1800000000003,0.767021651575474,3029.34,2654.8,0.123637491994956,19.497626531582743,240.0,12,1,25,54,0.7324250012527632,single depot (Silchar centre),8
nearest_first_post,moderate_10,moderate,8,9888.239999999998,8667.372,18555.611999999997,13349.42,3461.1800000000003,1.0000000000000004,3461.1800000000003,3461.1800000000003,0.0,19.520285041046055,240.0,13,1,19,54,0.7719044274515782,single depot (Silchar centre),8
access_opt,moderate_10,moderate,8,9888.239999999998,8667.372,18555.611999999997,13349.42,3461.1800000000003,1.0000000000000004,3461.1800000000003,3461.1800000000003,0.0,19.520285041046055,240.0,13,1,19,54,0.7719044274515782,single depot (Silchar centre),8
none,moderate_11,moderate,8,13676.024000000001,10757.908,24433.932,13676.024000000003,2860.8600000000006,6.358190906041736e-16,0.0,0.0,0.0,0.0,240.0,0,1,30,51,0.6646801783842463,single depot (Silchar centre),8
proportional,moderate_11,moderate,8,10815.164,10757.908,21573.072,13676.024000000003,2860.8600000000006,1.0000000000000007,26013.94728346637,2860.8600000000006,0.8900259169119532,25.349939141317194,240.0,16,1,19,51,0.7685108983671869,single depot (Silchar centre),8
nearest_first,moderate_11,moderate,8,11454.920000000002,10757.908,22212.828,13676.024000000003,2860.8600000000006,0.7763763343889603,2823.928,2221.1040000000003,0.21347003181384216,14.19009351163409,240.0,10,1,24,51,0.7347831755291964,single depot (Silchar centre),8
nearest_first_post,moderate_11,moderate,8,10815.164,10757.908,21573.072,13676.024000000003,2860.8600000000006,1.0000000000000007,2860.8600000000006,2860.8600000000006,0.0,16.26552393732755,240.0,11,1,19,51,0.7685108983671869,single depot (Silchar centre),8
access_opt,moderate_11,moderate,8,10815.164,10757.908,21573.072,13676.024000000003,2860.8600000000006,1.0000000000000007,2860.8600000000006,2860.8600000000006,0.0,16.26552393732755,240.0,11,1,19,51,0.7685108983671869,single depot (Silchar centre),8
none,moderate_12,moderate,8,11957.860000000002,8740.648,20698.508,11957.86,3461.1800000000003,-5.255402503036122e-16,0.0,0.0,0.0,0.0,240.0,0,1,33,55,0.6762247175481619,single depot (Silchar centre),8
proportional,moderate_12,moderate,8,8603.88,8740.648,17344.528,11957.86,3461.1800000000003,0.9690279037784805,26810.961937470474,3353.9800000000005,0.8749026607914226,29.817518575122584,240.0,17,1,21,55,0.773534285119756,single depot (Silchar centre),8
nearest_first,moderate_12,moderate,8,9303.06,8740.648,18043.708,11957.86,3461.1800000000003,0.7670216515754745,3029.34,2654.8,0.123637491994956,19.497626531582743,240.0,12,1,26,55,0.7430813312930045,single depot (Silchar centre),8
nearest_first_post,moderate_12,moderate,8,8496.68,8740.648,17237.328,11957.86,3461.1800000000003,1.0,3461.1800000000003,3461.1800000000003,0.0,19.520285041046055,240.0,13,1,20,55,0.7846078334685215,single depot (Silchar centre),8
access_opt,moderate_12,moderate,8,8496.68,8740.648,17237.328,11957.86,3461.1800000000003,1.0,3461.1800000000003,3461.1800000000003,0.0,19.520285041046055,240.0,13,1,20,55,0.7846078334685215,single depot (Silchar centre),8
none,moderate_13,moderate,8,11868.396,12142.844000000001,24011.24,11868.396,2567.5200000000004,0.0,0.0,0.0,0.0,0.0,240.0,0,1,29,53,0.6976131338615416,single depot (Silchar centre),8
proportional,moderate_13,moderate,8,9408.076000000001,12142.844000000001,21550.920000000002,11868.396,2567.5200000000004,0.9582476475353646,25244.389328333804,2460.32,0.9025399280608232,25.02532726607,240.0,15,1,18,53,0.791422194366852,single depot (Silchar centre),8
nearest_first,moderate_13,moderate,8,10048.756,12142.844000000001,22191.6,11868.396,2567.5200000000004,0.7087150246151932,2823.928,1819.64,0.35563512950755116,14.705435222530156,240.0,10,1,24,53,0.7518142657380996,single depot (Silchar centre),8
nearest_first_post,moderate_13,moderate,8,9300.876,12142.844000000001,21443.72,11868.396,2567.5200000000004,1.0,2567.52,2567.52,0.0,17.558211482948753,240.0,12,1,17,53,0.8020367017949358,single depot (Silchar centre),8
access_opt,moderate_13,moderate,8,9300.876,12142.844000000001,21443.72,11868.396,2567.5200000000004,1.0,2567.52,2567.52,0.0,17.558211482948753,240.0,12,1,17,53,0.8020367017949358,single depot (Silchar centre),8
none,moderate_14,moderate,8,13130.58,9182.852,22313.432,13130.58,3358.3360000000002,0.0,0.0,0.0,0.0,0.0,240.0,0,1,31,54,0.661725632231122,single depot (Silchar centre),8
proportional,moderate_14,moderate,8,9772.243999999999,9182.852,18955.095999999998,13130.58,3358.3360000000002,1.0000000000000002,26013.94728346637,3358.3360000000002,0.8709024830639812,25.349939141317194,240.0,16,1,20,54,0.7577959897342005,single depot (Silchar centre),8
nearest_first,moderate_14,moderate,8,10579.411999999998,9182.852,19762.264,13130.58,3358.3360000000002,0.7596523992834551,2823.928,2551.1679999999997,0.09658886487190899,14.19009351163409,240.0,10,1,26,54,0.720476559610618,single depot (Silchar centre),8
nearest_first_post,moderate_14,moderate,8,9772.243999999999,9182.852,18955.095999999998,13130.58,3358.3360000000002,1.0000000000000002,3358.3360000000002,3358.3360000000002,0.0,16.26552393732755,240.0,11,1,20,54,0.7577959897342005,single depot (Silchar centre),8
access_opt,moderate_14,moderate,8,9772.243999999999,9182.852,18955.095999999998,13130.58,3358.3360000000002,1.0000000000000002,3358.3360000000002,3358.3360000000002,0.0,16.26552393732755,240.0,11,1,20,54,0.7577959897342005,single depot (Silchar centre),8
none,moderate_15,moderate,8,10175.612000000001,15775.984,25951.596,10175.612,1917.7720000000002,-9.484909590638806e-16,0.0,0.0,0.0,0.0,240.0,0,1,27,53,0.6949958814012993,single depot (Silchar centre),8
proportional,moderate_15,moderate,8,8365.04,15775.984,24141.024,10175.612,1917.7720000000002,0.9441018014654495,22443.079270398037,1810.5720000000001,0.9193260435350283,17.798296208397613,240.0,12,1,17,53,0.7785044448028371,single depot (Silchar centre),8
nearest_first,moderate_15,moderate,8,8580.912,15775.984,24356.896,10175.612,1917.7720000000002,0.8315378470433392,2072.2120000000004,1594.7,0.23043588204295717,12.720944910743778,240.0,9,1,21,53,0.7592495155636708,single depot (Silchar centre),8
nearest_first_post,moderate_15,moderate,8,8257.84,15775.984,24033.824,10175.612,1917.7720000000002,0.9999999999999994,1917.772,1917.772,0.0,16.328408496424203,240.0,11,1,16,53,0.7902751531631744,single depot (Silchar centre),8
access_opt,moderate_15,moderate,8,8257.84,15775.984,24033.824,10175.612,1917.7720000000002,0.9999999999999994,1917.772,1917.772,0.0,16.328408496424203,240.0,11,1,16,53,0.7902751531631744,single depot (Silchar centre),8
none,moderate_16,moderate,8,12197.064,11523.12,23720.184,12197.064000000002,2898.728,6.275129655303486e-16,0.0,0.0,0.0,0.0,240.0,0,1,29,54,0.7148529979097523,single depot (Silchar centre),8
proportional,moderate_16,moderate,8,9298.336,11523.12,20821.456,12197.064000000002,2898.728,1.0000000000000009,26991.089021043004,2898.728,0.8926042592153258,27.44322184003527,240.0,17,1,17,54,0.8053653096846219,single depot (Silchar centre),8
nearest_first,moderate_16,moderate,8,9989.948,11523.12,21513.068,12197.064000000002,2898.728,0.7614084522590604,2955.232,2207.116,0.25314966811404316,16.283376210352166,240.0,11,1,23,54,0.7712694264258133,single depot (Silchar centre),8
nearest_first_post,moderate_16,moderate,8,9298.336,11523.12,20821.456,12197.064000000002,2898.728,1.0000000000000009,2898.728,2898.728,0.0,18.358806636045628,240.0,12,1,17,54,0.8053653096846219,single depot (Silchar centre),8
access_opt,moderate_16,moderate,8,9298.336,11523.12,20821.456,12197.064000000002,2898.728,1.0000000000000009,2898.728,2898.728,0.0,18.358806636045628,240.0,12,1,17,54,0.8053653096846219,single depot (Silchar centre),8
none,moderate_17,moderate,8,12013.084000000003,8862.588,20875.672000000002,12013.084,3213.3160000000003,-5.660785940585539e-16,0.0,0.0,0.0,0.0,240.0,0,1,31,53,0.6870659034461859,single depot (Silchar centre),8
proportional,moderate_17,moderate,8,8799.768,8862.588,17662.356,12013.084,3213.3160000000003,1.0000000000000002,28295.294097740745,3213.3160000000003,0.8864363809437638,32.75075485998393,240.0,19,1,20,53,0.7794435358620153,single depot (Silchar centre),8
nearest_first,moderate_17,moderate,8,9442.948,8862.588,18305.536,12013.084,3213.3160000000003,0.7998391692569297,3160.6440000000002,2570.1360000000004,0.18683154445739536,21.59090923030082,240.0,13,1,25,53,0.7510867159486604,single depot (Silchar centre),8
nearest_first_post,moderate_17,moderate,8,8799.768,8862.588,17662.356,12013.084,3213.3160000000003,1.0000000000000002,3213.3160000000003,3213.3160000000003,0.0,16.580971297617623,240.0,11,1,20,53,0.7794435358620153,single depot (Silchar centre),8
access_opt,moderate_17,moderate,8,8799.768,8862.588,17662.356,12013.084,3213.3160000000003,1.0000000000000002,3213.3160000000003,3213.3160000000003,0.0,16.580971297617623,240.0,11,1,20,53,0.7794435358620153,single depot (Silchar centre),8
none,moderate_18,moderate,8,11448.456,10253.628,21702.084000000003,11448.456,3024.0600000000004,0.0,0.0,0.0,0.0,0.0,240.0,0,1,30,53,0.6859598188958302,single depot (Silchar centre),8
proportional,moderate_18,moderate,8,8531.596,10253.628,18785.224000000002,11448.456,3024.0600000000004,0.964550967904076,25244.389328333804,2916.8600000000006,0.8844551174495564,24.509985555173934,240.0,15,1,19,53,0.7805452128780267,single depot (Silchar centre),8
nearest_first,moderate_18,moderate,8,9227.352,10253.628,19480.980000000003,11448.456,3024.0600000000004,0.7344774905259813,2823.928,2221.1040000000003,0.21347003181384216,14.19009351163409,240.0,10,1,24,53,0.7462250126910754,single depot (Silchar centre),8
nearest_first_post,moderate_18,moderate,8,8424.396,10253.628,18678.024,11448.456,3024.0600000000004,0.9999999999999997,3024.0600000000004,3024.0600000000004,0.0,17.04286977205269,240.0,12,1,18,53,0.7913803367254622,single depot (Silchar centre),8
access_opt,moderate_18,moderate,8,8424.396,10253.628,18678.024,11448.456,3024.0600000000004,0.9999999999999997,3024.0600000000004,3024.0600000000004,0.0,17.04286977205269,240.0,12,1,18,53,0.7913803367254622,single depot (Silchar centre),8
none,moderate_19,moderate,8,11922.552000000001,8542.464,20465.016000000003,11922.552,3269.3160000000003,-5.563822535190408e-16,0.0,0.0,0.0,0.0,240.0,0,1,29,54,0.7082626582242926,single depot (Silchar centre),8
proportional,moderate_19,moderate,8,8653.236,8542.464,17195.7,11922.552,3269.3160000000003,0.9999999999999996,28295.294097740745,3269.3160000000003,0.8844572532553729,32.75075485998393,240.0,19,1,18,54,0.8019151956839911,single depot (Silchar centre),8
nearest_first,moderate_19,moderate,8,9352.416000000001,8542.464,17894.88,11922.552,3269.3160000000003,0.7861387519591249,3160.6440000000002,2570.1360000000004,0.18683154445739536,21.59090923030082,240.0,13,1,23,54,0.7740222795542158,single depot (Silchar centre),8
nearest_first_post,moderate_19,moderate,8,8653.236,8542.464,17195.7,11922.552,3269.3160000000003,0.9999999999999996,3269.3160000000003,3269.3160000000003,0.0,16.580971297617623,240.0,11,1,18,54,0.8019151956839911,single depot (Silchar centre),8
access_opt,moderate_19,moderate,8,8653.236,8542.464,17195.7,11922.552,3269.3160000000003,0.9999999999999996,3269.3160000000003,3269.3160000000003,0.0,16.580971297617623,240.0,11,1,18,54,0.8019151956839911,single depot (Silchar centre),8
none,severe_00,severe,8,6763.052,22393.616,29156.668,6763.0520000000015,0.0,,0.0,0.0,0.0,0.0,240.0,0,1,22,71,0.7224989648476964,single depot (Silchar centre),8
proportional,severe_00,severe,8,6763.052,22393.616,29156.668,6763.0520000000015,0.0,,0.0,0.0,0.0,0.0,240.0,0,1,22,71,0.7224989648476964,single depot (Silchar centre),8
nearest_first,severe_00,severe,8,6763.052,22393.616,29156.668,6763.0520000000015,0.0,,0.0,0.0,0.0,0.0,240.0,0,1,22,71,0.7224989648476964,single depot (Silchar centre),8
nearest_first_post,severe_00,severe,8,6763.052,22393.616,29156.668,6763.0520000000015,0.0,,0.0,0.0,0.0,0.0,240.0,0,1,22,71,0.7224989648476964,single depot (Silchar centre),8
access_opt,severe_00,severe,8,6763.052,22393.616,29156.668,6763.0520000000015,0.0,,0.0,0.0,0.0,0.0,240.0,0,1,22,71,0.7224989648476964,single depot (Silchar centre),8
none,severe_01,severe,8,8592.872000000001,18686.836000000003,27279.708000000006,8592.872000000001,1578.08,0.0,0.0,0.0,0.0,0.0,240.0,0,1,24,54,0.7351469112229143,single depot (Silchar centre),8
proportional,severe_01,severe,8,7014.7919999999995,18686.836000000003,25701.628000000004,8592.872000000001,1578.08,1.000000000000001,23649.698618194245,1578.0800000000002,0.9332727226051859,18.638249794540876,240.0,13,1,15,54,0.8141839830447405,single depot (Silchar centre),8
nearest_first,severe_01,severe,8,7196.280000000001,18686.836000000003,25883.116,8592.872000000001,1578.08,0.8849944236033666,2072.2120000000004,1396.592,0.3260380694639352,12.720944910743778,240.0,9,1,18,54,0.7973113600759782,single depot (Silchar centre),8
nearest_first_post,severe_01,severe,8,7014.7919999999995,18686.836000000003,25701.628000000004,8592.872000000001,1578.08,1.000000000000001,1578.0800000000002,1578.0800000000002,0.0,14.789140974765976,240.0,9,1,15,54,0.8141839830447405,single depot (Silchar centre),8
access_opt,severe_01,severe,8,7014.7919999999995,18686.836000000003,25701.628000000004,8592.872000000001,1578.08,1.000000000000001,1578.0800000000002,1578.0800000000002,0.0,14.789140974765976,240.0,9,1,15,54,0.8141839830447405,single depot (Silchar centre),8
none,severe_02,severe,8,9780.096,16756.852000000003,26536.948000000004,9780.096,1604.56,0.0,0.0,0.0,0.0,0.0,240.0,0,1,24,52,0.7033774517494596,single depot (Silchar centre),8
proportional,severe_02,severe,8,8175.536,16756.852000000003,24932.388000000003,9780.096,1604.56,0.9999999999999997,21896.13099445961,1604.56,0.9267194738464981,16.5449670958228,240.0,12,1,16,52,0.7833077023907133,single depot (Silchar centre),8
nearest_first,severe_02,severe,8,8446.204,16756.852000000003,25203.056000000004,9780.096,1604.56,0.8313132572169316,1940.9080000000001,1333.892,0.31274846618180774,10.627662212025701,240.0,8,1,19,52,0.7596990380675551,single depot (Silchar centre),8
nearest_first_post,severe_02,severe,8,8175.536,16756.852000000003,24932.388000000003,9780.096,1604.56,0.9999999999999997,1604.56,1604.56,0.0,12.430451158084988,240.0,8,1,16,52,0.7833077023907133,single depot (Silchar centre),8
access_opt,severe_02,severe,8,8175.536,16756.852000000003,24932.388000000003,9780.096,1604.56,0.9999999999999997,1604.56,1604.56,0.0,12.430451158084988,240.0,8,1,16,52,0.7833077023907133,single depot (Silchar centre),8
none,severe_03,severe,8,7062.584000000001,21724.164,28786.748,7062.584000000001,0.0,,0.0,0.0,0.0,0.0,240.0,0,1,21,76,0.7474687454560883,single depot (Silchar centre),8
proportional,severe_03,severe,8,7062.584000000001,21724.164,28786.748,7062.584000000001,0.0,,0.0,0.0,0.0,0.0,240.0,0,1,21,76,0.7474687454560883,single depot (Silchar centre),8
nearest_first,severe_03,severe,8,7062.584000000001,21724.164,28786.748,7062.584000000001,0.0,,0.0,0.0,0.0,0.0,240.0,0,1,21,76,0.7474687454560883,single depot (Silchar centre),8
nearest_first_post,severe_03,severe,8,7062.584000000001,21724.164,28786.748,7062.584000000001,0.0,,0.0,0.0,0.0,0.0,240.0,0,1,21,76,0.7474687454560883,single depot (Silchar centre),8
access_opt,severe_03,severe,8,7062.584000000001,21724.164,28786.748,7062.584000000001,0.0,,0.0,0.0,0.0,0.0,240.0,0,1,21,76,0.7474687454560883,single depot (Silchar centre),8
none,severe_04,severe,8,8277.728000000001,17646.076,25923.804000000004,8277.728,1389.548,-1.3090511472405821e-15,0.0,0.0,0.0,0.0,240.0,0,1,22,53,0.737553798199535,single depot (Silchar centre),8
proportional,severe_04,severe,8,6888.18,17646.076,24534.256,8277.728,1389.548,0.9999999999999992,21896.13099445961,1389.548,0.9365391081944295,16.5449670958228,240.0,12,1,14,53,0.8193058765344639,single depot (Silchar centre),8
nearest_first,severe_04,severe,8,7158.848000000002,17646.076,24804.924000000003,8277.728,1389.548,0.8052114788405995,1940.9080000000001,1118.88,0.4235275448398378,10.627662212025701,240.0,8,1,17,53,0.7940521126700547,single depot (Silchar centre),8
nearest_first_post,severe_04,severe,8,6888.18,17646.076,24534.256,8277.728,1389.548,0.9999999999999992,1389.548,1389.548,0.0,12.430451158084988,240.0,8,1,14,53,0.8193058765344639,single depot (Silchar centre),8
access_opt,severe_04,severe,8,6888.18,17646.076,24534.256,8277.728,1389.548,0.9999999999999992,1389.548,1389.548,0.0,12.430451158084988,240.0,8,1,14,53,0.8193058765344639,single depot (Silchar centre),8
none,severe_05,severe,8,3936.716,33257.672000000006,37194.388000000006,3936.7159999999994,0.0,,0.0,0.0,0.0,0.0,240.0,0,1,14,62,0.7790872952102414,single depot (Silchar centre),8
proportional,severe_05,severe,8,3936.716,33257.672000000006,37194.388000000006,3936.7159999999994,0.0,,0.0,0.0,0.0,0.0,240.0,0,1,14,62,0.7790872952102414,single depot (Silchar centre),8
nearest_first,severe_05,severe,8,3936.716,33257.672000000006,37194.388000000006,3936.7159999999994,0.0,,0.0,0.0,0.0,0.0,240.0,0,1,14,62,0.7790872952102414,single depot (Silchar centre),8
nearest_first_post,severe_05,severe,8,3936.716,33257.672000000006,37194.388000000006,3936.7159999999994,0.0,,0.0,0.0,0.0,0.0,240.0,0,1,14,62,0.7790872952102414,single depot (Silchar centre),8
access_opt,severe_05,severe,8,3936.716,33257.672000000006,37194.388000000006,3936.7159999999994,0.0,,0.0,0.0,0.0,0.0,240.0,0,1,14,62,0.7790872952102414,single depot (Silchar centre),8
none,severe_06,severe,8,9623.968,17677.156,27301.124,9623.968,1610.988,0.0,0.0,0.0,0.0,0.0,240.0,0,1,24,51,0.6951143649944074,single depot (Silchar centre),8
proportional,severe_06,severe,8,8120.18,17677.156,25797.336,9623.968,1610.988,0.9334569841612728,18518.76566574506,1503.788,0.9187965317374462,14.677684704783536,240.0,10,1,16,51,0.7743351129114004,single depot (Silchar centre),8
nearest_first,severe_06,severe,8,8395.384000000002,17677.156,26072.54,9623.968,1610.988,0.7626276545821563,1708.5880000000002,1228.584,0.2809360711886072,9.600333407129702,240.0,7,1,20,51,0.7485457050218831,single depot (Silchar centre),8
nearest_first_post,severe_06,severe,8,8012.9800000000005,17677.156,25690.136,9623.968,1610.988,1.0000000000000002,1610.9879999999998,1610.9879999999998,0.0,13.207796992810126,240.0,9,1,15,51,0.7869927889177838,single depot (Silchar centre),8
access_opt,severe_06,severe,8,8012.9800000000005,17677.156,25690.136,9623.968,1610.988,1.0000000000000002,1610.9879999999998,1610.9879999999998,0.0,13.207796992810126,240.0,9,1,15,51,0.7869927889177838,single depot (Silchar centre),8
none,severe_07,severe,8,9036.912,18301.584000000003,27338.496000000003,9036.912000000002,1411.2120000000002,1.2889554535717216e-15,0.0,0.0,0.0,0.0,240.0,0,1,24,49,0.7088616790132412,single depot (Silchar centre),8
proportional,severe_07,severe,8,7732.9,18301.584000000003,26034.484000000004,9036.912000000002,1411.2120000000002,0.9240369271236372,22443.079270398037,1304.0120000000002,0.9418969213498272,17.798296208397613,240.0,12,1,16,49,0.7792652682585067,single depot (Silchar centre),8
nearest_first,severe_07,severe,8,7914.388000000001,18301.584000000003,26215.972,9036.912000000002,1411.2120000000002,0.7954325785211585,2072.2120000000004,1122.5240000000001,0.45829673797854664,12.720944910743778,240.0,9,1,19,49,0.7603767529737162,single depot (Silchar centre),8
nearest_first_post,severe_07,severe,8,7625.700000000001,18301.584000000003,25927.284000000003,9036.912000000002,1411.2120000000002,1.0000000000000009,1411.212,1411.212,0.0,14.539158004595118,240.0,9,1,15,49,0.7915843260990659,single depot (Silchar centre),8
access_opt,severe_07,severe,8,7625.700000000001,18301.584000000003,25927.284000000003,9036.912000000002,1411.2120000000002,1.0000000000000009,1411.212,1411.212,0.0,14.539158004595118,240.0,9,1,15,49,0.7915843260990659,single depot (Silchar centre),8
none,severe_08,severe,8,7126.8640000000005,22661.940000000002,29788.804000000004,7126.864,0.0,,0.0,0.0,0.0,0.0,240.0,0,1,20,69,0.7364451204171116,single depot (Silchar centre),8
proportional,severe_08,severe,8,7126.8640000000005,22661.940000000002,29788.804000000004,7126.864,0.0,,0.0,0.0,0.0,0.0,240.0,0,1,20,69,0.7364451204171116,single depot (Silchar centre),8
nearest_first,severe_08,severe,8,7126.8640000000005,22661.940000000002,29788.804000000004,7126.864,0.0,,0.0,0.0,0.0,0.0,240.0,0,1,20,69,0.7364451204171116,single depot (Silchar centre),8
nearest_first_post,severe_08,severe,8,7126.8640000000005,22661.940000000002,29788.804000000004,7126.864,0.0,,0.0,0.0,0.0,0.0,240.0,0,1,20,69,0.7364451204171116,single depot (Silchar centre),8
access_opt,severe_08,severe,8,7126.8640000000005,22661.940000000002,29788.804000000004,7126.864,0.0,,0.0,0.0,0.0,0.0,240.0,0,1,20,69,0.7364451204171116,single depot (Silchar centre),8
none,severe_09,severe,8,6805.9000000000015,23812.32,30618.22,6805.9,0.0,,0.0,0.0,0.0,0.0,240.0,0,1,19,67,0.7260791705156959,single depot (Silchar centre),8
proportional,severe_09,severe,8,6805.9000000000015,23812.32,30618.22,6805.9,0.0,,0.0,0.0,0.0,0.0,240.0,0,1,19,67,0.7260791705156959,single depot (Silchar centre),8
nearest_first,severe_09,severe,8,6805.9000000000015,23812.32,30618.22,6805.9,0.0,,0.0,0.0,0.0,0.0,240.0,0,1,19,67,0.7260791705156959,single depot (Silchar centre),8
nearest_first_post,severe_09,severe,8,6805.9000000000015,23812.32,30618.22,6805.9,0.0,,0.0,0.0,0.0,0.0,240.0,0,1,19,67,0.7260791705156959,single depot (Silchar centre),8
access_opt,severe_09,severe,8,6805.9000000000015,23812.32,30618.22,6805.9,0.0,,0.0,0.0,0.0,0.0,240.0,0,1,19,67,0.7260791705156959,single depot (Silchar centre),8
none,severe_10,severe,8,8973.848,17669.036,26642.884,8973.848000000002,1353.852,1.3435659167662761e-15,0.0,0.0,0.0,0.0,240.0,0,1,23,51,0.7307990385319454,single depot (Silchar centre),8
proportional,severe_10,severe,8,7619.995999999999,17669.036,25289.032,8973.848000000002,1353.852,1.0000000000000018,22566.142428480962,1353.852,0.9400051646270171,17.610920989644875,240.0,12,1,15,51,0.8032394770891809,single depot (Silchar centre),8
nearest_first,severe_10,severe,8,7801.483999999999,17669.036,25470.519999999997,8973.848000000002,1353.852,0.8659469425018416,1839.8920000000003,1172.3640000000003,0.3628082517886919,11.69361610584778,240.0,8,1,18,51,0.7842642814648543,single depot (Silchar centre),8
nearest_first_post,severe_10,severe,8,7619.995999999999,17669.036,25289.032,8973.848000000002,1353.852,1.0000000000000018,1353.852,1353.852,0.0,13.76181216986998,240.0,8,1,15,51,0.8032394770891809,single depot (Silchar centre),8
access_opt,severe_10,severe,8,7619.995999999999,17669.036,25289.032,8973.848000000002,1353.852,1.0000000000000018,1353.852,1353.852,0.0,13.76181216986998,240.0,8,1,15,51,0.8032394770891809,single depot (Silchar centre),8
none,severe_11,severe,8,7846.1680000000015,20043.324,27889.492000000002,7846.1680000000015,0.0,,0.0,0.0,0.0,0.0,240.0,0,1,23,72,0.7332268898950288,single depot (Silchar centre),8
proportional,severe_11,severe,8,7846.1680000000015,20043.324,27889.492000000002,7846.1680000000015,0.0,,0.0,0.0,0.0,0.0,240.0,0,1,23,72,0.7332268898950288,single depot (Silchar centre),8
nearest_first,severe_11,severe,8,7846.1680000000015,20043.324,27889.492000000002,7846.1680000000015,0.0,,0.0,0.0,0.0,0.0,240.0,0,1,23,72,0.7332268898950288,single depot (Silchar centre),8
nearest_first_post,severe_11,severe,8,7846.1680000000015,20043.324,27889.492000000002,7846.1680000000015,0.0,,0.0,0.0,0.0,0.0,240.0,0,1,23,72,0.7332268898950288,single depot (Silchar centre),8
access_opt,severe_11,severe,8,7846.1680000000015,20043.324,27889.492000000002,7846.1680000000015,0.0,,0.0,0.0,0.0,0.0,240.0,0,1,23,72,0.7332268898950288,single depot (Silchar centre),8
none,severe_12,severe,8,7890.628000000001,19440.092,27330.72,7890.628000000001,0.0,,0.0,0.0,0.0,0.0,240.0,0,1,24,74,0.7185145034508462,single depot (Silchar centre),8
proportional,severe_12,severe,8,7890.628000000001,19440.092,27330.72,7890.628000000001,0.0,,0.0,0.0,0.0,0.0,240.0,0,1,24,74,0.7185145034508462,single depot (Silchar centre),8
nearest_first,severe_12,severe,8,7890.628000000001,19440.092,27330.72,7890.628000000001,0.0,,0.0,0.0,0.0,0.0,240.0,0,1,24,74,0.7185145034508462,single depot (Silchar centre),8
nearest_first_post,severe_12,severe,8,7890.628000000001,19440.092,27330.72,7890.628000000001,0.0,,0.0,0.0,0.0,0.0,240.0,0,1,24,74,0.7185145034508462,single depot (Silchar centre),8
access_opt,severe_12,severe,8,7890.628000000001,19440.092,27330.72,7890.628000000001,0.0,,0.0,0.0,0.0,0.0,240.0,0,1,24,74,0.7185145034508462,single depot (Silchar centre),8
none,severe_13,severe,8,6975.152,23827.664,30802.816,6975.152,0.0,,0.0,0.0,0.0,0.0,240.0,0,1,21,66,0.7021053287435188,single depot (Silchar centre),8
proportional,severe_13,severe,8,6975.152,23827.664,30802.816,6975.152,0.0,,0.0,0.0,0.0,0.0,240.0,0,1,21,66,0.7021053287435188,single depot (Silchar centre),8
nearest_first,severe_13,severe,8,6975.152,23827.664,30802.816,6975.152,0.0,,0.0,0.0,0.0,0.0,240.0,0,1,21,66,0.7021053287435188,single depot (Silchar centre),8
nearest_first_post,severe_13,severe,8,6975.152,23827.664,30802.816,6975.152,0.0,,0.0,0.0,0.0,0.0,240.0,0,1,21,66,0.7021053287435188,single depot (Silchar centre),8
access_opt,severe_13,severe,8,6975.152,23827.664,30802.816,6975.152,0.0,,0.0,0.0,0.0,0.0,240.0,0,1,21,66,0.7021053287435188,single depot (Silchar centre),8
none,severe_14,severe,8,7376.984,20900.488,28277.472,7376.984,0.0,,0.0,0.0,0.0,0.0,240.0,0,1,18,71,0.773314918881642,single depot (Silchar centre),8
proportional,severe_14,severe,8,7376.984,20900.488,28277.472,7376.984,0.0,,0.0,0.0,0.0,0.0,240.0,0,1,18,71,0.773314918881642,single depot (Silchar centre),8
nearest_first,severe_14,severe,8,7376.984,20900.488,28277.472,7376.984,0.0,,0.0,0.0,0.0,0.0,240.0,0,1,18,71,0.773314918881642,single depot (Silchar centre),8
nearest_first_post,severe_14,severe,8,7376.984,20900.488,28277.472,7376.984,0.0,,0.0,0.0,0.0,0.0,240.0,0,1,18,71,0.773314918881642,single depot (Silchar centre),8
access_opt,severe_14,severe,8,7376.984,20900.488,28277.472,7376.984,0.0,,0.0,0.0,0.0,0.0,240.0,0,1,18,71,0.773314918881642,single depot (Silchar centre),8
none,severe_15,severe,8,8712.880000000001,18868.78,27581.66,8712.880000000001,1168.688,0.0,0.0,0.0,0.0,0.0,240.0,0,1,23,47,0.716560208141395,single depot (Silchar centre),8
proportional,severe_15,severe,8,7544.192000000001,18868.78,26412.972,8712.880000000001,1168.688,1.0,22566.142428480962,1168.688,0.9482105546526647,17.610920989644875,240.0,12,1,15,47,0.7900477395590148,single depot (Silchar centre),8
nearest_first,severe_15,severe,8,7725.68,18868.78,26594.46,8712.880000000001,1168.688,0.8447079117779943,1839.8920000000003,987.2000000000002,0.46344676752765923,11.69361610584778,240.0,8,1,18,47,0.7712038462339034,single depot (Silchar centre),8
nearest_first_post,severe_15,severe,8,7544.192000000001,18868.78,26412.972,8712.880000000001,1168.688,1.0,1168.688,1168.688,0.0,13.76181216986998,240.0,8,1,15,47,0.7900477395590148,single depot (Silchar centre),8
access_opt,severe_15,severe,8,7544.192000000001,18868.78,26412.972,8712.880000000001,1168.688,1.0,1168.688,1168.688,0.0,13.76181216986998,240.0,8,1,15,47,0.7900477395590148,single depot (Silchar centre),8
none,severe_16,severe,8,7073.664000000001,22853.543999999998,29927.208,7073.664000000001,0.0,,0.0,0.0,0.0,0.0,240.0,0,1,19,69,0.7709226536965113,single depot (Silchar centre),8
proportional,severe_16,severe,8,7073.664000000001,22853.543999999998,29927.208,7073.664000000001,0.0,,0.0,0.0,0.0,0.0,240.0,0,1,19,69,0.7709226536965113,single depot (Silchar centre),8
nearest_first,severe_16,severe,8,7073.664000000001,22853.543999999998,29927.208,7073.664000000001,0.0,,0.0,0.0,0.0,0.0,240.0,0,1,19,69,0.7709226536965113,single depot (Silchar centre),8
nearest_first_post,severe_16,severe,8,7073.664000000001,22853.543999999998,29927.208,7073.664000000001,0.0,,0.0,0.0,0.0,0.0,240.0,0,1,19,69,0.7709226536965113,single depot (Silchar centre),8
access_opt,severe_16,severe,8,7073.664000000001,22853.543999999998,29927.208,7073.664000000001,0.0,,0.0,0.0,0.0,0.0,240.0,0,1,19,69,0.7709226536965113,single depot (Silchar centre),8
none,severe_17,severe,8,8477.868,20000.54,28478.408000000003,8477.867999999999,0.0,,0.0,0.0,0.0,0.0,240.0,0,1,22,72,0.7302312463691975,single depot (Silchar centre),8
proportional,severe_17,severe,8,8477.868,20000.54,28478.408000000003,8477.867999999999,0.0,,0.0,0.0,0.0,0.0,240.0,0,1,22,72,0.7302312463691975,single depot (Silchar centre),8
nearest_first,severe_17,severe,8,8477.868,20000.54,28478.408000000003,8477.867999999999,0.0,,0.0,0.0,0.0,0.0,240.0,0,1,22,72,0.7302312463691975,single depot (Silchar centre),8
nearest_first_post,severe_17,severe,8,8477.868,20000.54,28478.408000000003,8477.867999999999,0.0,,0.0,0.0,0.0,0.0,240.0,0,1,22,72,0.7302312463691975,single depot (Silchar centre),8
access_opt,severe_17,severe,8,8477.868,20000.54,28478.408000000003,8477.867999999999,0.0,,0.0,0.0,0.0,0.0,240.0,0,1,22,72,0.7302312463691975,single depot (Silchar centre),8
none,severe_18,severe,8,8882.696,19711.384000000002,28594.08,8882.696,0.0,,0.0,0.0,0.0,0.0,240.0,0,1,25,73,0.710120766885313,single depot (Silchar centre),8
proportional,severe_18,severe,8,8882.696,19711.384000000002,28594.08,8882.696,0.0,,0.0,0.0,0.0,0.0,240.0,0,1,25,73,0.710120766885313,single depot (Silchar centre),8
nearest_first,severe_18,severe,8,8882.696,19711.384000000002,28594.08,8882.696,0.0,,0.0,0.0,0.0,0.0,240.0,0,1,25,73,0.710120766885313,single depot (Silchar centre),8
nearest_first_post,severe_18,severe,8,8882.696,19711.384000000002,28594.08,8882.696,0.0,,0.0,0.0,0.0,0.0,240.0,0,1,25,73,0.710120766885313,single depot (Silchar centre),8
access_opt,severe_18,severe,8,8882.696,19711.384000000002,28594.08,8882.696,0.0,,0.0,0.0,0.0,0.0,240.0,0,1,25,73,0.710120766885313,single depot (Silchar centre),8
none,severe_19,severe,8,7178.136,19868.268,27046.404000000002,7178.136,0.0,,0.0,0.0,0.0,0.0,240.0,0,1,24,70,0.7158740427350284,single depot (Silchar centre),8
proportional,severe_19,severe,8,7178.136,19868.268,27046.404000000002,7178.136,0.0,,0.0,0.0,0.0,0.0,240.0,0,1,24,70,0.7158740427350284,single depot (Silchar centre),8
nearest_first,severe_19,severe,8,7178.136,19868.268,27046.404000000002,7178.136,0.0,,0.0,0.0,0.0,0.0,240.0,0,1,24,70,0.7158740427350284,single depot (Silchar centre),8
nearest_first_post,severe_19,severe,8,7178.136,19868.268,27046.404000000002,7178.136,0.0,,0.0,0.0,0.0,0.0,240.0,0,1,24,70,0.7158740427350284,single depot (Silchar centre),8
access_opt,severe_19,severe,8,7178.136,19868.268,27046.404000000002,7178.136,0.0,,0.0,0.0,0.0,0.0,240.0,0,1,24,70,0.7158740427350284,single depot (Silchar centre),8
none,mild_00,mild,2,12355.224,2290.904,14646.128,12355.224,11864.820000000002,0.0,0.0,0.0,0.0,0.0,60.0,0,1,35,7,0.6804559159744109,single resilient depot,2
proportional,mild_00,mild,2,5220.027211369607,2290.904,7510.931211369607,12355.224,11864.820000000002,0.6013742128941182,22593.967838822493,7135.196788630393,0.684199037569213,59.753708403127455,60.0,34,1,24,7,0.8042617573828975,single resilient depot,2
nearest_first,mild_00,mild,2,5245.396000000001,2290.904,7536.300000000001,12355.224,11864.820000000002,0.5992360608926219,8744.304000000002,7109.828000000001,0.18691893602967147,57.90391159195149,60.0,27,1,23,7,0.8078340594263868,single resilient depot,2
nearest_first_post,mild_00,mild,2,1864.664,2290.904,4155.568,12355.224,11864.820000000002,0.8841735483555585,10490.560000000001,10490.560000000001,0.0,57.70757315295761,60.0,26,1,9,7,0.9157214530573822,single resilient depot,2
access_opt,mild_00,mild,2,1040.7520000000002,2290.904,3331.656,12355.224,11864.820000000002,0.9536151412326523,11314.472000000002,11314.472000000002,0.0,59.58382392505006,60.0,25,1,10,7,0.9265600351023702,single resilient depot,2
none,mild_01,mild,2,12086.94,2290.904,14377.844000000001,12086.94,11596.536000000002,0.0,0.0,0.0,0.0,0.0,60.0,0,1,36,7,0.6875327198728768,single resilient depot,2
proportional,mild_01,mild,2,5668.126768005405,2290.904,7959.030768005405,12086.94,11596.536000000002,0.5535112581890483,22182.37736171825,6418.813231994596,0.7106345669210365,58.10173095212713,60.0,34,1,25,7,0.7953414369491417,single resilient depot,2
nearest_first,mild_01,mild,2,4853.4800000000005,2290.904,7144.384,12086.94,11596.536000000002,0.6237604056935622,8875.608000000002,7233.460000000001,0.18501808552157784,59.29699816459393,60.0,28,1,21,7,0.8327568212610122,single resilient depot,2
nearest_first_post,mild_01,mild,2,1864.664,2290.904,4155.568,12086.94,11596.536000000002,0.8814939219780802,10222.276000000002,10222.276000000002,0.0,59.100659725600046,60.0,27,1,9,7,0.9168759537004318,single resilient depot,2
access_opt,mild_01,mild,2,1058.944,2290.904,3349.848,12086.94,11596.536000000002,0.9509732906447235,11027.996,11027.996,0.0,59.70668146566293,60.0,25,1,11,7,0.9196475046089692,single resilient depot,2
none,mild_02,mild,2,10623.372000000003,581.7560000000001,11205.128000000002,10623.372000000003,10623.372000000003,0.0,0.0,0.0,0.0,0.0,60.0,0,1,38,0,0.6881964905725689,single resilient depot,2
proportional,mild_02,mild,2,4060.692424618974,581.7560000000001,4642.448424618974,10623.372000000003,10623.372000000003,0.6177586151912056,19309.273846637043,6562.679575381027,0.6601281007507177,59.55590084403502,60.0,37,1,21,0,0.8350972374081241,single resilient depot,2
nearest_first,mild_02,mild,2,2678.012,581.7560000000001,3259.768,10623.372000000003,10623.372000000003,0.7479131861333671,8929.400000000003,7945.360000000001,0.11020225323090038,57.22377229437351,60.0,29,1,14,0,0.8986203739869277,single resilient depot,2
nearest_first_post,mild_02,mild,2,1916.0240000000001,581.7560000000001,2497.78,10623.372000000003,10623.372000000003,0.819640694122356,8707.348000000002,8707.348000000002,0.0,58.03062504978009,60.0,29,1,9,0,0.9310091679719386,single resilient depot,2
access_opt,mild_02,mild,2,560.8360000000002,581.7560000000001,1142.5920000000003,10623.372000000003,10623.372000000003,0.9472073462173781,10062.536000000002,10062.536000000002,0.0,59.90646532180043,60.0,27,1,11,0,0.9251783776621354,single resilient depot,2
none,mild_03,mild,2,10578.472000000003,872.732,11451.204000000003,10578.472000000003,10578.472000000003,0.0,0.0,0.0,0.0,0.0,60.0,0,1,37,0,0.6964632111625947,single resilient depot,2
proportional,mild_03,mild,2,4689.253218763877,872.732,5561.985218763877,10578.472000000003,10578.472000000003,0.5567173388780652,20531.95042280046,5889.218781236124,0.7131680790200903,57.966742217165944,60.0,35,1,22,0,0.8152130527167504,single resilient depot,2
nearest_first,mild_03,mild,2,2855.9159999999997,872.732,3728.6479999999997,10578.472000000003,10578.472000000003,0.7300256596604879,8956.384000000002,7722.5560000000005,0.1377596137012438,57.72806766967796,60.0,28,1,14,0,0.9025519186464516,single resilient depot,2
nearest_first_post,mild_03,mild,2,2084.352,872.732,2957.084,10578.472000000003,10578.472000000003,0.8029628475643741,8494.120000000003,8494.120000000003,0.0,58.53492042508454,60.0,28,1,9,0,0.931509450043881,single resilient depot,2
access_opt,mild_03,mild,2,569.9000000000002,872.732,1442.632,10578.472000000003,10578.472000000003,0.9461264348953233,10008.572000000002,10008.572000000002,0.0,59.755368940908184,60.0,26,1,11,0,0.9262055592257226,single resilient depot,2
none,mild_04,mild,2,12088.616000000004,1555.26,13643.876000000004,12088.616,12088.616000000002,-3.009425402454435e-16,0.0,0.0,0.0,0.0,60.0,0,1,36,2,0.6973672136794932,single resilient depot,2
proportional,mild_04,mild,2,4690.378556514586,1555.26,6245.6385565145865,12088.616,12088.616000000002,0.6120003682378042,22137.249397720734,7398.237443485414,0.6658014141428455,59.53742202049347,60.0,35,1,24,2,0.8062734427331698,single resilient depot,2
nearest_first,mild_04,mild,2,4187.652,1555.26,5742.912,12088.616,12088.616000000002,0.6535871434744887,8799.900000000001,7900.964000000001,0.10215297901112519,59.10505004137695,60.0,28,1,18,2,0.863436379850973,single resilient depot,2
nearest_first_post,mild_04,mild,2,1573.4999999999998,1555.26,3128.7599999999998,12088.616,12088.616000000002,0.8698362161557616,10515.116000000002,10515.116000000002,0.0,59.96081100312601,60.0,28,1,8,2,0.9352372049200232,single resilient depot,2
access_opt,mild_04,mild,2,424.6200000000001,1555.26,1979.88,12088.616,12088.616000000002,0.9648743909145594,11663.996000000003,11663.996000000003,0.0,59.49412539007159,60.0,26,1,10,2,0.9130317703932866,single resilient depot,2
none,mild_05,mild,2,12188.431999999999,2612.428,14800.859999999999,12188.431999999999,11698.028,0.0,0.0,0.0,0.0,0.0,60.0,0,1,35,9,0.6965815181356595,single resilient depot,2
proportional,mild_05,mild,2,5513.843728259917,2612.428,8126.271728259917,12188.431999999999,11698.028,0.5705737985701591,21978.16832729266,6674.588271740084,0.6963082558862956,57.67553298245649,60.0,33,1,22,9,0.8072360238140763,single resilient depot,2
nearest_first,mild_05,mild,2,5112.624000000002,2612.428,7725.0520000000015,12188.431999999999,11698.028,0.6048718638731243,8787.812000000002,7075.808000000001,0.19481572887540155,56.7029315028881,60.0,27,1,22,9,0.8242478030340663,single resilient depot,2
nearest_first_post,mild_05,mild,2,2479.2039999999997,2612.428,5091.632,12188.431999999999,11698.028,0.829988439077082,9709.228,9709.228,0.0,57.263098273643365,60.0,26,1,9,9,0.9170459028527167,single resilient depot,2
access_opt,mild_05,mild,2,873.6040000000003,2612.428,3486.032,12188.431999999999,11698.028,0.9672423420426073,11314.828000000001,11314.828000000001,0.0,59.563644044428806,60.0,25,1,10,9,0.9287792825449561,single resilient depot,2
none,mild_06,mild,2,10763.320000000003,528.808,11292.128000000004,10763.320000000003,10763.320000000002,0.0,0.0,0.0,0.0,0.0,60.0,0,1,37,1,0.6873774455627003,single resilient depot,2
proportional,mild_06,mild,2,4195.428007973585,528.808,4724.236007973585,10763.320000000003,10763.320000000002,0.610210603422217,19401.145546328025,6567.891992026415,0.6614688562413525,59.55590084403502,60.0,37,1,20,1,0.8363112661650299,single resilient depot,2
nearest_first,mild_06,mild,2,2758.936,528.808,3287.744,10763.320000000003,10763.320000000002,0.7436723984792799,8929.400000000003,8004.384,0.10359217864582204,57.22377229437351,60.0,29,1,14,1,0.8946845712930427,single resilient depot,2
nearest_first_post,mild_06,mild,2,1938.064,528.808,2466.8720000000003,10763.320000000003,10763.320000000002,0.819938086018069,8825.256000000003,8825.256000000003,0.0,58.03062504978009,60.0,29,1,8,1,0.9341665657307462,single resilient depot,2
access_opt,mild_06,mild,2,486.096,528.808,1014.904,10763.320000000003,10763.320000000002,0.9548377266493984,10277.224000000002,10277.224000000002,0.0,59.84193034927805,60.0,28,1,9,1,0.9243562647848221,single resilient depot,2
none,mild_07,mild,2,12214.296,1693.468,13907.764000000001,12214.296,12214.296,0.0,0.0,0.0,0.0,0.0,60.0,0,1,35,3,0.6779536656757357,single resilient depot,2
proportional,mild_07,mild,2,4701.598198356877,1693.468,6395.066198356877,12214.296,12214.296,0.6150741558615513,20845.482794047613,7512.697801643125,0.6396006810747333,57.59190566915121,60.0,34,1,24,3,0.7952931741402116,single resilient depot,2
nearest_first,mild_07,mild,2,4555.488000000001,1693.468,6248.956000000001,12214.296,12214.296,0.6270363842500623,8825.080000000002,7658.808000000001,0.13215426942305342,56.33498109703552,60.0,27,1,21,3,0.8219031715098468,single resilient depot,2
nearest_first_post,mild_07,mild,2,1425.736,1693.468,3119.204,12214.296,12214.296,0.883273174319666,10788.560000000001,10788.560000000001,0.0,56.49539753371681,60.0,26,1,9,3,0.9148586976038633,single resilient depot,2
access_opt,mild_07,mild,2,595.4320000000002,1693.468,2288.9000000000005,12214.296,12214.296,0.9512512223381518,11618.864000000001,11618.864000000001,0.0,59.83291269954122,60.0,26,1,9,3,0.9256344946677787,single resilient depot,2
none,mild_08,mild,2,12088.616000000004,1555.26,13643.876000000004,12088.616,12088.616000000002,-3.009425402454435e-16,0.0,0.0,0.0,0.0,60.0,0,1,36,2,0.6973672136794932,single resilient depot,2
proportional,mild_08,mild,2,4690.378556514586,1555.26,6245.6385565145865,12088.616,12088.616000000002,0.6120003682378042,22137.249397720734,7398.237443485414,0.6658014141428455,59.53742202049347,60.0,35,1,24,2,0.8062734427331698,single resilient depot,2
nearest_first,mild_08,mild,2,4187.652,1555.26,5742.912,12088.616,12088.616000000002,0.6535871434744887,8799.900000000001,7900.964000000001,0.10215297901112519,59.10505004137695,60.0,28,1,18,2,0.863436379850973,single resilient depot,2
nearest_first_post,mild_08,mild,2,1573.4999999999998,1555.26,3128.7599999999998,12088.616,12088.616000000002,0.8698362161557616,10515.116000000002,10515.116000000002,0.0,59.96081100312601,60.0,28,1,8,2,0.9352372049200232,single resilient depot,2
access_opt,mild_08,mild,2,424.6200000000001,1555.26,1979.88,12088.616,12088.616000000002,0.9648743909145594,11663.996000000003,11663.996000000003,0.0,59.49412539007159,60.0,26,1,10,2,0.9130317703932866,single resilient depot,2
none,mild_09,mild,2,12765.376000000002,1469.776,14235.152000000002,12765.376000000002,12765.376000000002,0.0,0.0,0.0,0.0,0.0,60.0,0,1,35,2,0.6824731627186699,single resilient depot,2
proportional,mild_09,mild,2,4941.415368165754,1469.776,6411.191368165754,12765.376000000002,12765.376000000002,0.6129048319324277,20996.9595793371,7823.960631834246,0.6273764969508382,57.59190566915121,60.0,34,1,23,2,0.8104057184916688,single resilient depot,2
nearest_first,mild_09,mild,2,4874.412,1469.776,6344.188,12765.376000000002,12765.376000000002,0.6181536681724064,8825.080000000002,7890.964000000001,0.1058478789993973,56.33498109703552,60.0,27,1,19,2,0.8474925008755428,single resilient depot,2
nearest_first_post,mild_09,mild,2,1573.4999999999998,1469.776,3043.276,12765.376000000002,12765.376000000002,0.8767368857760242,11191.876,11191.876,0.0,57.34633796966188,60.0,27,1,8,2,0.9343250528766434,single resilient depot,2
access_opt,mild_09,mild,2,472.14000000000016,1469.776,1941.9160000000002,12765.376000000002,12765.376000000002,0.9630140154116886,12293.236,12293.236,0.0,59.75894336513824,60.0,27,1,8,2,0.9159196211138941,single resilient depot,2
none,mild_10,mild,2,10821.000000000004,471.12800000000004,11292.128000000004,10821.000000000004,10821.000000000002,0.0,0.0,0.0,0.0,0.0,60.0,0,1,37,1,0.6864309960789646,single resilient depot,2
proportional,mild_10,mild,2,4195.428007973585,471.12800000000004,4666.556007973585,10821.000000000004,10821.000000000002,0.6122883275137618,19401.145546328025,6625.5719920264155,0.6584958359182862,59.55590084403502,60.0,37,1,20,1,0.8363112661650299,single resilient depot,2
nearest_first,mild_10,mild,2,2758.936,471.12800000000004,3230.0640000000003,10821.000000000004,10821.000000000002,0.7450387210054527,8929.400000000003,8062.064,0.0971326180930413,57.22377229437351,60.0,29,1,14,1,0.8946845712930427,single resilient depot,2
nearest_first_post,mild_10,mild,2,1938.064,471.12800000000004,2409.192,10821.000000000004,10821.000000000002,0.820897883744571,8882.936000000003,8882.936000000003,0.0,58.03062504978009,60.0,29,1,8,1,0.9341665657307462,single resilient depot,2
access_opt,mild_10,mild,2,486.096,471.12800000000004,957.224,10821.000000000004,10821.000000000002,0.9550784585528141,10334.904000000002,10334.904000000002,0.0,59.84193034927805,60.0,28,1,9,1,0.9243562647848221,single resilient depot,2
none,mild_11,mild,2,13226.676000000001,2844.632,16071.308,13226.676000000001,12736.272000000003,0.0,0.0,0.0,0.0,0.0,60.0,0,1,36,8,0.681856868144629,single resilient depot,2
proportional,mild_11,mild,2,5523.590612398308,2844.632,8368.222612398307,13226.676000000001,12736.272000000003,0.604814767429723,22159.756697372533,7703.085387601694,0.6523840269187142,59.208023109037036,60.0,33,1,20,8,0.8287664430505948,single resilient depot,2
nearest_first,mild_11,mild,2,6208.548000000001,2844.632,9053.18,13226.676000000001,12736.272000000003,0.5510347140827394,8744.304000000002,7018.128000000001,0.19740576265418042,58.881311352103374,60.0,27,1,22,8,0.8153416895890617,single resilient depot,2
nearest_first_post,mild_11,mild,2,2487.824,2844.632,5332.456,13226.676000000001,12736.272000000003,0.843170748865916,10738.851999999999,10738.851999999999,0.0,56.35655720375875,60.0,26,1,10,8,0.9133125503743018,single resilient depot,2
access_opt,mild_11,mild,2,961.0440000000003,2844.632,3805.6760000000004,13226.676000000001,12736.272000000003,0.9630472716034958,12265.632000000001,12265.632000000001,0.0,59.031731657463396,60.0,25,1,11,8,0.916045020278314,single resilient depot,2
none,mild_12,mild,2,12521.828,1345.176,13867.003999999999,12521.828,12521.828,0.0,0.0,0.0,0.0,0.0,60.0,0,1,33,1,0.7056584212865167,single resilient depot,2
proportional,mild_12,mild,2,5061.478089330339,1345.176,6406.654089330339,12521.828,12521.828,0.5957876047067298,20360.470509846153,7460.349910669661,0.63358656632901,57.86961341594769,60.0,34,1,22,1,0.804263065105928,single resilient depot,2
nearest_first,mild_12,mild,2,4728.312,1345.176,6073.487999999999,12521.828,12521.828,0.622394429950643,8712.104000000001,7793.5160000000005,0.10543813526560297,56.612688843832,60.0,27,1,18,1,0.8480156760974968,single resilient depot,2
nearest_first_post,mild_12,mild,2,1483.0,1345.176,2828.176,12521.828,12521.828,0.8815668127688705,11038.828,11038.828,0.0,59.86007547350384,60.0,27,1,6,1,0.9464585342762605,single resilient depot,2
access_opt,mild_12,mild,2,297.3640000000001,1345.176,1642.54,12521.828,12521.828,0.9762523490979113,12224.463999999998,12224.463999999998,0.0,59.861862481080976,60.0,26,1,7,1,0.924509234528189,single resilient depot,2
none,mild_13,mild,2,10623.372000000003,612.164,11235.536000000004,10623.372000000003,10623.372000000003,0.0,0.0,0.0,0.0,0.0,60.0,0,1,38,0,0.6881964905725689,single resilient depot,2
proportional,mild_13,mild,2,4060.692424618974,612.164,4672.856424618974,10623.372000000003,10623.372000000003,0.6177586151912056,19309.273846637043,6562.679575381027,0.6601281007507177,59.55590084403502,60.0,37,1,21,0,0.8350972374081241,single resilient depot,2
nearest_first,mild_13,mild,2,2678.012,612.164,3290.1760000000004,10623.372000000003,10623.372000000003,0.7479131861333671,8929.400000000003,7945.360000000001,0.11020225323090038,57.22377229437351,60.0,29,1,14,0,0.8986203739869277,single resilient depot,2
nearest_first_post,mild_13,mild,2,1916.0240000000001,612.164,2528.188,10623.372000000003,10623.372000000003,0.819640694122356,8707.348000000002,8707.348000000002,0.0,58.03062504978009,60.0,29,1,9,0,0.9310091679719386,single resilient depot,2
access_opt,mild_13,mild,2,560.8360000000002,612.164,1173.0000000000002,10623.372000000003,10623.372000000003,0.9472073462173781,10062.536000000002,10062.536000000002,0.0,59.90646532180043,60.0,27,1,11,0,0.9251783776621354,single resilient depot,2
none,mild_14,mild,2,12096.884000000002,1516.9840000000002,13613.868000000002,12096.884000000002,12096.884000000002,0.0,0.0,0.0,0.0,0.0,60.0,0,1,37,3,0.6915140456963631,single resilient depot,2
proportional,mild_14,mild,2,4590.086558898022,1516.9840000000002,6107.070558898023,12096.884000000002,12096.884000000002,0.620556288801478,20984.363508110095,7506.797441101978,0.6422670891018101,58.984992241793655,60.0,35,1,23,3,0.8146882532533797,single resilient depot,2
nearest_first,mild_14,mild,2,4082.287999999999,1516.9840000000002,5599.271999999999,12096.884000000002,12096.884000000002,0.6625339219587459,8956.384000000002,8014.596000000001,0.1051527044843098,57.72806766967796,60.0,28,1,18,3,0.8674752190192175,single resilient depot,2
nearest_first_post,mild_14,mild,2,1645.144,1516.9840000000002,3162.128,12096.884000000002,12096.884000000002,0.8640026638264863,10451.740000000002,10451.740000000002,0.0,58.53492042508454,60.0,28,1,9,3,0.9287375754375928,single resilient depot,2
access_opt,mild_14,mild,2,499.7280000000002,1516.9840000000002,2016.7120000000004,12096.884000000002,12096.884000000002,0.9586895269889336,11597.156000000003,11597.156000000003,0.0,59.35717932025502,60.0,27,1,10,3,0.9035909884021471,single resilient depot,2
none,mild_15,mild,2,12251.624000000002,1829.7160000000003,14081.340000000002,12251.624000000002,12251.624000000002,0.0,0.0,0.0,0.0,0.0,60.0,0,1,34,3,0.7001834153173679,single resilient depot,2
proportional,mild_15,mild,2,4609.345407879208,1829.7160000000003,6439.061407879209,12251.624000000002,12251.624000000002,0.6237767819287298,22123.304417949486,7642.278592120792,0.6545598050027139,59.12173520800292,60.0,34,1,24,3,0.8040759597257919,single resilient depot,2
nearest_first,mild_15,mild,2,4474.487999999999,1829.7160000000003,6304.204,12251.624000000002,12251.624000000002,0.6347840906642255,8668.596000000001,7777.136,0.10283787593746452,58.689363228886386,60.0,27,1,19,3,0.8436158517313701,single resilient depot,2
nearest_first_post,mild_15,mild,2,1496.028,1829.7160000000003,3325.7440000000006,12251.624000000002,12251.624000000002,0.8778914534105846,10755.596000000001,10755.596000000001,0.0,59.54512419063544,60.0,27,1,7,3,0.9335476875695291,single resilient depot,2
access_opt,mild_15,mild,2,305.9840000000001,1829.7160000000003,2135.7000000000003,12251.624000000002,12251.624000000002,0.9750250252537949,11945.640000000001,11945.640000000001,0.0,59.861862481080976,60.0,26,1,8,3,0.9205336316782372,single resilient depot,2
none,mild_16,mild,2,12073.636,1410.3600000000001,13483.996000000001,12073.636,12073.636,0.0,0.0,0.0,0.0,0.0,60.0,0,1,35,1,0.70289679061892,single resilient depot,2
proportional,mild_16,mild,2,4948.97880703271,1410.3600000000001,6359.338807032711,12073.636,12073.636,0.5901003801147633,19851.47347853044,7124.657192967289,0.6411018456301153,57.34591483497145,60.0,34,1,24,1,0.8042076542859853,single resilient depot,2
nearest_first,mild_16,mild,2,4166.4879999999985,1410.3600000000001,5576.847999999998,12073.636,12073.636,0.6549102523879303,8956.384000000002,7907.148000000001,0.11714951033810084,59.032348822337646,60.0,28,1,19,1,0.8512003665860162,single resilient depot,2
nearest_first_post,mild_16,mild,2,1567.6719999999998,1410.3600000000001,2978.032,12073.636,12073.636,0.8701574239938987,10505.964,10505.964,0.0,58.11923361259398,60.0,27,1,8,1,0.9281630894257382,single resilient depot,2
access_opt,mild_16,mild,2,393.42400000000015,1410.3600000000001,1803.7840000000003,12073.636,12073.636,0.9674146214114786,11680.212,11680.212,0.0,59.015104703178494,60.0,26,1,9,1,0.9128680103340427,single resilient depot,2
none,mild_17,mild,2,11578.072000000002,980.8679999999999,12558.940000000002,11578.072000000002,11578.072000000002,0.0,0.0,0.0,0.0,0.0,60.0,0,1,37,0,0.7018341040537851,single resilient depot,2
proportional,mild_17,mild,2,4976.8400491449065,980.8679999999999,5957.708049144907,11578.072000000002,11578.072000000002,0.570149499057796,19898.626920252413,6601.231950855093,0.6682569115290817,58.02841947579761,60.0,35,1,24,0,0.8081132235296715,single resilient depot,2
nearest_first,mild_17,mild,2,3547.095999999999,980.8679999999999,4527.963999999999,11578.072000000002,11578.072000000002,0.6936367298458673,8956.384000000002,8030.976000000001,0.10332384140742523,57.72806766967796,60.0,28,1,16,0,0.8846370662047874,single resilient depot,2
nearest_first_post,mild_17,mild,2,1674.0400000000002,980.8679999999999,2654.9080000000004,11578.072000000002,11578.072000000002,0.8554128873961053,9904.032000000003,9904.032000000003,0.0,58.53492042508454,60.0,28,1,9,0,0.9307707565833466,single resilient depot,2
access_opt,mild_17,mild,2,479.19600000000025,980.8679999999999,1460.0640000000003,11578.072000000002,11578.072000000002,0.958611761958295,11098.876000000002,11098.876000000002,0.0,59.63632290375138,60.0,26,1,11,0,0.917317618236475,single resilient depot,2
none,mild_18,mild,2,10763.320000000003,528.808,11292.128000000004,10763.320000000003,10763.320000000002,0.0,0.0,0.0,0.0,0.0,60.0,0,1,37,1,0.6873774455627003,single resilient depot,2
proportional,mild_18,mild,2,4195.428007973585,528.808,4724.236007973585,10763.320000000003,10763.320000000002,0.610210603422217,19401.145546328025,6567.891992026415,0.6614688562413525,59.55590084403502,60.0,37,1,20,1,0.8363112661650299,single resilient depot,2
nearest_first,mild_18,mild,2,2758.936,528.808,3287.744,10763.320000000003,10763.320000000002,0.7436723984792799,8929.400000000003,8004.384,0.10359217864582204,57.22377229437351,60.0,29,1,14,1,0.8946845712930427,single resilient depot,2
nearest_first_post,mild_18,mild,2,1938.064,528.808,2466.8720000000003,10763.320000000003,10763.320000000002,0.819938086018069,8825.256000000003,8825.256000000003,0.0,58.03062504978009,60.0,29,1,8,1,0.9341665657307462,single resilient depot,2
access_opt,mild_18,mild,2,486.096,528.808,1014.904,10763.320000000003,10763.320000000002,0.9548377266493984,10277.224000000002,10277.224000000002,0.0,59.84193034927805,60.0,28,1,9,1,0.9243562647848221,single resilient depot,2
none,mild_19,mild,2,12271.244000000002,2314.508,14585.752000000002,12271.244000000002,11780.840000000002,0.0,0.0,0.0,0.0,0.0,60.0,0,1,34,8,0.6846339607923942,single resilient depot,2
proportional,mild_19,mild,2,4719.794427433595,2314.508,7034.302427433595,12271.244000000002,11780.840000000002,0.6409941542849581,22184.2828500004,7551.449572566405,0.6596036201113318,59.65874742357598,60.0,33,1,20,8,0.8203038399688561,single resilient depot,2
nearest_first,mild_19,mild,2,5075.004,2314.508,7389.512,12271.244000000002,11780.840000000002,0.6108426903344754,8580.800000000001,7196.240000000001,0.16135558456088017,56.11318644861234,60.0,26,1,21,8,0.8268016323744157,single resilient depot,2
nearest_first_post,mild_19,mild,2,1758.576,2314.508,4073.084,12271.244000000002,11780.840000000002,0.8923530070860821,10512.668000000003,10512.668000000003,0.0,58.770107425048515,60.0,26,1,8,8,0.9235535246816711,single resilient depot,2
access_opt,mild_19,mild,2,921.0160000000002,2314.508,3235.524,12271.244000000002,11780.840000000002,0.9634481072656959,11350.228000000001,11350.228000000001,0.0,59.720542810328276,60.0,25,1,9,8,0.9264424817724598,single resilient depot,2
none,moderate_00,moderate,2,12176.336000000001,9577.456,21753.792,12176.336000000003,3283.008,5.540618248709283e-16,0.0,0.0,0.0,0.0,60.0,0,1,31,50,0.6690057914701346,single resilient depot,2
proportional,moderate_00,moderate,2,8893.328,9577.456,18470.784,12176.336000000003,3283.008,1.000000000000001,27189.365123636795,3283.008,0.8792539662080616,23.54888513663009,60.0,17,1,19,50,0.7716485001459191,single resilient depot,2
nearest_first,moderate_00,moderate,2,9540.504,9577.456,19117.96,12176.336000000003,3283.008,0.8028710255960395,3002.7,2635.8319999999994,0.12217937189862471,13.727014392193485,60.0,11,1,25,50,0.7413330768547364,single resilient depot,2
nearest_first_post,moderate_00,moderate,2,8893.328,9577.456,18470.784,12176.336000000003,3283.008,1.000000000000001,3283.008,3283.008,0.0,15.429130084319112,60.0,12,1,19,50,0.7716485001459191,single resilient depot,2
access_opt,moderate_00,moderate,2,8893.328,9577.456,18470.784,12176.336000000003,3283.008,1.000000000000001,3283.008,3283.008,0.0,15.429130084319112,60.0,12,1,19,50,0.7716485001459191,single resilient depot,2
none,moderate_01,moderate,2,12790.368000000002,10449.936,23240.304000000004,12790.368,2968.6480000000006,-6.127332723670358e-16,0.0,0.0,0.0,0.0,60.0,0,1,30,51,0.6707310211804433,single resilient depot,2
proportional,moderate_01,moderate,2,9928.92,10449.936,20378.856,12790.368,2968.6480000000006,0.9638892856276661,25244.389328333804,2861.4480000000003,0.8866501398475752,20.84263635083895,60.0,15,1,19,51,0.7606943777288021,single resilient depot,2
nearest_first,moderate_01,moderate,2,10709.712,10449.936,21159.648,12790.368,2968.6480000000006,0.70087662801383,2823.928,2080.656,0.26320501089262893,11.938361217058024,60.0,10,1,25,51,0.7178807015359158,single resilient depot,2
nearest_first_post,moderate_01,moderate,2,9821.72,10449.936,20271.656,12790.368,2968.6480000000006,1.0000000000000002,2968.648,2968.648,0.0,14.4954647684212,60.0,12,1,18,51,0.7716640251813589,single resilient depot,2
access_opt,moderate_01,moderate,2,9821.72,10449.936,20271.656,12790.368,2968.6480000000006,1.0000000000000002,2968.648,2968.648,0.0,14.4954647684212,60.0,12,1,18,51,0.7716640251813589,single resilient depot,2
none,moderate_02,moderate,2,12728.044,10126.088,22854.131999999998,12728.044000000002,2954.1400000000003,6.157424507795353e-16,0.0,0.0,0.0,0.0,60.0,0,1,31,52,0.6825110029665256,single resilient depot,2
proportional,moderate_02,moderate,2,9773.904,10126.088,19899.992,12728.044000000002,2954.1400000000003,1.0000000000000002,26991.089021043004,2954.1400000000003,0.8905512853632223,23.480199926644875,60.0,17,1,19,52,0.7821612182290613,single resilient depot,2
nearest_first,moderate_02,moderate,2,10380.480000000001,10126.088,20506.568,12728.044000000002,2954.1400000000003,0.7946691761392487,2955.232,2347.5640000000003,0.20562446535500412,13.65832918220827,60.0,11,1,24,52,0.7535817602649167,single resilient depot,2
nearest_first_post,moderate_02,moderate,2,9773.904,10126.088,19899.992,12728.044000000002,2954.1400000000003,1.0000000000000002,2954.1400000000003,2954.1400000000003,0.0,15.360444874333897,60.0,12,1,19,52,0.7821612182290613,single resilient depot,2
access_opt,moderate_02,moderate,2,9773.904,10126.088,19899.992,12728.044000000002,2954.1400000000003,1.0000000000000002,2954.1400000000003,2954.1400000000003,0.0,15.360444874333897,60.0,12,1,19,52,0.7821612182290613,single resilient depot,2
none,moderate_03,moderate,2,10921.796,7740.4039999999995,18662.2,10921.796000000002,5921.776000000001,3.0716957270012513e-16,0.0,0.0,0.0,0.0,60.0,0,1,29,48,0.706348799406086,single resilient depot,2
proportional,moderate_03,moderate,2,5000.02,7740.4039999999995,12740.423999999999,10921.796000000002,5921.776000000001,1.0000000000000002,30559.858398551693,5921.775999999999,0.8062237094566954,44.604258109673005,60.0,25,1,16,48,0.8236887783126816,single resilient depot,2
nearest_first,moderate_03,moderate,2,6925.152,7740.4039999999995,14665.556,10921.796000000002,5921.776000000001,0.674906311890217,5151.124,3996.6440000000002,0.22412195862495243,25.357488635993377,60.0,16,1,23,48,0.7726086567135002,single resilient depot,2
nearest_first_post,moderate_03,moderate,2,5000.02,7740.4039999999995,12740.423999999999,10921.796000000002,5921.776000000001,1.0000000000000002,5921.775999999999,5921.775999999999,0.0,19.807862407917238,60.0,13,1,16,48,0.8236887783126816,single resilient depot,2
access_opt,moderate_03,moderate,2,5000.02,7740.4039999999995,12740.423999999999,10921.796000000002,5921.776000000001,1.0000000000000002,5921.775999999999,5921.775999999999,0.0,19.807862407917238,60.0,13,1,16,48,0.8236887783126816,single resilient depot,2
none,moderate_04,moderate,2,11142.488,12875.996000000001,24018.484,11142.488000000001,2219.772,8.194487557937737e-16,0.0,0.0,0.0,0.0,60.0,0,1,27,51,0.7002600431599465,single resilient depot,2
proportional,moderate_04,moderate,2,8922.716,12875.996000000001,21798.712,11142.488000000001,2219.772,1.0000000000000004,26013.94728346637,2219.772,0.914669927796355,22.101202921168543,60.0,16,1,16,51,0.7935009678579555,single resilient depot,2
nearest_first,moderate_04,moderate,2,9352.864,12875.996000000001,22228.86,11142.488000000001,2219.772,0.8062197378829905,2823.928,1789.624,0.3662642956902583,12.279332176731934,60.0,10,1,21,51,0.7594396619241631,single resilient depot,2
nearest_first_post,moderate_04,moderate,2,8922.716,12875.996000000001,21798.712,11142.488000000001,2219.772,1.0000000000000004,2219.772,2219.772,0.0,13.981447868857565,60.0,11,1,16,51,0.7935009678579555,single resilient depot,2
access_opt,moderate_04,moderate,2,8922.716,12875.996000000001,21798.712,11142.488000000001,2219.772,1.0000000000000004,2219.772,2219.772,0.0,13.981447868857565,60.0,11,1,16,51,0.7935009678579555,single resilient depot,2
none,moderate_05,moderate,2,10897.560000000001,7609.364000000001,18506.924000000003,10897.56,6280.548000000001,-2.896227213844805e-16,0.0,0.0,0.0,0.0,60.0,0,1,30,49,0.703457091963436,single resilient depot,2
proportional,moderate_05,moderate,2,4617.012,7609.364000000001,12226.376,10897.56,6280.548000000001,0.9999999999999999,30567.036848826425,6280.548000000001,0.7945319976201379,42.70762793638931,60.0,25,1,18,49,0.8059585794766796,single resilient depot,2
nearest_first,moderate_05,moderate,2,6985.58,7609.364000000001,14594.944000000001,10897.56,6280.548000000001,0.6228723990326958,5282.428,3911.9800000000005,0.25943524455042255,27.077456601143627,60.0,17,1,25,49,0.7539765646335709,single resilient depot,2
nearest_first_post,moderate_05,moderate,2,4617.012,7609.364000000001,12226.376,10897.56,6280.548000000001,0.9999999999999999,6280.548000000001,6280.548000000001,0.0,18.019209232781776,60.0,12,1,18,49,0.8059585794766796,single resilient depot,2
access_opt,moderate_05,moderate,2,4617.012,7609.364000000001,12226.376,10897.56,6280.548000000001,0.9999999999999999,6280.548000000001,6280.548000000001,0.0,18.019209232781776,60.0,12,1,18,49,0.8059585794766796,single resilient depot,2
none,moderate_06,moderate,2,13342.320000000002,8821.036,22163.356,13342.320000000002,3297.9800000000005,0.0,0.0,0.0,0.0,0.0,60.0,0,1,31,51,0.6762110554959969,single resilient depot,2
proportional,moderate_06,moderate,2,10044.34,8821.036,18865.376,13342.320000000002,3297.9800000000005,1.0000000000000002,27462.20245824113,3297.9800000000005,0.8799083939092325,26.32113551430762,60.0,18,1,19,51,0.783276563811173,single resilient depot,2
nearest_first,moderate_06,moderate,2,10687.520000000002,8821.036,19508.556000000004,13342.320000000002,3297.9800000000005,0.8049775923444045,3029.34,2654.8,0.123637491994956,16.499264769871015,60.0,12,1,24,51,0.7550497358397997,single resilient depot,2
nearest_first_post,moderate_06,moderate,2,10044.34,8821.036,18865.376,13342.320000000002,3297.9800000000005,1.0000000000000002,3297.9800000000005,3297.9800000000005,0.0,15.744577444609188,60.0,12,1,19,51,0.783276563811173,single resilient depot,2
access_opt,moderate_06,moderate,2,10044.34,8821.036,18865.376,13342.320000000002,3297.9800000000005,1.0000000000000002,3297.9800000000005,3297.9800000000005,0.0,15.744577444609188,60.0,12,1,19,51,0.783276563811173,single resilient depot,2
none,moderate_07,moderate,2,9327.624,15267.644,24595.268,9327.624000000002,2057.464,8.840929433253056e-16,0.0,0.0,0.0,0.0,60.0,0,1,28,54,0.7088630842096263,single resilient depot,2
proportional,moderate_07,moderate,2,7377.360000000001,15267.644,22645.004,9327.624000000002,2057.464,0.9478970227425613,22443.079270398037,1950.2640000000001,0.9131017639556993,14.809894697724712,60.0,12,1,18,54,0.7877155250085579,single resilient depot,2
nearest_first,moderate_07,moderate,2,7682.495999999999,15267.644,22950.14,9327.624000000002,2057.464,0.7995901750893345,2072.2120000000004,1645.128,0.20610053411523555,10.401530842694125,60.0,9,1,22,54,0.7664277439377526,single resilient depot,2
nearest_first_post,moderate_07,moderate,2,7270.16,15267.644,22537.804,9327.624000000002,2057.464,1.0000000000000009,2057.464,2057.464,0.0,13.71332171931913,60.0,11,1,17,54,0.7992255077786606,single resilient depot,2
access_opt,moderate_07,moderate,2,7270.16,15267.644,22537.804,9327.624000000002,2057.464,1.0000000000000009,2057.464,2057.464,0.0,13.71332171931913,60.0,11,1,17,54,0.7992255077786606,single resilient depot,2
none,moderate_08,moderate,2,10482.332000000002,10316.768,20799.100000000002,10482.332,3005.9280000000003,-6.051340562867296e-16,0.0,0.0,0.0,0.0,60.0,0,1,32,59,0.7111361948917453,single resilient depot,2
proportional,moderate_08,moderate,2,7583.604000000001,10316.768,17900.372000000003,10482.332,3005.9280000000003,0.964337136484972,26302.48559569917,2898.728,0.8897926209500906,22.562604315989198,60.0,16,1,20,59,0.7977107787804723,single resilient depot,2
nearest_first,moderate_08,moderate,2,8275.216000000002,10316.768,18591.984000000004,10482.332,3005.9280000000003,0.7342544465469558,2955.232,2207.116,0.25314966811404316,13.65832918220827,60.0,11,1,26,59,0.7617838724498553,single resilient depot,2
nearest_first_post,moderate_08,moderate,2,7476.404,10316.768,17793.172,10482.332,3005.9280000000003,0.9999999999999999,3005.9280000000003,3005.9280000000003,0.0,16.215432733571447,60.0,13,1,19,59,0.8080930981046529,single resilient depot,2
access_opt,moderate_08,moderate,2,7476.404,10316.768,17793.172,10482.332,3005.9280000000003,0.9999999999999999,3005.9280000000003,3005.9280000000003,0.0,16.215432733571447,60.0,13,1,19,59,0.8080930981046529,single resilient depot,2
none,moderate_09,moderate,2,12476.36,6412.868,18889.228000000003,12476.36,11849.732000000002,0.0,0.0,0.0,0.0,0.0,60.0,0,1,30,15,0.7003792297105196,single resilient depot,2
proportional,moderate_09,moderate,2,6528.506044981163,6412.868,12941.374044981163,12476.36,11849.732000000002,0.501939955690039,19556.831135203494,5947.85395501884,0.6958682153617239,54.33581753957963,60.0,27,1,22,15,0.7960295810713662,single resilient depot,2
nearest_first,moderate_09,moderate,2,7805.492,6412.868,14218.36,12476.36,11849.732000000002,0.3941749906242605,6613.664000000001,4670.868,0.29375486870817746,55.57968262411627,60.0,22,1,22,15,0.7779445804333927,single resilient depot,2
nearest_first_post,moderate_09,moderate,2,3755.8680000000004,6412.868,10168.736,12476.36,11849.732000000002,0.735923141552906,8720.492000000002,8720.492000000002,0.0,56.987586916633354,60.0,19,1,11,15,0.8805235553506146,single resilient depot,2
access_opt,moderate_09,moderate,2,1463.1520000000003,6412.868,7876.02,12476.36,11849.732000000002,0.9294056608200083,11013.208000000002,11013.208000000002,0.0,59.956878478451415,60.0,18,1,12,15,0.8816625571490266,single resilient depot,2
none,moderate_10,moderate,2,13349.42,8667.372,22016.792,13349.42,3461.1800000000003,0.0,0.0,0.0,0.0,0.0,60.0,0,1,32,54,0.6630467354734156,single resilient depot,2
proportional,moderate_10,moderate,2,9995.439999999999,8667.372,18662.811999999998,13349.42,3461.1800000000003,0.9690279037784805,26810.961937470474,3353.9800000000005,0.8749026607914226,25.403539903651943,60.0,17,1,20,54,0.7614834486696109,single resilient depot,2
nearest_first,moderate_10,moderate,2,10694.62,8667.372,19361.992,13349.42,3461.1800000000003,0.767021651575474,3029.34,2654.8,0.123637491994956,16.499264769871015,60.0,12,1,25,54,0.7324250012527632,single resilient depot,2
nearest_first_post,moderate_10,moderate,2,9888.239999999998,8667.372,18555.611999999997,13349.42,3461.1800000000003,1.0000000000000004,3461.1800000000003,3461.1800000000003,0.0,16.599565303846738,60.0,13,1,19,54,0.7719044274515782,single resilient depot,2
access_opt,moderate_10,moderate,2,9888.239999999998,8667.372,18555.611999999997,13349.42,3461.1800000000003,1.0000000000000004,3461.1800000000003,3461.1800000000003,0.0,16.599565303846738,60.0,13,1,19,54,0.7719044274515782,single resilient depot,2
none,moderate_11,moderate,2,13676.024000000001,10757.908,24433.932,13676.024000000003,2860.8600000000006,6.358190906041736e-16,0.0,0.0,0.0,0.0,60.0,0,1,30,51,0.6646801783842463,single resilient depot,2
proportional,moderate_11,moderate,2,10815.164,10757.908,21573.072,13676.024000000003,2860.8600000000006,1.0000000000000007,26013.94728346637,2860.8600000000006,0.8900259169119532,21.76023196149463,60.0,16,1,19,51,0.7685108983671869,single resilient depot,2
nearest_first,moderate_11,moderate,2,11454.920000000002,10757.908,22212.828,13676.024000000003,2860.8600000000006,0.7763763343889603,2823.928,2221.1040000000003,0.21347003181384216,11.938361217058024,60.0,10,1,24,51,0.7347831755291964,single resilient depot,2
nearest_first_post,moderate_11,moderate,2,10815.164,10757.908,21573.072,13676.024000000003,2860.8600000000006,1.0000000000000007,2860.8600000000006,2860.8600000000006,0.0,13.64047690918365,60.0,11,1,19,51,0.7685108983671869,single resilient depot,2
access_opt,moderate_11,moderate,2,10815.164,10757.908,21573.072,13676.024000000003,2860.8600000000006,1.0000000000000007,2860.8600000000006,2860.8600000000006,0.0,13.64047690918365,60.0,11,1,19,51,0.7685108983671869,single resilient depot,2
none,moderate_12,moderate,2,11957.860000000002,8740.648,20698.508,11957.86,3461.1800000000003,-5.255402503036122e-16,0.0,0.0,0.0,0.0,60.0,0,1,33,55,0.6762247175481619,single resilient depot,2
proportional,moderate_12,moderate,2,8603.88,8740.648,17344.528,11957.86,3461.1800000000003,0.9690279037784805,26810.961937470474,3353.9800000000005,0.8749026607914226,25.403539903651943,60.0,17,1,21,55,0.773534285119756,single resilient depot,2
nearest_first,moderate_12,moderate,2,9303.06,8740.648,18043.708,11957.86,3461.1800000000003,0.7670216515754745,3029.34,2654.8,0.123637491994956,16.499264769871015,60.0,12,1,26,55,0.7430813312930045,single resilient depot,2
nearest_first_post,moderate_12,moderate,2,8496.68,8740.648,17237.328,11957.86,3461.1800000000003,1.0,3461.1800000000003,3461.1800000000003,0.0,16.599565303846738,60.0,13,1,20,55,0.7846078334685215,single resilient depot,2
access_opt,moderate_12,moderate,2,8496.68,8740.648,17237.328,11957.86,3461.1800000000003,1.0,3461.1800000000003,3461.1800000000003,0.0,16.599565303846738,60.0,13,1,20,55,0.7846078334685215,single resilient depot,2
none,moderate_13,moderate,2,11868.396,12142.844000000001,24011.24,11868.396,2567.5200000000004,0.0,0.0,0.0,0.0,0.0,60.0,0,1,29,53,0.6976131338615416,single resilient depot,2
proportional,moderate_13,moderate,2,9408.076000000001,12142.844000000001,21550.920000000002,11868.396,2567.5200000000004,0.9582476475353646,25244.389328333804,2460.32,0.9025399280608232,21.183607310512862,60.0,15,1,18,53,0.791422194366852,single resilient depot,2
nearest_first,moderate_13,moderate,2,10048.756,12142.844000000001,22191.6,11868.396,2567.5200000000004,0.7087150246151932,2823.928,1819.64,0.35563512950755116,12.279332176731934,60.0,10,1,24,53,0.7518142657380996,single resilient depot,2
nearest_first_post,moderate_13,moderate,2,9300.876,12142.844000000001,21443.72,11868.396,2567.5200000000004,1.0,2567.52,2567.52,0.0,14.836435728095115,60.0,12,1,17,53,0.8020367017949358,single resilient depot,2
access_opt,moderate_13,moderate,2,9300.876,12142.844000000001,21443.72,11868.396,2567.5200000000004,1.0,2567.52,2567.52,0.0,14.836435728095115,60.0,12,1,17,53,0.8020367017949358,single resilient depot,2
none,moderate_14,moderate,2,13130.58,9182.852,22313.432,13130.58,3358.3360000000002,0.0,0.0,0.0,0.0,0.0,60.0,0,1,31,54,0.661725632231122,single resilient depot,2
proportional,moderate_14,moderate,2,9772.243999999999,9182.852,18955.095999999998,13130.58,3358.3360000000002,1.0000000000000002,26013.94728346637,3358.3360000000002,0.8709024830639812,21.76023196149463,60.0,16,1,20,54,0.7577959897342005,single resilient depot,2
nearest_first,moderate_14,moderate,2,10579.411999999998,9182.852,19762.264,13130.58,3358.3360000000002,0.7596523992834551,2823.928,2551.1679999999997,0.09658886487190899,11.938361217058024,60.0,10,1,26,54,0.720476559610618,single resilient depot,2
nearest_first_post,moderate_14,moderate,2,9772.243999999999,9182.852,18955.095999999998,13130.58,3358.3360000000002,1.0000000000000002,3358.3360000000002,3358.3360000000002,0.0,13.64047690918365,60.0,11,1,20,54,0.7577959897342005,single resilient depot,2
access_opt,moderate_14,moderate,2,9772.243999999999,9182.852,18955.095999999998,13130.58,3358.3360000000002,1.0000000000000002,3358.3360000000002,3358.3360000000002,0.0,13.64047690918365,60.0,11,1,20,54,0.7577959897342005,single resilient depot,2
none,moderate_15,moderate,2,10175.612000000001,15775.984,25951.596,10175.612,1917.7720000000002,-9.484909590638806e-16,0.0,0.0,0.0,0.0,60.0,0,1,27,53,0.6949958814012993,single resilient depot,2
proportional,moderate_15,moderate,2,8365.04,15775.984,24141.024,10175.612,1917.7720000000002,0.9441018014654495,22443.079270398037,1810.5720000000001,0.9193260435350283,14.809894697724712,60.0,12,1,17,53,0.7785044448028371,single resilient depot,2
nearest_first,moderate_15,moderate,2,8580.912,15775.984,24356.896,10175.612,1917.7720000000002,0.8315378470433392,2072.2120000000004,1594.7,0.23043588204295717,10.401530842694125,60.0,9,1,21,53,0.7592495155636708,single resilient depot,2
nearest_first_post,moderate_15,moderate,2,8257.84,15775.984,24033.824,10175.612,1917.7720000000002,0.9999999999999994,1917.772,1917.772,0.0,13.71332171931913,60.0,11,1,16,53,0.7902751531631744,single resilient depot,2
access_opt,moderate_15,moderate,2,8257.84,15775.984,24033.824,10175.612,1917.7720000000002,0.9999999999999994,1917.772,1917.772,0.0,13.71332171931913,60.0,11,1,16,53,0.7902751531631744,single resilient depot,2
none,moderate_16,moderate,2,12197.064,11523.12,23720.184,12197.064000000002,2898.728,6.275129655303486e-16,0.0,0.0,0.0,0.0,60.0,0,1,29,54,0.7148529979097523,single resilient depot,2
proportional,moderate_16,moderate,2,9298.336,11523.12,20821.456,12197.064000000002,2898.728,1.0000000000000009,26991.089021043004,2898.728,0.8926042592153258,23.480199926644875,60.0,17,1,17,54,0.8053653096846219,single resilient depot,2
nearest_first,moderate_16,moderate,2,9989.948,11523.12,21513.068,12197.064000000002,2898.728,0.7614084522590604,2955.232,2207.116,0.25314966811404316,13.65832918220827,60.0,11,1,23,54,0.7712694264258133,single resilient depot,2
nearest_first_post,moderate_16,moderate,2,9298.336,11523.12,20821.456,12197.064000000002,2898.728,1.0000000000000009,2898.728,2898.728,0.0,15.360444874333897,60.0,12,1,17,54,0.8053653096846219,single resilient depot,2
access_opt,moderate_16,moderate,2,9298.336,11523.12,20821.456,12197.064000000002,2898.728,1.0000000000000009,2898.728,2898.728,0.0,15.360444874333897,60.0,12,1,17,54,0.8053653096846219,single resilient depot,2
none,moderate_17,moderate,2,12013.084000000003,8862.588,20875.672000000002,12013.084,3213.3160000000003,-5.660785940585539e-16,0.0,0.0,0.0,0.0,60.0,0,1,31,53,0.6870659034461859,single resilient depot,2
proportional,moderate_17,moderate,2,8799.768,8862.588,17662.356,12013.084,3213.3160000000003,1.0000000000000002,28295.294097740745,3213.3160000000003,0.8864363809437638,28.041103479457867,60.0,19,1,20,53,0.7794435358620153,single resilient depot,2
nearest_first,moderate_17,moderate,2,9442.948,8862.588,18305.536,12013.084,3213.3160000000003,0.7998391692569297,3160.6440000000002,2570.1360000000004,0.18683154445739536,18.21923273502126,60.0,13,1,25,53,0.7510867159486604,single resilient depot,2
nearest_first_post,moderate_17,moderate,2,8799.768,8862.588,17662.356,12013.084,3213.3160000000003,1.0000000000000002,3213.3160000000003,3213.3160000000003,0.0,13.955924269473726,60.0,11,1,20,53,0.7794435358620153,single resilient depot,2
access_opt,moderate_17,moderate,2,8799.768,8862.588,17662.356,12013.084,3213.3160000000003,1.0000000000000002,3213.3160000000003,3213.3160000000003,0.0,13.955924269473726,60.0,11,1,20,53,0.7794435358620153,single resilient depot,2
none,moderate_18,moderate,2,11448.456,10253.628,21702.084000000003,11448.456,3024.0600000000004,0.0,0.0,0.0,0.0,0.0,60.0,0,1,30,53,0.6859598188958302,single resilient depot,2
proportional,moderate_18,moderate,2,8531.596,10253.628,18785.224000000002,11448.456,3024.0600000000004,0.964550967904076,25244.389328333804,2916.8600000000006,0.8844551174495564,20.84263635083895,60.0,15,1,19,53,0.7805452128780267,single resilient depot,2
nearest_first,moderate_18,moderate,2,9227.352,10253.628,19480.980000000003,11448.456,3024.0600000000004,0.7344774905259813,2823.928,2221.1040000000003,0.21347003181384216,11.938361217058024,60.0,10,1,24,53,0.7462250126910754,single resilient depot,2
nearest_first_post,moderate_18,moderate,2,8424.396,10253.628,18678.024,11448.456,3024.0600000000004,0.9999999999999997,3024.0600000000004,3024.0600000000004,0.0,14.4954647684212,60.0,12,1,18,53,0.7913803367254622,single resilient depot,2
access_opt,moderate_18,moderate,2,8424.396,10253.628,18678.024,11448.456,3024.0600000000004,0.9999999999999997,3024.0600000000004,3024.0600000000004,0.0,14.4954647684212,60.0,12,1,18,53,0.7913803367254622,single resilient depot,2
none,moderate_19,moderate,2,11922.552000000001,8542.464,20465.016000000003,11922.552,3269.3160000000003,-5.563822535190408e-16,0.0,0.0,0.0,0.0,60.0,0,1,29,54,0.7082626582242926,single resilient depot,2
proportional,moderate_19,moderate,2,8653.236,8542.464,17195.7,11922.552,3269.3160000000003,0.9999999999999996,28295.294097740745,3269.3160000000003,0.8844572532553729,28.041103479457867,60.0,19,1,18,54,0.8019151956839911,single resilient depot,2
nearest_first,moderate_19,moderate,2,9352.416000000001,8542.464,17894.88,11922.552,3269.3160000000003,0.7861387519591249,3160.6440000000002,2570.1360000000004,0.18683154445739536,18.21923273502126,60.0,13,1,23,54,0.7740222795542158,single resilient depot,2
nearest_first_post,moderate_19,moderate,2,8653.236,8542.464,17195.7,11922.552,3269.3160000000003,0.9999999999999996,3269.3160000000003,3269.3160000000003,0.0,13.955924269473726,60.0,11,1,18,54,0.8019151956839911,single resilient depot,2
access_opt,moderate_19,moderate,2,8653.236,8542.464,17195.7,11922.552,3269.3160000000003,0.9999999999999996,3269.3160000000003,3269.3160000000003,0.0,13.955924269473726,60.0,11,1,18,54,0.8019151956839911,single resilient depot,2
none,severe_00,severe,2,6763.052,22393.616,29156.668,6763.0520000000015,1688.5120000000002,1.0772736015769247e-15,0.0,0.0,0.0,0.0,60.0,0,1,22,53,0.7224989648476964,single resilient depot,2
proportional,severe_00,severe,2,5309.0,22393.616,27702.616,6763.0520000000015,1688.5120000000002,0.8611440131903128,17144.717047092425,1454.0520000000001,0.9151895014653162,11.789476342521013,60.0,9,1,16,53,0.7791871887916407,single resilient depot,2
nearest_first,severe_00,severe,2,5927.204,22393.616,28320.82,6763.0520000000015,1688.5120000000002,0.49502046772543024,1460.0520000000001,835.8480000000002,0.42752175949897664,7.381112487490426,60.0,6,1,20,53,0.7421579227160215,single resilient depot,2
nearest_first_post,severe_00,severe,2,5074.539999999999,22393.616,27468.156000000003,6763.0520000000015,1688.5120000000002,1.0000000000000013,1688.5120000000002,1688.5120000000002,0.0,10.177113668510781,60.0,7,1,15,53,0.7967858087957392,single resilient depot,2
access_opt,severe_00,severe,2,5074.539999999999,22393.616,27468.156000000003,6763.0520000000015,1688.5120000000002,1.0000000000000013,1688.5120000000002,1688.5120000000002,0.0,10.177113668510781,60.0,7,1,15,53,0.7967858087957392,single resilient depot,2
none,severe_01,severe,2,8592.872000000001,18686.836000000003,27279.708000000006,8592.872000000001,1578.08,0.0,0.0,0.0,0.0,0.0,60.0,0,1,24,54,0.7351469112229143,single resilient depot,2
proportional,severe_01,severe,2,7014.7919999999995,18686.836000000003,25701.628000000004,8592.872000000001,1578.08,1.000000000000001,23649.698618194245,1578.0800000000002,0.9332727226051859,15.72749030838039,60.0,13,1,15,54,0.8141839830447405,single resilient depot,2
nearest_first,severe_01,severe,2,7196.280000000001,18686.836000000003,25883.116,8592.872000000001,1578.08,0.8849944236033666,2072.2120000000004,1396.592,0.3260380694639352,10.401530842694125,60.0,9,1,18,54,0.7973113600759782,single resilient depot,2
nearest_first_post,severe_01,severe,2,7014.7919999999995,18686.836000000003,25701.628000000004,8592.872000000001,1578.08,1.000000000000001,1578.0800000000002,1578.0800000000002,0.0,12.211897541356294,60.0,9,1,15,54,0.8141839830447405,single resilient depot,2
access_opt,severe_01,severe,2,7014.7919999999995,18686.836000000003,25701.628000000004,8592.872000000001,1578.08,1.000000000000001,1578.0800000000002,1578.0800000000002,0.0,12.211897541356294,60.0,9,1,15,54,0.8141839830447405,single resilient depot,2
none,severe_02,severe,2,9780.096,16756.852000000003,26536.948000000004,9780.096,1604.56,0.0,0.0,0.0,0.0,0.0,60.0,0,1,24,52,0.7033774517494596,single resilient depot,2
proportional,severe_02,severe,2,8175.536,16756.852000000003,24932.388000000003,9780.096,1604.56,0.9999999999999997,21896.13099445961,1604.56,0.9267194738464981,14.007522343230143,60.0,12,1,16,52,0.7833077023907133,single resilient depot,2
nearest_first,severe_02,severe,2,8446.204,16756.852000000003,25203.056000000004,9780.096,1604.56,0.8313132572169316,1940.9080000000001,1333.892,0.31274846618180774,8.681562877543879,60.0,8,1,19,52,0.7596990380675551,single resilient depot,2
nearest_first_post,severe_02,severe,2,8175.536,16756.852000000003,24932.388000000003,9780.096,1604.56,0.9999999999999997,1604.56,1604.56,0.0,10.484351823603166,60.0,8,1,16,52,0.7833077023907133,single resilient depot,2
access_opt,severe_02,severe,2,8175.536,16756.852000000003,24932.388000000003,9780.096,1604.56,0.9999999999999997,1604.56,1604.56,0.0,10.484351823603166,60.0,8,1,16,52,0.7833077023907133,single resilient depot,2
none,severe_03,severe,2,7062.584000000001,21724.164,28786.748,7062.584000000001,1156.652,0.0,0.0,0.0,0.0,0.0,60.0,0,1,21,57,0.7474687454560883,single resilient depot,2
proportional,severe_03,severe,2,6085.036,21724.164,27809.2,7062.584000000001,1156.652,0.8451530797508677,19914.81913004969,977.548,0.9509135386258685,12.652142376005662,60.0,10,1,16,57,0.7981759223894318,single resilient depot,2
nearest_first,severe_03,severe,2,6428.812,21724.164,28152.976000000002,7062.584000000001,1156.652,0.5479366308967614,1869.0040000000001,633.7720000000002,0.6609038824957035,8.243778520975075,60.0,7,1,20,57,0.7563828882084714,single resilient depot,2
nearest_first_post,severe_03,severe,2,5905.932000000001,21724.164,27630.096,7062.584000000001,1156.652,1.0,1156.652,1156.652,0.0,10.330904909232997,60.0,7,1,14,57,0.8186173169072267,single resilient depot,2
access_opt,severe_03,severe,2,5905.932000000001,21724.164,27630.096,7062.584000000001,1156.652,1.0,1156.652,1156.652,0.0,10.330904909232997,60.0,7,1,14,57,0.8186173169072267,single resilient depot,2
none,severe_04,severe,2,8277.728000000001,17646.076,25923.804000000004,8277.728,1389.548,-1.3090511472405821e-15,0.0,0.0,0.0,0.0,60.0,0,1,22,53,0.737553798199535,single resilient depot,2
proportional,severe_04,severe,2,6888.18,17646.076,24534.256,8277.728,1389.548,0.9999999999999992,21896.13099445961,1389.548,0.9365391081944295,14.007522343230143,60.0,12,1,14,53,0.8193058765344639,single resilient depot,2
nearest_first,severe_04,severe,2,7158.848000000002,17646.076,24804.924000000003,8277.728,1389.548,0.8052114788405995,1940.9080000000001,1118.88,0.4235275448398378,8.681562877543879,60.0,8,1,17,53,0.7940521126700547,single resilient depot,2
nearest_first_post,severe_04,severe,2,6888.18,17646.076,24534.256,8277.728,1389.548,0.9999999999999992,1389.548,1389.548,0.0,10.484351823603166,60.0,8,1,14,53,0.8193058765344639,single resilient depot,2
access_opt,severe_04,severe,2,6888.18,17646.076,24534.256,8277.728,1389.548,0.9999999999999992,1389.548,1389.548,0.0,10.484351823603166,60.0,8,1,14,53,0.8193058765344639,single resilient depot,2
none,severe_05,severe,2,3936.716,33257.672000000006,37194.388000000006,3936.7159999999994,0.0,,0.0,0.0,0.0,0.0,60.0,0,1,14,58,0.7790872952102414,single resilient depot,2
proportional,severe_05,severe,2,3936.716,33257.672000000006,37194.388000000006,3936.7159999999994,0.0,,3000.0,0.0,1.0,0.5157896956046489,60.0,1,1,14,58,0.7790872952102414,single resilient depot,2
nearest_first,severe_05,severe,2,3936.716,33257.672000000006,37194.388000000006,3936.7159999999994,0.0,,73.64,0.0,1.0,0.5157896956046489,60.0,1,1,14,58,0.7790872952102414,single resilient depot,2
nearest_first_post,severe_05,severe,2,3936.716,33257.672000000006,37194.388000000006,3936.7159999999994,0.0,,0.0,0.0,0.0,0.0,60.0,0,1,14,58,0.7790872952102414,single resilient depot,2
access_opt,severe_05,severe,2,3936.716,33257.672000000006,37194.388000000006,3936.7159999999994,0.0,,0.0,0.0,0.0,0.0,60.0,0,1,14,58,0.7790872952102414,single resilient depot,2
none,severe_06,severe,2,9623.968,17677.156,27301.124,9623.968,1610.988,0.0,0.0,0.0,0.0,0.0,60.0,0,1,24,51,0.6951143649944074,single resilient depot,2
proportional,severe_06,severe,2,8120.18,17677.156,25797.336,9623.968,1610.988,0.9334569841612728,18518.76566574506,1503.788,0.9187965317374462,12.435912661246299,60.0,10,1,16,51,0.7743351129114004,single resilient depot,2
nearest_first,severe_06,severe,2,8395.384000000002,17677.156,26072.54,9623.968,1610.988,0.7626276545821563,1708.5880000000002,1228.584,0.2809360711886072,8.027548806215712,60.0,7,1,20,51,0.7485457050218831,single resilient depot,2
nearest_first_post,severe_06,severe,2,8012.9800000000005,17677.156,25690.136,9623.968,1610.988,1.0000000000000002,1610.9879999999998,1610.9879999999998,0.0,11.33933968284072,60.0,9,1,15,51,0.7869927889177838,single resilient depot,2
access_opt,severe_06,severe,2,8012.9800000000005,17677.156,25690.136,9623.968,1610.988,1.0000000000000002,1610.9879999999998,1610.9879999999998,0.0,11.33933968284072,60.0,9,1,15,51,0.7869927889177838,single resilient depot,2
none,severe_07,severe,2,9036.912,18301.584000000003,27338.496000000003,9036.912000000002,1411.2120000000002,1.2889554535717216e-15,0.0,0.0,0.0,0.0,60.0,0,1,24,49,0.7088616790132412,single resilient depot,2
proportional,severe_07,severe,2,7732.9,18301.584000000003,26034.484000000004,9036.912000000002,1411.2120000000002,0.9240369271236372,22443.079270398037,1304.0120000000002,0.9418969213498272,14.809894697724712,60.0,12,1,16,49,0.7792652682585067,single resilient depot,2
nearest_first,severe_07,severe,2,7914.388000000001,18301.584000000003,26215.972,9036.912000000002,1411.2120000000002,0.7954325785211585,2072.2120000000004,1122.5240000000001,0.45829673797854664,10.401530842694125,60.0,9,1,19,49,0.7603767529737162,single resilient depot,2
nearest_first_post,severe_07,severe,2,7625.700000000001,18301.584000000003,25927.284000000003,9036.912000000002,1411.2120000000002,1.0000000000000009,1411.212,1411.212,0.0,12.412871329265677,60.0,9,1,15,49,0.7915843260990659,single resilient depot,2
access_opt,severe_07,severe,2,7625.700000000001,18301.584000000003,25927.284000000003,9036.912000000002,1411.2120000000002,1.0000000000000009,1411.212,1411.212,0.0,12.412871329265677,60.0,9,1,15,49,0.7915843260990659,single resilient depot,2
none,severe_08,severe,2,7126.8640000000005,22661.940000000002,29788.804000000004,7126.864,794.676,-1.1444849243879622e-15,0.0,0.0,0.0,0.0,60.0,0,1,20,55,0.7364451204171116,single resilient depot,2
proportional,severe_08,severe,2,6439.388,22661.940000000002,29101.328,7126.864,794.676,0.8651022555104214,12680.79660838658,687.476,0.9457860557793877,8.538631919598,60.0,7,1,15,55,0.8036041800119732,single resilient depot,2
nearest_first,severe_08,severe,2,6752.344,22661.940000000002,29414.284000000003,7126.864,794.676,0.47128641106564123,623.0560000000002,374.5200000000001,0.3988983333761331,7.4524707250973,60.0,6,1,18,55,0.7690528081980307,single resilient depot,2
nearest_first_post,severe_08,severe,2,6332.188,22661.940000000002,28994.128000000004,7126.864,794.676,0.9999999999999993,794.676,794.676,0.0,7.661022265609565,60.0,6,1,14,55,0.8163203417933796,single resilient depot,2
access_opt,severe_08,severe,2,6332.188,22661.940000000002,28994.128000000004,7126.864,794.676,0.9999999999999993,794.676,794.676,0.0,7.661022265609565,60.0,6,1,14,55,0.8163203417933796,single resilient depot,2
none,severe_09,severe,2,6805.9000000000015,23812.32,30618.22,6805.9,1162.46,-1.5647759093180466e-15,0.0,0.0,0.0,0.0,60.0,0,1,19,50,0.7260791705156959,single resilient depot,2
proportional,severe_09,severe,2,5643.4400000000005,23812.32,29455.760000000002,6805.9,1162.46,0.9999999999999992,18930.263671381148,1162.46,0.9385925087901754,11.533545391620576,60.0,9,1,13,50,0.7982806676615406,single resilient depot,2
nearest_first,severe_09,severe,2,6100.224,23812.32,29912.544,6805.9,1162.46,0.6070540061593512,1692.372,705.6760000000002,0.5830254813953433,8.211342731090689,60.0,7,1,17,50,0.7515137611367707,single resilient depot,2
nearest_first_post,severe_09,severe,2,5643.4400000000005,23812.32,29455.760000000002,6805.9,1162.46,0.9999999999999992,1162.46,1162.46,0.0,9.498341981545328,60.0,6,1,13,50,0.7982806676615406,single resilient depot,2
access_opt,severe_09,severe,2,5643.4400000000005,23812.32,29455.760000000002,6805.9,1162.46,0.9999999999999992,1162.46,1162.46,0.0,9.498341981545328,60.0,6,1,13,50,0.7982806676615406,single resilient depot,2
none,severe_10,severe,2,8973.848,17669.036,26642.884,8973.848000000002,1353.852,1.3435659167662761e-15,0.0,0.0,0.0,0.0,60.0,0,1,23,51,0.7307990385319454,single resilient depot,2
proportional,severe_10,severe,2,7619.995999999999,17669.036,25289.032,8973.848000000002,1353.852,1.0000000000000018,22566.142428480962,1353.852,0.9400051646270171,15.073476237052219,60.0,12,1,15,51,0.8032394770891809,single resilient depot,2
nearest_first,severe_10,severe,2,7801.483999999999,17669.036,25470.519999999997,8973.848000000002,1353.852,0.8659469425018416,1839.8920000000003,1172.3640000000003,0.3628082517886919,9.747516771365959,60.0,8,1,18,51,0.7842642814648543,single resilient depot,2
nearest_first_post,severe_10,severe,2,7619.995999999999,17669.036,25289.032,8973.848000000002,1353.852,1.0000000000000018,1353.852,1353.852,0.0,11.557883470028127,60.0,8,1,15,51,0.8032394770891809,single resilient depot,2
access_opt,severe_10,severe,2,7619.995999999999,17669.036,25289.032,8973.848000000002,1353.852,1.0000000000000018,1353.852,1353.852,0.0,11.557883470028127,60.0,8,1,15,51,0.8032394770891809,single resilient depot,2
none,severe_11,severe,2,7846.1680000000015,20043.324,27889.492000000002,7846.1680000000015,1118.848,0.0,0.0,0.0,0.0,0.0,60.0,0,1,23,50,0.7332268898950288,single resilient depot,2
proportional,severe_11,severe,2,6727.3200000000015,20043.324,26770.644,7846.1680000000015,1118.848,1.0,23649.698618194245,1118.848,0.9526908136098088,15.72749030838039,60.0,13,1,15,50,0.8076296305383519,single resilient depot,2
nearest_first,severe_11,severe,2,6908.808000000001,20043.324,26952.132,7846.1680000000015,1118.848,0.8377902985928389,2072.2120000000004,937.3600000000001,0.5476524602695092,10.401530842694125,60.0,9,1,18,50,0.7892624183319686,single resilient depot,2
nearest_first_post,severe_11,severe,2,6727.3200000000015,20043.324,26770.644,7846.1680000000015,1118.848,1.0,1118.848,1118.848,0.0,11.557883470028127,60.0,8,1,15,50,0.8076296305383519,single resilient depot,2
access_opt,severe_11,severe,2,6727.3200000000015,20043.324,26770.644,7846.1680000000015,1118.848,1.0,1118.848,1118.848,0.0,11.557883470028127,60.0,8,1,15,50,0.8076296305383519,single resilient depot,2
none,severe_12,severe,2,7890.628000000001,19440.092,27330.72,7890.628000000001,1778.164,0.0,0.0,0.0,0.0,0.0,60.0,0,1,24,51,0.7185145034508462,single resilient depot,2
proportional,severe_12,severe,2,6219.664000000001,19440.092,25659.756,7890.628000000001,1778.164,0.9397130973296051,25244.389328333804,1670.964,0.9338084998505176,21.40287410280241,60.0,15,1,15,51,0.7982674256242946,single resilient depot,2
nearest_first,severe_12,severe,2,6584.628000000001,19440.092,26024.72,7890.628000000001,1778.164,0.7344654373837284,2823.928,1306.0000000000002,0.5375236195823689,12.49859896902148,60.0,10,1,19,51,0.7691797512586599,single resilient depot,2
nearest_first_post,severe_12,severe,2,6112.464,19440.092,25552.556,7890.628000000001,1778.164,1.0000000000000004,1778.1640000000002,1778.1640000000002,0.0,13.277694240394514,60.0,10,1,14,51,0.8102741363670688,single resilient depot,2
access_opt,severe_12,severe,2,6112.464,19440.092,25552.556,7890.628000000001,1778.164,1.0000000000000004,1778.1640000000002,1778.1640000000002,0.0,13.277694240394514,60.0,10,1,14,51,0.8102741363670688,single resilient depot,2
none,severe_13,severe,2,6975.152,23827.664,30802.816,6975.152,1631.448,0.0,0.0,0.0,0.0,0.0,60.0,0,1,21,49,0.7021053287435188,single resilient depot,2
proportional,severe_13,severe,2,5578.163999999999,23827.664,29405.828,6975.152,1631.448,0.8562871755642847,19500.883860904512,1396.988,0.9283628367839937,12.619706586121275,60.0,10,1,15,49,0.7662158715048051,single resilient depot,2
nearest_first,severe_13,severe,2,6269.476,23827.664,30097.14,6975.152,1631.448,0.43254581206388454,1692.372,705.6760000000002,0.5830254813953433,8.211342731090689,60.0,7,1,19,49,0.7253250770415789,single resilient depot,2
nearest_first_post,severe_13,severe,2,5343.704,23827.664,29171.368000000002,6975.152,1631.448,1.0000000000000002,1631.448,1631.448,0.0,10.35332984078288,60.0,7,1,14,49,0.7850902433040056,single resilient depot,2
access_opt,severe_13,severe,2,5343.704,23827.664,29171.368000000002,6975.152,1631.448,1.0000000000000002,1631.448,1631.448,0.0,10.35332984078288,60.0,7,1,14,49,0.7850902433040056,single resilient depot,2
none,severe_14,severe,2,7376.984,20900.488,28277.472,7376.984,1322.1840000000002,0.0,0.0,0.0,0.0,0.0,60.0,0,1,18,50,0.773314918881642,single resilient depot,2
proportional,severe_14,severe,2,6054.799999999999,20900.488,26955.288,7376.984,1322.1840000000002,1.0000000000000007,23620.88122046989,1322.1840000000002,0.9440247809698906,15.257270161927197,60.0,12,1,11,50,0.8351869531291026,single resilient depot,2
nearest_first,severe_14,severe,2,6664.156,20900.488,27564.644,7376.984,1322.1840000000002,0.5391291983566586,1823.6760000000002,712.8280000000002,0.6091257438273026,9.931310696240935,60.0,8,1,15,50,0.8028220866709549,single resilient depot,2
nearest_first_post,severe_14,severe,2,6054.799999999999,20900.488,26955.288,7376.984,1322.1840000000002,1.0000000000000007,1322.1840000000002,1322.1840000000002,0.0,11.218309946695575,60.0,7,1,11,50,0.8351869531291026,single resilient depot,2
access_opt,severe_14,severe,2,6054.799999999999,20900.488,26955.288,7376.984,1322.1840000000002,1.0000000000000007,1322.1840000000002,1322.1840000000002,0.0,11.218309946695575,60.0,7,1,11,50,0.8351869531291026,single resilient depot,2
none,severe_15,severe,2,8712.880000000001,18868.78,27581.66,8712.880000000001,1168.688,0.0,0.0,0.0,0.0,0.0,60.0,0,1,23,47,0.716560208141395,single resilient depot,2
proportional,severe_15,severe,2,7544.192000000001,18868.78,26412.972,8712.880000000001,1168.688,1.0,22566.142428480962,1168.688,0.9482105546526647,15.073476237052219,60.0,12,1,15,47,0.7900477395590148,single resilient depot,2
nearest_first,severe_15,severe,2,7725.68,18868.78,26594.46,8712.880000000001,1168.688,0.8447079117779943,1839.8920000000003,987.2000000000002,0.46344676752765923,9.747516771365959,60.0,8,1,18,47,0.7712038462339034,single resilient depot,2
nearest_first_post,severe_15,severe,2,7544.192000000001,18868.78,26412.972,8712.880000000001,1168.688,1.0,1168.688,1168.688,0.0,11.557883470028127,60.0,8,1,15,47,0.7900477395590148,single resilient depot,2
access_opt,severe_15,severe,2,7544.192000000001,18868.78,26412.972,8712.880000000001,1168.688,1.0,1168.688,1168.688,0.0,11.557883470028127,60.0,8,1,15,47,0.7900477395590148,single resilient depot,2
none,severe_16,severe,2,7073.664000000001,22853.543999999998,29927.208,7073.664000000001,687.476,0.0,0.0,0.0,0.0,0.0,60.0,0,1,19,54,0.7709226536965113,single resilient depot,2
proportional,severe_16,severe,2,6386.187999999999,22853.543999999998,29239.731999999996,7073.664000000001,687.476,1.0000000000000022,14885.72280118737,687.476,0.9538164179743316,9.456227530253676,60.0,8,1,14,54,0.8366230044437204,single resilient depot,2
nearest_first,severe_16,severe,2,6699.143999999999,22853.543999999998,29552.688,7073.664000000001,687.476,0.5447753812496747,623.0560000000002,374.5200000000001,0.3988983333761331,7.4524707250973,60.0,6,1,17,54,0.8051760951446689,single resilient depot,2
nearest_first_post,severe_16,severe,2,6386.187999999999,22853.543999999998,29239.731999999996,7073.664000000001,687.476,1.0000000000000022,687.476,687.476,0.0,6.806034406372014,60.0,5,1,14,54,0.8366230044437204,single resilient depot,2
access_opt,severe_16,severe,2,6386.187999999999,22853.543999999998,29239.731999999996,7073.664000000001,687.476,1.0000000000000022,687.476,687.476,0.0,6.806034406372014,60.0,5,1,14,54,0.8366230044437204,single resilient depot,2
none,severe_17,severe,2,8477.868,20000.54,28478.408000000003,8477.867999999999,1168.688,-1.5564371359557523e-15,0.0,0.0,0.0,0.0,60.0,0,1,22,51,0.7302312463691975,single resilient depot,2
proportional,severe_17,severe,2,7309.18,20000.54,27309.72,8477.867999999999,1168.688,0.9999999999999984,22566.142428480962,1168.688,0.9482105546526647,15.073476237052219,60.0,12,1,14,51,0.7997318756145768,single resilient depot,2
nearest_first,severe_17,severe,2,7490.668000000001,20000.54,27491.208000000002,8477.867999999999,1168.688,0.844707911777992,1839.8920000000003,987.2000000000002,0.46344676752765923,9.747516771365959,60.0,8,1,17,51,0.7809180267181512,single resilient depot,2
nearest_first_post,severe_17,severe,2,7309.18,20000.54,27309.72,8477.867999999999,1168.688,0.9999999999999984,1168.688,1168.688,0.0,11.557883470028127,60.0,8,1,14,51,0.7997318756145768,single resilient depot,2
access_opt,severe_17,severe,2,7309.18,20000.54,27309.72,8477.867999999999,1168.688,0.9999999999999984,1168.688,1168.688,0.0,11.557883470028127,60.0,8,1,14,51,0.7997318756145768,single resilient depot,2
none,severe_18,severe,2,8882.696,19711.384000000002,28594.08,8882.696,1226.048,0.0,0.0,0.0,0.0,0.0,60.0,0,1,25,52,0.710120766885313,single resilient depot,2
proportional,severe_18,severe,2,7763.847999999999,19711.384000000002,27475.232,8882.696,1226.048,0.9125645977971506,22443.079270398037,1118.848,0.950147304364079,14.809894697724712,60.0,12,1,17,52,0.7773100612004396,single resilient depot,2
nearest_first,severe_18,severe,2,7945.335999999999,19711.384000000002,27656.72,8882.696,1226.048,0.7645377668737281,2072.2120000000004,937.3600000000001,0.5476524602695092,10.401530842694125,60.0,9,1,20,52,0.7594748660798107,single resilient depot,2
nearest_first_post,severe_18,severe,2,7656.647999999999,19711.384000000002,27368.032,8882.696,1226.048,1.0000000000000007,1226.048,1226.048,0.0,12.412871329265677,60.0,9,1,16,52,0.7887980702057185,single resilient depot,2
access_opt,severe_18,severe,2,7656.647999999999,19711.384000000002,27368.032,8882.696,1226.048,1.0000000000000007,1226.048,1226.048,0.0,12.412871329265677,60.0,9,1,16,52,0.7887980702057185,single resilient depot,2
none,severe_19,severe,2,7178.136,19868.268,27046.404000000002,7178.136,1226.048,0.0,0.0,0.0,0.0,0.0,60.0,0,1,24,49,0.7158740427350284,single resilient depot,2
proportional,severe_19,severe,2,6059.288,19868.268,25927.556,7178.136,1226.048,0.9125645977971506,22443.079270398037,1118.848,0.950147304364079,14.809894697724712,60.0,12,1,16,49,0.7860386327516619,single resilient depot,2
nearest_first,severe_19,severe,2,6240.776,19868.268,26109.044,7178.136,1226.048,0.7645377668737281,2072.2120000000004,937.3600000000001,0.5476524602695092,10.401530842694125,60.0,9,1,19,49,0.7672380342516065,single resilient depot,2
nearest_first_post,severe_19,severe,2,5952.088,19868.268,25820.356,7178.136,1226.048,1.0000000000000007,1226.048,1226.048,0.0,12.412871329265677,60.0,9,1,15,49,0.7981226512307341,single resilient depot,2
access_opt,severe_19,severe,2,5952.088,19868.268,25820.356,7178.136,1226.048,1.0000000000000007,1226.048,1226.048,0.0,12.412871329265677,60.0,9,1,15,49,0.7981226512307341,single resilient depot,2
none,mild_00,mild,4,12355.224,2290.904,14646.128,12355.224,11864.820000000002,0.0,0.0,0.0,0.0,0.0,120.0,0,1,35,7,0.6804559159744109,single resilient depot,4
proportional,mild_00,mild,4,3721.759698488787,2290.904,6012.663698488786,12355.224,11864.820000000002,0.7276523623208115,26950.44047075865,8633.464301511214,0.6796540557146529,117.28463809771657,120.0,50,1,17,7,0.8513942249075462,single resilient depot,4
nearest_first,mild_00,mild,4,4335.852000000001,2290.904,6626.756000000001,12355.224,11864.820000000002,0.6758949566870798,9997.004000000003,8019.372000000001,0.1978224676112964,102.16949331509846,120.0,37,1,18,7,0.8509189573398955,single resilient depot,4
nearest_first_post,mild_00,mild,4,490.404,2290.904,2781.308,12355.224,11864.820000000002,0.9999999999999999,11864.820000000002,11864.820000000002,0.0,92.20162683703745,120.0,34,1,1,7,0.9861111111111109,single resilient depot,4
access_opt,mild_00,mild,4,490.404,2290.904,2781.308,12355.224,11864.820000000002,0.9999999999999999,11864.820000000002,11864.820000000002,0.0,92.20162683703745,120.0,34,1,1,7,0.9861111111111109,single resilient depot,4
none,mild_01,mild,4,12086.94,2290.904,14377.844000000001,12086.94,11596.536000000002,0.0,0.0,0.0,0.0,0.0,120.0,0,1,36,7,0.6875327198728768,single resilient depot,4
proportional,mild_01,mild,4,3767.925040118566,2290.904,6058.829040118566,12086.94,11596.536000000002,0.7173706837870751,27019.19382658198,8319.014959881435,0.692107210404737,118.67772467035903,120.0,51,1,17,7,0.8533455629907248,single resilient depot,4
nearest_first,mild_01,mild,4,3943.9360000000006,2290.904,6234.84,12086.94,11596.536000000002,0.7021927927443159,10128.308000000003,8143.004000000001,0.19601536604139624,103.56257988774091,120.0,38,1,16,7,0.8747908706034018,single resilient depot,4
nearest_first_post,mild_01,mild,4,490.404,2290.904,2781.308,12086.94,11596.536000000002,0.9999999999999999,11596.536000000002,11596.536000000002,0.0,93.5947134096799,120.0,35,1,1,7,0.9863013698630138,single resilient depot,4
access_opt,mild_01,mild,4,490.404,2290.904,2781.308,12086.94,11596.536000000002,0.9999999999999999,11596.536000000002,11596.536000000002,0.0,93.5947134096799,120.0,35,1,1,7,0.9863013698630138,single resilient depot,4
none,mild_02,mild,4,10623.372000000003,581.7560000000001,11205.128000000002,10623.372000000003,10623.372000000003,0.0,0.0,0.0,0.0,0.0,120.0,0,1,38,0,0.6881964905725689,single resilient depot,4
proportional,mild_02,mild,4,2832.655214397927,581.7560000000001,3414.4112143979273,10623.372000000003,10623.372000000003,0.7333563002031817,26847.912071885166,7790.716785602072,0.7098203851106759,117.60008652398285,120.0,55,1,15,0,0.8790709895051743,single resilient depot,4
nearest_first,mild_02,mild,4,1244.5119999999997,581.7560000000001,1826.2679999999998,10623.372000000003,10623.372000000003,0.8828515089182607,10557.124000000002,9378.860000000002,0.11160842668893523,103.42653374608581,120.0,40,1,7,0,0.9545209171299603,single resilient depot,4
nearest_first_post,mild_02,mild,4,0.0,581.7560000000001,581.7560000000001,10623.372000000003,10623.372000000003,1.0,10623.372000000003,10623.372000000003,0.0,95.05765037038334,120.0,38,1,0,0,0.0,single resilient depot,4
access_opt,mild_02,mild,4,0.0,581.7560000000001,581.7560000000001,10623.372000000003,10623.372000000003,1.0,10623.372000000003,10623.372000000003,0.0,95.05765037038334,120.0,38,1,0,0,0.0,single resilient depot,4
none,mild_03,mild,4,10578.472000000003,872.732,11451.204000000003,10578.472000000003,10578.472000000003,0.0,0.0,0.0,0.0,0.0,120.0,0,1,37,0,0.6964632111625947,single resilient depot,4
proportional,mild_03,mild,4,3000.9832143979274,872.732,3873.7152143979274,10578.472000000003,10578.472000000003,0.7163122221812445,26336.652417255333,7577.488785602073,0.7122835254249158,118.36867241698943,120.0,53,1,15,0,0.8801886813304403,single resilient depot,4
nearest_first,mild_03,mild,4,1484.248,872.732,2356.98,10578.472000000003,10578.472000000003,0.8596916454474711,10557.124000000002,9094.224000000002,0.13856993628188885,108.03523328005579,120.0,40,1,8,0,0.9466812785059627,single resilient depot,4
nearest_first_post,mild_03,mild,4,0.0,872.732,872.732,10578.472000000003,10578.472000000003,1.0,10578.472000000003,10578.472000000003,0.0,95.8697075541487,120.0,37,1,0,0,0.0,single resilient depot,4
access_opt,mild_03,mild,4,0.0,872.732,872.732,10578.472000000003,10578.472000000003,1.0,10578.472000000003,10578.472000000003,0.0,95.8697075541487,120.0,37,1,0,0,0.0,single resilient depot,4
none,mild_04,mild,4,12088.616000000004,1555.26,13643.876000000004,12088.616,12088.616000000002,-3.009425402454435e-16,0.0,0.0,0.0,0.0,120.0,0,1,36,2,0.6973672136794932,single resilient depot,4
proportional,mild_04,mild,4,3293.63890865119,1555.26,4848.89890865119,12088.616,12088.616000000002,0.7275421017053407,26693.91032923845,8794.977091348812,0.6705249630768606,119.09265264204949,120.0,52,1,16,2,0.8601975920061087,single resilient depot,4
nearest_first,mild_04,mild,4,2996.1359999999995,1555.26,4551.396,12088.616,12088.616000000002,0.7521522728491002,10312.844000000003,9092.480000000001,0.11833437992468432,107.19724450190573,120.0,39,1,11,2,0.9212190675802777,single resilient depot,4
nearest_first_post,mild_04,mild,4,0.0,1555.26,1555.26,12088.616,12088.616000000002,0.9999999999999999,12088.616000000004,12088.616000000004,0.0,95.03171877599864,120.0,36,1,0,2,0.0,single resilient depot,4
access_opt,mild_04,mild,4,0.0,1555.26,1555.26,12088.616,12088.616000000002,0.9999999999999999,12088.616000000004,12088.616000000004,0.0,95.03171877599864,120.0,36,1,0,2,0.0,single resilient depot,4
none,mild_05,mild,4,12188.431999999999,2612.428,14800.859999999999,12188.431999999999,11698.028,0.0,0.0,0.0,0.0,0.0,120.0,0,1,35,9,0.6965815181356595,single resilient depot,4
proportional,mild_05,mild,4,3609.8723732234607,2612.428,6222.300373223461,12188.431999999999,11698.028,0.7333338257334089,26993.440171954506,8578.55962677654,0.6821983573738984,118.25152670068836,120.0,50,1,14,9,0.8606745288502732,single resilient depot,4
nearest_first,mild_05,mild,4,4329.272000000001,2612.428,6941.700000000001,12188.431999999999,11698.028,0.6718363129238533,10002.116000000004,7859.160000000002,0.21425026464400143,100.86147155403638,120.0,37,1,17,9,0.8680450952077278,single resilient depot,4
nearest_first_post,mild_05,mild,4,490.404,2612.428,3102.832,12188.431999999999,11698.028,0.9999999999999999,11698.028,11698.028,0.0,91.56843618641912,120.0,34,1,1,9,0.9859154929577465,single resilient depot,4
access_opt,mild_05,mild,4,490.404,2612.428,3102.832,12188.431999999999,11698.028,0.9999999999999999,11698.028,11698.028,0.0,91.56843618641912,120.0,34,1,1,9,0.9859154929577465,single resilient depot,4
none,mild_06,mild,4,10763.320000000003,528.808,11292.128000000004,10763.320000000003,10763.320000000002,0.0,0.0,0.0,0.0,0.0,120.0,0,1,37,1,0.6873774455627003,single resilient depot,4
proportional,mild_06,mild,4,2848.0589602345576,528.808,3376.8669602345576,10763.320000000003,10763.320000000002,0.7353921503556008,26975.651899637814,7915.261039765442,0.7065775808045731,117.60008652398285,120.0,55,1,14,1,0.8806058118264753,single resilient depot,4
nearest_first,mild_06,mild,4,1398.6799999999998,528.808,1927.4879999999998,10763.320000000003,10763.320000000002,0.8700512481279012,10430.932000000003,9364.640000000001,0.10222403904080679,99.52284972388249,120.0,39,1,10,1,0.9295362869067113,single resilient depot,4
nearest_first_post,mild_06,mild,4,0.0,528.808,528.808,10763.320000000003,10763.320000000002,1.0000000000000002,10763.320000000003,10763.320000000003,0.0,91.15396634818002,120.0,37,1,0,1,0.0,single resilient depot,4
access_opt,mild_06,mild,4,0.0,528.808,528.808,10763.320000000003,10763.320000000002,1.0000000000000002,10763.320000000003,10763.320000000003,0.0,91.15396634818002,120.0,37,1,0,1,0.0,single resilient depot,4
none,mild_07,mild,4,12214.296,1693.468,13907.764000000001,12214.296,12214.296,0.0,0.0,0.0,0.0,0.0,120.0,0,1,35,3,0.6779536656757357,single resilient depot,4
proportional,mild_07,mild,4,3376.1662007844866,1693.468,5069.634200784487,12214.296,12214.296,0.7235889648667032,26243.185238268645,8838.129799215516,0.663221910032191,116.27367549136558,120.0,51,1,17,3,0.8436646717425547,single resilient depot,4
nearest_first,mild_07,mild,4,3565.8520000000003,1693.468,5259.320000000001,12214.296,12214.296,0.7080591464297246,10425.820000000002,8648.444000000003,0.1704782933140988,108.86712367218018,120.0,39,1,14,3,0.8836687640740227,single resilient depot,4
nearest_first_post,mild_07,mild,4,0.0,1693.468,1693.468,12214.296,12214.296,1.0,12214.296,12214.296,0.0,95.66278064791149,120.0,35,1,0,3,0.0,single resilient depot,4
access_opt,mild_07,mild,4,0.0,1693.468,1693.468,12214.296,12214.296,1.0,12214.296,12214.296,0.0,95.66278064791149,120.0,35,1,0,3,0.0,single resilient depot,4
none,mild_08,mild,4,12088.616000000004,1555.26,13643.876000000004,12088.616,12088.616000000002,-3.009425402454435e-16,0.0,0.0,0.0,0.0,120.0,0,1,36,2,0.6973672136794932,single resilient depot,4
proportional,mild_08,mild,4,3293.63890865119,1555.26,4848.89890865119,12088.616,12088.616000000002,0.7275421017053407,26693.91032923845,8794.977091348812,0.6705249630768606,119.09265264204949,120.0,52,1,16,2,0.8601975920061087,single resilient depot,4
nearest_first,mild_08,mild,4,2996.1359999999995,1555.26,4551.396,12088.616,12088.616000000002,0.7521522728491002,10312.844000000003,9092.480000000001,0.11833437992468432,107.19724450190573,120.0,39,1,11,2,0.9212190675802777,single resilient depot,4
nearest_first_post,mild_08,mild,4,0.0,1555.26,1555.26,12088.616,12088.616000000002,0.9999999999999999,12088.616000000004,12088.616000000004,0.0,95.03171877599864,120.0,36,1,0,2,0.0,single resilient depot,4
access_opt,mild_08,mild,4,0.0,1555.26,1555.26,12088.616,12088.616000000002,0.9999999999999999,12088.616000000004,12088.616000000004,0.0,95.03171877599864,120.0,36,1,0,2,0.0,single resilient depot,4
none,mild_09,mild,4,12765.376000000002,1469.776,14235.152000000002,12765.376000000002,12765.376000000002,0.0,0.0,0.0,0.0,0.0,120.0,0,1,35,2,0.6824731627186699,single resilient depot,4
proportional,mild_09,mild,4,3550.6527912114484,1469.776,5020.428791211449,12765.376000000002,12765.376000000002,0.7218528626801555,26645.965492591822,9214.723208788553,0.65417942122043,116.47817960858536,120.0,51,1,16,2,0.8653126326275989,single resilient depot,4
nearest_first,mild_09,mild,4,3682.8959999999993,1469.776,5152.672,12765.376000000002,12765.376000000002,0.7114933394833025,10425.820000000002,9082.480000000001,0.12884741919580422,108.22381790776893,120.0,39,1,12,2,0.9055805090317326,single resilient depot,4
nearest_first_post,mild_09,mild,4,0.0,1469.776,1469.776,12765.376000000002,12765.376000000002,1.0,12765.376000000002,12765.376000000002,0.0,92.41724574253452,120.0,35,1,0,2,0.0,single resilient depot,4
access_opt,mild_09,mild,4,0.0,1469.776,1469.776,12765.376000000002,12765.376000000002,1.0,12765.376000000002,12765.376000000002,0.0,92.41724574253452,120.0,35,1,0,2,0.0,single resilient depot,4
none,mild_10,mild,4,10821.000000000004,471.12800000000004,11292.128000000004,10821.000000000004,10821.000000000002,0.0,0.0,0.0,0.0,0.0,120.0,0,1,37,1,0.6864309960789646,single resilient depot,4
proportional,mild_10,mild,4,2848.0589602345576,471.12800000000004,3319.186960234558,10821.000000000004,10821.000000000002,0.7368026097186439,26975.651899637814,7972.941039765442,0.704439356296984,117.60008652398285,120.0,55,1,14,1,0.8806058118264753,single resilient depot,4
nearest_first,mild_10,mild,4,1398.6799999999998,471.12800000000004,1869.808,10821.000000000004,10821.000000000002,0.8707439238517699,10430.932000000003,9422.320000000002,0.09669433182001386,99.52284972388249,120.0,39,1,10,1,0.9295362869067113,single resilient depot,4
nearest_first_post,mild_10,mild,4,0.0,471.12800000000004,471.12800000000004,10821.000000000004,10821.000000000002,1.0000000000000002,10821.000000000004,10821.000000000004,0.0,91.15396634818002,120.0,37,1,0,1,0.0,single resilient depot,4
access_opt,mild_10,mild,4,0.0,471.12800000000004,471.12800000000004,10821.000000000004,10821.000000000002,1.0000000000000002,10821.000000000004,10821.000000000004,0.0,91.15396634818002,120.0,37,1,0,1,0.0,single resilient depot,4
none,mild_11,mild,4,13226.676000000001,2844.632,16071.308,13226.676000000001,12736.272000000003,0.0,0.0,0.0,0.0,0.0,120.0,0,1,36,8,0.681856868144629,single resilient depot,4
proportional,mild_11,mild,4,4080.8588546025508,2844.632,6925.490854602551,13226.676000000001,12736.272000000003,0.7180921658549259,26723.19521676372,9145.817145397452,0.6577573500769027,117.61717216468926,120.0,49,1,13,8,0.8725310428607786,single resilient depot,4
nearest_first,mild_11,mild,4,5425.196,2844.632,8269.828,13226.676000000001,12736.272000000003,0.6125403100687548,9870.812000000004,7801.480000000001,0.20964151682759247,99.4707247350489,120.0,36,1,17,8,0.8600902993540179,single resilient depot,4
nearest_first_post,mild_11,mild,4,490.404,2844.632,3335.036,13226.676000000001,12736.272000000003,0.9999999999999999,12736.272000000003,12736.272000000003,0.0,94.73386816618549,120.0,35,1,1,8,0.9855072463768116,single resilient depot,4
access_opt,mild_11,mild,4,490.404,2844.632,3335.036,13226.676000000001,12736.272000000003,0.9999999999999999,12736.272000000003,12736.272000000003,0.0,94.73386816618549,120.0,35,1,1,8,0.9855072463768116,single resilient depot,4
none,mild_12,mild,4,12521.828,1345.176,13867.003999999999,12521.828,12521.828,0.0,0.0,0.0,0.0,0.0,120.0,0,1,33,1,0.7056584212865167,single resilient depot,4
proportional,mild_12,mild,4,3706.866556539536,1345.176,5052.042556539536,12521.828,12521.828,0.7039676190617267,26556.409484313,8814.961443460463,0.6680665189822629,116.61517821106929,120.0,51,1,16,1,0.8465507707019575,single resilient depot,4
nearest_first,mild_12,mild,4,3662.987999999999,1345.176,5008.163999999999,12521.828,12521.828,0.7074717844710853,10186.652000000002,8858.840000000002,0.13034822432335957,104.59784163236209,120.0,38,1,13,1,0.8962382532222245,single resilient depot,4
nearest_first_post,mild_12,mild,4,0.0,1345.176,1345.176,12521.828,12521.828,1.0,12521.828,12521.828,0.0,87.07130150197743,120.0,33,1,0,1,0.0,single resilient depot,4
access_opt,mild_12,mild,4,0.0,1345.176,1345.176,12521.828,12521.828,1.0,12521.828,12521.828,0.0,87.07130150197743,120.0,33,1,0,1,0.0,single resilient depot,4
none,mild_13,mild,4,10623.372000000003,612.164,11235.536000000004,10623.372000000003,10623.372000000003,0.0,0.0,0.0,0.0,0.0,120.0,0,1,38,0,0.6881964905725689,single resilient depot,4
proportional,mild_13,mild,4,2832.655214397927,612.164,3444.8192143979268,10623.372000000003,10623.372000000003,0.7333563002031817,26847.912071885166,7790.716785602072,0.7098203851106759,117.60008652398285,120.0,55,1,15,0,0.8790709895051743,single resilient depot,4
nearest_first,mild_13,mild,4,1244.5119999999997,612.164,1856.6759999999997,10623.372000000003,10623.372000000003,0.8828515089182607,10557.124000000002,9378.860000000002,0.11160842668893523,103.42653374608581,120.0,40,1,7,0,0.9545209171299603,single resilient depot,4
nearest_first_post,mild_13,mild,4,0.0,612.164,612.164,10623.372000000003,10623.372000000003,1.0,10623.372000000003,10623.372000000003,0.0,95.05765037038334,120.0,38,1,0,0,0.0,single resilient depot,4
access_opt,mild_13,mild,4,0.0,612.164,612.164,10623.372000000003,10623.372000000003,1.0,10623.372000000003,10623.372000000003,0.0,95.05765037038334,120.0,38,1,0,0,0.0,single resilient depot,4
none,mild_14,mild,4,12096.884000000002,1516.9840000000002,13613.868000000002,12096.884000000002,12096.884000000002,0.0,0.0,0.0,0.0,0.0,120.0,0,1,37,3,0.6915140456963631,single resilient depot,4
proportional,mild_14,mild,4,3268.4546753318514,1516.9840000000002,4785.438675331851,12096.884000000002,12096.884000000002,0.7298101994421166,26317.445308337177,8828.42932466815,0.6645407933318145,117.66676206400801,120.0,52,1,16,3,0.8614514902543189,single resilient depot,4
nearest_first,mild_14,mild,4,2890.771999999999,1516.9840000000002,4407.755999999999,12096.884000000002,12096.884000000002,0.7610316838617285,10557.124000000002,9206.112000000001,0.12797159529432456,109.61690448041138,120.0,40,1,11,3,0.9239764798426927,single resilient depot,4
nearest_first_post,mild_14,mild,4,0.0,1516.9840000000002,1516.9840000000002,12096.884000000002,12096.884000000002,1.0,12096.884000000002,12096.884000000002,0.0,97.45137875450429,120.0,37,1,0,3,0.0,single resilient depot,4
access_opt,mild_14,mild,4,0.0,1516.9840000000002,1516.9840000000002,12096.884000000002,12096.884000000002,1.0,12096.884000000002,12096.884000000002,0.0,97.45137875450429,120.0,37,1,0,3,0.0,single resilient depot,4
none,mild_15,mild,4,12251.624000000002,1829.7160000000003,14081.340000000002,12251.624000000002,12251.624000000002,0.0,0.0,0.0,0.0,0.0,120.0,0,1,34,3,0.7001834153173679,single resilient depot,4
proportional,mild_15,mild,4,3161.3862220553506,1829.7160000000003,4991.102222055351,12251.624000000002,12251.624000000002,0.7419618638267588,26759.34153236968,9090.237777944649,0.660296656890882,118.67696582955892,120.0,51,1,16,3,0.8537711665557479,single resilient depot,4
nearest_first,mild_15,mild,4,3409.163999999999,1829.7160000000003,5238.879999999999,12251.624000000002,12251.624000000002,0.7217377875782021,10055.348000000002,8842.460000000003,0.12062118586049919,102.87787366721184,120.0,37,1,14,3,0.8912136981547917,single resilient depot,4
nearest_first_post,mild_15,mild,4,0.0,1829.7160000000003,1829.7160000000003,12251.624000000002,12251.624000000002,1.0,12251.624000000002,12251.624000000002,0.0,90.71234794130476,120.0,34,1,0,3,0.0,single resilient depot,4
access_opt,mild_15,mild,4,0.0,1829.7160000000003,1829.7160000000003,12251.624000000002,12251.624000000002,1.0,12251.624000000002,12251.624000000002,0.0,90.71234794130476,120.0,34,1,0,3,0.0,single resilient depot,4
none,mild_16,mild,4,12073.636,1410.3600000000001,13483.996000000001,12073.636,12073.636,0.0,0.0,0.0,0.0,0.0,120.0,0,1,35,1,0.70289679061892,single resilient depot,4
proportional,mild_16,mild,4,3208.485187549729,1410.3600000000001,4618.8451875497285,12073.636,12073.636,0.7342569224755717,26393.804507303787,8865.15081245027,0.6641200093000206,118.87924227869762,120.0,52,1,16,1,0.8569958212429715,single resilient depot,4
nearest_first,mild_16,mild,4,3101.1639999999993,1410.3600000000001,4511.523999999999,12073.636,12073.636,0.7431458095970428,10430.932000000003,8972.472000000003,0.13982067949441135,107.01750161086774,120.0,39,1,14,1,0.8965766161719328,single resilient depot,4
nearest_first_post,mild_16,mild,4,0.0,1410.3600000000001,1410.3600000000001,12073.636,12073.636,1.0,12073.636,12073.636,0.0,93.1320079198104,120.0,35,1,0,1,0.0,single resilient depot,4
access_opt,mild_16,mild,4,0.0,1410.3600000000001,1410.3600000000001,12073.636,12073.636,1.0,12073.636,12073.636,0.0,93.1320079198104,120.0,35,1,0,1,0.0,single resilient depot,4
none,mild_17,mild,4,11578.072000000002,980.8679999999999,12558.940000000002,11578.072000000002,11578.072000000002,0.0,0.0,0.0,0.0,0.0,120.0,0,1,37,0,0.7018341040537851,single resilient depot,4
proportional,mild_17,mild,4,3288.570044778958,980.8679999999999,4269.438044778958,11578.072000000002,11578.072000000002,0.715965659500221,26336.652417255333,8289.501955221041,0.6852484581605406,119.5617469195238,120.0,53,1,17,0,0.8650985174269724,single resilient depot,4
nearest_first,mild_17,mild,4,2355.5799999999995,980.8679999999999,3336.4479999999994,11578.072000000002,11578.072000000002,0.7965481644957814,10557.124000000002,9222.492000000002,0.12642003636596477,109.61690448041138,120.0,40,1,9,0,0.9394166724529251,single resilient depot,4
nearest_first_post,mild_17,mild,4,0.0,980.8679999999999,980.8679999999999,11578.072000000002,11578.072000000002,1.0,11578.072000000002,11578.072000000002,0.0,97.45137875450429,120.0,37,1,0,0,0.0,single resilient depot,4
access_opt,mild_17,mild,4,0.0,980.8679999999999,980.8679999999999,11578.072000000002,11578.072000000002,1.0,11578.072000000002,11578.072000000002,0.0,97.45137875450429,120.0,37,1,0,0,0.0,single resilient depot,4
none,mild_18,mild,4,10763.320000000003,528.808,11292.128000000004,10763.320000000003,10763.320000000002,0.0,0.0,0.0,0.0,0.0,120.0,0,1,37,1,0.6873774455627003,single resilient depot,4
proportional,mild_18,mild,4,2848.0589602345576,528.808,3376.8669602345576,10763.320000000003,10763.320000000002,0.7353921503556008,26975.651899637814,7915.261039765442,0.7065775808045731,117.60008652398285,120.0,55,1,14,1,0.8806058118264753,single resilient depot,4
nearest_first,mild_18,mild,4,1398.6799999999998,528.808,1927.4879999999998,10763.320000000003,10763.320000000002,0.8700512481279012,10430.932000000003,9364.640000000001,0.10222403904080679,99.52284972388249,120.0,39,1,10,1,0.9295362869067113,single resilient depot,4
nearest_first_post,mild_18,mild,4,0.0,528.808,528.808,10763.320000000003,10763.320000000002,1.0000000000000002,10763.320000000003,10763.320000000003,0.0,91.15396634818002,120.0,37,1,0,1,0.0,single resilient depot,4
access_opt,mild_18,mild,4,0.0,528.808,528.808,10763.320000000003,10763.320000000002,1.0000000000000002,10763.320000000003,10763.320000000003,0.0,91.15396634818002,120.0,37,1,0,1,0.0,single resilient depot,4
none,mild_19,mild,4,12271.244000000002,2314.508,14585.752000000002,12271.244000000002,11780.840000000002,0.0,0.0,0.0,0.0,0.0,120.0,0,1,34,8,0.6846339607923942,single resilient depot,4
proportional,mild_19,mild,4,3362.044362612977,2314.508,5676.552362612976,12271.244000000002,11780.840000000002,0.7562448549837724,26928.44643153572,8909.199637387024,0.6691528543973662,117.66178164641262,120.0,49,1,13,8,0.8689111609887319,single resilient depot,4
nearest_first,mild_19,mild,4,4291.652,2314.508,6606.16,12271.244000000002,11780.840000000002,0.6773364208324705,9795.104000000001,7979.5920000000015,0.18534892534065994,100.27172649976065,120.0,36,1,16,8,0.8719456564706994,single resilient depot,4
nearest_first_post,mild_19,mild,4,490.404,2314.508,2804.912,12271.244000000002,11780.840000000002,1.0,11780.840000000002,11780.840000000002,0.0,89.25877162276417,120.0,33,1,1,8,0.9855072463768116,single resilient depot,4
access_opt,mild_19,mild,4,490.404,2314.508,2804.912,12271.244000000002,11780.840000000002,1.0,11780.840000000002,11780.840000000002,0.0,89.25877162276417,120.0,33,1,1,8,0.9855072463768116,single resilient depot,4
none,moderate_00,moderate,4,12176.336000000001,9577.456,21753.792,12176.336000000003,3283.008,5.540618248709283e-16,0.0,0.0,0.0,0.0,120.0,0,1,31,50,0.6690057914701346,single resilient depot,4
proportional,moderate_00,moderate,4,8893.328,9577.456,18470.784,12176.336000000003,3283.008,1.000000000000001,27189.365123636795,3283.008,0.8792539662080616,23.54888513663009,120.0,17,1,19,50,0.7716485001459191,single resilient depot,4
nearest_first,moderate_00,moderate,4,9540.504,9577.456,19117.96,12176.336000000003,3283.008,0.8028710255960395,3002.7,2635.8319999999994,0.12217937189862471,13.727014392193485,120.0,11,1,25,50,0.7413330768547364,single resilient depot,4
nearest_first_post,moderate_00,moderate,4,8893.328,9577.456,18470.784,12176.336000000003,3283.008,1.000000000000001,3283.008,3283.008,0.0,15.429130084319112,120.0,12,1,19,50,0.7716485001459191,single resilient depot,4
access_opt,moderate_00,moderate,4,8893.328,9577.456,18470.784,12176.336000000003,3283.008,1.000000000000001,3283.008,3283.008,0.0,15.429130084319112,120.0,12,1,19,50,0.7716485001459191,single resilient depot,4
none,moderate_01,moderate,4,12790.368000000002,10449.936,23240.304000000004,12790.368,2968.6480000000006,-6.127332723670358e-16,0.0,0.0,0.0,0.0,120.0,0,1,30,51,0.6707310211804433,single resilient depot,4
proportional,moderate_01,moderate,4,9928.92,10449.936,20378.856,12790.368,2968.6480000000006,0.9638892856276661,25244.389328333804,2861.4480000000003,0.8866501398475752,20.84263635083895,120.0,15,1,19,51,0.7606943777288021,single resilient depot,4
nearest_first,moderate_01,moderate,4,10709.712,10449.936,21159.648,12790.368,2968.6480000000006,0.70087662801383,2823.928,2080.656,0.26320501089262893,11.938361217058024,120.0,10,1,25,51,0.7178807015359158,single resilient depot,4
nearest_first_post,moderate_01,moderate,4,9821.72,10449.936,20271.656,12790.368,2968.6480000000006,1.0000000000000002,2968.648,2968.648,0.0,14.4954647684212,120.0,12,1,18,51,0.7716640251813589,single resilient depot,4
access_opt,moderate_01,moderate,4,9821.72,10449.936,20271.656,12790.368,2968.6480000000006,1.0000000000000002,2968.648,2968.648,0.0,14.4954647684212,120.0,12,1,18,51,0.7716640251813589,single resilient depot,4
none,moderate_02,moderate,4,12728.044,10126.088,22854.131999999998,12728.044000000002,2954.1400000000003,6.157424507795353e-16,0.0,0.0,0.0,0.0,120.0,0,1,31,52,0.6825110029665256,single resilient depot,4
proportional,moderate_02,moderate,4,9773.904,10126.088,19899.992,12728.044000000002,2954.1400000000003,1.0000000000000002,26991.089021043004,2954.1400000000003,0.8905512853632223,23.480199926644875,120.0,17,1,19,52,0.7821612182290613,single resilient depot,4
nearest_first,moderate_02,moderate,4,10380.480000000001,10126.088,20506.568,12728.044000000002,2954.1400000000003,0.7946691761392487,2955.232,2347.5640000000003,0.20562446535500412,13.65832918220827,120.0,11,1,24,52,0.7535817602649167,single resilient depot,4
nearest_first_post,moderate_02,moderate,4,9773.904,10126.088,19899.992,12728.044000000002,2954.1400000000003,1.0000000000000002,2954.1400000000003,2954.1400000000003,0.0,15.360444874333897,120.0,12,1,19,52,0.7821612182290613,single resilient depot,4
access_opt,moderate_02,moderate,4,9773.904,10126.088,19899.992,12728.044000000002,2954.1400000000003,1.0000000000000002,2954.1400000000003,2954.1400000000003,0.0,15.360444874333897,120.0,12,1,19,52,0.7821612182290613,single resilient depot,4
none,moderate_03,moderate,4,10921.796,7740.4039999999995,18662.2,10921.796000000002,5921.776000000001,3.0716957270012513e-16,0.0,0.0,0.0,0.0,120.0,0,1,29,48,0.706348799406086,single resilient depot,4
proportional,moderate_03,moderate,4,5000.02,7740.4039999999995,12740.423999999999,10921.796000000002,5921.776000000001,1.0000000000000002,30559.858398551693,5921.775999999999,0.8062237094566954,44.604258109673005,120.0,25,1,16,48,0.8236887783126816,single resilient depot,4
nearest_first,moderate_03,moderate,4,6925.152,7740.4039999999995,14665.556,10921.796000000002,5921.776000000001,0.674906311890217,5151.124,3996.6440000000002,0.22412195862495243,25.357488635993377,120.0,16,1,23,48,0.7726086567135002,single resilient depot,4
nearest_first_post,moderate_03,moderate,4,5000.02,7740.4039999999995,12740.423999999999,10921.796000000002,5921.776000000001,1.0000000000000002,5921.775999999999,5921.775999999999,0.0,19.807862407917238,120.0,13,1,16,48,0.8236887783126816,single resilient depot,4
access_opt,moderate_03,moderate,4,5000.02,7740.4039999999995,12740.423999999999,10921.796000000002,5921.776000000001,1.0000000000000002,5921.775999999999,5921.775999999999,0.0,19.807862407917238,120.0,13,1,16,48,0.8236887783126816,single resilient depot,4
none,moderate_04,moderate,4,11142.488,12875.996000000001,24018.484,11142.488000000001,2219.772,8.194487557937737e-16,0.0,0.0,0.0,0.0,120.0,0,1,27,51,0.7002600431599465,single resilient depot,4
proportional,moderate_04,moderate,4,8922.716,12875.996000000001,21798.712,11142.488000000001,2219.772,1.0000000000000004,26013.94728346637,2219.772,0.914669927796355,22.101202921168543,120.0,16,1,16,51,0.7935009678579555,single resilient depot,4
nearest_first,moderate_04,moderate,4,9352.864,12875.996000000001,22228.86,11142.488000000001,2219.772,0.8062197378829905,2823.928,1789.624,0.3662642956902583,12.279332176731934,120.0,10,1,21,51,0.7594396619241631,single resilient depot,4
nearest_first_post,moderate_04,moderate,4,8922.716,12875.996000000001,21798.712,11142.488000000001,2219.772,1.0000000000000004,2219.772,2219.772,0.0,13.981447868857565,120.0,11,1,16,51,0.7935009678579555,single resilient depot,4
access_opt,moderate_04,moderate,4,8922.716,12875.996000000001,21798.712,11142.488000000001,2219.772,1.0000000000000004,2219.772,2219.772,0.0,13.981447868857565,120.0,11,1,16,51,0.7935009678579555,single resilient depot,4
none,moderate_05,moderate,4,10897.560000000001,7609.364000000001,18506.924000000003,10897.56,6280.548000000001,-2.896227213844805e-16,0.0,0.0,0.0,0.0,120.0,0,1,30,49,0.703457091963436,single resilient depot,4
proportional,moderate_05,moderate,4,4617.012,7609.364000000001,12226.376,10897.56,6280.548000000001,0.9999999999999999,30567.036848826425,6280.548000000001,0.7945319976201379,42.70762793638931,120.0,25,1,18,49,0.8059585794766796,single resilient depot,4
nearest_first,moderate_05,moderate,4,6985.58,7609.364000000001,14594.944000000001,10897.56,6280.548000000001,0.6228723990326958,5282.428,3911.9800000000005,0.25943524455042255,27.077456601143627,120.0,17,1,25,49,0.7539765646335709,single resilient depot,4
nearest_first_post,moderate_05,moderate,4,4617.012,7609.364000000001,12226.376,10897.56,6280.548000000001,0.9999999999999999,6280.548000000001,6280.548000000001,0.0,18.019209232781776,120.0,12,1,18,49,0.8059585794766796,single resilient depot,4
access_opt,moderate_05,moderate,4,4617.012,7609.364000000001,12226.376,10897.56,6280.548000000001,0.9999999999999999,6280.548000000001,6280.548000000001,0.0,18.019209232781776,120.0,12,1,18,49,0.8059585794766796,single resilient depot,4
none,moderate_06,moderate,4,13342.320000000002,8821.036,22163.356,13342.320000000002,3297.9800000000005,0.0,0.0,0.0,0.0,0.0,120.0,0,1,31,51,0.6762110554959969,single resilient depot,4
proportional,moderate_06,moderate,4,10044.34,8821.036,18865.376,13342.320000000002,3297.9800000000005,1.0000000000000002,27462.20245824113,3297.9800000000005,0.8799083939092325,26.32113551430762,120.0,18,1,19,51,0.783276563811173,single resilient depot,4
nearest_first,moderate_06,moderate,4,10687.520000000002,8821.036,19508.556000000004,13342.320000000002,3297.9800000000005,0.8049775923444045,3029.34,2654.8,0.123637491994956,16.499264769871015,120.0,12,1,24,51,0.7550497358397997,single resilient depot,4
nearest_first_post,moderate_06,moderate,4,10044.34,8821.036,18865.376,13342.320000000002,3297.9800000000005,1.0000000000000002,3297.9800000000005,3297.9800000000005,0.0,15.744577444609188,120.0,12,1,19,51,0.783276563811173,single resilient depot,4
access_opt,moderate_06,moderate,4,10044.34,8821.036,18865.376,13342.320000000002,3297.9800000000005,1.0000000000000002,3297.9800000000005,3297.9800000000005,0.0,15.744577444609188,120.0,12,1,19,51,0.783276563811173,single resilient depot,4
none,moderate_07,moderate,4,9327.624,15267.644,24595.268,9327.624000000002,2057.464,8.840929433253056e-16,0.0,0.0,0.0,0.0,120.0,0,1,28,54,0.7088630842096263,single resilient depot,4
proportional,moderate_07,moderate,4,7377.360000000001,15267.644,22645.004,9327.624000000002,2057.464,0.9478970227425613,22443.079270398037,1950.2640000000001,0.9131017639556993,14.809894697724712,120.0,12,1,18,54,0.7877155250085579,single resilient depot,4
nearest_first,moderate_07,moderate,4,7682.495999999999,15267.644,22950.14,9327.624000000002,2057.464,0.7995901750893345,2072.2120000000004,1645.128,0.20610053411523555,10.401530842694125,120.0,9,1,22,54,0.7664277439377526,single resilient depot,4
nearest_first_post,moderate_07,moderate,4,7270.16,15267.644,22537.804,9327.624000000002,2057.464,1.0000000000000009,2057.464,2057.464,0.0,13.71332171931913,120.0,11,1,17,54,0.7992255077786606,single resilient depot,4
access_opt,moderate_07,moderate,4,7270.16,15267.644,22537.804,9327.624000000002,2057.464,1.0000000000000009,2057.464,2057.464,0.0,13.71332171931913,120.0,11,1,17,54,0.7992255077786606,single resilient depot,4
none,moderate_08,moderate,4,10482.332000000002,10316.768,20799.100000000002,10482.332,3005.9280000000003,-6.051340562867296e-16,0.0,0.0,0.0,0.0,120.0,0,1,32,59,0.7111361948917453,single resilient depot,4
proportional,moderate_08,moderate,4,7583.604000000001,10316.768,17900.372000000003,10482.332,3005.9280000000003,0.964337136484972,26302.48559569917,2898.728,0.8897926209500906,22.562604315989198,120.0,16,1,20,59,0.7977107787804723,single resilient depot,4
nearest_first,moderate_08,moderate,4,8275.216000000002,10316.768,18591.984000000004,10482.332,3005.9280000000003,0.7342544465469558,2955.232,2207.116,0.25314966811404316,13.65832918220827,120.0,11,1,26,59,0.7617838724498553,single resilient depot,4
nearest_first_post,moderate_08,moderate,4,7476.404,10316.768,17793.172,10482.332,3005.9280000000003,0.9999999999999999,3005.9280000000003,3005.9280000000003,0.0,16.215432733571447,120.0,13,1,19,59,0.8080930981046529,single resilient depot,4
access_opt,moderate_08,moderate,4,7476.404,10316.768,17793.172,10482.332,3005.9280000000003,0.9999999999999999,3005.9280000000003,3005.9280000000003,0.0,16.215432733571447,120.0,13,1,19,59,0.8080930981046529,single resilient depot,4
none,moderate_09,moderate,4,12476.36,6412.868,18889.228000000003,12476.36,11849.732000000002,0.0,0.0,0.0,0.0,0.0,120.0,0,1,30,15,0.7003792297105196,single resilient depot,4
proportional,moderate_09,moderate,4,5200.919411520952,6412.868,11613.787411520952,12476.36,11849.732000000002,0.6139751167772441,23432.59895135466,7275.4405884790485,0.6895162758692437,115.0243683260043,120.0,37,1,18,15,0.8431730614540909,single resilient depot,4
nearest_first,moderate_09,moderate,4,5847.7080000000005,6412.868,12260.576000000001,12476.36,11849.732000000002,0.5593925668529887,8965.040000000003,6628.652000000001,0.260610995600689,119.67079076622618,120.0,31,1,18,15,0.8170503954733062,single resilient depot,4
nearest_first_post,moderate_09,moderate,4,687.128,6412.868,7099.996,12476.36,11849.732000000002,0.9948943992994945,11789.232000000002,11789.232000000002,0.0,116.93209476852769,120.0,27,1,3,15,0.9576414669542905,single resilient depot,4
access_opt,moderate_09,moderate,4,687.128,6412.868,7099.996,12476.36,11849.732000000002,0.9948943992994945,11789.232000000002,11789.232000000002,0.0,116.93209476852769,120.0,27,1,3,15,0.9576414669542905,single resilient depot,4
none,moderate_10,moderate,4,13349.42,8667.372,22016.792,13349.42,3461.1800000000003,0.0,0.0,0.0,0.0,0.0,120.0,0,1,32,54,0.6630467354734156,single resilient depot,4
proportional,moderate_10,moderate,4,9995.439999999999,8667.372,18662.811999999998,13349.42,3461.1800000000003,0.9690279037784805,26810.961937470474,3353.9800000000005,0.8749026607914226,25.403539903651943,120.0,17,1,20,54,0.7614834486696109,single resilient depot,4
nearest_first,moderate_10,moderate,4,10694.62,8667.372,19361.992,13349.42,3461.1800000000003,0.767021651575474,3029.34,2654.8,0.123637491994956,16.499264769871015,120.0,12,1,25,54,0.7324250012527632,single resilient depot,4
nearest_first_post,moderate_10,moderate,4,9888.239999999998,8667.372,18555.611999999997,13349.42,3461.1800000000003,1.0000000000000004,3461.1800000000003,3461.1800000000003,0.0,16.599565303846738,120.0,13,1,19,54,0.7719044274515782,single resilient depot,4
access_opt,moderate_10,moderate,4,9888.239999999998,8667.372,18555.611999999997,13349.42,3461.1800000000003,1.0000000000000004,3461.1800000000003,3461.1800000000003,0.0,16.599565303846738,120.0,13,1,19,54,0.7719044274515782,single resilient depot,4
none,moderate_11,moderate,4,13676.024000000001,10757.908,24433.932,13676.024000000003,2860.8600000000006,6.358190906041736e-16,0.0,0.0,0.0,0.0,120.0,0,1,30,51,0.6646801783842463,single resilient depot,4
proportional,moderate_11,moderate,4,10815.164,10757.908,21573.072,13676.024000000003,2860.8600000000006,1.0000000000000007,26013.94728346637,2860.8600000000006,0.8900259169119532,21.76023196149463,120.0,16,1,19,51,0.7685108983671869,single resilient depot,4
nearest_first,moderate_11,moderate,4,11454.920000000002,10757.908,22212.828,13676.024000000003,2860.8600000000006,0.7763763343889603,2823.928,2221.1040000000003,0.21347003181384216,11.938361217058024,120.0,10,1,24,51,0.7347831755291964,single resilient depot,4
nearest_first_post,moderate_11,moderate,4,10815.164,10757.908,21573.072,13676.024000000003,2860.8600000000006,1.0000000000000007,2860.8600000000006,2860.8600000000006,0.0,13.64047690918365,120.0,11,1,19,51,0.7685108983671869,single resilient depot,4
access_opt,moderate_11,moderate,4,10815.164,10757.908,21573.072,13676.024000000003,2860.8600000000006,1.0000000000000007,2860.8600000000006,2860.8600000000006,0.0,13.64047690918365,120.0,11,1,19,51,0.7685108983671869,single resilient depot,4
none,moderate_12,moderate,4,11957.860000000002,8740.648,20698.508,11957.86,3461.1800000000003,-5.255402503036122e-16,0.0,0.0,0.0,0.0,120.0,0,1,33,55,0.6762247175481619,single resilient depot,4
proportional,moderate_12,moderate,4,8603.88,8740.648,17344.528,11957.86,3461.1800000000003,0.9690279037784805,26810.961937470474,3353.9800000000005,0.8749026607914226,25.403539903651943,120.0,17,1,21,55,0.773534285119756,single resilient depot,4
nearest_first,moderate_12,moderate,4,9303.06,8740.648,18043.708,11957.86,3461.1800000000003,0.7670216515754745,3029.34,2654.8,0.123637491994956,16.499264769871015,120.0,12,1,26,55,0.7430813312930045,single resilient depot,4
nearest_first_post,moderate_12,moderate,4,8496.68,8740.648,17237.328,11957.86,3461.1800000000003,1.0,3461.1800000000003,3461.1800000000003,0.0,16.599565303846738,120.0,13,1,20,55,0.7846078334685215,single resilient depot,4
access_opt,moderate_12,moderate,4,8496.68,8740.648,17237.328,11957.86,3461.1800000000003,1.0,3461.1800000000003,3461.1800000000003,0.0,16.599565303846738,120.0,13,1,20,55,0.7846078334685215,single resilient depot,4
none,moderate_13,moderate,4,11868.396,12142.844000000001,24011.24,11868.396,2567.5200000000004,0.0,0.0,0.0,0.0,0.0,120.0,0,1,29,53,0.6976131338615416,single resilient depot,4
proportional,moderate_13,moderate,4,9408.076000000001,12142.844000000001,21550.920000000002,11868.396,2567.5200000000004,0.9582476475353646,25244.389328333804,2460.32,0.9025399280608232,21.183607310512862,120.0,15,1,18,53,0.791422194366852,single resilient depot,4
nearest_first,moderate_13,moderate,4,10048.756,12142.844000000001,22191.6,11868.396,2567.5200000000004,0.7087150246151932,2823.928,1819.64,0.35563512950755116,12.279332176731934,120.0,10,1,24,53,0.7518142657380996,single resilient depot,4
nearest_first_post,moderate_13,moderate,4,9300.876,12142.844000000001,21443.72,11868.396,2567.5200000000004,1.0,2567.52,2567.52,0.0,14.836435728095115,120.0,12,1,17,53,0.8020367017949358,single resilient depot,4
access_opt,moderate_13,moderate,4,9300.876,12142.844000000001,21443.72,11868.396,2567.5200000000004,1.0,2567.52,2567.52,0.0,14.836435728095115,120.0,12,1,17,53,0.8020367017949358,single resilient depot,4
none,moderate_14,moderate,4,13130.58,9182.852,22313.432,13130.58,3358.3360000000002,0.0,0.0,0.0,0.0,0.0,120.0,0,1,31,54,0.661725632231122,single resilient depot,4
proportional,moderate_14,moderate,4,9772.243999999999,9182.852,18955.095999999998,13130.58,3358.3360000000002,1.0000000000000002,26013.94728346637,3358.3360000000002,0.8709024830639812,21.76023196149463,120.0,16,1,20,54,0.7577959897342005,single resilient depot,4
nearest_first,moderate_14,moderate,4,10579.411999999998,9182.852,19762.264,13130.58,3358.3360000000002,0.7596523992834551,2823.928,2551.1679999999997,0.09658886487190899,11.938361217058024,120.0,10,1,26,54,0.720476559610618,single resilient depot,4
nearest_first_post,moderate_14,moderate,4,9772.243999999999,9182.852,18955.095999999998,13130.58,3358.3360000000002,1.0000000000000002,3358.3360000000002,3358.3360000000002,0.0,13.64047690918365,120.0,11,1,20,54,0.7577959897342005,single resilient depot,4
access_opt,moderate_14,moderate,4,9772.243999999999,9182.852,18955.095999999998,13130.58,3358.3360000000002,1.0000000000000002,3358.3360000000002,3358.3360000000002,0.0,13.64047690918365,120.0,11,1,20,54,0.7577959897342005,single resilient depot,4
none,moderate_15,moderate,4,10175.612000000001,15775.984,25951.596,10175.612,1917.7720000000002,-9.484909590638806e-16,0.0,0.0,0.0,0.0,120.0,0,1,27,53,0.6949958814012993,single resilient depot,4
proportional,moderate_15,moderate,4,8365.04,15775.984,24141.024,10175.612,1917.7720000000002,0.9441018014654495,22443.079270398037,1810.5720000000001,0.9193260435350283,14.809894697724712,120.0,12,1,17,53,0.7785044448028371,single resilient depot,4
nearest_first,moderate_15,moderate,4,8580.912,15775.984,24356.896,10175.612,1917.7720000000002,0.8315378470433392,2072.2120000000004,1594.7,0.23043588204295717,10.401530842694125,120.0,9,1,21,53,0.7592495155636708,single resilient depot,4
nearest_first_post,moderate_15,moderate,4,8257.84,15775.984,24033.824,10175.612,1917.7720000000002,0.9999999999999994,1917.772,1917.772,0.0,13.71332171931913,120.0,11,1,16,53,0.7902751531631744,single resilient depot,4
access_opt,moderate_15,moderate,4,8257.84,15775.984,24033.824,10175.612,1917.7720000000002,0.9999999999999994,1917.772,1917.772,0.0,13.71332171931913,120.0,11,1,16,53,0.7902751531631744,single resilient depot,4
none,moderate_16,moderate,4,12197.064,11523.12,23720.184,12197.064000000002,2898.728,6.275129655303486e-16,0.0,0.0,0.0,0.0,120.0,0,1,29,54,0.7148529979097523,single resilient depot,4
proportional,moderate_16,moderate,4,9298.336,11523.12,20821.456,12197.064000000002,2898.728,1.0000000000000009,26991.089021043004,2898.728,0.8926042592153258,23.480199926644875,120.0,17,1,17,54,0.8053653096846219,single resilient depot,4
nearest_first,moderate_16,moderate,4,9989.948,11523.12,21513.068,12197.064000000002,2898.728,0.7614084522590604,2955.232,2207.116,0.25314966811404316,13.65832918220827,120.0,11,1,23,54,0.7712694264258133,single resilient depot,4
nearest_first_post,moderate_16,moderate,4,9298.336,11523.12,20821.456,12197.064000000002,2898.728,1.0000000000000009,2898.728,2898.728,0.0,15.360444874333897,120.0,12,1,17,54,0.8053653096846219,single resilient depot,4
access_opt,moderate_16,moderate,4,9298.336,11523.12,20821.456,12197.064000000002,2898.728,1.0000000000000009,2898.728,2898.728,0.0,15.360444874333897,120.0,12,1,17,54,0.8053653096846219,single resilient depot,4
none,moderate_17,moderate,4,12013.084000000003,8862.588,20875.672000000002,12013.084,3213.3160000000003,-5.660785940585539e-16,0.0,0.0,0.0,0.0,120.0,0,1,31,53,0.6870659034461859,single resilient depot,4
proportional,moderate_17,moderate,4,8799.768,8862.588,17662.356,12013.084,3213.3160000000003,1.0000000000000002,28295.294097740745,3213.3160000000003,0.8864363809437638,28.041103479457867,120.0,19,1,20,53,0.7794435358620153,single resilient depot,4
nearest_first,moderate_17,moderate,4,9442.948,8862.588,18305.536,12013.084,3213.3160000000003,0.7998391692569297,3160.6440000000002,2570.1360000000004,0.18683154445739536,18.21923273502126,120.0,13,1,25,53,0.7510867159486604,single resilient depot,4
nearest_first_post,moderate_17,moderate,4,8799.768,8862.588,17662.356,12013.084,3213.3160000000003,1.0000000000000002,3213.3160000000003,3213.3160000000003,0.0,13.955924269473726,120.0,11,1,20,53,0.7794435358620153,single resilient depot,4
access_opt,moderate_17,moderate,4,8799.768,8862.588,17662.356,12013.084,3213.3160000000003,1.0000000000000002,3213.3160000000003,3213.3160000000003,0.0,13.955924269473726,120.0,11,1,20,53,0.7794435358620153,single resilient depot,4
none,moderate_18,moderate,4,11448.456,10253.628,21702.084000000003,11448.456,3024.0600000000004,0.0,0.0,0.0,0.0,0.0,120.0,0,1,30,53,0.6859598188958302,single resilient depot,4
proportional,moderate_18,moderate,4,8531.596,10253.628,18785.224000000002,11448.456,3024.0600000000004,0.964550967904076,25244.389328333804,2916.8600000000006,0.8844551174495564,20.84263635083895,120.0,15,1,19,53,0.7805452128780267,single resilient depot,4
nearest_first,moderate_18,moderate,4,9227.352,10253.628,19480.980000000003,11448.456,3024.0600000000004,0.7344774905259813,2823.928,2221.1040000000003,0.21347003181384216,11.938361217058024,120.0,10,1,24,53,0.7462250126910754,single resilient depot,4
nearest_first_post,moderate_18,moderate,4,8424.396,10253.628,18678.024,11448.456,3024.0600000000004,0.9999999999999997,3024.0600000000004,3024.0600000000004,0.0,14.4954647684212,120.0,12,1,18,53,0.7913803367254622,single resilient depot,4
access_opt,moderate_18,moderate,4,8424.396,10253.628,18678.024,11448.456,3024.0600000000004,0.9999999999999997,3024.0600000000004,3024.0600000000004,0.0,14.4954647684212,120.0,12,1,18,53,0.7913803367254622,single resilient depot,4
none,moderate_19,moderate,4,11922.552000000001,8542.464,20465.016000000003,11922.552,3269.3160000000003,-5.563822535190408e-16,0.0,0.0,0.0,0.0,120.0,0,1,29,54,0.7082626582242926,single resilient depot,4
proportional,moderate_19,moderate,4,8653.236,8542.464,17195.7,11922.552,3269.3160000000003,0.9999999999999996,28295.294097740745,3269.3160000000003,0.8844572532553729,28.041103479457867,120.0,19,1,18,54,0.8019151956839911,single resilient depot,4
nearest_first,moderate_19,moderate,4,9352.416000000001,8542.464,17894.88,11922.552,3269.3160000000003,0.7861387519591249,3160.6440000000002,2570.1360000000004,0.18683154445739536,18.21923273502126,120.0,13,1,23,54,0.7740222795542158,single resilient depot,4
nearest_first_post,moderate_19,moderate,4,8653.236,8542.464,17195.7,11922.552,3269.3160000000003,0.9999999999999996,3269.3160000000003,3269.3160000000003,0.0,13.955924269473726,120.0,11,1,18,54,0.8019151956839911,single resilient depot,4
access_opt,moderate_19,moderate,4,8653.236,8542.464,17195.7,11922.552,3269.3160000000003,0.9999999999999996,3269.3160000000003,3269.3160000000003,0.0,13.955924269473726,120.0,11,1,18,54,0.8019151956839911,single resilient depot,4
none,severe_00,severe,4,6763.052,22393.616,29156.668,6763.0520000000015,1688.5120000000002,1.0772736015769247e-15,0.0,0.0,0.0,0.0,120.0,0,1,22,53,0.7224989648476964,single resilient depot,4
proportional,severe_00,severe,4,5309.0,22393.616,27702.616,6763.0520000000015,1688.5120000000002,0.8611440131903128,17144.717047092425,1454.0520000000001,0.9151895014653162,11.789476342521013,120.0,9,1,16,53,0.7791871887916407,single resilient depot,4
nearest_first,severe_00,severe,4,5927.204,22393.616,28320.82,6763.0520000000015,1688.5120000000002,0.49502046772543024,1460.0520000000001,835.8480000000002,0.42752175949897664,7.381112487490426,120.0,6,1,20,53,0.7421579227160215,single resilient depot,4
nearest_first_post,severe_00,severe,4,5074.539999999999,22393.616,27468.156000000003,6763.0520000000015,1688.5120000000002,1.0000000000000013,1688.5120000000002,1688.5120000000002,0.0,10.177113668510781,120.0,7,1,15,53,0.7967858087957392,single resilient depot,4
access_opt,severe_00,severe,4,5074.539999999999,22393.616,27468.156000000003,6763.0520000000015,1688.5120000000002,1.0000000000000013,1688.5120000000002,1688.5120000000002,0.0,10.177113668510781,120.0,7,1,15,53,0.7967858087957392,single resilient depot,4
none,severe_01,severe,4,8592.872000000001,18686.836000000003,27279.708000000006,8592.872000000001,1578.08,0.0,0.0,0.0,0.0,0.0,120.0,0,1,24,54,0.7351469112229143,single resilient depot,4
proportional,severe_01,severe,4,7014.7919999999995,18686.836000000003,25701.628000000004,8592.872000000001,1578.08,1.000000000000001,23649.698618194245,1578.0800000000002,0.9332727226051859,15.72749030838039,120.0,13,1,15,54,0.8141839830447405,single resilient depot,4
nearest_first,severe_01,severe,4,7196.280000000001,18686.836000000003,25883.116,8592.872000000001,1578.08,0.8849944236033666,2072.2120000000004,1396.592,0.3260380694639352,10.401530842694125,120.0,9,1,18,54,0.7973113600759782,single resilient depot,4
nearest_first_post,severe_01,severe,4,7014.7919999999995,18686.836000000003,25701.628000000004,8592.872000000001,1578.08,1.000000000000001,1578.0800000000002,1578.0800000000002,0.0,12.211897541356294,120.0,9,1,15,54,0.8141839830447405,single resilient depot,4
access_opt,severe_01,severe,4,7014.7919999999995,18686.836000000003,25701.628000000004,8592.872000000001,1578.08,1.000000000000001,1578.0800000000002,1578.0800000000002,0.0,12.211897541356294,120.0,9,1,15,54,0.8141839830447405,single resilient depot,4
none,severe_02,severe,4,9780.096,16756.852000000003,26536.948000000004,9780.096,1604.56,0.0,0.0,0.0,0.0,0.0,120.0,0,1,24,52,0.7033774517494596,single resilient depot,4
proportional,severe_02,severe,4,8175.536,16756.852000000003,24932.388000000003,9780.096,1604.56,0.9999999999999997,21896.13099445961,1604.56,0.9267194738464981,14.007522343230143,120.0,12,1,16,52,0.7833077023907133,single resilient depot,4
nearest_first,severe_02,severe,4,8446.204,16756.852000000003,25203.056000000004,9780.096,1604.56,0.8313132572169316,1940.9080000000001,1333.892,0.31274846618180774,8.681562877543879,120.0,8,1,19,52,0.7596990380675551,single resilient depot,4
nearest_first_post,severe_02,severe,4,8175.536,16756.852000000003,24932.388000000003,9780.096,1604.56,0.9999999999999997,1604.56,1604.56,0.0,10.484351823603166,120.0,8,1,16,52,0.7833077023907133,single resilient depot,4
access_opt,severe_02,severe,4,8175.536,16756.852000000003,24932.388000000003,9780.096,1604.56,0.9999999999999997,1604.56,1604.56,0.0,10.484351823603166,120.0,8,1,16,52,0.7833077023907133,single resilient depot,4
none,severe_03,severe,4,7062.584000000001,21724.164,28786.748,7062.584000000001,1156.652,0.0,0.0,0.0,0.0,0.0,120.0,0,1,21,57,0.7474687454560883,single resilient depot,4
proportional,severe_03,severe,4,6085.036,21724.164,27809.2,7062.584000000001,1156.652,0.8451530797508677,19914.81913004969,977.548,0.9509135386258685,12.652142376005662,120.0,10,1,16,57,0.7981759223894318,single resilient depot,4
nearest_first,severe_03,severe,4,6428.812,21724.164,28152.976000000002,7062.584000000001,1156.652,0.5479366308967614,1869.0040000000001,633.7720000000002,0.6609038824957035,8.243778520975075,120.0,7,1,20,57,0.7563828882084714,single resilient depot,4
nearest_first_post,severe_03,severe,4,5905.932000000001,21724.164,27630.096,7062.584000000001,1156.652,1.0,1156.652,1156.652,0.0,10.330904909232997,120.0,7,1,14,57,0.8186173169072267,single resilient depot,4
access_opt,severe_03,severe,4,5905.932000000001,21724.164,27630.096,7062.584000000001,1156.652,1.0,1156.652,1156.652,0.0,10.330904909232997,120.0,7,1,14,57,0.8186173169072267,single resilient depot,4
none,severe_04,severe,4,8277.728000000001,17646.076,25923.804000000004,8277.728,1389.548,-1.3090511472405821e-15,0.0,0.0,0.0,0.0,120.0,0,1,22,53,0.737553798199535,single resilient depot,4
proportional,severe_04,severe,4,6888.18,17646.076,24534.256,8277.728,1389.548,0.9999999999999992,21896.13099445961,1389.548,0.9365391081944295,14.007522343230143,120.0,12,1,14,53,0.8193058765344639,single resilient depot,4
nearest_first,severe_04,severe,4,7158.848000000002,17646.076,24804.924000000003,8277.728,1389.548,0.8052114788405995,1940.9080000000001,1118.88,0.4235275448398378,8.681562877543879,120.0,8,1,17,53,0.7940521126700547,single resilient depot,4
nearest_first_post,severe_04,severe,4,6888.18,17646.076,24534.256,8277.728,1389.548,0.9999999999999992,1389.548,1389.548,0.0,10.484351823603166,120.0,8,1,14,53,0.8193058765344639,single resilient depot,4
access_opt,severe_04,severe,4,6888.18,17646.076,24534.256,8277.728,1389.548,0.9999999999999992,1389.548,1389.548,0.0,10.484351823603166,120.0,8,1,14,53,0.8193058765344639,single resilient depot,4
none,severe_05,severe,4,3936.716,33257.672000000006,37194.388000000006,3936.7159999999994,0.0,,0.0,0.0,0.0,0.0,120.0,0,1,14,58,0.7790872952102414,single resilient depot,4
proportional,severe_05,severe,4,3936.716,33257.672000000006,37194.388000000006,3936.7159999999994,0.0,,3000.0,0.0,1.0,0.5157896956046489,120.0,1,1,14,58,0.7790872952102414,single resilient depot,4
nearest_first,severe_05,severe,4,3936.716,33257.672000000006,37194.388000000006,3936.7159999999994,0.0,,73.64,0.0,1.0,0.5157896956046489,120.0,1,1,14,58,0.7790872952102414,single resilient depot,4
nearest_first_post,severe_05,severe,4,3936.716,33257.672000000006,37194.388000000006,3936.7159999999994,0.0,,0.0,0.0,0.0,0.0,120.0,0,1,14,58,0.7790872952102414,single resilient depot,4
access_opt,severe_05,severe,4,3936.716,33257.672000000006,37194.388000000006,3936.7159999999994,0.0,,0.0,0.0,0.0,0.0,120.0,0,1,14,58,0.7790872952102414,single resilient depot,4
none,severe_06,severe,4,9623.968,17677.156,27301.124,9623.968,1610.988,0.0,0.0,0.0,0.0,0.0,120.0,0,1,24,51,0.6951143649944074,single resilient depot,4
proportional,severe_06,severe,4,8120.18,17677.156,25797.336,9623.968,1610.988,0.9334569841612728,18518.76566574506,1503.788,0.9187965317374462,12.435912661246299,120.0,10,1,16,51,0.7743351129114004,single resilient depot,4
nearest_first,severe_06,severe,4,8395.384000000002,17677.156,26072.54,9623.968,1610.988,0.7626276545821563,1708.5880000000002,1228.584,0.2809360711886072,8.027548806215712,120.0,7,1,20,51,0.7485457050218831,single resilient depot,4
nearest_first_post,severe_06,severe,4,8012.9800000000005,17677.156,25690.136,9623.968,1610.988,1.0000000000000002,1610.9879999999998,1610.9879999999998,0.0,11.33933968284072,120.0,9,1,15,51,0.7869927889177838,single resilient depot,4
access_opt,severe_06,severe,4,8012.9800000000005,17677.156,25690.136,9623.968,1610.988,1.0000000000000002,1610.9879999999998,1610.9879999999998,0.0,11.33933968284072,120.0,9,1,15,51,0.7869927889177838,single resilient depot,4
none,severe_07,severe,4,9036.912,18301.584000000003,27338.496000000003,9036.912000000002,1411.2120000000002,1.2889554535717216e-15,0.0,0.0,0.0,0.0,120.0,0,1,24,49,0.7088616790132412,single resilient depot,4
proportional,severe_07,severe,4,7732.9,18301.584000000003,26034.484000000004,9036.912000000002,1411.2120000000002,0.9240369271236372,22443.079270398037,1304.0120000000002,0.9418969213498272,14.809894697724712,120.0,12,1,16,49,0.7792652682585067,single resilient depot,4
nearest_first,severe_07,severe,4,7914.388000000001,18301.584000000003,26215.972,9036.912000000002,1411.2120000000002,0.7954325785211585,2072.2120000000004,1122.5240000000001,0.45829673797854664,10.401530842694125,120.0,9,1,19,49,0.7603767529737162,single resilient depot,4
nearest_first_post,severe_07,severe,4,7625.700000000001,18301.584000000003,25927.284000000003,9036.912000000002,1411.2120000000002,1.0000000000000009,1411.212,1411.212,0.0,12.412871329265677,120.0,9,1,15,49,0.7915843260990659,single resilient depot,4
access_opt,severe_07,severe,4,7625.700000000001,18301.584000000003,25927.284000000003,9036.912000000002,1411.2120000000002,1.0000000000000009,1411.212,1411.212,0.0,12.412871329265677,120.0,9,1,15,49,0.7915843260990659,single resilient depot,4
none,severe_08,severe,4,7126.8640000000005,22661.940000000002,29788.804000000004,7126.864,794.676,-1.1444849243879622e-15,0.0,0.0,0.0,0.0,120.0,0,1,20,55,0.7364451204171116,single resilient depot,4
proportional,severe_08,severe,4,6439.388,22661.940000000002,29101.328,7126.864,794.676,0.8651022555104214,12680.79660838658,687.476,0.9457860557793877,8.538631919598,120.0,7,1,15,55,0.8036041800119732,single resilient depot,4
nearest_first,severe_08,severe,4,6752.344,22661.940000000002,29414.284000000003,7126.864,794.676,0.47128641106564123,623.0560000000002,374.5200000000001,0.3988983333761331,7.4524707250973,120.0,6,1,18,55,0.7690528081980307,single resilient depot,4
nearest_first_post,severe_08,severe,4,6332.188,22661.940000000002,28994.128000000004,7126.864,794.676,0.9999999999999993,794.676,794.676,0.0,7.661022265609565,120.0,6,1,14,55,0.8163203417933796,single resilient depot,4
access_opt,severe_08,severe,4,6332.188,22661.940000000002,28994.128000000004,7126.864,794.676,0.9999999999999993,794.676,794.676,0.0,7.661022265609565,120.0,6,1,14,55,0.8163203417933796,single resilient depot,4
none,severe_09,severe,4,6805.9000000000015,23812.32,30618.22,6805.9,1162.46,-1.5647759093180466e-15,0.0,0.0,0.0,0.0,120.0,0,1,19,50,0.7260791705156959,single resilient depot,4
proportional,severe_09,severe,4,5643.4400000000005,23812.32,29455.760000000002,6805.9,1162.46,0.9999999999999992,18930.263671381148,1162.46,0.9385925087901754,11.533545391620576,120.0,9,1,13,50,0.7982806676615406,single resilient depot,4
nearest_first,severe_09,severe,4,6100.224,23812.32,29912.544,6805.9,1162.46,0.6070540061593512,1692.372,705.6760000000002,0.5830254813953433,8.211342731090689,120.0,7,1,17,50,0.7515137611367707,single resilient depot,4
nearest_first_post,severe_09,severe,4,5643.4400000000005,23812.32,29455.760000000002,6805.9,1162.46,0.9999999999999992,1162.46,1162.46,0.0,9.498341981545328,120.0,6,1,13,50,0.7982806676615406,single resilient depot,4
access_opt,severe_09,severe,4,5643.4400000000005,23812.32,29455.760000000002,6805.9,1162.46,0.9999999999999992,1162.46,1162.46,0.0,9.498341981545328,120.0,6,1,13,50,0.7982806676615406,single resilient depot,4
none,severe_10,severe,4,8973.848,17669.036,26642.884,8973.848000000002,1353.852,1.3435659167662761e-15,0.0,0.0,0.0,0.0,120.0,0,1,23,51,0.7307990385319454,single resilient depot,4
proportional,severe_10,severe,4,7619.995999999999,17669.036,25289.032,8973.848000000002,1353.852,1.0000000000000018,22566.142428480962,1353.852,0.9400051646270171,15.073476237052219,120.0,12,1,15,51,0.8032394770891809,single resilient depot,4
nearest_first,severe_10,severe,4,7801.483999999999,17669.036,25470.519999999997,8973.848000000002,1353.852,0.8659469425018416,1839.8920000000003,1172.3640000000003,0.3628082517886919,9.747516771365959,120.0,8,1,18,51,0.7842642814648543,single resilient depot,4
nearest_first_post,severe_10,severe,4,7619.995999999999,17669.036,25289.032,8973.848000000002,1353.852,1.0000000000000018,1353.852,1353.852,0.0,11.557883470028127,120.0,8,1,15,51,0.8032394770891809,single resilient depot,4
access_opt,severe_10,severe,4,7619.995999999999,17669.036,25289.032,8973.848000000002,1353.852,1.0000000000000018,1353.852,1353.852,0.0,11.557883470028127,120.0,8,1,15,51,0.8032394770891809,single resilient depot,4
none,severe_11,severe,4,7846.1680000000015,20043.324,27889.492000000002,7846.1680000000015,1118.848,0.0,0.0,0.0,0.0,0.0,120.0,0,1,23,50,0.7332268898950288,single resilient depot,4
proportional,severe_11,severe,4,6727.3200000000015,20043.324,26770.644,7846.1680000000015,1118.848,1.0,23649.698618194245,1118.848,0.9526908136098088,15.72749030838039,120.0,13,1,15,50,0.8076296305383519,single resilient depot,4
nearest_first,severe_11,severe,4,6908.808000000001,20043.324,26952.132,7846.1680000000015,1118.848,0.8377902985928389,2072.2120000000004,937.3600000000001,0.5476524602695092,10.401530842694125,120.0,9,1,18,50,0.7892624183319686,single resilient depot,4
nearest_first_post,severe_11,severe,4,6727.3200000000015,20043.324,26770.644,7846.1680000000015,1118.848,1.0,1118.848,1118.848,0.0,11.557883470028127,120.0,8,1,15,50,0.8076296305383519,single resilient depot,4
access_opt,severe_11,severe,4,6727.3200000000015,20043.324,26770.644,7846.1680000000015,1118.848,1.0,1118.848,1118.848,0.0,11.557883470028127,120.0,8,1,15,50,0.8076296305383519,single resilient depot,4
none,severe_12,severe,4,7890.628000000001,19440.092,27330.72,7890.628000000001,1778.164,0.0,0.0,0.0,0.0,0.0,120.0,0,1,24,51,0.7185145034508462,single resilient depot,4
proportional,severe_12,severe,4,6219.664000000001,19440.092,25659.756,7890.628000000001,1778.164,0.9397130973296051,25244.389328333804,1670.964,0.9338084998505176,21.40287410280241,120.0,15,1,15,51,0.7982674256242946,single resilient depot,4
nearest_first,severe_12,severe,4,6584.628000000001,19440.092,26024.72,7890.628000000001,1778.164,0.7344654373837284,2823.928,1306.0000000000002,0.5375236195823689,12.49859896902148,120.0,10,1,19,51,0.7691797512586599,single resilient depot,4
nearest_first_post,severe_12,severe,4,6112.464,19440.092,25552.556,7890.628000000001,1778.164,1.0000000000000004,1778.1640000000002,1778.1640000000002,0.0,13.277694240394514,120.0,10,1,14,51,0.8102741363670688,single resilient depot,4
access_opt,severe_12,severe,4,6112.464,19440.092,25552.556,7890.628000000001,1778.164,1.0000000000000004,1778.1640000000002,1778.1640000000002,0.0,13.277694240394514,120.0,10,1,14,51,0.8102741363670688,single resilient depot,4
none,severe_13,severe,4,6975.152,23827.664,30802.816,6975.152,1631.448,0.0,0.0,0.0,0.0,0.0,120.0,0,1,21,49,0.7021053287435188,single resilient depot,4
proportional,severe_13,severe,4,5578.163999999999,23827.664,29405.828,6975.152,1631.448,0.8562871755642847,19500.883860904512,1396.988,0.9283628367839937,12.619706586121275,120.0,10,1,15,49,0.7662158715048051,single resilient depot,4
nearest_first,severe_13,severe,4,6269.476,23827.664,30097.14,6975.152,1631.448,0.43254581206388454,1692.372,705.6760000000002,0.5830254813953433,8.211342731090689,120.0,7,1,19,49,0.7253250770415789,single resilient depot,4
nearest_first_post,severe_13,severe,4,5343.704,23827.664,29171.368000000002,6975.152,1631.448,1.0000000000000002,1631.448,1631.448,0.0,10.35332984078288,120.0,7,1,14,49,0.7850902433040056,single resilient depot,4
access_opt,severe_13,severe,4,5343.704,23827.664,29171.368000000002,6975.152,1631.448,1.0000000000000002,1631.448,1631.448,0.0,10.35332984078288,120.0,7,1,14,49,0.7850902433040056,single resilient depot,4
none,severe_14,severe,4,7376.984,20900.488,28277.472,7376.984,1322.1840000000002,0.0,0.0,0.0,0.0,0.0,120.0,0,1,18,50,0.773314918881642,single resilient depot,4
proportional,severe_14,severe,4,6054.799999999999,20900.488,26955.288,7376.984,1322.1840000000002,1.0000000000000007,23620.88122046989,1322.1840000000002,0.9440247809698906,15.257270161927197,120.0,12,1,11,50,0.8351869531291026,single resilient depot,4
nearest_first,severe_14,severe,4,6664.156,20900.488,27564.644,7376.984,1322.1840000000002,0.5391291983566586,1823.6760000000002,712.8280000000002,0.6091257438273026,9.931310696240935,120.0,8,1,15,50,0.8028220866709549,single resilient depot,4
nearest_first_post,severe_14,severe,4,6054.799999999999,20900.488,26955.288,7376.984,1322.1840000000002,1.0000000000000007,1322.1840000000002,1322.1840000000002,0.0,11.218309946695575,120.0,7,1,11,50,0.8351869531291026,single resilient depot,4
access_opt,severe_14,severe,4,6054.799999999999,20900.488,26955.288,7376.984,1322.1840000000002,1.0000000000000007,1322.1840000000002,1322.1840000000002,0.0,11.218309946695575,120.0,7,1,11,50,0.8351869531291026,single resilient depot,4
none,severe_15,severe,4,8712.880000000001,18868.78,27581.66,8712.880000000001,1168.688,0.0,0.0,0.0,0.0,0.0,120.0,0,1,23,47,0.716560208141395,single resilient depot,4
proportional,severe_15,severe,4,7544.192000000001,18868.78,26412.972,8712.880000000001,1168.688,1.0,22566.142428480962,1168.688,0.9482105546526647,15.073476237052219,120.0,12,1,15,47,0.7900477395590148,single resilient depot,4
nearest_first,severe_15,severe,4,7725.68,18868.78,26594.46,8712.880000000001,1168.688,0.8447079117779943,1839.8920000000003,987.2000000000002,0.46344676752765923,9.747516771365959,120.0,8,1,18,47,0.7712038462339034,single resilient depot,4
nearest_first_post,severe_15,severe,4,7544.192000000001,18868.78,26412.972,8712.880000000001,1168.688,1.0,1168.688,1168.688,0.0,11.557883470028127,120.0,8,1,15,47,0.7900477395590148,single resilient depot,4
access_opt,severe_15,severe,4,7544.192000000001,18868.78,26412.972,8712.880000000001,1168.688,1.0,1168.688,1168.688,0.0,11.557883470028127,120.0,8,1,15,47,0.7900477395590148,single resilient depot,4
none,severe_16,severe,4,7073.664000000001,22853.543999999998,29927.208,7073.664000000001,687.476,0.0,0.0,0.0,0.0,0.0,120.0,0,1,19,54,0.7709226536965113,single resilient depot,4
proportional,severe_16,severe,4,6386.187999999999,22853.543999999998,29239.731999999996,7073.664000000001,687.476,1.0000000000000022,14885.72280118737,687.476,0.9538164179743316,9.456227530253676,120.0,8,1,14,54,0.8366230044437204,single resilient depot,4
nearest_first,severe_16,severe,4,6699.143999999999,22853.543999999998,29552.688,7073.664000000001,687.476,0.5447753812496747,623.0560000000002,374.5200000000001,0.3988983333761331,7.4524707250973,120.0,6,1,17,54,0.8051760951446689,single resilient depot,4
nearest_first_post,severe_16,severe,4,6386.187999999999,22853.543999999998,29239.731999999996,7073.664000000001,687.476,1.0000000000000022,687.476,687.476,0.0,6.806034406372014,120.0,5,1,14,54,0.8366230044437204,single resilient depot,4
access_opt,severe_16,severe,4,6386.187999999999,22853.543999999998,29239.731999999996,7073.664000000001,687.476,1.0000000000000022,687.476,687.476,0.0,6.806034406372014,120.0,5,1,14,54,0.8366230044437204,single resilient depot,4
none,severe_17,severe,4,8477.868,20000.54,28478.408000000003,8477.867999999999,1168.688,-1.5564371359557523e-15,0.0,0.0,0.0,0.0,120.0,0,1,22,51,0.7302312463691975,single resilient depot,4
proportional,severe_17,severe,4,7309.18,20000.54,27309.72,8477.867999999999,1168.688,0.9999999999999984,22566.142428480962,1168.688,0.9482105546526647,15.073476237052219,120.0,12,1,14,51,0.7997318756145768,single resilient depot,4
nearest_first,severe_17,severe,4,7490.668000000001,20000.54,27491.208000000002,8477.867999999999,1168.688,0.844707911777992,1839.8920000000003,987.2000000000002,0.46344676752765923,9.747516771365959,120.0,8,1,17,51,0.7809180267181512,single resilient depot,4
nearest_first_post,severe_17,severe,4,7309.18,20000.54,27309.72,8477.867999999999,1168.688,0.9999999999999984,1168.688,1168.688,0.0,11.557883470028127,120.0,8,1,14,51,0.7997318756145768,single resilient depot,4
access_opt,severe_17,severe,4,7309.18,20000.54,27309.72,8477.867999999999,1168.688,0.9999999999999984,1168.688,1168.688,0.0,11.557883470028127,120.0,8,1,14,51,0.7997318756145768,single resilient depot,4
none,severe_18,severe,4,8882.696,19711.384000000002,28594.08,8882.696,1226.048,0.0,0.0,0.0,0.0,0.0,120.0,0,1,25,52,0.710120766885313,single resilient depot,4
proportional,severe_18,severe,4,7763.847999999999,19711.384000000002,27475.232,8882.696,1226.048,0.9125645977971506,22443.079270398037,1118.848,0.950147304364079,14.809894697724712,120.0,12,1,17,52,0.7773100612004396,single resilient depot,4
nearest_first,severe_18,severe,4,7945.335999999999,19711.384000000002,27656.72,8882.696,1226.048,0.7645377668737281,2072.2120000000004,937.3600000000001,0.5476524602695092,10.401530842694125,120.0,9,1,20,52,0.7594748660798107,single resilient depot,4
nearest_first_post,severe_18,severe,4,7656.647999999999,19711.384000000002,27368.032,8882.696,1226.048,1.0000000000000007,1226.048,1226.048,0.0,12.412871329265677,120.0,9,1,16,52,0.7887980702057185,single resilient depot,4
access_opt,severe_18,severe,4,7656.647999999999,19711.384000000002,27368.032,8882.696,1226.048,1.0000000000000007,1226.048,1226.048,0.0,12.412871329265677,120.0,9,1,16,52,0.7887980702057185,single resilient depot,4
none,severe_19,severe,4,7178.136,19868.268,27046.404000000002,7178.136,1226.048,0.0,0.0,0.0,0.0,0.0,120.0,0,1,24,49,0.7158740427350284,single resilient depot,4
proportional,severe_19,severe,4,6059.288,19868.268,25927.556,7178.136,1226.048,0.9125645977971506,22443.079270398037,1118.848,0.950147304364079,14.809894697724712,120.0,12,1,16,49,0.7860386327516619,single resilient depot,4
nearest_first,severe_19,severe,4,6240.776,19868.268,26109.044,7178.136,1226.048,0.7645377668737281,2072.2120000000004,937.3600000000001,0.5476524602695092,10.401530842694125,120.0,9,1,19,49,0.7672380342516065,single resilient depot,4
nearest_first_post,severe_19,severe,4,5952.088,19868.268,25820.356,7178.136,1226.048,1.0000000000000007,1226.048,1226.048,0.0,12.412871329265677,120.0,9,1,15,49,0.7981226512307341,single resilient depot,4
access_opt,severe_19,severe,4,5952.088,19868.268,25820.356,7178.136,1226.048,1.0000000000000007,1226.048,1226.048,0.0,12.412871329265677,120.0,9,1,15,49,0.7981226512307341,single resilient depot,4
none,mild_00,mild,8,12355.224,2290.904,14646.128,12355.224,11864.820000000002,0.0,0.0,0.0,0.0,0.0,240.0,0,1,35,7,0.6804559159744109,single resilient depot,8
proportional,mild_00,mild,8,2446.015050854237,2290.904,4736.919050854237,12355.224,11864.820000000002,0.8351756663097932,32446.060000000012,9909.208949145763,0.6945943837511932,206.17448133775224,240.0,69,1,11,7,0.9123266399726899,single resilient depot,8
nearest_first,mild_00,mild,8,4335.852000000001,2290.904,6626.756000000001,12355.224,11864.820000000002,0.6758949566870798,9997.004000000003,8019.372000000001,0.1978224676112964,102.16949331509846,240.0,37,1,18,7,0.8509189573398955,single resilient depot,8
nearest_first_post,mild_00,mild,8,490.404,2290.904,2781.308,12355.224,11864.820000000002,0.9999999999999999,11864.820000000002,11864.820000000002,0.0,92.20162683703745,240.0,34,1,1,7,0.9861111111111109,single resilient depot,8
access_opt,mild_00,mild,8,490.404,2290.904,2781.308,12355.224,11864.820000000002,0.9999999999999999,11864.820000000002,11864.820000000002,0.0,92.20162683703745,240.0,34,1,1,7,0.9861111111111109,single resilient depot,8
none,mild_01,mild,8,12086.94,2290.904,14377.844000000001,12086.94,11596.536000000002,0.0,0.0,0.0,0.0,0.0,240.0,0,1,36,7,0.6875327198728768,single resilient depot,8
proportional,mild_01,mild,8,2494.165428371377,2290.904,4785.0694283713765,12086.94,11596.536000000002,0.8272103472647885,32446.06000000001,9592.774571628626,0.7043470124992488,207.56756791039464,240.0,70,1,11,7,0.9136219379138666,single resilient depot,8
nearest_first,mild_01,mild,8,3943.9360000000006,2290.904,6234.84,12086.94,11596.536000000002,0.7021927927443159,10128.308000000003,8143.004000000001,0.19601536604139624,103.56257988774091,240.0,38,1,16,7,0.8747908706034018,single resilient depot,8
nearest_first_post,mild_01,mild,8,490.404,2290.904,2781.308,12086.94,11596.536000000002,0.9999999999999999,11596.536000000002,11596.536000000002,0.0,93.5947134096799,240.0,35,1,1,7,0.9863013698630138,single resilient depot,8
access_opt,mild_01,mild,8,490.404,2290.904,2781.308,12086.94,11596.536000000002,0.9999999999999999,11596.536000000002,11596.536000000002,0.0,93.5947134096799,240.0,35,1,1,7,0.9863013698630138,single resilient depot,8
none,mild_02,mild,8,10623.372000000003,581.7560000000001,11205.128000000002,10623.372000000003,10623.372000000003,0.0,0.0,0.0,0.0,0.0,240.0,0,1,38,0,0.6881964905725689,single resilient depot,8
proportional,mild_02,mild,8,1262.4841437827515,581.7560000000001,1844.2401437827516,10623.372000000003,10623.372000000003,0.8811597538161376,32446.060000000012,9360.887856217252,0.7114938499091339,211.1012731536762,240.0,76,1,7,0,0.9304882065209249,single resilient depot,8
nearest_first,mild_02,mild,8,1244.5119999999997,581.7560000000001,1826.2679999999998,10623.372000000003,10623.372000000003,0.8828515089182607,10557.124000000002,9378.860000000002,0.11160842668893523,103.42653374608581,240.0,40,1,7,0,0.9545209171299603,single resilient depot,8
nearest_first_post,mild_02,mild,8,0.0,581.7560000000001,581.7560000000001,10623.372000000003,10623.372000000003,1.0,10623.372000000003,10623.372000000003,0.0,95.05765037038334,240.0,38,1,0,0,0.0,single resilient depot,8
access_opt,mild_02,mild,8,0.0,581.7560000000001,581.7560000000001,10623.372000000003,10623.372000000003,1.0,10623.372000000003,10623.372000000003,0.0,95.05765037038334,240.0,38,1,0,0,0.0,single resilient depot,8
none,mild_03,mild,8,10578.472000000003,872.732,11451.204000000003,10578.472000000003,10578.472000000003,0.0,0.0,0.0,0.0,0.0,240.0,0,1,37,0,0.6964632111625947,single resilient depot,8
proportional,mild_03,mild,8,1364.9838044652076,872.732,2237.715804465208,10578.472000000003,10578.472000000003,0.8709658819851102,32446.060000000012,9213.488195534796,0.7160367639234226,220.2598575911108,240.0,76,1,8,0,0.9236485782651243,single resilient depot,8
nearest_first,mild_03,mild,8,1484.248,872.732,2356.98,10578.472000000003,10578.472000000003,0.8596916454474711,10557.124000000002,9094.224000000002,0.13856993628188885,108.03523328005579,240.0,40,1,8,0,0.9466812785059627,single resilient depot,8
nearest_first_post,mild_03,mild,8,0.0,872.732,872.732,10578.472000000003,10578.472000000003,1.0,10578.472000000003,10578.472000000003,0.0,95.8697075541487,240.0,37,1,0,0,0.0,single resilient depot,8
access_opt,mild_03,mild,8,0.0,872.732,872.732,10578.472000000003,10578.472000000003,1.0,10578.472000000003,10578.472000000003,0.0,95.8697075541487,240.0,37,1,0,0,0.0,single resilient depot,8
none,mild_04,mild,8,12088.616000000004,1555.26,13643.876000000004,12088.616,12088.616000000002,-3.009425402454435e-16,0.0,0.0,0.0,0.0,240.0,0,1,36,2,0.6973672136794932,single resilient depot,8
proportional,mild_04,mild,8,1995.6959500494877,1555.26,3550.955950049488,12088.616,12088.616000000002,0.8349111304346595,32446.06000000001,10092.920049950513,0.6889323372406231,215.04074422608852,240.0,73,1,9,2,0.9086967497718121,single resilient depot,8
nearest_first,mild_04,mild,8,2996.1359999999995,1555.26,4551.396,12088.616,12088.616000000002,0.7521522728491002,10312.844000000003,9092.480000000001,0.11833437992468432,107.19724450190573,240.0,39,1,11,2,0.9212190675802777,single resilient depot,8
nearest_first_post,mild_04,mild,8,0.0,1555.26,1555.26,12088.616,12088.616000000002,0.9999999999999999,12088.616000000004,12088.616000000004,0.0,95.03171877599864,240.0,36,1,0,2,0.0,single resilient depot,8
access_opt,mild_04,mild,8,0.0,1555.26,1555.26,12088.616,12088.616000000002,0.9999999999999999,12088.616000000004,12088.616000000004,0.0,95.03171877599864,240.0,36,1,0,2,0.0,single resilient depot,8
none,mild_05,mild,8,12188.431999999999,2612.428,14800.859999999999,12188.431999999999,11698.028,0.0,0.0,0.0,0.0,0.0,240.0,0,1,35,9,0.6965815181356595,single resilient depot,8
proportional,mild_05,mild,8,2485.139886050131,2612.428,5097.56788605013,12188.431999999999,11698.028,0.8294810128638663,32446.060000000005,9703.29211394987,0.7009408195032041,203.13598045435978,240.0,68,1,9,9,0.907825138461399,single resilient depot,8
nearest_first,mild_05,mild,8,4329.272000000001,2612.428,6941.700000000001,12188.431999999999,11698.028,0.6718363129238533,10002.116000000004,7859.160000000002,0.21425026464400143,100.86147155403638,240.0,37,1,17,9,0.8680450952077278,single resilient depot,8
nearest_first_post,mild_05,mild,8,490.404,2612.428,3102.832,12188.431999999999,11698.028,0.9999999999999999,11698.028,11698.028,0.0,91.56843618641912,240.0,34,1,1,9,0.9859154929577465,single resilient depot,8
access_opt,mild_05,mild,8,490.404,2612.428,3102.832,12188.431999999999,11698.028,0.9999999999999999,11698.028,11698.028,0.0,91.56843618641912,240.0,34,1,1,9,0.9859154929577465,single resilient depot,8
none,mild_06,mild,8,10763.320000000003,528.808,11292.128000000004,10763.320000000003,10763.320000000002,0.0,0.0,0.0,0.0,0.0,240.0,0,1,37,1,0.6873774455627003,single resilient depot,8
proportional,mild_06,mild,8,1252.5411878016646,528.808,1781.3491878016646,10763.320000000003,10763.320000000002,0.8836287327886134,32446.060000000005,9510.77881219834,0.706874153219271,207.19758913147288,240.0,75,1,7,1,0.9298438054048607,single resilient depot,8
nearest_first,mild_06,mild,8,1398.6799999999998,528.808,1927.4879999999998,10763.320000000003,10763.320000000002,0.8700512481279012,10430.932000000003,9364.640000000001,0.10222403904080679,99.52284972388249,240.0,39,1,10,1,0.9295362869067113,single resilient depot,8
nearest_first_post,mild_06,mild,8,0.0,528.808,528.808,10763.320000000003,10763.320000000002,1.0000000000000002,10763.320000000003,10763.320000000003,0.0,91.15396634818002,240.0,37,1,0,1,0.0,single resilient depot,8
access_opt,mild_06,mild,8,0.0,528.808,528.808,10763.320000000003,10763.320000000002,1.0000000000000002,10763.320000000003,10763.320000000003,0.0,91.15396634818002,240.0,37,1,0,1,0.0,single resilient depot,8
none,mild_07,mild,8,12214.296,1693.468,13907.764000000001,12214.296,12214.296,0.0,0.0,0.0,0.0,0.0,240.0,0,1,35,3,0.6779536656757357,single resilient depot,8
proportional,mild_07,mild,8,1984.2164730172415,1693.468,3677.6844730172415,12214.296,12214.296,0.837549665325186,32446.060000000005,10230.079526982761,0.6847050296096735,218.36440369466663,240.0,73,1,9,3,0.9209028561735686,single resilient depot,8
nearest_first,mild_07,mild,8,3565.8520000000003,1693.468,5259.320000000001,12214.296,12214.296,0.7080591464297246,10425.820000000002,8648.444000000003,0.1704782933140988,108.86712367218018,240.0,39,1,14,3,0.8836687640740227,single resilient depot,8
nearest_first_post,mild_07,mild,8,0.0,1693.468,1693.468,12214.296,12214.296,1.0,12214.296,12214.296,0.0,95.66278064791149,240.0,35,1,0,3,0.0,single resilient depot,8
access_opt,mild_07,mild,8,0.0,1693.468,1693.468,12214.296,12214.296,1.0,12214.296,12214.296,0.0,95.66278064791149,240.0,35,1,0,3,0.0,single resilient depot,8
none,mild_08,mild,8,12088.616000000004,1555.26,13643.876000000004,12088.616,12088.616000000002,-3.009425402454435e-16,0.0,0.0,0.0,0.0,240.0,0,1,36,2,0.6973672136794932,single resilient depot,8
proportional,mild_08,mild,8,1995.6959500494877,1555.26,3550.955950049488,12088.616,12088.616000000002,0.8349111304346595,32446.06000000001,10092.920049950513,0.6889323372406231,215.04074422608852,240.0,73,1,9,2,0.9086967497718121,single resilient depot,8
nearest_first,mild_08,mild,8,2996.1359999999995,1555.26,4551.396,12088.616,12088.616000000002,0.7521522728491002,10312.844000000003,9092.480000000001,0.11833437992468432,107.19724450190573,240.0,39,1,11,2,0.9212190675802777,single resilient depot,8
nearest_first_post,mild_08,mild,8,0.0,1555.26,1555.26,12088.616,12088.616000000002,0.9999999999999999,12088.616000000004,12088.616000000004,0.0,95.03171877599864,240.0,36,1,0,2,0.0,single resilient depot,8
access_opt,mild_08,mild,8,0.0,1555.26,1555.26,12088.616,12088.616000000002,0.9999999999999999,12088.616000000004,12088.616000000004,0.0,95.03171877599864,240.0,36,1,0,2,0.0,single resilient depot,8
none,mild_09,mild,8,12765.376000000002,1469.776,14235.152000000002,12765.376000000002,12765.376000000002,0.0,0.0,0.0,0.0,0.0,240.0,0,1,35,2,0.6824731627186699,single resilient depot,8
proportional,mild_09,mild,8,2246.5719283063036,1469.776,3716.3479283063034,12765.376000000002,12765.376000000002,0.8240105165483333,32446.060000000005,10518.804071693696,0.6758064285249521,212.42627119262443,240.0,72,1,9,2,0.917052461164048,single resilient depot,8
nearest_first,mild_09,mild,8,3682.8959999999993,1469.776,5152.672,12765.376000000002,12765.376000000002,0.7114933394833025,10425.820000000002,9082.480000000001,0.12884741919580422,108.22381790776893,240.0,39,1,12,2,0.9055805090317326,single resilient depot,8
nearest_first_post,mild_09,mild,8,0.0,1469.776,1469.776,12765.376000000002,12765.376000000002,1.0,12765.376000000002,12765.376000000002,0.0,92.41724574253452,240.0,35,1,0,2,0.0,single resilient depot,8
access_opt,mild_09,mild,8,0.0,1469.776,1469.776,12765.376000000002,12765.376000000002,1.0,12765.376000000002,12765.376000000002,0.0,92.41724574253452,240.0,35,1,0,2,0.0,single resilient depot,8
none,mild_10,mild,8,10821.000000000004,471.12800000000004,11292.128000000004,10821.000000000004,10821.000000000002,0.0,0.0,0.0,0.0,0.0,240.0,0,1,37,1,0.6864309960789646,single resilient depot,8
proportional,mild_10,mild,8,1252.5411878016646,471.12800000000004,1723.6691878016645,10821.000000000004,10821.000000000002,0.88424903541247,32446.060000000005,9568.45881219834,0.705096433520793,207.19758913147288,240.0,75,1,7,1,0.9298438054048607,single resilient depot,8
nearest_first,mild_10,mild,8,1398.6799999999998,471.12800000000004,1869.808,10821.000000000004,10821.000000000002,0.8707439238517699,10430.932000000003,9422.320000000002,0.09669433182001386,99.52284972388249,240.0,39,1,10,1,0.9295362869067113,single resilient depot,8
nearest_first_post,mild_10,mild,8,0.0,471.12800000000004,471.12800000000004,10821.000000000004,10821.000000000002,1.0000000000000002,10821.000000000004,10821.000000000004,0.0,91.15396634818002,240.0,37,1,0,1,0.0,single resilient depot,8
access_opt,mild_10,mild,8,0.0,471.12800000000004,471.12800000000004,10821.000000000004,10821.000000000002,1.0000000000000002,10821.000000000004,10821.000000000004,0.0,91.15396634818002,240.0,37,1,0,1,0.0,single resilient depot,8
none,mild_11,mild,8,13226.676000000001,2844.632,16071.308,13226.676000000001,12736.272000000003,0.0,0.0,0.0,0.0,0.0,240.0,0,1,36,8,0.681856868144629,single resilient depot,8
proportional,mild_11,mild,8,2959.6561700291595,2844.632,5804.28817002916,13226.676000000001,12736.272000000003,0.8061244161533956,32446.060000000012,10267.01982997084,0.6835665153189374,199.6846947236537,240.0,66,1,9,8,0.9116059430600475,single resilient depot,8
nearest_first,mild_11,mild,8,5425.196,2844.632,8269.828,13226.676000000001,12736.272000000003,0.6125403100687548,9870.812000000004,7801.480000000001,0.20964151682759247,99.4707247350489,240.0,36,1,17,8,0.8600902993540179,single resilient depot,8
nearest_first_post,mild_11,mild,8,490.404,2844.632,3335.036,13226.676000000001,12736.272000000003,0.9999999999999999,12736.272000000003,12736.272000000003,0.0,94.73386816618549,240.0,35,1,1,8,0.9855072463768116,single resilient depot,8
access_opt,mild_11,mild,8,490.404,2844.632,3335.036,13226.676000000001,12736.272000000003,0.9999999999999999,12736.272000000003,12736.272000000003,0.0,94.73386816618549,240.0,35,1,1,8,0.9855072463768116,single resilient depot,8
none,mild_12,mild,8,12521.828,1345.176,13867.003999999999,12521.828,12521.828,0.0,0.0,0.0,0.0,0.0,240.0,0,1,33,1,0.7056584212865167,single resilient depot,8
proportional,mild_12,mild,8,2432.30911130366,1345.176,3777.48511130366,12521.828,12521.828,0.8057544704092997,32446.06000000001,10089.51888869634,0.6890371623335364,212.5051363294521,240.0,72,1,9,1,0.9069460289398024,single resilient depot,8
nearest_first,mild_12,mild,8,3662.987999999999,1345.176,5008.163999999999,12521.828,12521.828,0.7074717844710853,10186.652000000002,8858.840000000002,0.13034822432335957,104.59784163236209,240.0,38,1,13,1,0.8962382532222245,single resilient depot,8
nearest_first_post,mild_12,mild,8,0.0,1345.176,1345.176,12521.828,12521.828,1.0,12521.828,12521.828,0.0,87.07130150197743,240.0,33,1,0,1,0.0,single resilient depot,8
access_opt,mild_12,mild,8,0.0,1345.176,1345.176,12521.828,12521.828,1.0,12521.828,12521.828,0.0,87.07130150197743,240.0,33,1,0,1,0.0,single resilient depot,8
none,mild_13,mild,8,10623.372000000003,612.164,11235.536000000004,10623.372000000003,10623.372000000003,0.0,0.0,0.0,0.0,0.0,240.0,0,1,38,0,0.6881964905725689,single resilient depot,8
proportional,mild_13,mild,8,1262.4841437827515,612.164,1874.6481437827515,10623.372000000003,10623.372000000003,0.8811597538161376,32446.060000000012,9360.887856217252,0.7114938499091339,211.1012731536762,240.0,76,1,7,0,0.9304882065209249,single resilient depot,8
nearest_first,mild_13,mild,8,1244.5119999999997,612.164,1856.6759999999997,10623.372000000003,10623.372000000003,0.8828515089182607,10557.124000000002,9378.860000000002,0.11160842668893523,103.42653374608581,240.0,40,1,7,0,0.9545209171299603,single resilient depot,8
nearest_first_post,mild_13,mild,8,0.0,612.164,612.164,10623.372000000003,10623.372000000003,1.0,10623.372000000003,10623.372000000003,0.0,95.05765037038334,240.0,38,1,0,0,0.0,single resilient depot,8
access_opt,mild_13,mild,8,0.0,612.164,612.164,10623.372000000003,10623.372000000003,1.0,10623.372000000003,10623.372000000003,0.0,95.05765037038334,240.0,38,1,0,0,0.0,single resilient depot,8
none,mild_14,mild,8,12096.884000000002,1516.9840000000002,13613.868000000002,12096.884000000002,12096.884000000002,0.0,0.0,0.0,0.0,0.0,240.0,0,1,37,3,0.6915140456963631,single resilient depot,8
proportional,mild_14,mild,8,1906.9119180896075,1516.9840000000002,3423.8959180896077,12096.884000000002,12096.884000000002,0.8423633790247467,32446.060000000012,10189.972081910393,0.6859411564328493,217.46040420459423,240.0,74,1,8,3,0.9166810933890737,single resilient depot,8
nearest_first,mild_14,mild,8,2890.771999999999,1516.9840000000002,4407.755999999999,12096.884000000002,12096.884000000002,0.7610316838617285,10557.124000000002,9206.112000000001,0.12797159529432456,109.61690448041138,240.0,40,1,11,3,0.9239764798426927,single resilient depot,8
nearest_first_post,mild_14,mild,8,0.0,1516.9840000000002,1516.9840000000002,12096.884000000002,12096.884000000002,1.0,12096.884000000002,12096.884000000002,0.0,97.45137875450429,240.0,37,1,0,3,0.0,single resilient depot,8
access_opt,mild_14,mild,8,0.0,1516.9840000000002,1516.9840000000002,12096.884000000002,12096.884000000002,1.0,12096.884000000002,12096.884000000002,0.0,97.45137875450429,240.0,37,1,0,3,0.0,single resilient depot,8
none,mild_15,mild,8,12251.624000000002,1829.7160000000003,14081.340000000002,12251.624000000002,12251.624000000002,0.0,0.0,0.0,0.0,0.0,240.0,0,1,34,3,0.7001834153173679,single resilient depot,8
proportional,mild_15,mild,8,1928.0874704060257,1829.7160000000003,3757.803470406026,12251.624000000002,12251.624000000002,0.8426259677569254,32446.060000000016,10323.536529593974,0.6818246489837605,210.72137339139465,240.0,71,1,10,3,0.9063465025916385,single resilient depot,8
nearest_first,mild_15,mild,8,3409.163999999999,1829.7160000000003,5238.879999999999,12251.624000000002,12251.624000000002,0.7217377875782021,10055.348000000002,8842.460000000003,0.12062118586049919,102.87787366721184,240.0,37,1,14,3,0.8912136981547917,single resilient depot,8
nearest_first_post,mild_15,mild,8,0.0,1829.7160000000003,1829.7160000000003,12251.624000000002,12251.624000000002,1.0,12251.624000000002,12251.624000000002,0.0,90.71234794130476,240.0,34,1,0,3,0.0,single resilient depot,8
access_opt,mild_15,mild,8,0.0,1829.7160000000003,1829.7160000000003,12251.624000000002,12251.624000000002,1.0,12251.624000000002,12251.624000000002,0.0,90.71234794130476,240.0,34,1,0,3,0.0,single resilient depot,8
none,mild_16,mild,8,12073.636,1410.3600000000001,13483.996000000001,12073.636,12073.636,0.0,0.0,0.0,0.0,0.0,240.0,0,1,35,1,0.70289679061892,single resilient depot,8
proportional,mild_16,mild,8,1946.5102340356796,1410.3600000000001,3356.8702340356795,12073.636,12073.636,0.8387801127981928,32446.060000000012,10127.12576596432,0.6878781039681146,218.56584274728513,240.0,74,1,9,1,0.9135874455370906,single resilient depot,8
nearest_first,mild_16,mild,8,3101.1639999999993,1410.3600000000001,4511.523999999999,12073.636,12073.636,0.7431458095970428,10430.932000000003,8972.472000000003,0.13982067949441135,107.01750161086774,240.0,39,1,14,1,0.8965766161719328,single resilient depot,8
nearest_first_post,mild_16,mild,8,0.0,1410.3600000000001,1410.3600000000001,12073.636,12073.636,1.0,12073.636,12073.636,0.0,93.1320079198104,240.0,35,1,0,1,0.0,single resilient depot,8
access_opt,mild_16,mild,8,0.0,1410.3600000000001,1410.3600000000001,12073.636,12073.636,1.0,12073.636,12073.636,0.0,93.1320079198104,240.0,35,1,0,1,0.0,single resilient depot,8
none,mild_17,mild,8,11578.072000000002,980.8679999999999,12558.940000000002,11578.072000000002,11578.072000000002,0.0,0.0,0.0,0.0,0.0,240.0,0,1,37,0,0.7018341040537851,single resilient depot,8
proportional,mild_17,mild,8,1960.382974163782,980.8679999999999,2941.250974163782,11578.072000000002,11578.072000000002,0.8306813971994835,32446.060000000012,9617.689025836222,0.7035791394752948,223.15203141031463,240.0,76,1,9,0,0.9170007357854342,single resilient depot,8
nearest_first,mild_17,mild,8,2355.5799999999995,980.8679999999999,3336.4479999999994,11578.072000000002,11578.072000000002,0.7965481644957814,10557.124000000002,9222.492000000002,0.12642003636596477,109.61690448041138,240.0,40,1,9,0,0.9394166724529251,single resilient depot,8
nearest_first_post,mild_17,mild,8,0.0,980.8679999999999,980.8679999999999,11578.072000000002,11578.072000000002,1.0,11578.072000000002,11578.072000000002,0.0,97.45137875450429,240.0,37,1,0,0,0.0,single resilient depot,8
access_opt,mild_17,mild,8,0.0,980.8679999999999,980.8679999999999,11578.072000000002,11578.072000000002,1.0,11578.072000000002,11578.072000000002,0.0,97.45137875450429,240.0,37,1,0,0,0.0,single resilient depot,8
none,mild_18,mild,8,10763.320000000003,528.808,11292.128000000004,10763.320000000003,10763.320000000002,0.0,0.0,0.0,0.0,0.0,240.0,0,1,37,1,0.6873774455627003,single resilient depot,8
proportional,mild_18,mild,8,1252.5411878016646,528.808,1781.3491878016646,10763.320000000003,10763.320000000002,0.8836287327886134,32446.060000000005,9510.77881219834,0.706874153219271,207.19758913147288,240.0,75,1,7,1,0.9298438054048607,single resilient depot,8
nearest_first,mild_18,mild,8,1398.6799999999998,528.808,1927.4879999999998,10763.320000000003,10763.320000000002,0.8700512481279012,10430.932000000003,9364.640000000001,0.10222403904080679,99.52284972388249,240.0,39,1,10,1,0.9295362869067113,single resilient depot,8
nearest_first_post,mild_18,mild,8,0.0,528.808,528.808,10763.320000000003,10763.320000000002,1.0000000000000002,10763.320000000003,10763.320000000003,0.0,91.15396634818002,240.0,37,1,0,1,0.0,single resilient depot,8
access_opt,mild_18,mild,8,0.0,528.808,528.808,10763.320000000003,10763.320000000002,1.0000000000000002,10763.320000000003,10763.320000000003,0.0,91.15396634818002,240.0,37,1,0,1,0.0,single resilient depot,8
none,mild_19,mild,8,12271.244000000002,2314.508,14585.752000000002,12271.244000000002,11780.840000000002,0.0,0.0,0.0,0.0,0.0,240.0,0,1,34,8,0.6846339607923942,single resilient depot,8
proportional,mild_19,mild,8,2235.3753430864645,2314.508,4549.883343086464,12271.244000000002,11780.840000000002,0.8518805668283024,32446.06000000001,10035.868656913537,0.6906906830316675,202.54623540008404,240.0,67,1,8,8,0.9178688239485229,single resilient depot,8
nearest_first,mild_19,mild,8,4291.652,2314.508,6606.16,12271.244000000002,11780.840000000002,0.6773364208324705,9795.104000000001,7979.5920000000015,0.18534892534065994,100.27172649976065,240.0,36,1,16,8,0.8719456564706994,single resilient depot,8
nearest_first_post,mild_19,mild,8,490.404,2314.508,2804.912,12271.244000000002,11780.840000000002,1.0,11780.840000000002,11780.840000000002,0.0,89.25877162276417,240.0,33,1,1,8,0.9855072463768116,single resilient depot,8
access_opt,mild_19,mild,8,490.404,2314.508,2804.912,12271.244000000002,11780.840000000002,1.0,11780.840000000002,11780.840000000002,0.0,89.25877162276417,240.0,33,1,1,8,0.9855072463768116,single resilient depot,8
none,moderate_00,moderate,8,12176.336000000001,9577.456,21753.792,12176.336000000003,3283.008,5.540618248709283e-16,0.0,0.0,0.0,0.0,240.0,0,1,31,50,0.6690057914701346,single resilient depot,8
proportional,moderate_00,moderate,8,8893.328,9577.456,18470.784,12176.336000000003,3283.008,1.000000000000001,27189.365123636795,3283.008,0.8792539662080616,23.54888513663009,240.0,17,1,19,50,0.7716485001459191,single resilient depot,8
nearest_first,moderate_00,moderate,8,9540.504,9577.456,19117.96,12176.336000000003,3283.008,0.8028710255960395,3002.7,2635.8319999999994,0.12217937189862471,13.727014392193485,240.0,11,1,25,50,0.7413330768547364,single resilient depot,8
nearest_first_post,moderate_00,moderate,8,8893.328,9577.456,18470.784,12176.336000000003,3283.008,1.000000000000001,3283.008,3283.008,0.0,15.429130084319112,240.0,12,1,19,50,0.7716485001459191,single resilient depot,8
access_opt,moderate_00,moderate,8,8893.328,9577.456,18470.784,12176.336000000003,3283.008,1.000000000000001,3283.008,3283.008,0.0,15.429130084319112,240.0,12,1,19,50,0.7716485001459191,single resilient depot,8
none,moderate_01,moderate,8,12790.368000000002,10449.936,23240.304000000004,12790.368,2968.6480000000006,-6.127332723670358e-16,0.0,0.0,0.0,0.0,240.0,0,1,30,51,0.6707310211804433,single resilient depot,8
proportional,moderate_01,moderate,8,9928.92,10449.936,20378.856,12790.368,2968.6480000000006,0.9638892856276661,25244.389328333804,2861.4480000000003,0.8866501398475752,20.84263635083895,240.0,15,1,19,51,0.7606943777288021,single resilient depot,8
nearest_first,moderate_01,moderate,8,10709.712,10449.936,21159.648,12790.368,2968.6480000000006,0.70087662801383,2823.928,2080.656,0.26320501089262893,11.938361217058024,240.0,10,1,25,51,0.7178807015359158,single resilient depot,8
nearest_first_post,moderate_01,moderate,8,9821.72,10449.936,20271.656,12790.368,2968.6480000000006,1.0000000000000002,2968.648,2968.648,0.0,14.4954647684212,240.0,12,1,18,51,0.7716640251813589,single resilient depot,8
access_opt,moderate_01,moderate,8,9821.72,10449.936,20271.656,12790.368,2968.6480000000006,1.0000000000000002,2968.648,2968.648,0.0,14.4954647684212,240.0,12,1,18,51,0.7716640251813589,single resilient depot,8
none,moderate_02,moderate,8,12728.044,10126.088,22854.131999999998,12728.044000000002,2954.1400000000003,6.157424507795353e-16,0.0,0.0,0.0,0.0,240.0,0,1,31,52,0.6825110029665256,single resilient depot,8
proportional,moderate_02,moderate,8,9773.904,10126.088,19899.992,12728.044000000002,2954.1400000000003,1.0000000000000002,26991.089021043004,2954.1400000000003,0.8905512853632223,23.480199926644875,240.0,17,1,19,52,0.7821612182290613,single resilient depot,8
nearest_first,moderate_02,moderate,8,10380.480000000001,10126.088,20506.568,12728.044000000002,2954.1400000000003,0.7946691761392487,2955.232,2347.5640000000003,0.20562446535500412,13.65832918220827,240.0,11,1,24,52,0.7535817602649167,single resilient depot,8
nearest_first_post,moderate_02,moderate,8,9773.904,10126.088,19899.992,12728.044000000002,2954.1400000000003,1.0000000000000002,2954.1400000000003,2954.1400000000003,0.0,15.360444874333897,240.0,12,1,19,52,0.7821612182290613,single resilient depot,8
access_opt,moderate_02,moderate,8,9773.904,10126.088,19899.992,12728.044000000002,2954.1400000000003,1.0000000000000002,2954.1400000000003,2954.1400000000003,0.0,15.360444874333897,240.0,12,1,19,52,0.7821612182290613,single resilient depot,8
none,moderate_03,moderate,8,10921.796,7740.4039999999995,18662.2,10921.796000000002,5921.776000000001,3.0716957270012513e-16,0.0,0.0,0.0,0.0,240.0,0,1,29,48,0.706348799406086,single resilient depot,8
proportional,moderate_03,moderate,8,5000.02,7740.4039999999995,12740.423999999999,10921.796000000002,5921.776000000001,1.0000000000000002,30559.858398551693,5921.775999999999,0.8062237094566954,44.604258109673005,240.0,25,1,16,48,0.8236887783126816,single resilient depot,8
nearest_first,moderate_03,moderate,8,6925.152,7740.4039999999995,14665.556,10921.796000000002,5921.776000000001,0.674906311890217,5151.124,3996.6440000000002,0.22412195862495243,25.357488635993377,240.0,16,1,23,48,0.7726086567135002,single resilient depot,8
nearest_first_post,moderate_03,moderate,8,5000.02,7740.4039999999995,12740.423999999999,10921.796000000002,5921.776000000001,1.0000000000000002,5921.775999999999,5921.775999999999,0.0,19.807862407917238,240.0,13,1,16,48,0.8236887783126816,single resilient depot,8
access_opt,moderate_03,moderate,8,5000.02,7740.4039999999995,12740.423999999999,10921.796000000002,5921.776000000001,1.0000000000000002,5921.775999999999,5921.775999999999,0.0,19.807862407917238,240.0,13,1,16,48,0.8236887783126816,single resilient depot,8
none,moderate_04,moderate,8,11142.488,12875.996000000001,24018.484,11142.488000000001,2219.772,8.194487557937737e-16,0.0,0.0,0.0,0.0,240.0,0,1,27,51,0.7002600431599465,single resilient depot,8
proportional,moderate_04,moderate,8,8922.716,12875.996000000001,21798.712,11142.488000000001,2219.772,1.0000000000000004,26013.94728346637,2219.772,0.914669927796355,22.101202921168543,240.0,16,1,16,51,0.7935009678579555,single resilient depot,8
nearest_first,moderate_04,moderate,8,9352.864,12875.996000000001,22228.86,11142.488000000001,2219.772,0.8062197378829905,2823.928,1789.624,0.3662642956902583,12.279332176731934,240.0,10,1,21,51,0.7594396619241631,single resilient depot,8
nearest_first_post,moderate_04,moderate,8,8922.716,12875.996000000001,21798.712,11142.488000000001,2219.772,1.0000000000000004,2219.772,2219.772,0.0,13.981447868857565,240.0,11,1,16,51,0.7935009678579555,single resilient depot,8
access_opt,moderate_04,moderate,8,8922.716,12875.996000000001,21798.712,11142.488000000001,2219.772,1.0000000000000004,2219.772,2219.772,0.0,13.981447868857565,240.0,11,1,16,51,0.7935009678579555,single resilient depot,8
none,moderate_05,moderate,8,10897.560000000001,7609.364000000001,18506.924000000003,10897.56,6280.548000000001,-2.896227213844805e-16,0.0,0.0,0.0,0.0,240.0,0,1,30,49,0.703457091963436,single resilient depot,8
proportional,moderate_05,moderate,8,4617.012,7609.364000000001,12226.376,10897.56,6280.548000000001,0.9999999999999999,30567.036848826425,6280.548000000001,0.7945319976201379,42.70762793638931,240.0,25,1,18,49,0.8059585794766796,single resilient depot,8
nearest_first,moderate_05,moderate,8,6985.58,7609.364000000001,14594.944000000001,10897.56,6280.548000000001,0.6228723990326958,5282.428,3911.9800000000005,0.25943524455042255,27.077456601143627,240.0,17,1,25,49,0.7539765646335709,single resilient depot,8
nearest_first_post,moderate_05,moderate,8,4617.012,7609.364000000001,12226.376,10897.56,6280.548000000001,0.9999999999999999,6280.548000000001,6280.548000000001,0.0,18.019209232781776,240.0,12,1,18,49,0.8059585794766796,single resilient depot,8
access_opt,moderate_05,moderate,8,4617.012,7609.364000000001,12226.376,10897.56,6280.548000000001,0.9999999999999999,6280.548000000001,6280.548000000001,0.0,18.019209232781776,240.0,12,1,18,49,0.8059585794766796,single resilient depot,8
none,moderate_06,moderate,8,13342.320000000002,8821.036,22163.356,13342.320000000002,3297.9800000000005,0.0,0.0,0.0,0.0,0.0,240.0,0,1,31,51,0.6762110554959969,single resilient depot,8
proportional,moderate_06,moderate,8,10044.34,8821.036,18865.376,13342.320000000002,3297.9800000000005,1.0000000000000002,27462.20245824113,3297.9800000000005,0.8799083939092325,26.32113551430762,240.0,18,1,19,51,0.783276563811173,single resilient depot,8
nearest_first,moderate_06,moderate,8,10687.520000000002,8821.036,19508.556000000004,13342.320000000002,3297.9800000000005,0.8049775923444045,3029.34,2654.8,0.123637491994956,16.499264769871015,240.0,12,1,24,51,0.7550497358397997,single resilient depot,8
nearest_first_post,moderate_06,moderate,8,10044.34,8821.036,18865.376,13342.320000000002,3297.9800000000005,1.0000000000000002,3297.9800000000005,3297.9800000000005,0.0,15.744577444609188,240.0,12,1,19,51,0.783276563811173,single resilient depot,8
access_opt,moderate_06,moderate,8,10044.34,8821.036,18865.376,13342.320000000002,3297.9800000000005,1.0000000000000002,3297.9800000000005,3297.9800000000005,0.0,15.744577444609188,240.0,12,1,19,51,0.783276563811173,single resilient depot,8
none,moderate_07,moderate,8,9327.624,15267.644,24595.268,9327.624000000002,2057.464,8.840929433253056e-16,0.0,0.0,0.0,0.0,240.0,0,1,28,54,0.7088630842096263,single resilient depot,8
proportional,moderate_07,moderate,8,7377.360000000001,15267.644,22645.004,9327.624000000002,2057.464,0.9478970227425613,22443.079270398037,1950.2640000000001,0.9131017639556993,14.809894697724712,240.0,12,1,18,54,0.7877155250085579,single resilient depot,8
nearest_first,moderate_07,moderate,8,7682.495999999999,15267.644,22950.14,9327.624000000002,2057.464,0.7995901750893345,2072.2120000000004,1645.128,0.20610053411523555,10.401530842694125,240.0,9,1,22,54,0.7664277439377526,single resilient depot,8
nearest_first_post,moderate_07,moderate,8,7270.16,15267.644,22537.804,9327.624000000002,2057.464,1.0000000000000009,2057.464,2057.464,0.0,13.71332171931913,240.0,11,1,17,54,0.7992255077786606,single resilient depot,8
access_opt,moderate_07,moderate,8,7270.16,15267.644,22537.804,9327.624000000002,2057.464,1.0000000000000009,2057.464,2057.464,0.0,13.71332171931913,240.0,11,1,17,54,0.7992255077786606,single resilient depot,8
none,moderate_08,moderate,8,10482.332000000002,10316.768,20799.100000000002,10482.332,3005.9280000000003,-6.051340562867296e-16,0.0,0.0,0.0,0.0,240.0,0,1,32,59,0.7111361948917453,single resilient depot,8
proportional,moderate_08,moderate,8,7583.604000000001,10316.768,17900.372000000003,10482.332,3005.9280000000003,0.964337136484972,26302.48559569917,2898.728,0.8897926209500906,22.562604315989198,240.0,16,1,20,59,0.7977107787804723,single resilient depot,8
nearest_first,moderate_08,moderate,8,8275.216000000002,10316.768,18591.984000000004,10482.332,3005.9280000000003,0.7342544465469558,2955.232,2207.116,0.25314966811404316,13.65832918220827,240.0,11,1,26,59,0.7617838724498553,single resilient depot,8
nearest_first_post,moderate_08,moderate,8,7476.404,10316.768,17793.172,10482.332,3005.9280000000003,0.9999999999999999,3005.9280000000003,3005.9280000000003,0.0,16.215432733571447,240.0,13,1,19,59,0.8080930981046529,single resilient depot,8
access_opt,moderate_08,moderate,8,7476.404,10316.768,17793.172,10482.332,3005.9280000000003,0.9999999999999999,3005.9280000000003,3005.9280000000003,0.0,16.215432733571447,240.0,13,1,19,59,0.8080930981046529,single resilient depot,8
none,moderate_09,moderate,8,12476.36,6412.868,18889.228000000003,12476.36,11849.732000000002,0.0,0.0,0.0,0.0,0.0,240.0,0,1,30,15,0.7003792297105196,single resilient depot,8
proportional,moderate_09,moderate,8,3119.392867002455,6412.868,9532.260867002457,12476.36,11849.732000000002,0.7896353379973103,29667.350953350662,9356.967132997546,0.6846038883717469,231.48216710315418,240.0,53,1,13,15,0.8869678595283476,single resilient depot,8
nearest_first,moderate_09,moderate,8,5638.444,6412.868,12051.312000000002,12476.36,11849.732000000002,0.5770523755305182,9790.920000000002,6837.916,0.30160638632528924,157.6118162045767,240.0,35,1,16,15,0.8396664603913062,single resilient depot,8
nearest_first_post,moderate_09,moderate,8,626.628,6412.868,7039.496,12476.36,11849.732000000002,0.9999999999999999,11849.732000000002,11849.732000000002,0.0,127.2038251897764,240.0,28,1,2,15,0.9702292311817702,single resilient depot,8
access_opt,moderate_09,moderate,8,626.628,6412.868,7039.496,12476.36,11849.732000000002,0.9999999999999999,11849.732000000002,11849.732000000002,0.0,127.2038251897764,240.0,28,1,2,15,0.9702292311817702,single resilient depot,8
none,moderate_10,moderate,8,13349.42,8667.372,22016.792,13349.42,3461.1800000000003,0.0,0.0,0.0,0.0,0.0,240.0,0,1,32,54,0.6630467354734156,single resilient depot,8
proportional,moderate_10,moderate,8,9995.439999999999,8667.372,18662.811999999998,13349.42,3461.1800000000003,0.9690279037784805,26810.961937470474,3353.9800000000005,0.8749026607914226,25.403539903651943,240.0,17,1,20,54,0.7614834486696109,single resilient depot,8
nearest_first,moderate_10,moderate,8,10694.62,8667.372,19361.992,13349.42,3461.1800000000003,0.767021651575474,3029.34,2654.8,0.123637491994956,16.499264769871015,240.0,12,1,25,54,0.7324250012527632,single resilient depot,8
nearest_first_post,moderate_10,moderate,8,9888.239999999998,8667.372,18555.611999999997,13349.42,3461.1800000000003,1.0000000000000004,3461.1800000000003,3461.1800000000003,0.0,16.599565303846738,240.0,13,1,19,54,0.7719044274515782,single resilient depot,8
access_opt,moderate_10,moderate,8,9888.239999999998,8667.372,18555.611999999997,13349.42,3461.1800000000003,1.0000000000000004,3461.1800000000003,3461.1800000000003,0.0,16.599565303846738,240.0,13,1,19,54,0.7719044274515782,single resilient depot,8
none,moderate_11,moderate,8,13676.024000000001,10757.908,24433.932,13676.024000000003,2860.8600000000006,6.358190906041736e-16,0.0,0.0,0.0,0.0,240.0,0,1,30,51,0.6646801783842463,single resilient depot,8
proportional,moderate_11,moderate,8,10815.164,10757.908,21573.072,13676.024000000003,2860.8600000000006,1.0000000000000007,26013.94728346637,2860.8600000000006,0.8900259169119532,21.76023196149463,240.0,16,1,19,51,0.7685108983671869,single resilient depot,8
nearest_first,moderate_11,moderate,8,11454.920000000002,10757.908,22212.828,13676.024000000003,2860.8600000000006,0.7763763343889603,2823.928,2221.1040000000003,0.21347003181384216,11.938361217058024,240.0,10,1,24,51,0.7347831755291964,single resilient depot,8
nearest_first_post,moderate_11,moderate,8,10815.164,10757.908,21573.072,13676.024000000003,2860.8600000000006,1.0000000000000007,2860.8600000000006,2860.8600000000006,0.0,13.64047690918365,240.0,11,1,19,51,0.7685108983671869,single resilient depot,8
access_opt,moderate_11,moderate,8,10815.164,10757.908,21573.072,13676.024000000003,2860.8600000000006,1.0000000000000007,2860.8600000000006,2860.8600000000006,0.0,13.64047690918365,240.0,11,1,19,51,0.7685108983671869,single resilient depot,8
none,moderate_12,moderate,8,11957.860000000002,8740.648,20698.508,11957.86,3461.1800000000003,-5.255402503036122e-16,0.0,0.0,0.0,0.0,240.0,0,1,33,55,0.6762247175481619,single resilient depot,8
proportional,moderate_12,moderate,8,8603.88,8740.648,17344.528,11957.86,3461.1800000000003,0.9690279037784805,26810.961937470474,3353.9800000000005,0.8749026607914226,25.403539903651943,240.0,17,1,21,55,0.773534285119756,single resilient depot,8
nearest_first,moderate_12,moderate,8,9303.06,8740.648,18043.708,11957.86,3461.1800000000003,0.7670216515754745,3029.34,2654.8,0.123637491994956,16.499264769871015,240.0,12,1,26,55,0.7430813312930045,single resilient depot,8
nearest_first_post,moderate_12,moderate,8,8496.68,8740.648,17237.328,11957.86,3461.1800000000003,1.0,3461.1800000000003,3461.1800000000003,0.0,16.599565303846738,240.0,13,1,20,55,0.7846078334685215,single resilient depot,8
access_opt,moderate_12,moderate,8,8496.68,8740.648,17237.328,11957.86,3461.1800000000003,1.0,3461.1800000000003,3461.1800000000003,0.0,16.599565303846738,240.0,13,1,20,55,0.7846078334685215,single resilient depot,8
none,moderate_13,moderate,8,11868.396,12142.844000000001,24011.24,11868.396,2567.5200000000004,0.0,0.0,0.0,0.0,0.0,240.0,0,1,29,53,0.6976131338615416,single resilient depot,8
proportional,moderate_13,moderate,8,9408.076000000001,12142.844000000001,21550.920000000002,11868.396,2567.5200000000004,0.9582476475353646,25244.389328333804,2460.32,0.9025399280608232,21.183607310512862,240.0,15,1,18,53,0.791422194366852,single resilient depot,8
nearest_first,moderate_13,moderate,8,10048.756,12142.844000000001,22191.6,11868.396,2567.5200000000004,0.7087150246151932,2823.928,1819.64,0.35563512950755116,12.279332176731934,240.0,10,1,24,53,0.7518142657380996,single resilient depot,8
nearest_first_post,moderate_13,moderate,8,9300.876,12142.844000000001,21443.72,11868.396,2567.5200000000004,1.0,2567.52,2567.52,0.0,14.836435728095115,240.0,12,1,17,53,0.8020367017949358,single resilient depot,8
access_opt,moderate_13,moderate,8,9300.876,12142.844000000001,21443.72,11868.396,2567.5200000000004,1.0,2567.52,2567.52,0.0,14.836435728095115,240.0,12,1,17,53,0.8020367017949358,single resilient depot,8
none,moderate_14,moderate,8,13130.58,9182.852,22313.432,13130.58,3358.3360000000002,0.0,0.0,0.0,0.0,0.0,240.0,0,1,31,54,0.661725632231122,single resilient depot,8
proportional,moderate_14,moderate,8,9772.243999999999,9182.852,18955.095999999998,13130.58,3358.3360000000002,1.0000000000000002,26013.94728346637,3358.3360000000002,0.8709024830639812,21.76023196149463,240.0,16,1,20,54,0.7577959897342005,single resilient depot,8
nearest_first,moderate_14,moderate,8,10579.411999999998,9182.852,19762.264,13130.58,3358.3360000000002,0.7596523992834551,2823.928,2551.1679999999997,0.09658886487190899,11.938361217058024,240.0,10,1,26,54,0.720476559610618,single resilient depot,8
nearest_first_post,moderate_14,moderate,8,9772.243999999999,9182.852,18955.095999999998,13130.58,3358.3360000000002,1.0000000000000002,3358.3360000000002,3358.3360000000002,0.0,13.64047690918365,240.0,11,1,20,54,0.7577959897342005,single resilient depot,8
access_opt,moderate_14,moderate,8,9772.243999999999,9182.852,18955.095999999998,13130.58,3358.3360000000002,1.0000000000000002,3358.3360000000002,3358.3360000000002,0.0,13.64047690918365,240.0,11,1,20,54,0.7577959897342005,single resilient depot,8
none,moderate_15,moderate,8,10175.612000000001,15775.984,25951.596,10175.612,1917.7720000000002,-9.484909590638806e-16,0.0,0.0,0.0,0.0,240.0,0,1,27,53,0.6949958814012993,single resilient depot,8
proportional,moderate_15,moderate,8,8365.04,15775.984,24141.024,10175.612,1917.7720000000002,0.9441018014654495,22443.079270398037,1810.5720000000001,0.9193260435350283,14.809894697724712,240.0,12,1,17,53,0.7785044448028371,single resilient depot,8
nearest_first,moderate_15,moderate,8,8580.912,15775.984,24356.896,10175.612,1917.7720000000002,0.8315378470433392,2072.2120000000004,1594.7,0.23043588204295717,10.401530842694125,240.0,9,1,21,53,0.7592495155636708,single resilient depot,8
nearest_first_post,moderate_15,moderate,8,8257.84,15775.984,24033.824,10175.612,1917.7720000000002,0.9999999999999994,1917.772,1917.772,0.0,13.71332171931913,240.0,11,1,16,53,0.7902751531631744,single resilient depot,8
access_opt,moderate_15,moderate,8,8257.84,15775.984,24033.824,10175.612,1917.7720000000002,0.9999999999999994,1917.772,1917.772,0.0,13.71332171931913,240.0,11,1,16,53,0.7902751531631744,single resilient depot,8
none,moderate_16,moderate,8,12197.064,11523.12,23720.184,12197.064000000002,2898.728,6.275129655303486e-16,0.0,0.0,0.0,0.0,240.0,0,1,29,54,0.7148529979097523,single resilient depot,8
proportional,moderate_16,moderate,8,9298.336,11523.12,20821.456,12197.064000000002,2898.728,1.0000000000000009,26991.089021043004,2898.728,0.8926042592153258,23.480199926644875,240.0,17,1,17,54,0.8053653096846219,single resilient depot,8
nearest_first,moderate_16,moderate,8,9989.948,11523.12,21513.068,12197.064000000002,2898.728,0.7614084522590604,2955.232,2207.116,0.25314966811404316,13.65832918220827,240.0,11,1,23,54,0.7712694264258133,single resilient depot,8
nearest_first_post,moderate_16,moderate,8,9298.336,11523.12,20821.456,12197.064000000002,2898.728,1.0000000000000009,2898.728,2898.728,0.0,15.360444874333897,240.0,12,1,17,54,0.8053653096846219,single resilient depot,8
access_opt,moderate_16,moderate,8,9298.336,11523.12,20821.456,12197.064000000002,2898.728,1.0000000000000009,2898.728,2898.728,0.0,15.360444874333897,240.0,12,1,17,54,0.8053653096846219,single resilient depot,8
none,moderate_17,moderate,8,12013.084000000003,8862.588,20875.672000000002,12013.084,3213.3160000000003,-5.660785940585539e-16,0.0,0.0,0.0,0.0,240.0,0,1,31,53,0.6870659034461859,single resilient depot,8
proportional,moderate_17,moderate,8,8799.768,8862.588,17662.356,12013.084,3213.3160000000003,1.0000000000000002,28295.294097740745,3213.3160000000003,0.8864363809437638,28.041103479457867,240.0,19,1,20,53,0.7794435358620153,single resilient depot,8
nearest_first,moderate_17,moderate,8,9442.948,8862.588,18305.536,12013.084,3213.3160000000003,0.7998391692569297,3160.6440000000002,2570.1360000000004,0.18683154445739536,18.21923273502126,240.0,13,1,25,53,0.7510867159486604,single resilient depot,8
nearest_first_post,moderate_17,moderate,8,8799.768,8862.588,17662.356,12013.084,3213.3160000000003,1.0000000000000002,3213.3160000000003,3213.3160000000003,0.0,13.955924269473726,240.0,11,1,20,53,0.7794435358620153,single resilient depot,8
access_opt,moderate_17,moderate,8,8799.768,8862.588,17662.356,12013.084,3213.3160000000003,1.0000000000000002,3213.3160000000003,3213.3160000000003,0.0,13.955924269473726,240.0,11,1,20,53,0.7794435358620153,single resilient depot,8
none,moderate_18,moderate,8,11448.456,10253.628,21702.084000000003,11448.456,3024.0600000000004,0.0,0.0,0.0,0.0,0.0,240.0,0,1,30,53,0.6859598188958302,single resilient depot,8
proportional,moderate_18,moderate,8,8531.596,10253.628,18785.224000000002,11448.456,3024.0600000000004,0.964550967904076,25244.389328333804,2916.8600000000006,0.8844551174495564,20.84263635083895,240.0,15,1,19,53,0.7805452128780267,single resilient depot,8
nearest_first,moderate_18,moderate,8,9227.352,10253.628,19480.980000000003,11448.456,3024.0600000000004,0.7344774905259813,2823.928,2221.1040000000003,0.21347003181384216,11.938361217058024,240.0,10,1,24,53,0.7462250126910754,single resilient depot,8
nearest_first_post,moderate_18,moderate,8,8424.396,10253.628,18678.024,11448.456,3024.0600000000004,0.9999999999999997,3024.0600000000004,3024.0600000000004,0.0,14.4954647684212,240.0,12,1,18,53,0.7913803367254622,single resilient depot,8
access_opt,moderate_18,moderate,8,8424.396,10253.628,18678.024,11448.456,3024.0600000000004,0.9999999999999997,3024.0600000000004,3024.0600000000004,0.0,14.4954647684212,240.0,12,1,18,53,0.7913803367254622,single resilient depot,8
none,moderate_19,moderate,8,11922.552000000001,8542.464,20465.016000000003,11922.552,3269.3160000000003,-5.563822535190408e-16,0.0,0.0,0.0,0.0,240.0,0,1,29,54,0.7082626582242926,single resilient depot,8
proportional,moderate_19,moderate,8,8653.236,8542.464,17195.7,11922.552,3269.3160000000003,0.9999999999999996,28295.294097740745,3269.3160000000003,0.8844572532553729,28.041103479457867,240.0,19,1,18,54,0.8019151956839911,single resilient depot,8
nearest_first,moderate_19,moderate,8,9352.416000000001,8542.464,17894.88,11922.552,3269.3160000000003,0.7861387519591249,3160.6440000000002,2570.1360000000004,0.18683154445739536,18.21923273502126,240.0,13,1,23,54,0.7740222795542158,single resilient depot,8
nearest_first_post,moderate_19,moderate,8,8653.236,8542.464,17195.7,11922.552,3269.3160000000003,0.9999999999999996,3269.3160000000003,3269.3160000000003,0.0,13.955924269473726,240.0,11,1,18,54,0.8019151956839911,single resilient depot,8
access_opt,moderate_19,moderate,8,8653.236,8542.464,17195.7,11922.552,3269.3160000000003,0.9999999999999996,3269.3160000000003,3269.3160000000003,0.0,13.955924269473726,240.0,11,1,18,54,0.8019151956839911,single resilient depot,8
none,severe_00,severe,8,6763.052,22393.616,29156.668,6763.0520000000015,1688.5120000000002,1.0772736015769247e-15,0.0,0.0,0.0,0.0,240.0,0,1,22,53,0.7224989648476964,single resilient depot,8
proportional,severe_00,severe,8,5309.0,22393.616,27702.616,6763.0520000000015,1688.5120000000002,0.8611440131903128,17144.717047092425,1454.0520000000001,0.9151895014653162,11.789476342521013,240.0,9,1,16,53,0.7791871887916407,single resilient depot,8
nearest_first,severe_00,severe,8,5927.204,22393.616,28320.82,6763.0520000000015,1688.5120000000002,0.49502046772543024,1460.0520000000001,835.8480000000002,0.42752175949897664,7.381112487490426,240.0,6,1,20,53,0.7421579227160215,single resilient depot,8
nearest_first_post,severe_00,severe,8,5074.539999999999,22393.616,27468.156000000003,6763.0520000000015,1688.5120000000002,1.0000000000000013,1688.5120000000002,1688.5120000000002,0.0,10.177113668510781,240.0,7,1,15,53,0.7967858087957392,single resilient depot,8
access_opt,severe_00,severe,8,5074.539999999999,22393.616,27468.156000000003,6763.0520000000015,1688.5120000000002,1.0000000000000013,1688.5120000000002,1688.5120000000002,0.0,10.177113668510781,240.0,7,1,15,53,0.7967858087957392,single resilient depot,8
none,severe_01,severe,8,8592.872000000001,18686.836000000003,27279.708000000006,8592.872000000001,1578.08,0.0,0.0,0.0,0.0,0.0,240.0,0,1,24,54,0.7351469112229143,single resilient depot,8
proportional,severe_01,severe,8,7014.7919999999995,18686.836000000003,25701.628000000004,8592.872000000001,1578.08,1.000000000000001,23649.698618194245,1578.0800000000002,0.9332727226051859,15.72749030838039,240.0,13,1,15,54,0.8141839830447405,single resilient depot,8
nearest_first,severe_01,severe,8,7196.280000000001,18686.836000000003,25883.116,8592.872000000001,1578.08,0.8849944236033666,2072.2120000000004,1396.592,0.3260380694639352,10.401530842694125,240.0,9,1,18,54,0.7973113600759782,single resilient depot,8
nearest_first_post,severe_01,severe,8,7014.7919999999995,18686.836000000003,25701.628000000004,8592.872000000001,1578.08,1.000000000000001,1578.0800000000002,1578.0800000000002,0.0,12.211897541356294,240.0,9,1,15,54,0.8141839830447405,single resilient depot,8
access_opt,severe_01,severe,8,7014.7919999999995,18686.836000000003,25701.628000000004,8592.872000000001,1578.08,1.000000000000001,1578.0800000000002,1578.0800000000002,0.0,12.211897541356294,240.0,9,1,15,54,0.8141839830447405,single resilient depot,8
none,severe_02,severe,8,9780.096,16756.852000000003,26536.948000000004,9780.096,1604.56,0.0,0.0,0.0,0.0,0.0,240.0,0,1,24,52,0.7033774517494596,single resilient depot,8
proportional,severe_02,severe,8,8175.536,16756.852000000003,24932.388000000003,9780.096,1604.56,0.9999999999999997,21896.13099445961,1604.56,0.9267194738464981,14.007522343230143,240.0,12,1,16,52,0.7833077023907133,single resilient depot,8
nearest_first,severe_02,severe,8,8446.204,16756.852000000003,25203.056000000004,9780.096,1604.56,0.8313132572169316,1940.9080000000001,1333.892,0.31274846618180774,8.681562877543879,240.0,8,1,19,52,0.7596990380675551,single resilient depot,8
nearest_first_post,severe_02,severe,8,8175.536,16756.852000000003,24932.388000000003,9780.096,1604.56,0.9999999999999997,1604.56,1604.56,0.0,10.484351823603166,240.0,8,1,16,52,0.7833077023907133,single resilient depot,8
access_opt,severe_02,severe,8,8175.536,16756.852000000003,24932.388000000003,9780.096,1604.56,0.9999999999999997,1604.56,1604.56,0.0,10.484351823603166,240.0,8,1,16,52,0.7833077023907133,single resilient depot,8
none,severe_03,severe,8,7062.584000000001,21724.164,28786.748,7062.584000000001,1156.652,0.0,0.0,0.0,0.0,0.0,240.0,0,1,21,57,0.7474687454560883,single resilient depot,8
proportional,severe_03,severe,8,6085.036,21724.164,27809.2,7062.584000000001,1156.652,0.8451530797508677,19914.81913004969,977.548,0.9509135386258685,12.652142376005662,240.0,10,1,16,57,0.7981759223894318,single resilient depot,8
nearest_first,severe_03,severe,8,6428.812,21724.164,28152.976000000002,7062.584000000001,1156.652,0.5479366308967614,1869.0040000000001,633.7720000000002,0.6609038824957035,8.243778520975075,240.0,7,1,20,57,0.7563828882084714,single resilient depot,8
nearest_first_post,severe_03,severe,8,5905.932000000001,21724.164,27630.096,7062.584000000001,1156.652,1.0,1156.652,1156.652,0.0,10.330904909232997,240.0,7,1,14,57,0.8186173169072267,single resilient depot,8
access_opt,severe_03,severe,8,5905.932000000001,21724.164,27630.096,7062.584000000001,1156.652,1.0,1156.652,1156.652,0.0,10.330904909232997,240.0,7,1,14,57,0.8186173169072267,single resilient depot,8
none,severe_04,severe,8,8277.728000000001,17646.076,25923.804000000004,8277.728,1389.548,-1.3090511472405821e-15,0.0,0.0,0.0,0.0,240.0,0,1,22,53,0.737553798199535,single resilient depot,8
proportional,severe_04,severe,8,6888.18,17646.076,24534.256,8277.728,1389.548,0.9999999999999992,21896.13099445961,1389.548,0.9365391081944295,14.007522343230143,240.0,12,1,14,53,0.8193058765344639,single resilient depot,8
nearest_first,severe_04,severe,8,7158.848000000002,17646.076,24804.924000000003,8277.728,1389.548,0.8052114788405995,1940.9080000000001,1118.88,0.4235275448398378,8.681562877543879,240.0,8,1,17,53,0.7940521126700547,single resilient depot,8
nearest_first_post,severe_04,severe,8,6888.18,17646.076,24534.256,8277.728,1389.548,0.9999999999999992,1389.548,1389.548,0.0,10.484351823603166,240.0,8,1,14,53,0.8193058765344639,single resilient depot,8
access_opt,severe_04,severe,8,6888.18,17646.076,24534.256,8277.728,1389.548,0.9999999999999992,1389.548,1389.548,0.0,10.484351823603166,240.0,8,1,14,53,0.8193058765344639,single resilient depot,8
none,severe_05,severe,8,3936.716,33257.672000000006,37194.388000000006,3936.7159999999994,0.0,,0.0,0.0,0.0,0.0,240.0,0,1,14,58,0.7790872952102414,single resilient depot,8
proportional,severe_05,severe,8,3936.716,33257.672000000006,37194.388000000006,3936.7159999999994,0.0,,3000.0,0.0,1.0,0.5157896956046489,240.0,1,1,14,58,0.7790872952102414,single resilient depot,8
nearest_first,severe_05,severe,8,3936.716,33257.672000000006,37194.388000000006,3936.7159999999994,0.0,,73.64,0.0,1.0,0.5157896956046489,240.0,1,1,14,58,0.7790872952102414,single resilient depot,8
nearest_first_post,severe_05,severe,8,3936.716,33257.672000000006,37194.388000000006,3936.7159999999994,0.0,,0.0,0.0,0.0,0.0,240.0,0,1,14,58,0.7790872952102414,single resilient depot,8
access_opt,severe_05,severe,8,3936.716,33257.672000000006,37194.388000000006,3936.7159999999994,0.0,,0.0,0.0,0.0,0.0,240.0,0,1,14,58,0.7790872952102414,single resilient depot,8
none,severe_06,severe,8,9623.968,17677.156,27301.124,9623.968,1610.988,0.0,0.0,0.0,0.0,0.0,240.0,0,1,24,51,0.6951143649944074,single resilient depot,8
proportional,severe_06,severe,8,8120.18,17677.156,25797.336,9623.968,1610.988,0.9334569841612728,18518.76566574506,1503.788,0.9187965317374462,12.435912661246299,240.0,10,1,16,51,0.7743351129114004,single resilient depot,8
nearest_first,severe_06,severe,8,8395.384000000002,17677.156,26072.54,9623.968,1610.988,0.7626276545821563,1708.5880000000002,1228.584,0.2809360711886072,8.027548806215712,240.0,7,1,20,51,0.7485457050218831,single resilient depot,8
nearest_first_post,severe_06,severe,8,8012.9800000000005,17677.156,25690.136,9623.968,1610.988,1.0000000000000002,1610.9879999999998,1610.9879999999998,0.0,11.33933968284072,240.0,9,1,15,51,0.7869927889177838,single resilient depot,8
access_opt,severe_06,severe,8,8012.9800000000005,17677.156,25690.136,9623.968,1610.988,1.0000000000000002,1610.9879999999998,1610.9879999999998,0.0,11.33933968284072,240.0,9,1,15,51,0.7869927889177838,single resilient depot,8
none,severe_07,severe,8,9036.912,18301.584000000003,27338.496000000003,9036.912000000002,1411.2120000000002,1.2889554535717216e-15,0.0,0.0,0.0,0.0,240.0,0,1,24,49,0.7088616790132412,single resilient depot,8
proportional,severe_07,severe,8,7732.9,18301.584000000003,26034.484000000004,9036.912000000002,1411.2120000000002,0.9240369271236372,22443.079270398037,1304.0120000000002,0.9418969213498272,14.809894697724712,240.0,12,1,16,49,0.7792652682585067,single resilient depot,8
nearest_first,severe_07,severe,8,7914.388000000001,18301.584000000003,26215.972,9036.912000000002,1411.2120000000002,0.7954325785211585,2072.2120000000004,1122.5240000000001,0.45829673797854664,10.401530842694125,240.0,9,1,19,49,0.7603767529737162,single resilient depot,8
nearest_first_post,severe_07,severe,8,7625.700000000001,18301.584000000003,25927.284000000003,9036.912000000002,1411.2120000000002,1.0000000000000009,1411.212,1411.212,0.0,12.412871329265677,240.0,9,1,15,49,0.7915843260990659,single resilient depot,8
access_opt,severe_07,severe,8,7625.700000000001,18301.584000000003,25927.284000000003,9036.912000000002,1411.2120000000002,1.0000000000000009,1411.212,1411.212,0.0,12.412871329265677,240.0,9,1,15,49,0.7915843260990659,single resilient depot,8
none,severe_08,severe,8,7126.8640000000005,22661.940000000002,29788.804000000004,7126.864,794.676,-1.1444849243879622e-15,0.0,0.0,0.0,0.0,240.0,0,1,20,55,0.7364451204171116,single resilient depot,8
proportional,severe_08,severe,8,6439.388,22661.940000000002,29101.328,7126.864,794.676,0.8651022555104214,12680.79660838658,687.476,0.9457860557793877,8.538631919598,240.0,7,1,15,55,0.8036041800119732,single resilient depot,8
nearest_first,severe_08,severe,8,6752.344,22661.940000000002,29414.284000000003,7126.864,794.676,0.47128641106564123,623.0560000000002,374.5200000000001,0.3988983333761331,7.4524707250973,240.0,6,1,18,55,0.7690528081980307,single resilient depot,8
nearest_first_post,severe_08,severe,8,6332.188,22661.940000000002,28994.128000000004,7126.864,794.676,0.9999999999999993,794.676,794.676,0.0,7.661022265609565,240.0,6,1,14,55,0.8163203417933796,single resilient depot,8
access_opt,severe_08,severe,8,6332.188,22661.940000000002,28994.128000000004,7126.864,794.676,0.9999999999999993,794.676,794.676,0.0,7.661022265609565,240.0,6,1,14,55,0.8163203417933796,single resilient depot,8
none,severe_09,severe,8,6805.9000000000015,23812.32,30618.22,6805.9,1162.46,-1.5647759093180466e-15,0.0,0.0,0.0,0.0,240.0,0,1,19,50,0.7260791705156959,single resilient depot,8
proportional,severe_09,severe,8,5643.4400000000005,23812.32,29455.760000000002,6805.9,1162.46,0.9999999999999992,18930.263671381148,1162.46,0.9385925087901754,11.533545391620576,240.0,9,1,13,50,0.7982806676615406,single resilient depot,8
nearest_first,severe_09,severe,8,6100.224,23812.32,29912.544,6805.9,1162.46,0.6070540061593512,1692.372,705.6760000000002,0.5830254813953433,8.211342731090689,240.0,7,1,17,50,0.7515137611367707,single resilient depot,8
nearest_first_post,severe_09,severe,8,5643.4400000000005,23812.32,29455.760000000002,6805.9,1162.46,0.9999999999999992,1162.46,1162.46,0.0,9.498341981545328,240.0,6,1,13,50,0.7982806676615406,single resilient depot,8
access_opt,severe_09,severe,8,5643.4400000000005,23812.32,29455.760000000002,6805.9,1162.46,0.9999999999999992,1162.46,1162.46,0.0,9.498341981545328,240.0,6,1,13,50,0.7982806676615406,single resilient depot,8
none,severe_10,severe,8,8973.848,17669.036,26642.884,8973.848000000002,1353.852,1.3435659167662761e-15,0.0,0.0,0.0,0.0,240.0,0,1,23,51,0.7307990385319454,single resilient depot,8
proportional,severe_10,severe,8,7619.995999999999,17669.036,25289.032,8973.848000000002,1353.852,1.0000000000000018,22566.142428480962,1353.852,0.9400051646270171,15.073476237052219,240.0,12,1,15,51,0.8032394770891809,single resilient depot,8
nearest_first,severe_10,severe,8,7801.483999999999,17669.036,25470.519999999997,8973.848000000002,1353.852,0.8659469425018416,1839.8920000000003,1172.3640000000003,0.3628082517886919,9.747516771365959,240.0,8,1,18,51,0.7842642814648543,single resilient depot,8
nearest_first_post,severe_10,severe,8,7619.995999999999,17669.036,25289.032,8973.848000000002,1353.852,1.0000000000000018,1353.852,1353.852,0.0,11.557883470028127,240.0,8,1,15,51,0.8032394770891809,single resilient depot,8
access_opt,severe_10,severe,8,7619.995999999999,17669.036,25289.032,8973.848000000002,1353.852,1.0000000000000018,1353.852,1353.852,0.0,11.557883470028127,240.0,8,1,15,51,0.8032394770891809,single resilient depot,8
none,severe_11,severe,8,7846.1680000000015,20043.324,27889.492000000002,7846.1680000000015,1118.848,0.0,0.0,0.0,0.0,0.0,240.0,0,1,23,50,0.7332268898950288,single resilient depot,8
proportional,severe_11,severe,8,6727.3200000000015,20043.324,26770.644,7846.1680000000015,1118.848,1.0,23649.698618194245,1118.848,0.9526908136098088,15.72749030838039,240.0,13,1,15,50,0.8076296305383519,single resilient depot,8
nearest_first,severe_11,severe,8,6908.808000000001,20043.324,26952.132,7846.1680000000015,1118.848,0.8377902985928389,2072.2120000000004,937.3600000000001,0.5476524602695092,10.401530842694125,240.0,9,1,18,50,0.7892624183319686,single resilient depot,8
nearest_first_post,severe_11,severe,8,6727.3200000000015,20043.324,26770.644,7846.1680000000015,1118.848,1.0,1118.848,1118.848,0.0,11.557883470028127,240.0,8,1,15,50,0.8076296305383519,single resilient depot,8
access_opt,severe_11,severe,8,6727.3200000000015,20043.324,26770.644,7846.1680000000015,1118.848,1.0,1118.848,1118.848,0.0,11.557883470028127,240.0,8,1,15,50,0.8076296305383519,single resilient depot,8
none,severe_12,severe,8,7890.628000000001,19440.092,27330.72,7890.628000000001,1778.164,0.0,0.0,0.0,0.0,0.0,240.0,0,1,24,51,0.7185145034508462,single resilient depot,8
proportional,severe_12,severe,8,6219.664000000001,19440.092,25659.756,7890.628000000001,1778.164,0.9397130973296051,25244.389328333804,1670.964,0.9338084998505176,21.40287410280241,240.0,15,1,15,51,0.7982674256242946,single resilient depot,8
nearest_first,severe_12,severe,8,6584.628000000001,19440.092,26024.72,7890.628000000001,1778.164,0.7344654373837284,2823.928,1306.0000000000002,0.5375236195823689,12.49859896902148,240.0,10,1,19,51,0.7691797512586599,single resilient depot,8
nearest_first_post,severe_12,severe,8,6112.464,19440.092,25552.556,7890.628000000001,1778.164,1.0000000000000004,1778.1640000000002,1778.1640000000002,0.0,13.277694240394514,240.0,10,1,14,51,0.8102741363670688,single resilient depot,8
access_opt,severe_12,severe,8,6112.464,19440.092,25552.556,7890.628000000001,1778.164,1.0000000000000004,1778.1640000000002,1778.1640000000002,0.0,13.277694240394514,240.0,10,1,14,51,0.8102741363670688,single resilient depot,8
none,severe_13,severe,8,6975.152,23827.664,30802.816,6975.152,1631.448,0.0,0.0,0.0,0.0,0.0,240.0,0,1,21,49,0.7021053287435188,single resilient depot,8
proportional,severe_13,severe,8,5578.163999999999,23827.664,29405.828,6975.152,1631.448,0.8562871755642847,19500.883860904512,1396.988,0.9283628367839937,12.619706586121275,240.0,10,1,15,49,0.7662158715048051,single resilient depot,8
nearest_first,severe_13,severe,8,6269.476,23827.664,30097.14,6975.152,1631.448,0.43254581206388454,1692.372,705.6760000000002,0.5830254813953433,8.211342731090689,240.0,7,1,19,49,0.7253250770415789,single resilient depot,8
nearest_first_post,severe_13,severe,8,5343.704,23827.664,29171.368000000002,6975.152,1631.448,1.0000000000000002,1631.448,1631.448,0.0,10.35332984078288,240.0,7,1,14,49,0.7850902433040056,single resilient depot,8
access_opt,severe_13,severe,8,5343.704,23827.664,29171.368000000002,6975.152,1631.448,1.0000000000000002,1631.448,1631.448,0.0,10.35332984078288,240.0,7,1,14,49,0.7850902433040056,single resilient depot,8
none,severe_14,severe,8,7376.984,20900.488,28277.472,7376.984,1322.1840000000002,0.0,0.0,0.0,0.0,0.0,240.0,0,1,18,50,0.773314918881642,single resilient depot,8
proportional,severe_14,severe,8,6054.799999999999,20900.488,26955.288,7376.984,1322.1840000000002,1.0000000000000007,23620.88122046989,1322.1840000000002,0.9440247809698906,15.257270161927197,240.0,12,1,11,50,0.8351869531291026,single resilient depot,8
nearest_first,severe_14,severe,8,6664.156,20900.488,27564.644,7376.984,1322.1840000000002,0.5391291983566586,1823.6760000000002,712.8280000000002,0.6091257438273026,9.931310696240935,240.0,8,1,15,50,0.8028220866709549,single resilient depot,8
nearest_first_post,severe_14,severe,8,6054.799999999999,20900.488,26955.288,7376.984,1322.1840000000002,1.0000000000000007,1322.1840000000002,1322.1840000000002,0.0,11.218309946695575,240.0,7,1,11,50,0.8351869531291026,single resilient depot,8
access_opt,severe_14,severe,8,6054.799999999999,20900.488,26955.288,7376.984,1322.1840000000002,1.0000000000000007,1322.1840000000002,1322.1840000000002,0.0,11.218309946695575,240.0,7,1,11,50,0.8351869531291026,single resilient depot,8
none,severe_15,severe,8,8712.880000000001,18868.78,27581.66,8712.880000000001,1168.688,0.0,0.0,0.0,0.0,0.0,240.0,0,1,23,47,0.716560208141395,single resilient depot,8
proportional,severe_15,severe,8,7544.192000000001,18868.78,26412.972,8712.880000000001,1168.688,1.0,22566.142428480962,1168.688,0.9482105546526647,15.073476237052219,240.0,12,1,15,47,0.7900477395590148,single resilient depot,8
nearest_first,severe_15,severe,8,7725.68,18868.78,26594.46,8712.880000000001,1168.688,0.8447079117779943,1839.8920000000003,987.2000000000002,0.46344676752765923,9.747516771365959,240.0,8,1,18,47,0.7712038462339034,single resilient depot,8
nearest_first_post,severe_15,severe,8,7544.192000000001,18868.78,26412.972,8712.880000000001,1168.688,1.0,1168.688,1168.688,0.0,11.557883470028127,240.0,8,1,15,47,0.7900477395590148,single resilient depot,8
access_opt,severe_15,severe,8,7544.192000000001,18868.78,26412.972,8712.880000000001,1168.688,1.0,1168.688,1168.688,0.0,11.557883470028127,240.0,8,1,15,47,0.7900477395590148,single resilient depot,8
none,severe_16,severe,8,7073.664000000001,22853.543999999998,29927.208,7073.664000000001,687.476,0.0,0.0,0.0,0.0,0.0,240.0,0,1,19,54,0.7709226536965113,single resilient depot,8
proportional,severe_16,severe,8,6386.187999999999,22853.543999999998,29239.731999999996,7073.664000000001,687.476,1.0000000000000022,14885.72280118737,687.476,0.9538164179743316,9.456227530253676,240.0,8,1,14,54,0.8366230044437204,single resilient depot,8
nearest_first,severe_16,severe,8,6699.143999999999,22853.543999999998,29552.688,7073.664000000001,687.476,0.5447753812496747,623.0560000000002,374.5200000000001,0.3988983333761331,7.4524707250973,240.0,6,1,17,54,0.8051760951446689,single resilient depot,8
nearest_first_post,severe_16,severe,8,6386.187999999999,22853.543999999998,29239.731999999996,7073.664000000001,687.476,1.0000000000000022,687.476,687.476,0.0,6.806034406372014,240.0,5,1,14,54,0.8366230044437204,single resilient depot,8
access_opt,severe_16,severe,8,6386.187999999999,22853.543999999998,29239.731999999996,7073.664000000001,687.476,1.0000000000000022,687.476,687.476,0.0,6.806034406372014,240.0,5,1,14,54,0.8366230044437204,single resilient depot,8
none,severe_17,severe,8,8477.868,20000.54,28478.408000000003,8477.867999999999,1168.688,-1.5564371359557523e-15,0.0,0.0,0.0,0.0,240.0,0,1,22,51,0.7302312463691975,single resilient depot,8
proportional,severe_17,severe,8,7309.18,20000.54,27309.72,8477.867999999999,1168.688,0.9999999999999984,22566.142428480962,1168.688,0.9482105546526647,15.073476237052219,240.0,12,1,14,51,0.7997318756145768,single resilient depot,8
nearest_first,severe_17,severe,8,7490.668000000001,20000.54,27491.208000000002,8477.867999999999,1168.688,0.844707911777992,1839.8920000000003,987.2000000000002,0.46344676752765923,9.747516771365959,240.0,8,1,17,51,0.7809180267181512,single resilient depot,8
nearest_first_post,severe_17,severe,8,7309.18,20000.54,27309.72,8477.867999999999,1168.688,0.9999999999999984,1168.688,1168.688,0.0,11.557883470028127,240.0,8,1,14,51,0.7997318756145768,single resilient depot,8
access_opt,severe_17,severe,8,7309.18,20000.54,27309.72,8477.867999999999,1168.688,0.9999999999999984,1168.688,1168.688,0.0,11.557883470028127,240.0,8,1,14,51,0.7997318756145768,single resilient depot,8
none,severe_18,severe,8,8882.696,19711.384000000002,28594.08,8882.696,1226.048,0.0,0.0,0.0,0.0,0.0,240.0,0,1,25,52,0.710120766885313,single resilient depot,8
proportional,severe_18,severe,8,7763.847999999999,19711.384000000002,27475.232,8882.696,1226.048,0.9125645977971506,22443.079270398037,1118.848,0.950147304364079,14.809894697724712,240.0,12,1,17,52,0.7773100612004396,single resilient depot,8
nearest_first,severe_18,severe,8,7945.335999999999,19711.384000000002,27656.72,8882.696,1226.048,0.7645377668737281,2072.2120000000004,937.3600000000001,0.5476524602695092,10.401530842694125,240.0,9,1,20,52,0.7594748660798107,single resilient depot,8
nearest_first_post,severe_18,severe,8,7656.647999999999,19711.384000000002,27368.032,8882.696,1226.048,1.0000000000000007,1226.048,1226.048,0.0,12.412871329265677,240.0,9,1,16,52,0.7887980702057185,single resilient depot,8
access_opt,severe_18,severe,8,7656.647999999999,19711.384000000002,27368.032,8882.696,1226.048,1.0000000000000007,1226.048,1226.048,0.0,12.412871329265677,240.0,9,1,16,52,0.7887980702057185,single resilient depot,8
none,severe_19,severe,8,7178.136,19868.268,27046.404000000002,7178.136,1226.048,0.0,0.0,0.0,0.0,0.0,240.0,0,1,24,49,0.7158740427350284,single resilient depot,8
proportional,severe_19,severe,8,6059.288,19868.268,25927.556,7178.136,1226.048,0.9125645977971506,22443.079270398037,1118.848,0.950147304364079,14.809894697724712,240.0,12,1,16,49,0.7860386327516619,single resilient depot,8
nearest_first,severe_19,severe,8,6240.776,19868.268,26109.044,7178.136,1226.048,0.7645377668737281,2072.2120000000004,937.3600000000001,0.5476524602695092,10.401530842694125,240.0,9,1,19,49,0.7672380342516065,single resilient depot,8
nearest_first_post,severe_19,severe,8,5952.088,19868.268,25820.356,7178.136,1226.048,1.0000000000000007,1226.048,1226.048,0.0,12.412871329265677,240.0,9,1,15,49,0.7981226512307341,single resilient depot,8
access_opt,severe_19,severe,8,5952.088,19868.268,25820.356,7178.136,1226.048,1.0000000000000007,1226.048,1226.048,0.0,12.412871329265677,240.0,9,1,15,49,0.7981226512307341,single resilient depot,8
none,mild_00,mild,2,12355.224,2290.904,14646.128,12355.224,11864.820000000002,0.0,0.0,0.0,0.0,0.0,60.0,0,3,35,7,0.6804559159744109,three hubs,2
proportional,mild_00,mild,2,7657.678280447127,2290.904,9948.582280447126,12355.224,11864.820000000002,0.3959222069574484,17699.65699755311,4697.545719552874,0.7345967935874527,59.05777417916425,60.0,43,3,20,7,0.8166005985329341,three hubs,2
nearest_first,mild_00,mild,2,4459.252,2290.904,6750.156000000001,12355.224,11864.820000000002,0.6654944617786025,9785.808000000003,7895.972000000002,0.19312007756538863,58.44106379749573,60.0,35,3,18,7,0.8508734629621869,three hubs,2
nearest_first_post,mild_00,mild,2,490.404,2290.904,2781.308,12355.224,11864.820000000002,0.9999999999999999,11864.820000000002,11864.820000000002,0.0,58.57017947296741,60.0,34,3,1,7,0.9861111111111109,three hubs,2
access_opt,mild_00,mild,2,490.404,2290.904,2781.308,12355.224,11864.820000000002,0.9999999999999999,11864.820000000002,11864.820000000002,0.0,58.57017947296741,60.0,34,3,1,7,0.9861111111111109,three hubs,2
none,mild_01,mild,2,12086.94,2290.904,14377.844000000001,12086.94,11596.536000000002,0.0,0.0,0.0,0.0,0.0,60.0,0,3,36,7,0.6875327198728768,three hubs,2
proportional,mild_01,mild,2,7572.227649878839,2290.904,9863.131649878838,12086.94,11596.536000000002,0.3893155982201203,16744.851952352747,4514.712350121163,0.730382068293723,58.32786836834428,60.0,43,3,19,7,0.8212749848893012,three hubs,2
nearest_first,mild_01,mild,2,4067.3360000000002,2290.904,6358.24,12086.94,11596.536000000002,0.6915516840546176,9917.112000000003,8019.604000000001,0.19133675207056255,59.834150370138175,60.0,36,3,16,7,0.8751243818237995,three hubs,2
nearest_first_post,mild_01,mild,2,490.404,2290.904,2781.308,12086.94,11596.536000000002,0.9999999999999999,11596.536000000002,11596.536000000002,0.0,59.96326604560985,60.0,35,3,1,7,0.9863013698630138,three hubs,2
access_opt,mild_01,mild,2,490.404,2290.904,2781.308,12086.94,11596.536000000002,0.9999999999999999,11596.536000000002,11596.536000000002,0.0,59.96326604560985,60.0,35,3,1,7,0.9863013698630138,three hubs,2
none,mild_02,mild,2,10623.372000000003,581.7560000000001,11205.128000000002,10623.372000000003,10623.372000000003,0.0,0.0,0.0,0.0,0.0,60.0,0,3,38,0,0.6881964905725689,three hubs,2
proportional,mild_02,mild,2,6208.121970712965,581.7560000000001,6789.877970712965,10623.372000000003,10623.372000000003,0.415616626179243,17363.51777956504,4415.250029287037,0.745716848086895,59.881310938313135,60.0,47,3,21,0,0.8017204876972156,three hubs,2
nearest_first,mild_02,mild,2,1244.5119999999997,581.7560000000001,1826.2679999999998,10623.372000000003,10623.372000000003,0.8828515089182607,9957.396000000002,9378.860000000002,0.05810113407159867,59.2848239591063,60.0,38,3,7,0,0.9545209171299603,three hubs,2
nearest_first_post,mild_02,mild,2,127.98400000000004,581.7560000000001,709.7400000000001,10623.372000000003,10623.372000000003,0.987952601113846,10495.388000000003,10495.388000000003,0.0,58.10130476386942,60.0,37,3,1,0,0.9866666666666666,three hubs,2
access_opt,mild_02,mild,2,4.472000000000008,581.7560000000001,586.2280000000001,10623.372000000003,10623.372000000003,0.9995790413815877,10618.900000000003,10618.900000000003,0.0,59.48157123892774,60.0,37,3,1,0,0.9866666666666666,three hubs,2
none,mild_03,mild,2,10578.472000000003,872.732,11451.204000000003,10578.472000000003,10578.472000000003,0.0,0.0,0.0,0.0,0.0,60.0,0,3,37,0,0.6964632111625947,three hubs,2
proportional,mild_03,mild,2,6062.978449183638,872.732,6935.710449183638,10578.472000000003,10578.472000000003,0.42685687978531905,17802.46745653657,4515.4935508163635,0.7463557474917109,58.69786869052103,60.0,46,3,20,0,0.8153342448325832,three hubs,2
nearest_first,mild_03,mild,2,1867.8919999999998,872.732,2740.624,10578.472000000003,10578.472000000003,0.8234251600798301,10085.684000000001,8710.580000000002,0.13634216578667335,58.76759493828755,60.0,37,3,8,0,0.9444126251426929,three hubs,2
nearest_first_post,mild_03,mild,2,490.404,872.732,1363.136,10578.472000000003,10578.472000000003,0.9536413198427901,10088.068000000003,10088.068000000003,0.0,57.499611641331775,60.0,36,3,1,0,0.9866666666666667,three hubs,2
access_opt,mild_03,mild,2,8.620000000000005,872.732,881.352,10578.472000000003,10578.472000000003,0.9991851375132438,10569.852000000003,10569.852000000003,0.0,58.92072749793549,60.0,36,3,1,0,0.9866666666666667,three hubs,2
none,mild_04,mild,2,12088.616000000004,1555.26,13643.876000000004,12088.616,12088.616000000002,-3.009425402454435e-16,0.0,0.0,0.0,0.0,60.0,0,3,36,2,0.6973672136794932,three hubs,2
proportional,mild_04,mild,2,7372.1698646509285,1555.26,8927.429864650929,12088.616,12088.616000000002,0.390156005894229,18571.628022563622,4716.446135349072,0.7460402432345286,58.80344989385009,60.0,46,3,19,2,0.8224497569672001,three hubs,2
nearest_first,mild_04,mild,2,3076.228,1555.26,4631.488,12088.616,12088.616000000002,0.7455268659373412,9964.804000000002,9012.388000000003,0.09557799631583308,59.739855899780146,60.0,37,3,12,2,0.9099203797722313,three hubs,2
nearest_first_post,mild_04,mild,2,80.09199999999998,1555.26,1635.3519999999999,12088.616,12088.616000000002,0.9933745930882408,12008.524000000003,12008.524000000003,0.0,55.092810166117125,60.0,35,3,1,2,0.986111111111111,three hubs,2
access_opt,mild_04,mild,2,4.472000000000008,1555.26,1559.732,12088.616,12088.616000000002,0.999630065178677,12084.144000000002,12084.144000000002,0.0,59.35107003152017,60.0,35,3,1,2,0.9861111111111112,three hubs,2
none,mild_05,mild,2,12188.431999999999,2612.428,14800.859999999999,12188.431999999999,11698.028,0.0,0.0,0.0,0.0,0.0,60.0,0,3,35,9,0.6965815181356595,three hubs,2
proportional,mild_05,mild,2,7588.144230151275,2612.428,10200.572230151276,12188.431999999999,11698.028,0.39325327053830983,17984.444523622707,4600.2877698487255,0.7442074030250858,58.17990620475838,60.0,42,3,22,9,0.8163758835644906,three hubs,2
nearest_first,mild_05,mild,2,4452.6720000000005,2612.428,7065.1,12188.431999999999,11698.028,0.6612875264104342,9790.920000000002,7735.760000000002,0.209904687199977,59.941890192601484,60.0,35,3,17,9,0.8669063431932962,three hubs,2
nearest_first_post,mild_05,mild,2,644.436,2612.428,3256.864,12188.431999999999,11698.028,0.9868326524778364,11543.996000000001,11543.996000000001,0.0,57.26506907764878,60.0,33,3,2,9,0.9718508695676139,three hubs,2
access_opt,mild_05,mild,2,494.876,2612.428,3107.304,12188.431999999999,11698.028,0.9996177133445054,11693.556000000002,11693.556000000002,0.0,59.51712370051808,60.0,33,3,2,9,0.9832292498562689,three hubs,2
none,mild_06,mild,2,10763.320000000003,528.808,11292.128000000004,10763.320000000003,10763.320000000002,0.0,0.0,0.0,0.0,0.0,60.0,0,3,37,1,0.6873774455627003,three hubs,2
proportional,mild_06,mild,2,6208.121970712965,528.808,6736.929970712965,10763.320000000003,10763.320000000002,0.4232149587011292,17300.236946097877,4555.198029287037,0.7366973618061066,58.68476960811676,60.0,46,3,21,1,0.7990410348282588,three hubs,2
nearest_first,mild_06,mild,2,1398.6799999999998,528.808,1927.4879999999998,10763.320000000003,10763.320000000002,0.8700512481279012,9831.204000000002,9364.640000000001,0.04745746299232523,57.966651413526506,60.0,37,3,10,1,0.9295362869067113,three hubs,2
nearest_first_post,mild_06,mild,2,0.0,528.808,528.808,10763.320000000003,10763.320000000002,1.0000000000000002,10763.320000000003,10763.320000000003,0.0,59.392111971346765,60.0,37,3,0,1,0.0,three hubs,2
access_opt,mild_06,mild,2,0.0,528.808,528.808,10763.320000000003,10763.320000000002,1.0000000000000002,10763.320000000003,10763.320000000003,0.0,59.392111971346765,60.0,37,3,0,1,0.0,three hubs,2
none,mild_07,mild,2,12214.296,1693.468,13907.764000000001,12214.296,12214.296,0.0,0.0,0.0,0.0,0.0,60.0,0,3,35,3,0.6779536656757357,three hubs,2
proportional,mild_07,mild,2,8097.701124042137,1693.468,9791.169124042137,12214.296,12214.296,0.3370308756196725,17479.647642631942,4116.594875957862,0.7644921133354139,59.17200604749784,60.0,44,3,23,3,0.8000551427186471,three hubs,2
nearest_first,mild_07,mild,2,3769.3439999999996,1693.468,5462.812,12214.296,12214.296,0.6913989967166344,9954.380000000001,8444.952000000001,0.15163455684834215,59.324499856629345,60.0,36,3,15,3,0.8738293670657631,three hubs,2
nearest_first_post,mild_07,mild,2,80.09199999999998,1693.468,1773.56,12214.296,12214.296,0.9934427657557996,12134.204,12134.204,0.0,57.410080240948275,60.0,34,3,1,3,0.986111111111111,three hubs,2
access_opt,mild_07,mild,2,13.092000000000013,1693.468,1706.5600000000002,12214.296,12214.296,0.998928141253495,12201.204000000002,12201.204000000002,0.0,59.06672590359489,60.0,33,3,2,3,0.9788438795175713,three hubs,2
none,mild_08,mild,2,12088.616000000004,1555.26,13643.876000000004,12088.616,12088.616000000002,-3.009425402454435e-16,0.0,0.0,0.0,0.0,60.0,0,3,36,2,0.6973672136794932,three hubs,2
proportional,mild_08,mild,2,7372.1698646509285,1555.26,8927.429864650929,12088.616,12088.616000000002,0.390156005894229,18571.628022563622,4716.446135349072,0.7460402432345286,58.80344989385009,60.0,46,3,19,2,0.8224497569672001,three hubs,2
nearest_first,mild_08,mild,2,3076.228,1555.26,4631.488,12088.616,12088.616000000002,0.7455268659373412,9964.804000000002,9012.388000000003,0.09557799631583308,59.739855899780146,60.0,37,3,12,2,0.9099203797722313,three hubs,2
nearest_first_post,mild_08,mild,2,80.09199999999998,1555.26,1635.3519999999999,12088.616,12088.616000000002,0.9933745930882408,12008.524000000003,12008.524000000003,0.0,55.092810166117125,60.0,35,3,1,2,0.986111111111111,three hubs,2
access_opt,mild_08,mild,2,4.472000000000008,1555.26,1559.732,12088.616,12088.616000000002,0.999630065178677,12084.144000000002,12084.144000000002,0.0,59.35107003152017,60.0,35,3,1,2,0.9861111111111112,three hubs,2
none,mild_09,mild,2,12765.376000000002,1469.776,14235.152000000002,12765.376000000002,12765.376000000002,0.0,0.0,0.0,0.0,0.0,60.0,0,3,35,2,0.6824731627186699,three hubs,2
proportional,mild_09,mild,2,8055.5228565280895,1469.776,9525.29885652809,12765.376000000002,12765.376000000002,0.3689553009227391,19574.66337512099,4709.853143471911,0.7593903377435323,59.51209118465447,60.0,46,3,21,2,0.795688083685689,three hubs,2
nearest_first,mild_09,mild,2,3886.3879999999995,1469.776,5356.164,12765.376000000002,12765.376000000002,0.6955524067602867,9954.380000000001,8878.988000000001,0.10803204217640872,57.38736686893611,60.0,36,3,13,2,0.8952845576184175,three hubs,2
nearest_first_post,mild_09,mild,2,0.0,1469.776,1469.776,12765.376000000002,12765.376000000002,1.0,12765.376000000002,12765.376000000002,0.0,59.00474251262579,60.0,35,3,0,2,0.0,three hubs,2
access_opt,mild_09,mild,2,0.0,1469.776,1469.776,12765.376000000002,12765.376000000002,1.0,12765.376000000002,12765.376000000002,0.0,59.00474251262579,60.0,35,3,0,2,0.0,three hubs,2
none,mild_10,mild,2,10821.000000000004,471.12800000000004,11292.128000000004,10821.000000000004,10821.000000000002,0.0,0.0,0.0,0.0,0.0,60.0,0,3,37,1,0.6864309960789646,three hubs,2
proportional,mild_10,mild,2,6208.121970712965,471.12800000000004,6679.249970712965,10821.000000000004,10821.000000000002,0.426289439911934,17300.236946097877,4612.878029287036,0.7333633034241485,58.68476960811676,60.0,46,3,21,1,0.7990410348282588,three hubs,2
nearest_first,mild_10,mild,2,1398.6799999999998,471.12800000000004,1869.808,10821.000000000004,10821.000000000002,0.8707439238517699,9831.204000000002,9422.320000000002,0.04159042981917571,57.966651413526506,60.0,37,3,10,1,0.9295362869067113,three hubs,2
nearest_first_post,mild_10,mild,2,0.0,471.12800000000004,471.12800000000004,10821.000000000004,10821.000000000002,1.0000000000000002,10821.000000000004,10821.000000000004,0.0,59.392111971346765,60.0,37,3,0,1,0.0,three hubs,2
access_opt,mild_10,mild,2,0.0,471.12800000000004,471.12800000000004,10821.000000000004,10821.000000000002,1.0000000000000002,10821.000000000004,10821.000000000004,0.0,59.392111971346765,60.0,37,3,0,1,0.0,three hubs,2
none,mild_11,mild,2,13226.676000000001,2844.632,16071.308,13226.676000000001,12736.272000000003,0.0,0.0,0.0,0.0,0.0,60.0,0,3,36,8,0.681856868144629,three hubs,2
proportional,mild_11,mild,2,8206.5020958772,2844.632,11051.1340958772,13226.676000000001,12736.272000000003,0.3941635279242466,18823.995734914668,5020.173904122801,0.733309868169413,58.713741740906585,60.0,42,3,23,8,0.805140329846822,three hubs,2
nearest_first,mild_11,mild,2,5548.596,2844.632,8393.228,13226.676000000001,12736.272000000003,0.6028514466399587,9659.616000000002,7678.080000000002,0.2051361047892587,58.55114337361399,60.0,34,3,17,8,0.8574653014611298,three hubs,2
nearest_first_post,mild_11,mild,2,1116.996,2844.632,3961.628,13226.676000000001,12736.272000000003,0.9508025582368214,12109.680000000002,12109.680000000002,0.0,57.594290223811534,60.0,33,3,3,8,0.963091844800646,three hubs,2
access_opt,mild_11,mild,2,513.8439999999999,2844.632,3358.476,13226.676000000001,12736.272000000003,0.9981595870439952,12712.832,12712.832,0.0,59.91030530260691,60.0,33,3,3,8,0.976412929282579,three hubs,2
none,mild_12,mild,2,12521.828,1345.176,13867.003999999999,12521.828,12521.828,0.0,0.0,0.0,0.0,0.0,60.0,0,3,33,1,0.7056584212865167,three hubs,2
proportional,mild_12,mild,2,7960.974352891225,1345.176,9306.150352891225,12521.828,12521.828,0.3642322548360171,19356.23368551429,4560.8536471087755,0.7643728774300755,58.24066720208269,60.0,45,3,20,1,0.8093024002288628,three hubs,2
nearest_first,mild_12,mild,2,3743.079999999999,1345.176,5088.255999999999,12521.828,12521.828,0.7010755937551609,9838.612000000001,8778.748000000001,0.10772495144640315,59.847595722243454,60.0,36,3,14,1,0.8843501923530194,three hubs,2
nearest_first_post,mild_12,mild,2,0.0,1345.176,1345.176,12521.828,12521.828,1.0,12521.828,12521.828,0.0,56.36594096407564,60.0,33,3,0,1,0.0,three hubs,2
access_opt,mild_12,mild,2,0.0,1345.176,1345.176,12521.828,12521.828,1.0,12521.828,12521.828,0.0,56.36594096407564,60.0,33,3,0,1,0.0,three hubs,2
none,mild_13,mild,2,10623.372000000003,612.164,11235.536000000004,10623.372000000003,10623.372000000003,0.0,0.0,0.0,0.0,0.0,60.0,0,3,38,0,0.6881964905725689,three hubs,2
proportional,mild_13,mild,2,6208.121970712965,612.164,6820.285970712965,10623.372000000003,10623.372000000003,0.415616626179243,17363.51777956504,4415.250029287037,0.745716848086895,59.881310938313135,60.0,47,3,21,0,0.8017204876972156,three hubs,2
nearest_first,mild_13,mild,2,1244.5119999999997,612.164,1856.6759999999997,10623.372000000003,10623.372000000003,0.8828515089182607,9957.396000000002,9378.860000000002,0.05810113407159867,59.2848239591063,60.0,38,3,7,0,0.9545209171299603,three hubs,2
nearest_first_post,mild_13,mild,2,127.98400000000004,612.164,740.148,10623.372000000003,10623.372000000003,0.987952601113846,10495.388000000003,10495.388000000003,0.0,58.10130476386942,60.0,37,3,1,0,0.9866666666666666,three hubs,2
access_opt,mild_13,mild,2,4.472000000000008,612.164,616.636,10623.372000000003,10623.372000000003,0.9995790413815877,10618.900000000003,10618.900000000003,0.0,59.48157123892774,60.0,37,3,1,0,0.9866666666666666,three hubs,2
none,mild_14,mild,2,12096.884000000002,1516.9840000000002,13613.868000000002,12096.884000000002,12096.884000000002,0.0,0.0,0.0,0.0,0.0,60.0,0,3,37,3,0.6915140456963631,three hubs,2
proportional,mild_14,mild,2,7365.009055248931,1516.9840000000002,8881.993055248931,12096.884000000002,12096.884000000002,0.39116477803301,18483.60172645212,4731.87494475107,0.7439960558131253,58.80344989385009,60.0,46,3,20,3,0.8151253870894845,three hubs,2
nearest_first,mild_14,mild,2,3094.263999999999,1516.9840000000002,4611.248,12096.884000000002,12096.884000000002,0.7442098312259587,10085.684000000001,9002.620000000003,0.10738627147152324,58.78045344157855,60.0,37,3,12,3,0.9163128672881281,three hubs,2
nearest_first_post,mild_14,mild,2,80.09199999999998,1516.9840000000002,1597.076,12096.884000000002,12096.884000000002,0.993379121433255,12016.792000000001,12016.792000000001,0.0,57.51247014462277,60.0,36,3,1,3,0.9863013698630138,three hubs,2
access_opt,mild_14,mild,2,13.092000000000013,1516.9840000000002,1530.0760000000002,12096.884000000002,12096.884000000002,0.9989177378240545,12083.792000000003,12083.792000000003,0.0,59.16911580726939,60.0,35,3,2,3,0.9791336893871936,three hubs,2
none,mild_15,mild,2,12251.624000000002,1829.7160000000003,14081.340000000002,12251.624000000002,12251.624000000002,0.0,0.0,0.0,0.0,0.0,60.0,0,3,34,3,0.7001834153173679,three hubs,2
proportional,mild_15,mild,2,7523.076609892788,1829.7160000000003,9352.79260989279,12251.624000000002,12251.624000000002,0.3859527022790785,19087.14367383927,4728.547390107213,0.7522653220980291,58.63532403340747,60.0,45,3,21,3,0.8149633638945099,three hubs,2
nearest_first,mild_15,mild,2,3489.2559999999994,1829.7160000000003,5318.972,12251.624000000002,12251.624000000002,0.7152005317825622,9707.308,8762.368000000002,0.09734315631068868,58.127627757093215,60.0,35,3,15,3,0.8794100966299156,three hubs,2
nearest_first_post,mild_15,mild,2,0.0,1829.7160000000003,1829.7160000000003,12251.624000000002,12251.624000000002,1.0,12251.624000000002,12251.624000000002,0.0,58.96755516683207,60.0,34,3,0,3,0.0,three hubs,2
access_opt,mild_15,mild,2,0.0,1829.7160000000003,1829.7160000000003,12251.624000000002,12251.624000000002,1.0,12251.624000000002,12251.624000000002,0.0,58.96755516683207,60.0,34,3,0,3,0.0,three hubs,2
none,mild_16,mild,2,12073.636,1410.3600000000001,13483.996000000001,12073.636,12073.636,0.0,0.0,0.0,0.0,0.0,60.0,0,3,35,1,0.70289679061892,three hubs,2
proportional,mild_16,mild,2,7536.576040200479,1410.3600000000001,8946.936040200479,12073.636,12073.636,0.37578240389220957,18726.43889241183,4537.0599597995215,0.7577190203718877,58.24066720208269,60.0,45,3,22,1,0.802868787631454,three hubs,2
nearest_first,mild_16,mild,2,3304.6559999999986,1410.3600000000001,4715.015999999999,12073.636,12073.636,0.7262915661860272,9959.492000000002,8768.980000000003,0.11953541405525492,58.88819326404186,60.0,36,3,15,1,0.8905969525746896,three hubs,2
nearest_first_post,mild_16,mild,2,80.09199999999998,1410.3600000000001,1490.4520000000002,12073.636,12073.636,0.9933663728142872,11993.544,11993.544,0.0,55.90024200193584,60.0,34,3,1,1,0.9863013698630138,three hubs,2
access_opt,mild_16,mild,2,8.620000000000005,1410.3600000000001,1418.98,12073.636,12073.636,0.9992860477158662,12065.016000000001,12065.016000000001,0.0,58.78560094258129,60.0,34,3,1,1,0.9863013698630136,three hubs,2
none,mild_17,mild,2,11578.072000000002,980.8679999999999,12558.940000000002,11578.072000000002,11578.072000000002,0.0,0.0,0.0,0.0,0.0,60.0,0,3,37,0,0.7018341040537851,three hubs,2
proportional,mild_17,mild,2,7174.054449183638,980.8679999999999,8154.922449183638,11578.072000000002,11578.072000000002,0.3803757267027155,18014.58720443773,4404.017550816363,0.7555304764501363,58.69905124421785,60.0,46,3,21,0,0.8082380535802676,three hubs,2
nearest_first,mild_17,mild,2,2559.071999999999,980.8679999999999,3539.939999999999,11578.072000000002,11578.072000000002,0.7789725266866541,10085.684000000001,9019.000000000002,0.10576218727455655,58.78045344157855,60.0,37,3,10,0,0.930668926411063,three hubs,2
nearest_first_post,mild_17,mild,2,80.09199999999998,980.8679999999999,1060.96,11578.072000000002,11578.072000000002,0.9930824406688782,11497.980000000003,11497.980000000003,0.0,57.51247014462277,60.0,36,3,1,0,0.9866666666666667,three hubs,2
access_opt,mild_17,mild,2,13.092000000000013,980.8679999999999,993.9599999999999,11578.072000000002,11578.072000000002,0.9988692417874063,11564.980000000003,11564.980000000003,0.0,59.16911580726939,60.0,35,3,2,0,0.9796901243368682,three hubs,2
none,mild_18,mild,2,10763.320000000003,528.808,11292.128000000004,10763.320000000003,10763.320000000002,0.0,0.0,0.0,0.0,0.0,60.0,0,3,37,1,0.6873774455627003,three hubs,2
proportional,mild_18,mild,2,6208.121970712965,528.808,6736.929970712965,10763.320000000003,10763.320000000002,0.4232149587011292,17300.236946097877,4555.198029287037,0.7366973618061066,58.68476960811676,60.0,46,3,21,1,0.7990410348282588,three hubs,2
nearest_first,mild_18,mild,2,1398.6799999999998,528.808,1927.4879999999998,10763.320000000003,10763.320000000002,0.8700512481279012,9831.204000000002,9364.640000000001,0.04745746299232523,58.08828262890994,60.0,37,3,10,1,0.9295362869067113,three hubs,2
nearest_first_post,mild_18,mild,2,0.0,528.808,528.808,10763.320000000003,10763.320000000002,1.0000000000000002,10763.320000000003,10763.320000000003,0.0,59.513743186730196,60.0,37,3,0,1,0.0,three hubs,2
access_opt,mild_18,mild,2,0.0,528.808,528.808,10763.320000000003,10763.320000000002,1.0000000000000002,10763.320000000003,10763.320000000003,0.0,59.513743186730196,60.0,37,3,0,1,0.0,three hubs,2
none,mild_19,mild,2,12271.244000000002,2314.508,14585.752000000002,12271.244000000002,11780.840000000002,0.0,0.0,0.0,0.0,0.0,60.0,0,3,34,8,0.6846339607923942,three hubs,2
proportional,mild_19,mild,2,7698.012231949042,2314.508,10012.520231949042,12271.244000000002,11780.840000000002,0.3881923333184187,19259.254605617854,4573.231768050959,0.762543677743532,59.95812170569144,60.0,43,3,19,8,0.819077380532043,three hubs,2
nearest_first,mild_19,mild,2,4415.052,2314.508,6729.5599999999995,12271.244000000002,11780.840000000002,0.6668617857470267,9583.908000000003,7856.192000000001,0.18027259861008704,57.06487828917032,60.0,34,3,16,8,0.8709365301008648,three hubs,2
nearest_first_post,mild_19,mild,2,490.404,2314.508,2804.912,12271.244000000002,11780.840000000002,1.0,11780.840000000002,11780.840000000002,0.0,57.64696321324413,60.0,33,3,1,8,0.9855072463768116,three hubs,2
access_opt,mild_19,mild,2,490.404,2314.508,2804.912,12271.244000000002,11780.840000000002,1.0,11780.840000000002,11780.840000000002,0.0,57.64696321324413,60.0,33,3,1,8,0.9855072463768116,three hubs,2
none,moderate_00,moderate,2,12176.336000000001,9577.456,21753.792,12176.336000000003,6905.824,2.63399328385122e-16,0.0,0.0,0.0,0.0,60.0,0,3,31,24,0.6690057914701346,three hubs,2
proportional,moderate_00,moderate,2,5984.790028516987,9577.456,15562.246028516987,12176.336000000003,6905.824,0.8965687471159149,27009.516642875013,6191.545971483013,0.7707642808514934,59.62815191095234,60.0,35,3,12,24,0.8665174971295938,three hubs,2
nearest_first,moderate_00,moderate,2,8200.400000000001,9577.456,17777.856,12176.336000000003,6905.824,0.5757366535839896,4813.868,3975.9359999999997,0.17406626022981952,46.416969147591296,60.0,23,3,22,24,0.7876374173823709,three hubs,2
nearest_first_post,moderate_00,moderate,2,5270.512000000001,9577.456,14847.968,12176.336000000003,6905.824,1.0000000000000004,6905.824,6905.824,0.0,42.079340995574526,60.0,23,3,8,24,0.9082425464179973,three hubs,2
access_opt,moderate_00,moderate,2,5270.512000000001,9577.456,14847.968,12176.336000000003,6905.824,1.0000000000000004,6905.824,6905.824,0.0,42.079340995574526,60.0,23,3,8,24,0.9082425464179973,three hubs,2
none,moderate_01,moderate,2,12790.368000000002,10449.936,23240.304000000004,12790.368,6098.448,-2.9827087212121123e-16,0.0,0.0,0.0,0.0,60.0,0,3,30,24,0.6707310211804433,three hubs,2
proportional,moderate_01,moderate,2,6852.216,10449.936,17302.152000000002,12790.368,6098.448,0.9737152796908328,25814.923368833195,5938.152,0.7699721236759807,56.28520472035511,60.0,33,3,9,24,0.8864616887897181,three hubs,2
nearest_first,moderate_01,moderate,2,9440.672,10449.936,19890.608,12790.368,6098.448,0.5492702405595653,4521.26,3349.696000000001,0.25912334172332474,40.77878970973875,60.0,21,3,21,24,0.7736185608877683,three hubs,2
nearest_first_post,moderate_01,moderate,2,6691.92,10449.936,17141.856,12790.368,6098.448,1.0,6098.448,6098.448,0.0,40.326274291100546,60.0,23,3,7,24,0.907800080461503,three hubs,2
access_opt,moderate_01,moderate,2,6691.92,10449.936,17141.856,12790.368,6098.448,1.0,6098.448,6098.448,0.0,40.326274291100546,60.0,23,3,7,24,0.907800080461503,three hubs,2
none,moderate_02,moderate,2,12728.044,10126.088,22854.131999999998,12728.044000000002,5925.912,3.069551831930438e-16,0.0,0.0,0.0,0.0,60.0,0,3,31,24,0.6825110029665256,three hubs,2
proportional,moderate_02,moderate,2,7580.0803287883555,10126.088,17706.168328788357,12728.044000000002,5925.912,0.8687209110111062,24895.54045809406,5147.963671211644,0.7932174366779841,57.776548418656866,60.0,35,3,11,24,0.8789116578674173,three hubs,2
nearest_first,moderate_02,moderate,2,8956.32,10126.088,19082.408,12728.044000000002,5925.912,0.636479920727814,5338.7480000000005,3771.724,0.293519004830346,48.41489191801291,60.0,24,3,19,24,0.8243537273286716,three hubs,2
nearest_first_post,moderate_02,moderate,2,6802.132,10126.088,16928.22,12728.044000000002,5925.912,1.0000000000000002,5925.912,5925.912,0.0,40.04503451950908,60.0,23,3,8,24,0.9063030912732862,three hubs,2
access_opt,moderate_02,moderate,2,6802.132,10126.088,16928.22,12728.044000000002,5925.912,1.0000000000000002,5925.912,5925.912,0.0,40.04503451950908,60.0,23,3,8,24,0.9063030912732862,three hubs,2
none,moderate_03,moderate,2,10921.796,7740.4039999999995,18662.2,10921.796000000002,10722.588,1.6964089299578204e-16,0.0,0.0,0.0,0.0,60.0,0,3,29,16,0.706348799406086,three hubs,2
proportional,moderate_03,moderate,2,5533.920557991243,7740.4039999999995,13274.324557991244,10921.796000000002,10722.588,0.5024790136493875,22385.157353978586,5387.875442008756,0.7593103610213778,59.78347507982716,60.0,38,3,17,16,0.8239971873392019,three hubs,2
nearest_first,moderate_03,moderate,2,4171.768000000001,7740.4039999999995,11912.172,10921.796000000002,10722.588,0.6295148148935688,9031.260000000002,6750.028,0.25259288294213667,59.7621431463317,60.0,31,3,17,16,0.8525214262330693,three hubs,2
nearest_first_post,moderate_03,moderate,2,199.208,7740.4039999999995,7939.611999999999,10921.796000000002,10722.588,1.0000000000000002,10722.588000000002,10722.588000000002,0.0,51.99758095995372,60.0,27,3,2,16,0.9790740796358045,three hubs,2
access_opt,moderate_03,moderate,2,199.208,7740.4039999999995,7939.611999999999,10921.796000000002,10722.588,1.0000000000000002,10722.588000000002,10722.588000000002,0.0,51.99758095995372,60.0,27,3,2,16,0.9790740796358045,three hubs,2
none,moderate_04,moderate,2,11142.488,12875.996000000001,24018.484,11142.488000000001,5308.684000000001,3.4264412866651246e-16,0.0,0.0,0.0,0.0,60.0,0,3,27,24,0.7002600431599465,three hubs,2
proportional,moderate_04,moderate,2,5886.9,12875.996000000001,18762.896,11142.488000000001,5308.684000000001,0.9899982745252873,25949.63554236712,5255.588,0.7974696796253892,57.269017369681535,60.0,34,3,7,24,0.9142188212833501,three hubs,2
nearest_first,moderate_04,moderate,2,7890.332,12875.996000000001,20766.328,11142.488000000001,5308.684000000001,0.6126105829618037,4791.5,3252.156,0.32126557445476367,44.05783460632048,60.0,22,3,16,24,0.8216388316478109,three hubs,2
nearest_first_post,moderate_04,moderate,2,5833.804,12875.996000000001,18709.800000000003,11142.488000000001,5308.684000000001,1.0,5308.683999999999,5308.683999999999,0.0,36.66802198673939,60.0,21,3,6,24,0.9243624736710047,three hubs,2
access_opt,moderate_04,moderate,2,5833.804,12875.996000000001,18709.800000000003,11142.488000000001,5308.684000000001,1.0,5308.683999999999,5308.683999999999,0.0,36.66802198673939,60.0,21,3,6,24,0.9243624736710047,three hubs,2
none,moderate_05,moderate,2,10897.560000000001,7609.364000000001,18506.924000000003,10897.56,10698.352000000003,-1.7002519673552113e-16,0.0,0.0,0.0,0.0,60.0,0,3,30,14,0.703457091963436,three hubs,2
proportional,moderate_05,moderate,2,5666.627237604111,7609.364000000001,13275.991237604112,10897.56,10698.352000000003,0.48894752784315637,21930.362306682953,5230.932762395889,0.7614753149426154,58.81546260655225,60.0,38,3,19,14,0.7977771149774184,three hubs,2
nearest_first,moderate_05,moderate,2,4466.996,7609.364000000001,12076.36,10897.56,10698.352000000003,0.6010798672543208,8612.876000000004,6430.564,0.25337784962885834,56.91089548767103,60.0,31,3,20,14,0.8172028627342689,three hubs,2
nearest_first_post,moderate_05,moderate,2,199.208,7609.364000000001,7808.572000000001,10897.56,10698.352000000003,0.9999999999999997,10698.352000000003,10698.352000000003,0.0,58.16850408996336,60.0,28,3,2,14,0.9796987339750342,three hubs,2
access_opt,moderate_05,moderate,2,199.208,7609.364000000001,7808.572000000001,10897.56,10698.352000000003,0.9999999999999997,10698.352000000003,10698.352000000003,0.0,58.16850408996336,60.0,28,3,2,14,0.9796987339750342,three hubs,2
none,moderate_06,moderate,2,13342.320000000002,8821.036,22163.356,13342.320000000002,8955.924,0.0,0.0,0.0,0.0,0.0,60.0,0,3,31,18,0.6762110554959969,three hubs,2
proportional,moderate_06,moderate,2,7491.92932646796,8821.036,16312.96532646796,13342.320000000002,8955.924,0.6532425547081508,22797.422520091888,5850.3906735320425,0.743374907037146,59.913862249492475,60.0,37,3,13,18,0.8800048674867971,three hubs,2
nearest_first,moderate_06,moderate,2,7952.688000000002,8821.036,16773.724000000002,13342.320000000002,8955.924,0.6017951916519165,6721.204000000001,5389.6320000000005,0.19811509961608065,55.5957420489026,60.0,28,3,19,18,0.8048360672685654,three hubs,2
nearest_first_post,moderate_06,moderate,2,4386.396000000001,8821.036,13207.432,13342.320000000002,8955.924,1.0,8955.924,8955.924,0.0,50.71219836711125,60.0,26,3,5,18,0.944028511064046,three hubs,2
access_opt,moderate_06,moderate,2,4386.396000000001,8821.036,13207.432,13342.320000000002,8955.924,1.0,8955.924,8955.924,0.0,50.71219836711125,60.0,26,3,5,18,0.944028511064046,three hubs,2
none,moderate_07,moderate,2,9327.624,15267.644,24595.268,9327.624000000002,4260.0560000000005,4.2698720475642955e-16,0.0,0.0,0.0,0.0,60.0,0,3,28,32,0.7088630842096263,three hubs,2
proportional,moderate_07,moderate,2,5505.985391124243,15267.644,20773.629391124243,9327.624000000002,4260.0560000000005,0.8970864723082885,31792.709397498515,3821.638608875757,0.8797951265777793,59.80258442916306,60.0,31,3,11,32,0.883917757101855,three hubs,2
nearest_first,moderate_07,moderate,2,6802.424000000001,15267.644,22070.068,9327.624000000002,4260.0560000000005,0.5927621608730027,3592.024,2525.2,0.2969980156034593,36.77209786010821,60.0,19,3,19,32,0.8198694727412092,three hubs,2
nearest_first_post,moderate_07,moderate,2,5067.567999999999,15267.644,20335.212,9327.624000000002,4260.0560000000005,1.0000000000000004,4260.0560000000005,4260.0560000000005,0.0,32.34507429486498,60.0,19,3,9,32,0.9079892804697359,three hubs,2
access_opt,moderate_07,moderate,2,5067.567999999999,15267.644,20335.212,9327.624000000002,4260.0560000000005,1.0000000000000004,4260.0560000000005,4260.0560000000005,0.0,32.34507429486498,60.0,19,3,9,32,0.9079892804697359,three hubs,2
none,moderate_08,moderate,2,10482.332000000002,10316.768,20799.100000000002,10482.332,5856.924000000001,-3.1057077120103594e-16,0.0,0.0,0.0,0.0,60.0,0,3,32,31,0.7111361948917453,three hubs,2
proportional,moderate_08,moderate,2,4856.449894489261,10316.768,15173.217894489262,10482.332,5856.924000000001,0.960552348896919,26168.42692697835,5625.88210551074,0.7850125985329773,59.79702674490901,60.0,35,3,11,31,0.8970292393599077,three hubs,2
nearest_first,moderate_08,moderate,2,6580.816000000001,10316.768,16897.584000000003,10482.332,5856.924000000001,0.666137378596683,5495.152,3901.5160000000005,0.29000762854239515,47.503439592203655,60.0,24,3,20,31,0.8236618654729836,three hubs,2
nearest_first_post,moderate_08,moderate,2,4625.407999999999,10316.768,14942.176,10482.332,5856.924000000001,1.0,5856.924000000001,5856.924000000001,0.0,40.968614831860094,60.0,24,3,8,31,0.9200525020049304,three hubs,2
access_opt,moderate_08,moderate,2,4625.407999999999,10316.768,14942.176,10482.332,5856.924000000001,1.0,5856.924000000001,5856.924000000001,0.0,40.968614831860094,60.0,24,3,8,31,0.9200525020049304,three hubs,2
none,moderate_09,moderate,2,12476.36,6412.868,18889.228000000003,12476.36,11849.732000000002,0.0,0.0,0.0,0.0,0.0,60.0,0,3,30,15,0.7003792297105196,three hubs,2
proportional,moderate_09,moderate,2,7000.7989496195,6412.868,13413.666949619499,12476.36,11849.732000000002,0.4620831129666477,20775.707874793505,5475.561050380499,0.7364440680731836,58.81546260655225,60.0,38,3,20,15,0.8004580138608542,three hubs,2
nearest_first,moderate_09,moderate,2,5843.236,6412.868,12256.104,12476.36,11849.732000000002,0.559769959354355,8883.116000000004,6633.124000000001,0.25328859828015327,59.848969424578854,60.0,32,3,18,15,0.8168054662140538,three hubs,2
nearest_first_post,moderate_09,moderate,2,626.628,6412.868,7039.496,12476.36,11849.732000000002,0.9999999999999999,11849.732000000002,11849.732000000002,0.0,58.96122662801794,60.0,28,3,2,15,0.9702292311817702,three hubs,2
access_opt,moderate_09,moderate,2,626.628,6412.868,7039.496,12476.36,11849.732000000002,0.9999999999999999,11849.732000000002,11849.732000000002,0.0,58.96122662801794,60.0,28,3,2,15,0.9702292311817702,three hubs,2
none,moderate_10,moderate,2,13349.42,8667.372,22016.792,13349.42,6788.984000000001,0.0,0.0,0.0,0.0,0.0,60.0,0,3,32,25,0.6630467354734156,three hubs,2
proportional,moderate_10,moderate,2,6929.42301024663,8667.372,15596.79501024663,13349.42,6788.984000000001,0.9456491560082287,24996.579893799604,6419.996989753369,0.7431649842886767,58.346971908953805,60.0,35,3,11,25,0.8789603566107355,three hubs,2
nearest_first,moderate_10,moderate,2,9364.483999999999,8667.372,18031.856,13349.42,6788.984000000001,0.5869708928464114,4867.948,3984.9359999999997,0.18139306336057837,50.365373170205,60.0,25,3,21,25,0.7851719972117905,three hubs,2
nearest_first_post,moderate_10,moderate,2,6560.436,8667.372,15227.807999999999,13349.42,6788.984000000001,0.9999999999999999,6788.9839999999995,6788.9839999999995,0.0,46.46260407301314,60.0,25,3,7,25,0.9125421027217713,three hubs,2
access_opt,moderate_10,moderate,2,6560.436,8667.372,15227.807999999999,13349.42,6788.984000000001,0.9999999999999999,6788.9839999999995,6788.9839999999995,0.0,46.46260407301314,60.0,25,3,7,25,0.9125421027217713,three hubs,2
none,moderate_11,moderate,2,13676.024000000001,10757.908,24433.932,13676.024000000003,6237.360000000001,2.9162809322307135e-16,0.0,0.0,0.0,0.0,60.0,0,3,30,23,0.6646801783842463,three hubs,2
proportional,moderate_11,moderate,2,7663.326018567919,10757.908,18421.23401856792,13676.024000000003,6237.360000000001,0.9639812326740934,25219.78369899014,6012.697981432082,0.7615880432125655,56.928046410007624,60.0,34,3,12,23,0.8748380371757657,three hubs,2
nearest_first,moderate_11,moderate,2,9915.640000000001,10757.908,20673.548000000003,13676.024000000003,6237.360000000001,0.6028807059396927,4905.336,3760.384,0.23340949529247335,47.56638990936366,60.0,23,3,19,23,0.7900925759991109,three hubs,2
nearest_first_post,moderate_11,moderate,2,7438.664000000001,10757.908,18196.572,13676.024000000003,6237.360000000001,1.0000000000000002,6237.360000000001,6237.360000000001,0.0,36.32705102706548,60.0,21,3,9,23,0.8936269169640593,three hubs,2
access_opt,moderate_11,moderate,2,7438.664000000001,10757.908,18196.572,13676.024000000003,6237.360000000001,1.0000000000000002,6237.360000000001,6237.360000000001,0.0,36.32705102706548,60.0,21,3,9,23,0.8936269169640593,three hubs,2
none,moderate_12,moderate,2,11957.860000000002,8740.648,20698.508,11957.86,6630.955999999999,-2.7431782137384967e-16,0.0,0.0,0.0,0.0,60.0,0,3,33,26,0.6762247175481619,three hubs,2
proportional,moderate_12,moderate,2,6339.390546983384,8740.648,15080.038546983384,11957.86,6630.955999999999,0.8473091139522894,24834.631506727634,5618.469453016617,0.7737647344799705,57.20075203144963,60.0,35,3,13,26,0.8658796193121869,three hubs,2
nearest_first,moderate_12,moderate,2,7817.804,8740.648,16558.451999999997,11957.86,6630.955999999999,0.6243528082526865,5440.296000000001,4140.056,0.23900170137801346,52.431981150611826,60.0,26,3,21,26,0.8107263273008664,three hubs,2
nearest_first_post,moderate_12,moderate,2,5326.904,8740.648,14067.552,11957.86,6630.955999999999,1.0000000000000002,6630.955999999999,6630.955999999999,0.0,45.31638419550898,60.0,25,3,8,26,0.915351375812606,three hubs,2
access_opt,moderate_12,moderate,2,5326.904,8740.648,14067.552,11957.86,6630.955999999999,1.0000000000000002,6630.955999999999,6630.955999999999,0.0,45.31638419550898,60.0,25,3,8,26,0.915351375812606,three hubs,2
none,moderate_13,moderate,2,11868.396,12142.844000000001,24011.24,11868.396,5326.060000000001,0.0,0.0,0.0,0.0,0.0,60.0,0,3,29,25,0.6976131338615416,three hubs,2
proportional,moderate_13,moderate,2,6702.632,12142.844000000001,18845.476000000002,11868.396,5326.060000000001,0.9699034558378989,26168.426926978347,5165.763999999999,0.8025955471295696,58.41802973943268,60.0,34,3,8,25,0.8985735322366828,three hubs,2
nearest_first,moderate_13,moderate,2,8383.168000000001,12142.844000000001,20526.012000000002,11868.396,5326.060000000001,0.654372650702395,5363.848,3485.228000000001,0.3502373669052514,46.124442586727305,60.0,23,3,17,25,0.8195161438740626,three hubs,2
nearest_first_post,moderate_13,moderate,2,6542.336,12142.844000000001,18685.18,11868.396,5326.060000000001,0.9999999999999998,5326.0599999999995,5326.0599999999995,0.0,39.589617826383765,60.0,23,3,6,25,0.9183814047181981,three hubs,2
access_opt,moderate_13,moderate,2,6542.336,12142.844000000001,18685.18,11868.396,5326.060000000001,0.9999999999999998,5326.0599999999995,5326.0599999999995,0.0,39.589617826383765,60.0,23,3,6,25,0.9183814047181981,three hubs,2
none,moderate_14,moderate,2,13130.58,9182.852,22313.432,13130.58,6656.544,0.0,0.0,0.0,0.0,0.0,60.0,0,3,31,27,0.661725632231122,three hubs,2
proportional,moderate_14,moderate,2,6680.5652773891925,9182.852,15863.417277389193,13130.58,6656.544,0.9689734977506057,25814.923368833195,6450.014722610807,0.7501439523776382,57.20280033101079,60.0,34,3,11,27,0.880091894275012,three hubs,2
nearest_first,moderate_14,moderate,2,9278.872000000001,9182.852,18461.724000000002,13130.58,6656.544,0.5786347990789212,4521.26,3851.7080000000005,0.1480896918115746,40.77878970973875,60.0,21,3,22,27,0.7744788193598443,three hubs,2
nearest_first_post,moderate_14,moderate,2,6474.036,9182.852,15656.888,13130.58,6656.544,1.0,6656.544,6656.544,0.0,43.503515678350055,60.0,23,3,8,27,0.9038324419011956,three hubs,2
access_opt,moderate_14,moderate,2,6474.036,9182.852,15656.888,13130.58,6656.544,1.0,6656.544,6656.544,0.0,43.503515678350055,60.0,23,3,8,27,0.9038324419011956,three hubs,2
none,moderate_15,moderate,2,10175.612000000001,15775.984,25951.596,10175.612,4120.364,-4.4146327934761507e-16,0.0,0.0,0.0,0.0,60.0,0,3,27,31,0.6949958814012993,three hubs,2
proportional,moderate_15,moderate,2,6493.665391124243,15775.984,22269.649391124243,10175.612,4120.364,0.8935974124800034,31792.709397498515,3681.946608875757,0.8841889641162368,59.80258442916306,60.0,31,3,10,31,0.8839242943088746,three hubs,2
nearest_first,moderate_15,moderate,2,7700.84,15775.984,23476.824,10175.612,4120.364,0.6006197510705363,3592.024,2474.772,0.3110368973035815,36.77209786010821,60.0,19,3,18,31,0.8177802045302004,three hubs,2
nearest_first_post,moderate_15,moderate,2,6055.248,15775.984,21831.232,10175.612,4120.364,1.0,4120.3640000000005,4120.3640000000005,0.0,32.34507429486498,60.0,19,3,8,31,0.907746584717121,three hubs,2
access_opt,moderate_15,moderate,2,6055.248,15775.984,21831.232,10175.612,4120.364,1.0,4120.3640000000005,4120.3640000000005,0.0,32.34507429486498,60.0,19,3,8,31,0.907746584717121,three hubs,2
none,moderate_16,moderate,2,12197.064,11523.12,23720.184,12197.064000000002,6141.724,2.9616918694911337e-16,0.0,0.0,0.0,0.0,60.0,0,3,29,27,0.7148529979097523,three hubs,2
proportional,moderate_16,moderate,2,6226.92338071063,11523.12,17750.04338071063,12197.064000000002,6141.724,0.9720626682816375,25949.63554236712,5970.14061928937,0.7699335464830666,58.648014375157864,60.0,35,3,9,27,0.9029372896181654,three hubs,2
nearest_first,moderate_16,moderate,2,8450.668,11523.12,19973.788,12197.064000000002,6141.724,0.6099909406544486,4922.804,3746.3960000000006,0.23897112296162903,45.43683161179682,60.0,23,3,18,27,0.8195600937386824,three hubs,2
nearest_first_post,moderate_16,moderate,2,6055.339999999999,11523.12,17578.46,12197.064000000002,6141.724,1.0000000000000004,6141.724,6141.724,0.0,38.047018992215726,60.0,22,3,7,27,0.9167235947262183,three hubs,2
access_opt,moderate_16,moderate,2,6055.339999999999,11523.12,17578.46,12197.064000000002,6141.724,1.0000000000000004,6141.724,6141.724,0.0,38.047018992215726,60.0,22,3,7,27,0.9167235947262183,three hubs,2
none,moderate_17,moderate,2,12013.084000000003,8862.588,20875.672000000002,12013.084,6337.616,-2.8701477078224e-16,0.0,0.0,0.0,0.0,60.0,0,3,31,25,0.6870659034461859,three hubs,2
proportional,moderate_17,moderate,2,6645.977075415265,8862.588,15508.565075415265,12013.084,6337.616,0.8468652762465785,24771.613722612165,5367.106924584736,0.7833364033250081,59.41373766956615,60.0,37,3,11,25,0.8824427414030754,three hubs,2
nearest_first,moderate_17,moderate,2,7947.724,8862.588,16810.311999999998,12013.084,6337.616,0.6414651818601822,5457.764000000001,4065.3600000000006,0.2551235267776327,50.30242285304498,60.0,26,3,21,25,0.806479551749541,three hubs,2
nearest_first_post,moderate_17,moderate,2,5675.468000000001,8862.588,14538.056,12013.084,6337.616,1.0,6337.616,6337.616,0.0,45.88557101904695,60.0,24,3,7,25,0.9218476553564661,three hubs,2
access_opt,moderate_17,moderate,2,5675.468000000001,8862.588,14538.056,12013.084,6337.616,1.0,6337.616,6337.616,0.0,45.88557101904695,60.0,24,3,7,25,0.9218476553564661,three hubs,2
none,moderate_18,moderate,2,11448.456,10253.628,21702.084000000003,11448.456,6387.832,0.0,0.0,0.0,0.0,0.0,60.0,0,3,30,26,0.6859598188958302,three hubs,2
proportional,moderate_18,moderate,2,5827.284948077726,10253.628,16080.912948077726,11448.456,6387.832,0.879981040816708,26200.054387702294,5621.171051922276,0.7854519319409992,56.92190312516121,60.0,33,3,11,26,0.8755173710451031,three hubs,2
nearest_first,moderate_18,moderate,2,7958.312,10253.628,18211.940000000002,11448.456,6387.832,0.5463737931742726,4635.0960000000005,3490.1440000000002,0.24701796899136508,44.62831597245584,60.0,22,3,20,26,0.8011231035804487,three hubs,2
nearest_first_post,moderate_18,moderate,2,5060.624,10253.628,15314.252,11448.456,6387.832,1.0,6387.832,6387.832,0.0,37.11344643318956,60.0,22,3,8,26,0.9109854671651391,three hubs,2
access_opt,moderate_18,moderate,2,5060.624,10253.628,15314.252,11448.456,6387.832,1.0,6387.832,6387.832,0.0,37.11344643318956,60.0,22,3,8,26,0.9109854671651391,three hubs,2
none,moderate_19,moderate,2,11922.552000000001,8542.464,20465.016000000003,11922.552,8202.696000000002,-2.217550673029765e-16,0.0,0.0,0.0,0.0,60.0,0,3,29,21,0.7082626582242926,three hubs,2
proportional,moderate_19,moderate,2,6324.670024982238,8542.464,14867.134024982239,11922.552,8202.696000000002,0.682444159215185,22358.562146017874,5597.881975017764,0.7496313967571138,57.072375768156164,60.0,36,3,13,21,0.8691512142028076,three hubs,2
nearest_first,moderate_19,moderate,2,6718.712000000001,8542.464,15261.176000000001,11922.552,8202.696000000002,0.6344060538145017,6188.984000000001,5203.84,0.15917701516113159,55.26655226838542,60.0,27,3,18,21,0.8255495299668251,three hubs,2
nearest_first_post,moderate_19,moderate,2,3719.856,8542.464,12262.32,11922.552,8202.696000000002,0.9999999999999998,8202.696,8202.696,0.0,50.49004198455262,60.0,24,3,5,21,0.9471293812311964,three hubs,2
access_opt,moderate_19,moderate,2,3719.856,8542.464,12262.32,11922.552,8202.696000000002,0.9999999999999998,8202.696,8202.696,0.0,50.49004198455262,60.0,24,3,5,21,0.9471293812311964,three hubs,2
none,severe_00,severe,2,6763.052,22393.616,29156.668,6763.0520000000015,2670.4480000000003,6.811551483293651e-16,0.0,0.0,0.0,0.0,60.0,0,3,22,38,0.7224989648476964,three hubs,2
proportional,severe_00,severe,2,4514.994276531842,22393.616,26908.610276531843,6763.0520000000015,2670.4480000000003,0.8418279342897369,31787.63575235933,2248.057723468158,0.929278863612834,39.60429588853428,60.0,24,3,11,38,0.8600445429192833,three hubs,2
nearest_first,severe_00,severe,2,5414.464000000001,22393.616,27808.08,6763.0520000000015,2670.4480000000003,0.505004403755475,2516.1240000000007,1348.5880000000002,0.46402164599201,19.981128872369947,60.0,13,3,17,38,0.7911069361184127,three hubs,2
nearest_first_post,severe_00,severe,2,4092.6040000000003,22393.616,26486.22,6763.0520000000015,2670.4480000000003,1.0000000000000004,2670.448,2670.448,0.0,21.26076243943445,60.0,13,3,9,38,0.8939649879525333,three hubs,2
access_opt,severe_00,severe,2,4092.6040000000003,22393.616,26486.22,6763.0520000000015,2670.4480000000003,1.0000000000000004,2670.448,2670.448,0.0,21.26076243943445,60.0,13,3,9,38,0.8939649879525333,three hubs,2
none,severe_01,severe,2,8592.872000000001,18686.836000000003,27279.708000000006,8592.872000000001,2851.848,0.0,0.0,0.0,0.0,0.0,60.0,0,3,24,42,0.7351469112229143,three hubs,2
proportional,severe_01,severe,2,5741.024000000001,18686.836000000003,24427.860000000004,8592.872000000001,2851.848,1.0,29614.325543351068,2851.8480000000004,0.903700390008028,35.871773298977566,60.0,25,3,11,42,0.8718705173792992,three hubs,2
nearest_first,severe_01,severe,2,6721.576000000001,18686.836000000003,25408.412000000004,8592.872000000001,2851.848,0.6561696135277898,2681.616,1871.296,0.30217600133650757,19.357356858100314,60.0,14,3,17,42,0.8074168505504064,three hubs,2
nearest_first_post,severe_01,severe,2,5741.024000000001,18686.836000000003,24427.860000000004,8592.872000000001,2851.848,1.0,2851.8480000000004,2851.8480000000004,0.0,19.65135594280663,60.0,13,3,11,42,0.8718705173792992,three hubs,2
access_opt,severe_01,severe,2,5741.024000000001,18686.836000000003,24427.860000000004,8592.872000000001,2851.848,1.0,2851.8480000000004,2851.8480000000004,0.0,19.65135594280663,60.0,13,3,11,42,0.8718705173792992,three hubs,2
none,severe_02,severe,2,9780.096,16756.852000000003,26536.948000000004,9780.096,3835.812,0.0,0.0,0.0,0.0,0.0,60.0,0,3,24,31,0.7033774517494596,three hubs,2
proportional,severe_02,severe,2,5944.284,16756.852000000003,22701.136000000002,9780.096,3835.812,1.0,31400.37536564936,3835.812,0.877841842483316,58.50055473990873,60.0,31,3,7,31,0.9126346829075421,three hubs,2
nearest_first,severe_02,severe,2,7490.104,16756.852000000003,24246.956000000002,9780.096,3835.812,0.5970031899373586,3407.3039999999996,2289.992,0.32791673416871503,34.352798036265405,60.0,18,3,17,31,0.7992259600371817,three hubs,2
nearest_first_post,severe_02,severe,2,5944.284,16756.852000000003,22701.136000000002,9780.096,3835.812,1.0,3835.812,3835.812,0.0,33.25481031229964,60.0,17,3,7,31,0.9126346829075421,three hubs,2
access_opt,severe_02,severe,2,5944.284,16756.852000000003,22701.136000000002,9780.096,3835.812,1.0,3835.812,3835.812,0.0,33.25481031229964,60.0,17,3,7,31,0.9126346829075421,three hubs,2
none,severe_03,severe,2,7062.584000000001,21724.164,28786.748,7062.584000000001,2138.588,0.0,0.0,0.0,0.0,0.0,60.0,0,3,21,43,0.7474687454560883,three hubs,2
proportional,severe_03,severe,2,5103.1,21724.164,26827.264000000003,7062.584000000001,2138.588,0.9162512835571883,31707.795641086464,1959.4840000000002,0.9382018219689504,39.45877580295722,60.0,24,3,10,43,0.8854994855468065,three hubs,2
nearest_first,severe_03,severe,2,5916.072,21724.164,27640.236,7062.584000000001,2138.588,0.5361070014420732,2925.076,1146.5120000000002,0.6080402697229064,20.8437949058546,60.0,14,3,17,43,0.8018243293747701,three hubs,2
nearest_first_post,severe_03,severe,2,4923.996,21724.164,26648.16,7062.584000000001,2138.588,1.0000000000000002,2138.588,2138.588,0.0,21.414553680156665,60.0,13,3,8,43,0.9081484007125447,three hubs,2
access_opt,severe_03,severe,2,4923.996,21724.164,26648.16,7062.584000000001,2138.588,1.0000000000000002,2138.588,2138.588,0.0,21.414553680156665,60.0,13,3,8,43,0.9081484007125447,three hubs,2
none,severe_04,severe,2,8277.728000000001,17646.076,25923.804000000004,8277.728,3378.072,-5.384696961893816e-16,0.0,0.0,0.0,0.0,60.0,0,3,22,33,0.737553798199535,three hubs,2
proportional,severe_04,severe,2,5100.6473494424135,17646.076,22746.723349442414,8277.728,3378.072,0.9405011647346727,31625.41057550321,3177.080650557587,0.8995402559921696,59.95125546222529,60.0,31,3,8,33,0.9125521085143211,three hubs,2
nearest_first,severe_04,severe,2,6492.844000000001,17646.076,24138.920000000002,8277.728,3378.072,0.5283735811433262,3349.244,1784.8840000000002,0.4670785407094854,31.001191354065394,60.0,17,3,15,33,0.8376140333551032,three hubs,2
nearest_first_post,severe_04,severe,2,4899.656000000001,17646.076,22545.732000000004,8277.728,3378.072,0.9999999999999994,3378.072,3378.072,0.0,25.06516585825645,60.0,15,3,7,33,0.921925928879578,three hubs,2
access_opt,severe_04,severe,2,4899.656000000001,17646.076,22545.732000000004,8277.728,3378.072,0.9999999999999994,3378.072,3378.072,0.0,25.06516585825645,60.0,15,3,7,33,0.921925928879578,three hubs,2
none,severe_05,severe,2,3936.716,33257.672000000006,37194.388000000006,3936.7159999999994,89.98400000000001,-5.05364676927525e-15,0.0,0.0,0.0,0.0,60.0,0,3,14,54,0.7790872952102414,three hubs,2
proportional,severe_05,severe,2,3846.732,33257.672000000006,37104.40400000001,3936.7159999999994,89.98400000000001,0.999999999999994,13860.149881426743,89.98400000000001,0.9935077181148969,3.857982843633515,60.0,5,3,12,54,0.8098621089830204,three hubs,2
nearest_first,severe_05,severe,2,3932.244,33257.672000000006,37189.916000000005,3936.7159999999994,89.98400000000001,0.04969772403982149,89.63199999999999,4.472000000000008,0.950107104605498,2.3948816399609716,60.0,3,3,14,54,0.7797585317896634,three hubs,2
nearest_first_post,severe_05,severe,2,3846.732,33257.672000000006,37104.40400000001,3936.7159999999994,89.98400000000001,0.999999999999994,89.98400000000001,89.98400000000001,0.0,2.146577805742294,60.0,2,3,12,54,0.8098621089830204,three hubs,2
access_opt,severe_05,severe,2,3846.732,33257.672000000006,37104.40400000001,3936.7159999999994,89.98400000000001,0.999999999999994,89.98400000000001,89.98400000000001,0.0,2.146577805742294,60.0,2,3,12,54,0.8098621089830204,three hubs,2
none,severe_06,severe,2,9623.968,17677.156,27301.124,9623.968,3599.5119999999997,0.0,0.0,0.0,0.0,0.0,60.0,0,3,24,31,0.6951143649944074,three hubs,2
proportional,severe_06,severe,2,6332.647349442413,17677.156,24009.803349442413,9623.968,3599.5119999999997,0.9143796855122551,31216.857862006444,3291.320650557587,0.8945659212369543,58.37964578024145,60.0,29,3,10,31,0.873233570203198,three hubs,2
nearest_first,severe_06,severe,2,7729.380000000001,17677.156,25406.536,9623.968,3599.5119999999997,0.5263457935409022,3116.9240000000004,1894.588,0.39216098948835465,30.347177282737224,60.0,16,3,18,31,0.7938578298252569,three hubs,2
nearest_first_post,severe_06,severe,2,6024.456,17677.156,23701.612,9623.968,3599.5119999999997,1.0000000000000002,3599.512,3599.512,0.0,25.920153717494003,60.0,16,3,8,31,0.895394354353332,three hubs,2
access_opt,severe_06,severe,2,6024.456,17677.156,23701.612,9623.968,3599.5119999999997,1.0000000000000002,3599.512,3599.512,0.0,25.920153717494003,60.0,16,3,8,31,0.895394354353332,three hubs,2
none,severe_07,severe,2,9036.912,18301.584000000003,27338.496000000003,9036.912000000002,3098.88,5.869828465593558e-16,0.0,0.0,0.0,0.0,60.0,0,3,24,30,0.7088616790132412,three hubs,2
proportional,severe_07,severe,2,6158.729384325033,18301.584000000003,24460.313384325036,9036.912000000002,3098.88,0.9287815648476124,29326.844400157,2878.1826156749667,0.9018584278484609,55.69250059013718,60.0,29,3,10,30,0.8688187814764747,three hubs,2
nearest_first,severe_07,severe,2,7197.612000000001,18301.584000000003,25499.196000000004,9036.912000000002,3098.88,0.5935370198265183,3415.596,1839.3000000000002,0.46149954502815904,36.137629506299994,60.0,18,3,16,30,0.7985796787490436,three hubs,2
nearest_first_post,severe_07,severe,2,5938.032000000001,18301.584000000003,24239.616,9036.912000000002,3098.88,1.0000000000000002,3098.88,3098.88,0.0,31.567020253151725,60.0,16,3,8,30,0.8965737962552869,three hubs,2
access_opt,severe_07,severe,2,5938.032000000001,18301.584000000003,24239.616,9036.912000000002,3098.88,1.0000000000000002,3098.88,3098.88,0.0,31.567020253151725,60.0,16,3,8,30,0.8965737962552869,three hubs,2
none,severe_08,severe,2,7126.8640000000005,22661.940000000002,29788.804000000004,7126.864,2137.292,-4.255360062045468e-16,0.0,0.0,0.0,0.0,60.0,0,3,20,44,0.7364451204171116,three hubs,2
proportional,severe_08,severe,2,5096.771999999999,22661.940000000002,27758.712,7126.864,2137.292,0.9498430724486877,25643.90225594625,2030.092,0.9208352933286794,25.241222915200897,60.0,18,3,10,44,0.8813507613555792,three hubs,2
nearest_first,severe_08,severe,2,6534.428,22661.940000000002,29196.368000000002,7126.864,2137.292,0.277190014279752,1232.4600000000003,592.4360000000001,0.5193061032406732,16.641894754659678,60.0,11,3,16,44,0.7979474831423681,three hubs,2
nearest_first_post,severe_08,severe,2,4989.572,22661.940000000002,27651.512000000002,7126.864,2137.292,0.9999999999999998,2137.292,2137.292,0.0,18.203560165010437,60.0,11,3,9,44,0.89390817134071,three hubs,2
access_opt,severe_08,severe,2,4989.572,22661.940000000002,27651.512000000002,7126.864,2137.292,0.9999999999999998,2137.292,2137.292,0.0,18.203560165010437,60.0,11,3,9,44,0.89390817134071,three hubs,2
none,severe_09,severe,2,6805.9000000000015,23812.32,30618.22,6805.9,1743.828,-1.0431013858854523e-15,0.0,0.0,0.0,0.0,60.0,0,3,19,39,0.7260791705156959,three hubs,2
proportional,severe_09,severe,2,5104.098745578171,23812.32,28916.418745578172,6805.9,1743.828,0.9758997185627419,29062.275451744525,1701.801254421829,0.9414429452625783,31.757914512190972,60.0,20,3,10,39,0.8635343072147466,three hubs,2
nearest_first,severe_09,severe,2,5940.42,23812.32,29752.739999999998,6805.9,1743.828,0.49631041593551634,2031.5360000000003,865.4800000000001,0.5739775224263808,14.229094809589057,60.0,11,3,16,39,0.7704050798801027,three hubs,2
nearest_first_post,severe_09,severe,2,5062.072,23812.32,28874.392,6805.9,1743.828,0.9999999999999998,1743.828,1743.828,0.0,16.869207929882187,60.0,10,3,9,39,0.8735900465826842,three hubs,2
access_opt,severe_09,severe,2,5062.072,23812.32,28874.392,6805.9,1743.828,0.9999999999999998,1743.828,1743.828,0.0,16.869207929882187,60.0,10,3,9,39,0.8735900465826842,three hubs,2
none,severe_10,severe,2,8973.848,17669.036,26642.884,8973.848000000002,2879.716,6.316558311812195e-16,0.0,0.0,0.0,0.0,60.0,0,3,23,31,0.7307990385319454,three hubs,2
proportional,severe_10,severe,2,6094.132,17669.036,23763.167999999998,8973.848000000002,2879.716,1.0000000000000009,29347.81665690813,2879.716,0.9018763121745839,59.63137213861517,60.0,30,3,9,31,0.8910087336068478,three hubs,2
nearest_first,severe_10,severe,2,7084.7080000000005,17669.036,24753.744,8973.848000000002,2879.716,0.6560160793633821,3183.2760000000003,1889.1400000000003,0.40654219112637413,35.48361543497183,60.0,17,3,15,31,0.8222123993654147,three hubs,2
nearest_first_post,severe_10,severe,2,6094.132,17669.036,23763.167999999998,8973.848000000002,2879.716,1.0000000000000009,2879.716,2879.716,0.0,26.685686207971415,60.0,14,3,9,31,0.8910087336068478,three hubs,2
access_opt,severe_10,severe,2,6094.132,17669.036,23763.167999999998,8973.848000000002,2879.716,1.0000000000000009,2879.716,2879.716,0.0,26.685686207971415,60.0,14,3,9,31,0.8910087336068478,three hubs,2
none,severe_11,severe,2,7846.1680000000015,20043.324,27889.492000000002,7846.1680000000015,2743.012,0.0,0.0,0.0,0.0,0.0,60.0,0,3,23,33,0.7332268898950288,three hubs,2
proportional,severe_11,severe,2,5199.302308947731,20043.324,25242.626308947732,7846.1680000000015,2743.012,0.9649486371376684,28569.788028530886,2646.86569105227,0.9073543811942528,58.98476696272651,60.0,30,3,9,33,0.8883987564988313,three hubs,2
nearest_first,severe_11,severe,2,6455.052,20043.324,26498.376,7846.1680000000015,2743.012,0.5071490755417773,2980.4639999999995,1391.1160000000002,0.5332552246898468,28.664229406078945,60.0,16,3,16,33,0.8018161877079939,three hubs,2
nearest_first_post,severe_11,severe,2,5103.156000000001,20043.324,25146.480000000003,7846.1680000000015,2743.012,1.0000000000000002,2743.0120000000006,2743.0120000000006,0.0,31.56048244737034,60.0,15,3,8,33,0.9020983480607169,three hubs,2
access_opt,severe_11,severe,2,5103.156000000001,20043.324,25146.480000000003,7846.1680000000015,2743.012,1.0000000000000002,2743.0120000000006,2743.0120000000006,0.0,31.56048244737034,60.0,15,3,8,33,0.9020983480607169,three hubs,2
none,severe_12,severe,2,7890.628000000001,19440.092,27330.72,7890.628000000001,3914.1599999999994,0.0,0.0,0.0,0.0,0.0,60.0,0,3,24,36,0.7185145034508462,three hubs,2
proportional,severe_12,severe,2,4083.6680000000006,19440.092,23523.760000000002,7890.628000000001,3914.1599999999994,0.9726122590798538,32446.06000000001,3806.96,0.8826680342698004,51.36527234582455,60.0,30,3,8,36,0.8964440456892706,three hubs,2
nearest_first,severe_12,severe,2,6005.959999999999,19440.092,25446.052,7890.628000000001,3914.1599999999994,0.48149998978069414,3412.2560000000003,1884.6680000000003,0.4476768448791649,22.931322626884313,60.0,16,3,17,36,0.7914027478743925,three hubs,2
nearest_first_post,severe_12,severe,2,3976.468,19440.092,23416.56,7890.628000000001,3914.1599999999994,1.0000000000000004,3914.16,3914.16,0.0,26.5798993820517,60.0,17,3,7,36,0.9089225783760146,three hubs,2
access_opt,severe_12,severe,2,3976.468,19440.092,23416.56,7890.628000000001,3914.1599999999994,1.0000000000000004,3914.16,3914.16,0.0,26.5798993820517,60.0,17,3,7,36,0.9089225783760146,three hubs,2
none,severe_13,severe,2,6975.152,23827.664,30802.816,6975.152,2723.208,0.0,0.0,0.0,0.0,0.0,60.0,0,3,21,35,0.7021053287435188,three hubs,2
proportional,severe_13,severe,2,4767.917457038016,23827.664,28595.581457038017,6975.152,2723.208,0.8105273423704629,31130.567699871623,2207.234542961983,0.929097517133583,38.80709394551633,60.0,24,3,11,35,0.8374587221584063,three hubs,2
nearest_first,severe_13,severe,2,5983.2480000000005,23827.664,29810.912,6975.152,2723.208,0.3642409981169266,2373.42,991.9040000000001,0.5820781825382781,19.18392692935199,60.0,13,3,17,35,0.7580680863729886,three hubs,2
nearest_first_post,severe_13,severe,2,4251.9439999999995,23827.664,28079.608,6975.152,2723.208,1.0000000000000002,2723.208,2723.208,0.0,19.809546425088328,60.0,12,3,9,35,0.8737263145184029,three hubs,2
access_opt,severe_13,severe,2,4251.9439999999995,23827.664,28079.608,6975.152,2723.208,1.0000000000000002,2723.208,2723.208,0.0,19.809546425088328,60.0,12,3,9,35,0.8737263145184029,three hubs,2
none,severe_14,severe,2,7376.984,20900.488,28277.472,7376.984,2550.68,0.0,0.0,0.0,0.0,0.0,60.0,0,3,18,37,0.773314918881642,three hubs,2
proportional,severe_14,severe,2,5155.262451128026,20900.488,26055.750451128028,7376.984,2550.68,0.8710310775448015,31161.268116782237,2221.721548871974,0.9287024667755597,38.43493550565713,60.0,25,3,7,37,0.9007837154327819,three hubs,2
nearest_first,severe_14,severe,2,6432.7080000000005,20900.488,27333.196000000004,7376.984,2550.68,0.3702055922342277,2234.4840000000004,944.2760000000002,0.5774075804525787,17.89417287883712,60.0,13,3,14,37,0.8205097361647233,three hubs,2
nearest_first_post,severe_14,severe,2,4826.304,20900.488,25726.792,7376.984,2550.68,1.0000000000000002,2550.6800000000003,2550.6800000000003,0.0,20.534285999130255,60.0,12,3,6,37,0.9174698491040509,three hubs,2
access_opt,severe_14,severe,2,4826.304,20900.488,25726.792,7376.984,2550.68,1.0000000000000002,2550.6800000000003,2550.6800000000003,0.0,20.534285999130255,60.0,12,3,6,37,0.9174698491040509,three hubs,2
none,severe_15,severe,2,8712.880000000001,18868.78,27581.66,8712.880000000001,2805.5640000000003,0.0,0.0,0.0,0.0,0.0,60.0,0,3,23,28,0.716560208141395,three hubs,2
proportional,severe_15,severe,2,6020.813384325033,18868.78,24889.59338432503,8712.880000000001,2805.5640000000003,0.9595456085389488,29326.844400157,2692.0666156749667,0.9082046953657055,55.95608212946469,60.0,29,3,9,28,0.8795221083434359,three hubs,2
nearest_first,severe_15,severe,2,7059.696000000001,18868.78,25928.476,8712.880000000001,2805.5640000000003,0.5892519293803313,3183.2760000000003,1653.1840000000002,0.48066582979295547,35.48361543497183,60.0,17,3,15,28,0.8079858966464115,three hubs,2
nearest_first_post,severe_15,severe,2,5907.316000000001,18868.78,24776.095999999998,8712.880000000001,2805.5640000000003,1.0,2805.564,2805.564,0.0,30.71203239391417,60.0,15,3,8,28,0.8948918793524768,three hubs,2
access_opt,severe_15,severe,2,5907.316000000001,18868.78,24776.095999999998,8712.880000000001,2805.5640000000003,1.0,2805.564,2805.564,0.0,30.71203239391417,60.0,15,3,8,28,0.8948918793524768,three hubs,2
none,severe_16,severe,2,7073.664000000001,22853.543999999998,29927.208,7073.664000000001,2175.092,0.0,0.0,0.0,0.0,0.0,60.0,0,3,19,44,0.7709226536965113,three hubs,2
proportional,severe_16,severe,2,4898.572,22853.543999999998,27752.115999999998,7073.664000000001,2175.092,1.0000000000000002,26133.559549018188,2175.092,0.9167701592306925,22.987146574792565,60.0,18,3,10,44,0.9006484372347269,three hubs,2
nearest_first,severe_16,severe,2,6522.400000000001,22853.543999999998,29375.944,7073.664000000001,2175.092,0.2534439922541208,962.2200000000003,551.2640000000001,0.42709151753237307,13.470222803595664,60.0,10,3,16,44,0.8226587540841881,three hubs,2
nearest_first_post,severe_16,severe,2,4898.572,22853.543999999998,27752.115999999998,7073.664000000001,2175.092,1.0000000000000002,2175.092,2175.092,0.0,14.176900354708877,60.0,9,3,10,44,0.9006484372347269,three hubs,2
access_opt,severe_16,severe,2,4898.572,22853.543999999998,27752.115999999998,7073.664000000001,2175.092,1.0000000000000002,2175.092,2175.092,0.0,14.176900354708877,60.0,9,3,10,44,0.9006484372347269,three hubs,2
none,severe_17,severe,2,8477.868,20000.54,28478.408000000003,8477.867999999999,2559.708,-7.106237912862937e-16,0.0,0.0,0.0,0.0,60.0,0,3,22,33,0.7302312463691975,three hubs,2
proportional,severe_17,severe,2,6119.1513494424125,20000.54,26119.691349442415,8477.867999999999,2559.708,0.921478797799431,29144.70186155227,2358.7166505575874,0.9190687672235478,57.80290745911783,60.0,29,3,10,33,0.8682052573806385,three hubs,2
nearest_first,severe_17,severe,2,7175.74,20000.54,27176.28,8477.867999999999,2559.708,0.5087017737960732,2801.56,1302.1280000000002,0.5352132383386399,28.709547193443342,60.0,15,3,15,33,0.8105741612117069,three hubs,2
nearest_first_post,severe_17,severe,2,5918.16,20000.54,25918.7,8477.867999999999,2559.708,0.9999999999999994,2559.708,2559.708,0.0,22.637803292722673,60.0,13,3,9,33,0.8770167199234928,three hubs,2
access_opt,severe_17,severe,2,5918.16,20000.54,25918.7,8477.867999999999,2559.708,0.9999999999999994,2559.708,2559.708,0.0,22.637803292722673,60.0,13,3,9,33,0.8770167199234928,three hubs,2
none,severe_18,severe,2,8882.696,19711.384000000002,28594.08,8882.696,2885.212,0.0,0.0,0.0,0.0,0.0,60.0,0,3,25,35,0.710120766885313,three hubs,2
proportional,severe_18,severe,2,6200.8303089477295,19711.384000000002,25912.214308947732,8882.696,2885.212,0.9295211897955057,28569.78802853088,2681.8656910522695,0.9061293108519372,57.63728287952703,60.0,29,3,11,35,0.8554731090048203,three hubs,2
nearest_first,severe_18,severe,2,7463.860000000001,19711.384000000002,27175.244000000002,8882.696,2885.212,0.491761437287797,2980.4639999999995,1418.8360000000002,0.5239546594087362,28.44928516980704,60.0,16,3,18,35,0.7695628661333065,three hubs,2
nearest_first_post,severe_18,severe,2,5997.4839999999995,19711.384000000002,25708.868000000002,8882.696,2885.212,1.0000000000000002,2885.212,2885.212,0.0,32.20052607033599,60.0,16,3,9,35,0.8816382979246125,three hubs,2
access_opt,severe_18,severe,2,5997.4839999999995,19711.384000000002,25708.868000000002,8882.696,2885.212,1.0000000000000002,2885.212,2885.212,0.0,32.20052607033599,60.0,16,3,9,35,0.8816382979246125,three hubs,2
none,severe_19,severe,2,7178.136,19868.268,27046.404000000002,7178.136,2885.212,0.0,0.0,0.0,0.0,0.0,60.0,0,3,24,32,0.7158740427350284,three hubs,2
proportional,severe_19,severe,2,4496.270308947731,19868.268,24364.538308947733,7178.136,2885.212,0.9295211897955054,28569.78802853088,2681.8656910522695,0.9061293108519372,57.63728287952703,60.0,29,3,10,32,0.8659567480701403,three hubs,2
nearest_first,severe_19,severe,2,5759.3,19868.268,25627.568,7178.136,2885.212,0.4917614372877973,2980.4639999999995,1418.8360000000002,0.5239546594087362,28.44928516980704,60.0,16,3,17,32,0.7773022085603698,three hubs,2
nearest_first_post,severe_19,severe,2,4292.924,19868.268,24161.192,7178.136,2885.212,1.0000000000000002,2885.212,2885.212,0.0,32.20052607033599,60.0,16,3,8,32,0.8939721781903252,three hubs,2
access_opt,severe_19,severe,2,4292.924,19868.268,24161.192,7178.136,2885.212,1.0000000000000002,2885.212,2885.212,0.0,32.20052607033599,60.0,16,3,8,32,0.8939721781903252,three hubs,2
none,mild_00,mild,4,12355.224,2290.904,14646.128,12355.224,11864.820000000002,0.0,0.0,0.0,0.0,0.0,120.0,0,3,35,7,0.6804559159744109,three hubs,4
proportional,mild_00,mild,4,3978.474234273536,2290.904,6269.378234273536,12355.224,11864.820000000002,0.7060157478770401,31823.029132359272,8376.749765726463,0.7367708230764067,116.77190133100405,120.0,65,3,12,7,0.8765350271348261,three hubs,4
nearest_first,mild_00,mild,4,4335.852000000001,2290.904,6626.756000000001,12355.224,11864.820000000002,0.6758949566870798,9997.004000000003,8019.372000000001,0.1978224676112964,65.82017951272937,120.0,37,3,18,7,0.8509189573398955,three hubs,4
nearest_first_post,mild_00,mild,4,490.404,2290.904,2781.308,12355.224,11864.820000000002,0.9999999999999999,11864.820000000002,11864.820000000002,0.0,58.57017947296741,120.0,34,3,1,7,0.9861111111111109,three hubs,4
access_opt,mild_00,mild,4,490.404,2290.904,2781.308,12355.224,11864.820000000002,0.9999999999999999,11864.820000000002,11864.820000000002,0.0,58.57017947296741,120.0,34,3,1,7,0.9861111111111109,three hubs,4
none,mild_01,mild,4,12086.94,2290.904,14377.844000000001,12086.94,11596.536000000002,0.0,0.0,0.0,0.0,0.0,120.0,0,3,36,7,0.6875327198728768,three hubs,4
proportional,mild_01,mild,4,3727.490313465845,2290.904,6018.394313465845,12086.94,11596.536000000002,0.720857477313411,31834.52144942178,8359.449686534155,0.7374092869649218,118.16498790364648,120.0,66,3,10,7,0.8944865107861559,three hubs,4
nearest_first,mild_01,mild,4,3943.9360000000006,2290.904,6234.84,12086.94,11596.536000000002,0.7021927927443159,10128.308000000003,8143.004000000001,0.19601536604139624,67.2132660853718,120.0,38,3,16,7,0.8747908706034018,three hubs,4
nearest_first_post,mild_01,mild,4,490.404,2290.904,2781.308,12086.94,11596.536000000002,0.9999999999999999,11596.536000000002,11596.536000000002,0.0,59.96326604560985,120.0,35,3,1,7,0.9863013698630138,three hubs,4
access_opt,mild_01,mild,4,490.404,2290.904,2781.308,12086.94,11596.536000000002,0.9999999999999999,11596.536000000002,11596.536000000002,0.0,59.96326604560985,120.0,35,3,1,7,0.9863013698630138,three hubs,4
none,mild_02,mild,4,10623.372000000003,581.7560000000001,11205.128000000002,10623.372000000003,10623.372000000003,0.0,0.0,0.0,0.0,0.0,120.0,0,3,38,0,0.6881964905725689,three hubs,4
proportional,mild_02,mild,4,2685.6240877392465,581.7560000000001,3267.380087739247,10623.372000000003,10623.372000000003,0.7471966445551144,29491.915988076904,7937.747912260755,0.730850043263725,118.99115558822956,120.0,72,3,13,0,0.8856867230696814,three hubs,4
nearest_first,mild_02,mild,4,1244.5119999999997,581.7560000000001,1826.2679999999998,10623.372000000003,10623.372000000003,0.8828515089182607,10557.124000000002,9378.860000000002,0.11160842668893523,65.35733025058958,120.0,40,3,7,0,0.9545209171299603,three hubs,4
nearest_first_post,mild_02,mild,4,0.0,581.7560000000001,581.7560000000001,10623.372000000003,10623.372000000003,1.0,10623.372000000003,10623.372000000003,0.0,60.71028451692656,120.0,38,3,0,0,0.0,three hubs,4
access_opt,mild_02,mild,4,0.0,581.7560000000001,581.7560000000001,10623.372000000003,10623.372000000003,1.0,10623.372000000003,10623.372000000003,0.0,60.71028451692656,120.0,38,3,0,0,0.0,three hubs,4
none,mild_03,mild,4,10578.472000000003,872.732,11451.204000000003,10578.472000000003,10578.472000000003,0.0,0.0,0.0,0.0,0.0,120.0,0,3,37,0,0.6964632111625947,three hubs,4
proportional,mild_03,mild,4,2956.20943369797,872.732,3828.94143369797,10578.472000000003,10578.472000000003,0.7205447598010404,31674.9793464639,7622.262566302032,0.7593601409197774,118.02094272947133,120.0,70,3,13,0,0.8856404448636032,three hubs,4
nearest_first,mild_03,mild,4,1484.248,872.732,2356.98,10578.472000000003,10578.472000000003,0.8596916454474711,10557.124000000002,9094.224000000002,0.13856993628188885,69.96602978455957,120.0,40,3,8,0,0.9466812785059627,three hubs,4
nearest_first_post,mild_03,mild,4,0.0,872.732,872.732,10578.472000000003,10578.472000000003,1.0,10578.472000000003,10578.472000000003,0.0,61.52234170069192,120.0,37,3,0,0,0.0,three hubs,4
access_opt,mild_03,mild,4,0.0,872.732,872.732,10578.472000000003,10578.472000000003,1.0,10578.472000000003,10578.472000000003,0.0,61.52234170069192,120.0,37,3,0,0,0.0,three hubs,4
none,mild_04,mild,4,12088.616000000004,1555.26,13643.876000000004,12088.616,12088.616000000002,-3.009425402454435e-16,0.0,0.0,0.0,0.0,120.0,0,3,36,2,0.6973672136794932,three hubs,4
proportional,mild_04,mild,4,4104.162743463193,1555.26,5659.422743463193,12088.616,12088.616000000002,0.660493579789184,31860.222282007988,7984.453256536807,0.7493911628781773,117.84848246094008,120.0,69,3,14,2,0.8707315757953448,three hubs,4
nearest_first,mild_04,mild,4,2996.1359999999995,1555.26,4551.396,12088.616,12088.616000000002,0.7521522728491002,10312.844000000003,9092.480000000001,0.11833437992468432,69.02347139338666,120.0,39,3,11,2,0.9212190675802777,three hubs,4
nearest_first_post,mild_04,mild,4,0.0,1555.26,1555.26,12088.616,12088.616000000002,0.9999999999999999,12088.616000000004,12088.616000000004,0.0,60.57978330951901,120.0,36,3,0,2,0.0,three hubs,4
access_opt,mild_04,mild,4,0.0,1555.26,1555.26,12088.616,12088.616000000002,0.9999999999999999,12088.616000000004,12088.616000000004,0.0,60.57978330951901,120.0,36,3,0,2,0.0,three hubs,4
none,mild_05,mild,4,12188.431999999999,2612.428,14800.859999999999,12188.431999999999,11698.028,0.0,0.0,0.0,0.0,0.0,120.0,0,3,35,9,0.6965815181356595,three hubs,4
proportional,mild_05,mild,4,3865.5509043344323,2612.428,6477.978904334432,12188.431999999999,11698.028,0.7114772759704086,31805.828124125845,8322.881095665569,0.738322138219933,116.54224860377947,120.0,64,3,12,9,0.8829190380595134,three hubs,4
nearest_first,mild_05,mild,4,4329.272000000001,2612.428,6941.700000000001,12188.431999999999,11698.028,0.6718363129238533,10002.116000000004,7859.160000000002,0.21425026464400143,67.32100590783512,120.0,37,3,17,9,0.8680450952077278,three hubs,4
nearest_first_post,mild_05,mild,4,490.404,2612.428,3102.832,12188.431999999999,11698.028,0.9999999999999999,11698.028,11698.028,0.0,60.745836978516905,120.0,34,3,1,9,0.9859154929577465,three hubs,4
access_opt,mild_05,mild,4,490.404,2612.428,3102.832,12188.431999999999,11698.028,0.9999999999999999,11698.028,11698.028,0.0,60.745836978516905,120.0,34,3,1,9,0.9859154929577465,three hubs,4
none,mild_06,mild,4,10763.320000000003,528.808,11292.128000000004,10763.320000000003,10763.320000000002,0.0,0.0,0.0,0.0,0.0,120.0,0,3,37,1,0.6873774455627003,three hubs,4
proportional,mild_06,mild,4,2685.6240877392465,528.808,3214.4320877392465,10763.320000000003,10763.320000000002,0.750483671605114,29491.9159880769,8077.695912260755,0.7261047428886467,117.67298304264976,120.0,71,3,13,1,0.8841419490571093,three hubs,4
nearest_first,mild_06,mild,4,1398.6799999999998,528.808,1927.4879999999998,10763.320000000003,10763.320000000002,0.8700512481279012,10430.932000000003,9364.640000000001,0.10222403904080679,64.03915770500977,120.0,39,3,10,1,0.9295362869067113,three hubs,4
nearest_first_post,mild_06,mild,4,0.0,528.808,528.808,10763.320000000003,10763.320000000002,1.0000000000000002,10763.320000000003,10763.320000000003,0.0,59.392111971346765,120.0,37,3,0,1,0.0,three hubs,4
access_opt,mild_06,mild,4,0.0,528.808,528.808,10763.320000000003,10763.320000000002,1.0000000000000002,10763.320000000003,10763.320000000003,0.0,59.392111971346765,120.0,37,3,0,1,0.0,three hubs,4
none,mild_07,mild,4,12214.296,1693.468,13907.764000000001,12214.296,12214.296,0.0,0.0,0.0,0.0,0.0,120.0,0,3,35,3,0.6779536656757357,three hubs,4
proportional,mild_07,mild,4,4702.019711484033,1693.468,6395.487711484033,12214.296,12214.296,0.6150396460439445,31608.87976038892,7512.276288515967,0.7623365223486954,117.38334122232237,120.0,67,3,16,3,0.8527219450540651,three hubs,4
nearest_first,mild_07,mild,4,3565.8520000000003,1693.468,5259.320000000001,12214.296,12214.296,0.7080591464297246,10425.820000000002,8648.444000000003,0.1704782933140988,71.98717778694309,120.0,39,3,14,3,0.8836687640740227,three hubs,4
nearest_first_post,mild_07,mild,4,0.0,1693.468,1693.468,12214.296,12214.296,1.0,12214.296,12214.296,0.0,62.897053384350166,120.0,35,3,0,3,0.0,three hubs,4
access_opt,mild_07,mild,4,0.0,1693.468,1693.468,12214.296,12214.296,1.0,12214.296,12214.296,0.0,62.897053384350166,120.0,35,3,0,3,0.0,three hubs,4
none,mild_08,mild,4,12088.616000000004,1555.26,13643.876000000004,12088.616,12088.616000000002,-3.009425402454435e-16,0.0,0.0,0.0,0.0,120.0,0,3,36,2,0.6973672136794932,three hubs,4
proportional,mild_08,mild,4,4104.162743463193,1555.26,5659.422743463193,12088.616,12088.616000000002,0.660493579789184,31860.222282007988,7984.453256536807,0.7493911628781773,117.84848246094008,120.0,69,3,14,2,0.8707315757953448,three hubs,4
nearest_first,mild_08,mild,4,2996.1359999999995,1555.26,4551.396,12088.616,12088.616000000002,0.7521522728491002,10312.844000000003,9092.480000000001,0.11833437992468432,69.02347139338666,120.0,39,3,11,2,0.9212190675802777,three hubs,4
nearest_first_post,mild_08,mild,4,0.0,1555.26,1555.26,12088.616,12088.616000000002,0.9999999999999999,12088.616000000004,12088.616000000004,0.0,60.57978330951901,120.0,36,3,0,2,0.0,three hubs,4
access_opt,mild_08,mild,4,0.0,1555.26,1555.26,12088.616,12088.616000000002,0.9999999999999999,12088.616000000004,12088.616000000004,0.0,60.57978330951901,120.0,36,3,0,2,0.0,three hubs,4
none,mild_09,mild,4,12765.376000000002,1469.776,14235.152000000002,12765.376000000002,12765.376000000002,0.0,0.0,0.0,0.0,0.0,120.0,0,3,35,2,0.6824731627186699,three hubs,4
proportional,mild_09,mild,4,4317.798067618464,1469.776,5787.574067618464,12765.376000000002,12765.376000000002,0.6617570788656391,31967.96496535656,8447.577932381535,0.7357486489510323,119.96482292657676,120.0,69,3,16,2,0.8486674629412817,three hubs,4
nearest_first,mild_09,mild,4,3682.8959999999993,1469.776,5152.672,12765.376000000002,12765.376000000002,0.7114933394833025,10425.820000000002,9082.480000000001,0.12884741919580422,70.05004479924986,120.0,39,3,12,2,0.9055805090317326,three hubs,4
nearest_first_post,mild_09,mild,4,0.0,1469.776,1469.776,12765.376000000002,12765.376000000002,1.0,12765.376000000002,12765.376000000002,0.0,59.00474251262579,120.0,35,3,0,2,0.0,three hubs,4
access_opt,mild_09,mild,4,0.0,1469.776,1469.776,12765.376000000002,12765.376000000002,1.0,12765.376000000002,12765.376000000002,0.0,59.00474251262579,120.0,35,3,0,2,0.0,three hubs,4
none,mild_10,mild,4,10821.000000000004,471.12800000000004,11292.128000000004,10821.000000000004,10821.000000000002,0.0,0.0,0.0,0.0,0.0,120.0,0,3,37,1,0.6864309960789646,three hubs,4
proportional,mild_10,mild,4,2685.6240877392465,471.12800000000004,3156.7520877392467,10821.000000000004,10821.000000000002,0.7518136874836665,29491.9159880769,8135.375912260755,0.7241489526977578,117.67298304264976,120.0,71,3,13,1,0.8841419490571093,three hubs,4
nearest_first,mild_10,mild,4,1398.6799999999998,471.12800000000004,1869.808,10821.000000000004,10821.000000000002,0.8707439238517699,10430.932000000003,9422.320000000002,0.09669433182001386,64.03915770500977,120.0,39,3,10,1,0.9295362869067113,three hubs,4
nearest_first_post,mild_10,mild,4,0.0,471.12800000000004,471.12800000000004,10821.000000000004,10821.000000000002,1.0000000000000002,10821.000000000004,10821.000000000004,0.0,59.392111971346765,120.0,37,3,0,1,0.0,three hubs,4
access_opt,mild_10,mild,4,0.0,471.12800000000004,471.12800000000004,10821.000000000004,10821.000000000002,1.0000000000000002,10821.000000000004,10821.000000000004,0.0,59.392111971346765,120.0,37,3,0,1,0.0,three hubs,4
none,mild_11,mild,4,13226.676000000001,2844.632,16071.308,13226.676000000001,12736.272000000003,0.0,0.0,0.0,0.0,0.0,120.0,0,3,36,8,0.681856868144629,three hubs,4
proportional,mild_11,mild,4,4597.905828916967,2844.632,7442.537828916968,13226.676000000001,12736.272000000003,0.677495751589086,31422.760275311535,8628.770171083032,0.7253974477263684,116.27735847667726,120.0,63,3,13,8,0.8739520647419615,three hubs,4
nearest_first,mild_11,mild,4,5425.196,2844.632,8269.828,13226.676000000001,12736.272000000003,0.6125403100687548,9870.812000000004,7801.480000000001,0.20964151682759247,65.93025908884762,120.0,36,3,17,8,0.8600902993540179,three hubs,4
nearest_first_post,mild_11,mild,4,490.404,2844.632,3335.036,13226.676000000001,12736.272000000003,0.9999999999999999,12736.272000000003,12736.272000000003,0.0,63.911268958283266,120.0,35,3,1,8,0.9855072463768116,three hubs,4
access_opt,mild_11,mild,4,490.404,2844.632,3335.036,13226.676000000001,12736.272000000003,0.9999999999999999,12736.272000000003,12736.272000000003,0.0,63.911268958283266,120.0,35,3,1,8,0.9855072463768116,three hubs,4
none,mild_12,mild,4,12521.828,1345.176,13867.003999999999,12521.828,12521.828,0.0,0.0,0.0,0.0,0.0,120.0,0,3,33,1,0.7056584212865167,three hubs,4
proportional,mild_12,mild,4,4448.667447437247,1345.176,5793.843447437246,12521.828,12521.828,0.6447269961352889,31460.09860345514,8073.160552562753,0.743384130662702,119.04598934317687,120.0,68,3,15,1,0.8574671472653796,three hubs,4
nearest_first,mild_12,mild,4,3662.987999999999,1345.176,5008.163999999999,12521.828,12521.828,0.7074717844710853,10186.652000000002,8858.840000000002,0.13034822432335957,69.13121121584996,120.0,38,3,13,1,0.8962382532222245,three hubs,4
nearest_first_post,mild_12,mild,4,0.0,1345.176,1345.176,12521.828,12521.828,1.0,12521.828,12521.828,0.0,56.36594096407564,120.0,33,3,0,1,0.0,three hubs,4
access_opt,mild_12,mild,4,0.0,1345.176,1345.176,12521.828,12521.828,1.0,12521.828,12521.828,0.0,56.36594096407564,120.0,33,3,0,1,0.0,three hubs,4
none,mild_13,mild,4,10623.372000000003,612.164,11235.536000000004,10623.372000000003,10623.372000000003,0.0,0.0,0.0,0.0,0.0,120.0,0,3,38,0,0.6881964905725689,three hubs,4
proportional,mild_13,mild,4,2685.6240877392465,612.164,3297.7880877392463,10623.372000000003,10623.372000000003,0.7471966445551144,29491.915988076904,7937.747912260755,0.730850043263725,118.99115558822956,120.0,72,3,13,0,0.8856867230696814,three hubs,4
nearest_first,mild_13,mild,4,1244.5119999999997,612.164,1856.6759999999997,10623.372000000003,10623.372000000003,0.8828515089182607,10557.124000000002,9378.860000000002,0.11160842668893523,65.35733025058958,120.0,40,3,7,0,0.9545209171299603,three hubs,4
nearest_first_post,mild_13,mild,4,0.0,612.164,612.164,10623.372000000003,10623.372000000003,1.0,10623.372000000003,10623.372000000003,0.0,60.71028451692656,120.0,38,3,0,0,0.0,three hubs,4
access_opt,mild_13,mild,4,0.0,612.164,612.164,10623.372000000003,10623.372000000003,1.0,10623.372000000003,10623.372000000003,0.0,60.71028451692656,120.0,38,3,0,0,0.0,three hubs,4
none,mild_14,mild,4,12096.884000000002,1516.9840000000002,13613.868000000002,12096.884000000002,12096.884000000002,0.0,0.0,0.0,0.0,0.0,120.0,0,3,37,3,0.6915140456963631,three hubs,4
proportional,mild_14,mild,4,4014.9903408007244,1516.9840000000002,5531.974340800724,12096.884000000002,12096.884000000002,0.6680971446199927,31697.767753452394,8081.893659199276,0.7450327189579768,116.65154430101178,120.0,69,3,14,3,0.8721368584557786,three hubs,4
nearest_first,mild_14,mild,4,2890.771999999999,1516.9840000000002,4407.755999999999,12096.884000000002,12096.884000000002,0.7610316838617285,10557.124000000002,9206.112000000001,0.12797159529432456,71.44313137189232,120.0,40,3,11,3,0.9239764798426927,three hubs,4
nearest_first_post,mild_14,mild,4,0.0,1516.9840000000002,1516.9840000000002,12096.884000000002,12096.884000000002,1.0,12096.884000000002,12096.884000000002,0.0,62.99944328802465,120.0,37,3,0,3,0.0,three hubs,4
access_opt,mild_14,mild,4,0.0,1516.9840000000002,1516.9840000000002,12096.884000000002,12096.884000000002,1.0,12096.884000000002,12096.884000000002,0.0,62.99944328802465,120.0,37,3,0,3,0.0,three hubs,4
none,mild_15,mild,4,12251.624000000002,1829.7160000000003,14081.340000000002,12251.624000000002,12251.624000000002,0.0,0.0,0.0,0.0,0.0,120.0,0,3,34,3,0.7001834153173679,three hubs,4
proportional,mild_15,mild,4,4318.560209722542,1829.7160000000003,6148.276209722542,12251.624000000002,12251.624000000002,0.6475112026191351,31960.380658976548,7933.063790277459,0.7517844397748329,119.92763558078305,120.0,68,3,15,3,0.8572765878526836,three hubs,4
nearest_first,mild_15,mild,4,3409.163999999999,1829.7160000000003,5238.879999999999,12251.624000000002,12251.624000000002,0.7217377875782021,10055.348000000002,8842.460000000003,0.12062118586049919,67.41124325069971,120.0,37,3,14,3,0.8912136981547917,three hubs,4
nearest_first_post,mild_15,mild,4,0.0,1829.7160000000003,1829.7160000000003,12251.624000000002,12251.624000000002,1.0,12251.624000000002,12251.624000000002,0.0,58.96755516683207,120.0,34,3,0,3,0.0,three hubs,4
access_opt,mild_15,mild,4,0.0,1829.7160000000003,1829.7160000000003,12251.624000000002,12251.624000000002,1.0,12251.624000000002,12251.624000000002,0.0,58.96755516683207,120.0,34,3,0,3,0.0,three hubs,4
none,mild_16,mild,4,12073.636,1410.3600000000001,13483.996000000001,12073.636,12073.636,0.0,0.0,0.0,0.0,0.0,120.0,0,3,35,1,0.70289679061892,three hubs,4
proportional,mild_16,mild,4,4292.244514040822,1410.3600000000001,5702.604514040822,12073.636,12073.636,0.6444944576728319,31209.74892378006,7781.39148595918,0.750674332402905,116.75928412347508,120.0,68,3,15,1,0.8610707824935458,three hubs,4
nearest_first,mild_16,mild,4,3101.1639999999993,1410.3600000000001,4511.523999999999,12073.636,12073.636,0.7431458095970428,10430.932000000003,8972.472000000003,0.13982067949441135,71.55087119435561,120.0,39,3,14,1,0.8965766161719328,three hubs,4
nearest_first_post,mild_16,mild,4,0.0,1410.3600000000001,1410.3600000000001,12073.636,12073.636,1.0,12073.636,12073.636,0.0,61.38721514533773,120.0,35,3,0,1,0.0,three hubs,4
access_opt,mild_16,mild,4,0.0,1410.3600000000001,1410.3600000000001,12073.636,12073.636,1.0,12073.636,12073.636,0.0,61.38721514533773,120.0,35,3,0,1,0.0,three hubs,4
none,mild_17,mild,4,11578.072000000002,980.8679999999999,12558.940000000002,11578.072000000002,11578.072000000002,0.0,0.0,0.0,0.0,0.0,120.0,0,3,37,0,0.7018341040537851,three hubs,4
proportional,mild_17,mild,4,3840.70856620992,980.8679999999999,4821.57656620992,11578.072000000002,11578.072000000002,0.668277363777845,31228.868563678898,7737.363433790081,0.7522368311867337,118.63833009449765,120.0,70,3,14,0,0.8761402249747947,three hubs,4
nearest_first,mild_17,mild,4,2355.5799999999995,980.8679999999999,3336.4479999999994,11578.072000000002,11578.072000000002,0.7965481644957814,10557.124000000002,9222.492000000002,0.12642003636596477,71.44313137189232,120.0,40,3,9,0,0.9394166724529251,three hubs,4
nearest_first_post,mild_17,mild,4,0.0,980.8679999999999,980.8679999999999,11578.072000000002,11578.072000000002,1.0,11578.072000000002,11578.072000000002,0.0,62.99944328802465,120.0,37,3,0,0,0.0,three hubs,4
access_opt,mild_17,mild,4,0.0,980.8679999999999,980.8679999999999,11578.072000000002,11578.072000000002,1.0,11578.072000000002,11578.072000000002,0.0,62.99944328802465,120.0,37,3,0,0,0.0,three hubs,4
none,mild_18,mild,4,10763.320000000003,528.808,11292.128000000004,10763.320000000003,10763.320000000002,0.0,0.0,0.0,0.0,0.0,120.0,0,3,37,1,0.6873774455627003,three hubs,4
proportional,mild_18,mild,4,2685.6240877392465,528.808,3214.4320877392465,10763.320000000003,10763.320000000002,0.750483671605114,29491.9159880769,8077.695912260755,0.7261047428886467,117.79461425803319,120.0,71,3,13,1,0.8841419490571093,three hubs,4
nearest_first,mild_18,mild,4,1398.6799999999998,528.808,1927.4879999999998,10763.320000000003,10763.320000000002,0.8700512481279012,10430.932000000003,9364.640000000001,0.10222403904080679,64.1607889203932,120.0,39,3,10,1,0.9295362869067113,three hubs,4
nearest_first_post,mild_18,mild,4,0.0,528.808,528.808,10763.320000000003,10763.320000000002,1.0000000000000002,10763.320000000003,10763.320000000003,0.0,59.513743186730196,120.0,37,3,0,1,0.0,three hubs,4
access_opt,mild_18,mild,4,0.0,528.808,528.808,10763.320000000003,10763.320000000002,1.0000000000000002,10763.320000000003,10763.320000000003,0.0,59.513743186730196,120.0,37,3,0,1,0.0,three hubs,4
none,mild_19,mild,4,12271.244000000002,2314.508,14585.752000000002,12271.244000000002,11780.840000000002,0.0,0.0,0.0,0.0,0.0,120.0,0,3,34,8,0.6846339607923942,three hubs,4
proportional,mild_19,mild,4,3808.0374114292235,2314.508,6122.545411429223,12271.244000000002,11780.840000000002,0.7183873635980776,31985.593549848538,8463.206588570778,0.7354056733266139,117.28183483878225,120.0,64,3,11,8,0.879292174006043,three hubs,4
nearest_first,mild_19,mild,4,4291.652,2314.508,6606.16,12271.244000000002,11780.840000000002,0.6773364208324705,9795.104000000001,7979.5920000000015,0.18534892534065994,64.44399400440396,120.0,36,3,16,8,0.8719456564706994,three hubs,4
nearest_first_post,mild_19,mild,4,490.404,2314.508,2804.912,12271.244000000002,11780.840000000002,1.0,11780.840000000002,11780.840000000002,0.0,57.64696321324413,120.0,33,3,1,8,0.9855072463768116,three hubs,4
access_opt,mild_19,mild,4,490.404,2314.508,2804.912,12271.244000000002,11780.840000000002,1.0,11780.840000000002,11780.840000000002,0.0,57.64696321324413,120.0,33,3,1,8,0.9855072463768116,three hubs,4
none,moderate_00,moderate,4,12176.336000000001,9577.456,21753.792,12176.336000000003,6905.824,2.63399328385122e-16,0.0,0.0,0.0,0.0,120.0,0,3,31,24,0.6690057914701346,three hubs,4
proportional,moderate_00,moderate,4,5829.002028516987,9577.456,15406.458028516987,12176.336000000003,6905.824,0.9191276770857492,32446.06,6347.333971483014,0.8043727351954901,94.23809018532,120.0,43,3,10,24,0.8909760532926653,three hubs,4
nearest_first,moderate_00,moderate,4,8200.400000000001,9577.456,17777.856,12176.336000000003,6905.824,0.5757366535839896,4813.868,3975.9359999999997,0.17406626022981952,46.416969147591296,120.0,23,3,22,24,0.7876374173823709,three hubs,4
nearest_first_post,moderate_00,moderate,4,5270.512000000001,9577.456,14847.968,12176.336000000003,6905.824,1.0000000000000004,6905.824,6905.824,0.0,42.079340995574526,120.0,23,3,8,24,0.9082425464179973,three hubs,4
access_opt,moderate_00,moderate,4,5270.512000000001,9577.456,14847.968,12176.336000000003,6905.824,1.0000000000000004,6905.824,6905.824,0.0,42.079340995574526,120.0,23,3,8,24,0.9082425464179973,three hubs,4
none,moderate_01,moderate,4,12790.368000000002,10449.936,23240.304000000004,12790.368,6098.448,-2.9827087212121123e-16,0.0,0.0,0.0,0.0,120.0,0,3,30,24,0.6707310211804433,three hubs,4
proportional,moderate_01,moderate,4,6799.120000000001,10449.936,17249.056,12790.368,6098.448,0.9824217571421449,32446.060000000005,5991.248000000001,0.8153474412609728,95.10200380145034,120.0,42,3,8,24,0.897575018802764,three hubs,4
nearest_first,moderate_01,moderate,4,9440.672,10449.936,19890.608,12790.368,6098.448,0.5492702405595653,4521.26,3349.696000000001,0.25912334172332474,40.77878970973875,120.0,21,3,21,24,0.7736185608877683,three hubs,4
nearest_first_post,moderate_01,moderate,4,6691.92,10449.936,17141.856,12790.368,6098.448,1.0,6098.448,6098.448,0.0,40.326274291100546,120.0,23,3,7,24,0.907800080461503,three hubs,4
access_opt,moderate_01,moderate,4,6691.92,10449.936,17141.856,12790.368,6098.448,1.0,6098.448,6098.448,0.0,40.326274291100546,120.0,23,3,7,24,0.907800080461503,three hubs,4
none,moderate_02,moderate,4,12728.044,10126.088,22854.131999999998,12728.044000000002,5925.912,3.069551831930438e-16,0.0,0.0,0.0,0.0,120.0,0,3,31,24,0.6825110029665256,three hubs,4
proportional,moderate_02,moderate,4,7526.984328788356,10126.088,17653.072328788356,12728.044000000002,5925.912,0.8776808820670381,32446.06,5201.059671211646,0.8397013482927774,100.44287376246919,120.0,45,3,10,24,0.8891377036105477,three hubs,4
nearest_first,moderate_02,moderate,4,8956.32,10126.088,19082.408,12728.044000000002,5925.912,0.636479920727814,5338.7480000000005,3771.724,0.293519004830346,48.41489191801291,120.0,24,3,19,24,0.8243537273286716,three hubs,4
nearest_first_post,moderate_02,moderate,4,6802.132,10126.088,16928.22,12728.044000000002,5925.912,1.0000000000000002,5925.912,5925.912,0.0,40.04503451950908,120.0,23,3,8,24,0.9063030912732862,three hubs,4
access_opt,moderate_02,moderate,4,6802.132,10126.088,16928.22,12728.044000000002,5925.912,1.0000000000000002,5925.912,5925.912,0.0,40.04503451950908,120.0,23,3,8,24,0.9063030912732862,three hubs,4
none,moderate_03,moderate,4,10921.796,7740.4039999999995,18662.2,10921.796000000002,10722.588,1.6964089299578204e-16,0.0,0.0,0.0,0.0,120.0,0,3,29,16,0.706348799406086,three hubs,4
proportional,moderate_03,moderate,4,2818.115252535076,7740.4039999999995,10558.519252535076,10921.796000000002,10722.588,0.7557579147370884,31273.4627855755,8103.680747464925,0.7408767681715551,117.93705277530034,120.0,56,3,13,16,0.8718367969094619,three hubs,4
nearest_first,moderate_03,moderate,4,4171.768000000001,7740.4039999999995,11912.172,10921.796000000002,10722.588,0.6295148148935688,9031.260000000002,6750.028,0.25259288294213667,59.7621431463317,120.0,31,3,17,16,0.8525214262330693,three hubs,4
nearest_first_post,moderate_03,moderate,4,199.208,7740.4039999999995,7939.611999999999,10921.796000000002,10722.588,1.0000000000000002,10722.588000000002,10722.588000000002,0.0,51.99758095995372,120.0,27,3,2,16,0.9790740796358045,three hubs,4
access_opt,moderate_03,moderate,4,199.208,7740.4039999999995,7939.611999999999,10921.796000000002,10722.588,1.0000000000000002,10722.588000000002,10722.588000000002,0.0,51.99758095995372,120.0,27,3,2,16,0.9790740796358045,three hubs,4
none,moderate_04,moderate,4,11142.488,12875.996000000001,24018.484,11142.488000000001,5308.684000000001,3.4264412866651246e-16,0.0,0.0,0.0,0.0,120.0,0,3,27,24,0.7002600431599465,three hubs,4
proportional,moderate_04,moderate,4,5833.804,12875.996000000001,18709.800000000003,11142.488000000001,5308.684000000001,1.0,32446.06,5308.683999999999,0.8363843252462703,96.08581645077676,120.0,43,3,6,24,0.9243624736710047,three hubs,4
nearest_first,moderate_04,moderate,4,7890.332,12875.996000000001,20766.328,11142.488000000001,5308.684000000001,0.6126105829618037,4791.5,3252.156,0.32126557445476367,44.05783460632048,120.0,22,3,16,24,0.8216388316478109,three hubs,4
nearest_first_post,moderate_04,moderate,4,5833.804,12875.996000000001,18709.800000000003,11142.488000000001,5308.684000000001,1.0,5308.683999999999,5308.683999999999,0.0,36.66802198673939,120.0,21,3,6,24,0.9243624736710047,three hubs,4
access_opt,moderate_04,moderate,4,5833.804,12875.996000000001,18709.800000000003,11142.488000000001,5308.684000000001,1.0,5308.683999999999,5308.683999999999,0.0,36.66802198673939,120.0,21,3,6,24,0.9243624736710047,three hubs,4
none,moderate_05,moderate,4,10897.560000000001,7609.364000000001,18506.924000000003,10897.56,10698.352000000003,-1.7002519673552113e-16,0.0,0.0,0.0,0.0,120.0,0,3,30,14,0.703457091963436,three hubs,4
proportional,moderate_05,moderate,4,4051.876507698434,7609.364000000001,11661.240507698436,10897.56,10698.352000000003,0.639882057750723,30329.27367447869,6845.683492301565,0.774287918471914,118.4732221977842,120.0,57,3,16,14,0.8290069718107665,three hubs,4
nearest_first,moderate_05,moderate,4,4262.204,7609.364000000001,11871.568000000001,10897.56,10698.352000000003,0.6202222547921398,9520.680000000002,6635.356000000001,0.30305860505762205,70.07838582143314,120.0,34,3,18,14,0.840474112901888,three hubs,4
nearest_first_post,moderate_05,moderate,4,199.208,7609.364000000001,7808.572000000001,10897.56,10698.352000000003,0.9999999999999997,10698.352000000003,10698.352000000003,0.0,58.16850408996336,120.0,28,3,2,14,0.9796987339750342,three hubs,4
access_opt,moderate_05,moderate,4,199.208,7609.364000000001,7808.572000000001,10897.56,10698.352000000003,0.9999999999999997,10698.352000000003,10698.352000000003,0.0,58.16850408996336,120.0,28,3,2,14,0.9796987339750342,three hubs,4
none,moderate_06,moderate,4,13342.320000000002,8821.036,22163.356,13342.320000000002,8955.924,0.0,0.0,0.0,0.0,0.0,120.0,0,3,31,18,0.6762110554959969,three hubs,4
proportional,moderate_06,moderate,4,4877.483144731892,8821.036,13698.519144731892,13342.320000000002,8955.924,0.9451662224096709,32446.06,8464.83685526811,0.7391104850552546,111.16696620322801,120.0,51,3,10,18,0.9200181039824663,three hubs,4
nearest_first,moderate_06,moderate,4,7839.0560000000005,8821.036,16660.092,13342.320000000002,8955.924,0.6144831063774101,6965.484000000001,5503.264,0.20992367508130105,60.371659946661524,120.0,29,3,18,18,0.8179163172212283,three hubs,4
nearest_first_post,moderate_06,moderate,4,4386.396000000001,8821.036,13207.432,13342.320000000002,8955.924,1.0,8955.924,8955.924,0.0,50.71219836711125,120.0,26,3,5,18,0.944028511064046,three hubs,4
access_opt,moderate_06,moderate,4,4386.396000000001,8821.036,13207.432,13342.320000000002,8955.924,1.0,8955.924,8955.924,0.0,50.71219836711125,120.0,26,3,5,18,0.944028511064046,three hubs,4
none,moderate_07,moderate,4,9327.624,15267.644,24595.268,9327.624000000002,4260.0560000000005,4.2698720475642955e-16,0.0,0.0,0.0,0.0,120.0,0,3,28,32,0.7088630842096263,three hubs,4
proportional,moderate_07,moderate,4,5505.985391124243,15267.644,20773.629391124243,9327.624000000002,4260.0560000000005,0.8970864723082885,32104.597356808306,3821.638608875757,0.8809628862059123,73.8127832898987,120.0,34,3,11,32,0.883917757101855,three hubs,4
nearest_first,moderate_07,moderate,4,6802.424000000001,15267.644,22070.068,9327.624000000002,4260.0560000000005,0.5927621608730027,3592.024,2525.2,0.2969980156034593,36.77209786010821,120.0,19,3,19,32,0.8198694727412092,three hubs,4
nearest_first_post,moderate_07,moderate,4,5067.567999999999,15267.644,20335.212,9327.624000000002,4260.0560000000005,1.0000000000000004,4260.0560000000005,4260.0560000000005,0.0,32.34507429486498,120.0,19,3,9,32,0.9079892804697359,three hubs,4
access_opt,moderate_07,moderate,4,5067.567999999999,15267.644,20335.212,9327.624000000002,4260.0560000000005,1.0000000000000004,4260.0560000000005,4260.0560000000005,0.0,32.34507429486498,120.0,19,3,9,32,0.9079892804697359,three hubs,4
none,moderate_08,moderate,4,10482.332000000002,10316.768,20799.100000000002,10482.332,5856.924000000001,-3.1057077120103594e-16,0.0,0.0,0.0,0.0,120.0,0,3,32,31,0.7111361948917453,three hubs,4
proportional,moderate_08,moderate,4,4803.353894489261,10316.768,15120.12189448926,10482.332,5856.924000000001,0.9696178583691266,32446.060000000005,5678.97810551074,0.8249717190466042,98.61382582600424,120.0,44,3,10,31,0.9076323966587774,three hubs,4
nearest_first,moderate_08,moderate,4,6580.816000000001,10316.768,16897.584000000003,10482.332,5856.924000000001,0.666137378596683,5495.152,3901.5160000000005,0.29000762854239515,47.503439592203655,120.0,24,3,20,31,0.8236618654729836,three hubs,4
nearest_first_post,moderate_08,moderate,4,4625.407999999999,10316.768,14942.176,10482.332,5856.924000000001,1.0,5856.924000000001,5856.924000000001,0.0,40.968614831860094,120.0,24,3,8,31,0.9200525020049304,three hubs,4
access_opt,moderate_08,moderate,4,4625.407999999999,10316.768,14942.176,10482.332,5856.924000000001,1.0,5856.924000000001,5856.924000000001,0.0,40.968614831860094,120.0,24,3,8,31,0.9200525020049304,three hubs,4
none,moderate_09,moderate,4,12476.36,6412.868,18889.228000000003,12476.36,11849.732000000002,0.0,0.0,0.0,0.0,0.0,120.0,0,3,30,15,0.7003792297105196,three hubs,4
proportional,moderate_09,moderate,4,4142.783263967214,6412.868,10555.651263967215,12476.36,11849.732000000002,0.7032713259703076,30757.667057639897,8333.576736032786,0.7290569300845979,118.87214610853431,120.0,57,3,16,15,0.8423534771336021,three hubs,4
nearest_first,moderate_09,moderate,4,5638.444,6412.868,12051.312000000002,12476.36,11849.732000000002,0.5770523755305182,9790.920000000002,6837.916,0.30160638632528924,73.01645975834097,120.0,35,3,16,15,0.8396664603913062,three hubs,4
nearest_first_post,moderate_09,moderate,4,626.628,6412.868,7039.496,12476.36,11849.732000000002,0.9999999999999999,11849.732000000002,11849.732000000002,0.0,58.96122662801794,120.0,28,3,2,15,0.9702292311817702,three hubs,4
access_opt,moderate_09,moderate,4,626.628,6412.868,7039.496,12476.36,11849.732000000002,0.9999999999999999,11849.732000000002,11849.732000000002,0.0,58.96122662801794,120.0,28,3,2,15,0.9702292311817702,three hubs,4
none,moderate_10,moderate,4,13349.42,8667.372,22016.792,13349.42,6788.984000000001,0.0,0.0,0.0,0.0,0.0,120.0,0,3,32,25,0.6630467354734156,three hubs,4
proportional,moderate_10,moderate,4,6773.635010246631,8667.372,15441.00701024663,13349.42,6788.984000000001,0.9685963304307931,32446.06,6575.78498975337,0.7973317872877825,104.5769113687479,120.0,46,3,9,25,0.900199919085946,three hubs,4
nearest_first,moderate_10,moderate,4,9364.483999999999,8667.372,18031.856,13349.42,6788.984000000001,0.5869708928464114,4867.948,3984.9359999999997,0.18139306336057837,50.365373170205,120.0,25,3,21,25,0.7851719972117905,three hubs,4
nearest_first_post,moderate_10,moderate,4,6560.436,8667.372,15227.807999999999,13349.42,6788.984000000001,0.9999999999999999,6788.9839999999995,6788.9839999999995,0.0,46.46260407301314,120.0,25,3,7,25,0.9125421027217713,three hubs,4
access_opt,moderate_10,moderate,4,6560.436,8667.372,15227.807999999999,13349.42,6788.984000000001,0.9999999999999999,6788.9839999999995,6788.9839999999995,0.0,46.46260407301314,120.0,25,3,7,25,0.9125421027217713,three hubs,4
none,moderate_11,moderate,4,13676.024000000001,10757.908,24433.932,13676.024000000003,6237.360000000001,2.9162809322307135e-16,0.0,0.0,0.0,0.0,120.0,0,3,30,23,0.6646801783842463,three hubs,4
proportional,moderate_11,moderate,4,7610.23001856792,10757.908,18368.13801856792,13676.024000000003,6237.360000000001,0.9724938085074587,32446.06,6065.793981432082,0.8130499055530291,99.59437175381993,120.0,44,3,11,23,0.8862639896584396,three hubs,4
nearest_first,moderate_11,moderate,4,9915.640000000001,10757.908,20673.548000000003,13676.024000000003,6237.360000000001,0.6028807059396927,4905.336,3760.384,0.23340949529247335,47.56638990936366,120.0,23,3,19,23,0.7900925759991109,three hubs,4
nearest_first_post,moderate_11,moderate,4,7438.664000000001,10757.908,18196.572,13676.024000000003,6237.360000000001,1.0000000000000002,6237.360000000001,6237.360000000001,0.0,36.32705102706548,120.0,21,3,9,23,0.8936269169640593,three hubs,4
access_opt,moderate_11,moderate,4,7438.664000000001,10757.908,18196.572,13676.024000000003,6237.360000000001,1.0000000000000002,6237.360000000001,6237.360000000001,0.0,36.32705102706548,120.0,21,3,9,23,0.8936269169640593,three hubs,4
none,moderate_12,moderate,4,11957.860000000002,8740.648,20698.508,11957.86,6630.955999999999,-2.7431782137384967e-16,0.0,0.0,0.0,0.0,120.0,0,3,33,26,0.6762247175481619,three hubs,4
proportional,moderate_12,moderate,4,6183.602546983384,8740.648,14924.250546983383,11957.86,6630.955999999999,0.8708031621709776,32446.06,5774.257453016618,0.822035173052857,103.43069149124373,120.0,46,3,11,26,0.8886993190017964,three hubs,4
nearest_first,moderate_12,moderate,4,7817.804,8740.648,16558.451999999997,11957.86,6630.955999999999,0.6243528082526865,5440.296000000001,4140.056,0.23900170137801346,52.431981150611826,120.0,26,3,21,26,0.8107263273008664,three hubs,4
nearest_first_post,moderate_12,moderate,4,5326.904,8740.648,14067.552,11957.86,6630.955999999999,1.0000000000000002,6630.955999999999,6630.955999999999,0.0,45.31638419550898,120.0,25,3,8,26,0.915351375812606,three hubs,4
access_opt,moderate_12,moderate,4,5326.904,8740.648,14067.552,11957.86,6630.955999999999,1.0000000000000002,6630.955999999999,6630.955999999999,0.0,45.31638419550898,120.0,25,3,8,26,0.915351375812606,three hubs,4
none,moderate_13,moderate,4,11868.396,12142.844000000001,24011.24,11868.396,5326.060000000001,0.0,0.0,0.0,0.0,0.0,120.0,0,3,29,25,0.6976131338615416,three hubs,4
proportional,moderate_13,moderate,4,6649.536,12142.844000000001,18792.38,11868.396,5326.060000000001,0.9798725511916875,32446.06000000001,5218.860000000001,0.8391527353398225,97.23482882052791,120.0,43,3,7,25,0.9089774213030969,three hubs,4
nearest_first,moderate_13,moderate,4,8383.168000000001,12142.844000000001,20526.012000000002,11868.396,5326.060000000001,0.654372650702395,5363.848,3485.228000000001,0.3502373669052514,46.124442586727305,120.0,23,3,17,25,0.8195161438740626,three hubs,4
nearest_first_post,moderate_13,moderate,4,6542.336,12142.844000000001,18685.18,11868.396,5326.060000000001,0.9999999999999998,5326.0599999999995,5326.0599999999995,0.0,39.589617826383765,120.0,23,3,6,25,0.9183814047181981,three hubs,4
access_opt,moderate_13,moderate,4,6542.336,12142.844000000001,18685.18,11868.396,5326.060000000001,0.9999999999999998,5326.0599999999995,5326.0599999999995,0.0,39.589617826383765,120.0,23,3,6,25,0.9183814047181981,three hubs,4
none,moderate_14,moderate,4,13130.58,9182.852,22313.432,13130.58,6656.544,0.0,0.0,0.0,0.0,0.0,120.0,0,3,31,27,0.661725632231122,three hubs,4
proportional,moderate_14,moderate,4,6524.777277389192,9182.852,15707.629277389193,13130.58,6656.544,0.992377233983702,32446.060000000005,6605.802722610808,0.796406629260662,95.90792351893732,120.0,43,3,9,27,0.9021453855309985,three hubs,4
nearest_first,moderate_14,moderate,4,9278.872000000001,9182.852,18461.724000000002,13130.58,6656.544,0.5786347990789212,4521.26,3851.7080000000005,0.1480896918115746,40.77878970973875,120.0,21,3,22,27,0.7744788193598443,three hubs,4
nearest_first_post,moderate_14,moderate,4,6474.036,9182.852,15656.888,13130.58,6656.544,1.0,6656.544,6656.544,0.0,43.503515678350055,120.0,23,3,8,27,0.9038324419011956,three hubs,4
access_opt,moderate_14,moderate,4,6474.036,9182.852,15656.888,13130.58,6656.544,1.0,6656.544,6656.544,0.0,43.503515678350055,120.0,23,3,8,27,0.9038324419011956,three hubs,4
none,moderate_15,moderate,4,10175.612000000001,15775.984,25951.596,10175.612,4120.364,-4.4146327934761507e-16,0.0,0.0,0.0,0.0,120.0,0,3,27,31,0.6949958814012993,three hubs,4
proportional,moderate_15,moderate,4,6493.665391124243,15775.984,22269.649391124243,10175.612,4120.364,0.8935974124800034,32104.597356808306,3681.946608875757,0.8853140387354853,73.8127832898987,120.0,34,3,10,31,0.8839242943088746,three hubs,4
nearest_first,moderate_15,moderate,4,7700.84,15775.984,23476.824,10175.612,4120.364,0.6006197510705363,3592.024,2474.772,0.3110368973035815,36.77209786010821,120.0,19,3,18,31,0.8177802045302004,three hubs,4
nearest_first_post,moderate_15,moderate,4,6055.248,15775.984,21831.232,10175.612,4120.364,1.0,4120.3640000000005,4120.3640000000005,0.0,32.34507429486498,120.0,19,3,8,31,0.907746584717121,three hubs,4
access_opt,moderate_15,moderate,4,6055.248,15775.984,21831.232,10175.612,4120.364,1.0,4120.3640000000005,4120.3640000000005,0.0,32.34507429486498,120.0,19,3,8,31,0.907746584717121,three hubs,4
none,moderate_16,moderate,4,12197.064,11523.12,23720.184,12197.064000000002,6141.724,2.9616918694911337e-16,0.0,0.0,0.0,0.0,120.0,0,3,29,27,0.7148529979097523,three hubs,4
proportional,moderate_16,moderate,4,6173.82738071063,11523.12,17696.94738071063,12197.064000000002,6141.724,0.980707797890197,32446.060000000005,6023.23661928937,0.8143615397589301,97.4648134562531,120.0,44,3,8,27,0.9133070194379054,three hubs,4
nearest_first,moderate_16,moderate,4,8450.668,11523.12,19973.788,12197.064000000002,6141.724,0.6099909406544486,4922.804,3746.3960000000006,0.23897112296162903,45.43683161179682,120.0,23,3,18,27,0.8195600937386824,three hubs,4
nearest_first_post,moderate_16,moderate,4,6055.339999999999,11523.12,17578.46,12197.064000000002,6141.724,1.0000000000000004,6141.724,6141.724,0.0,38.047018992215726,120.0,22,3,7,27,0.9167235947262183,three hubs,4
access_opt,moderate_16,moderate,4,6055.339999999999,11523.12,17578.46,12197.064000000002,6141.724,1.0000000000000004,6141.724,6141.724,0.0,38.047018992215726,120.0,22,3,7,27,0.9167235947262183,three hubs,4
none,moderate_17,moderate,4,12013.084000000003,8862.588,20875.672000000002,12013.084,6337.616,-2.8701477078224e-16,0.0,0.0,0.0,0.0,120.0,0,3,31,25,0.6870659034461859,three hubs,4
proportional,moderate_17,moderate,4,5884.377075415265,8862.588,14746.965075415264,12013.084,6337.616,0.9670366466798771,32446.06,6128.706924584736,0.8111109045417306,101.33637174868468,120.0,47,3,8,25,0.9157530573068132,three hubs,4
nearest_first,moderate_17,moderate,4,7947.724,8862.588,16810.311999999998,12013.084,6337.616,0.6414651818601822,5457.764000000001,4065.3600000000006,0.2551235267776327,50.30242285304498,120.0,26,3,21,25,0.806479551749541,three hubs,4
nearest_first_post,moderate_17,moderate,4,5675.468000000001,8862.588,14538.056,12013.084,6337.616,1.0,6337.616,6337.616,0.0,45.88557101904695,120.0,24,3,7,25,0.9218476553564661,three hubs,4
access_opt,moderate_17,moderate,4,5675.468000000001,8862.588,14538.056,12013.084,6337.616,1.0,6337.616,6337.616,0.0,45.88557101904695,120.0,24,3,7,25,0.9218476553564661,three hubs,4
none,moderate_18,moderate,4,11448.456,10253.628,21702.084000000003,11448.456,6387.832,0.0,0.0,0.0,0.0,0.0,120.0,0,3,30,26,0.6859598188958302,three hubs,4
proportional,moderate_18,moderate,4,5774.1889480777245,10253.628,16027.816948077725,11448.456,6387.832,0.8882930941080284,32446.06,5674.267051922276,0.825116915523109,95.73870220625645,120.0,42,3,10,26,0.8872074195022165,three hubs,4
nearest_first,moderate_18,moderate,4,7958.312,10253.628,18211.940000000002,11448.456,6387.832,0.5463737931742726,4635.0960000000005,3490.1440000000002,0.24701796899136508,44.62831597245584,120.0,22,3,20,26,0.8011231035804487,three hubs,4
nearest_first_post,moderate_18,moderate,4,5060.624,10253.628,15314.252,11448.456,6387.832,1.0,6387.832,6387.832,0.0,37.11344643318956,120.0,22,3,8,26,0.9109854671651391,three hubs,4
access_opt,moderate_18,moderate,4,5060.624,10253.628,15314.252,11448.456,6387.832,1.0,6387.832,6387.832,0.0,37.11344643318956,120.0,22,3,8,26,0.9109854671651391,three hubs,4
none,moderate_19,moderate,4,11922.552000000001,8542.464,20465.016000000003,11922.552,8202.696000000002,-2.217550673029765e-16,0.0,0.0,0.0,0.0,120.0,0,3,29,21,0.7082626582242926,three hubs,4
proportional,moderate_19,moderate,4,4593.890024982237,8542.464,13136.354024982236,11922.552,8202.696000000002,0.8934455177929014,30378.424925695235,7328.661975017764,0.7587543793681383,115.71269919561749,120.0,50,3,9,21,0.9147554766701566,three hubs,4
nearest_first,moderate_19,moderate,4,6483.912,8542.464,15026.376,11922.552,8202.696000000002,0.6630307889015999,6738.672000000001,5438.64,0.19292109780680833,60.98920316025599,120.0,28,3,17,21,0.8387789415393562,three hubs,4
nearest_first_post,moderate_19,moderate,4,3719.856,8542.464,12262.32,11922.552,8202.696000000002,0.9999999999999998,8202.696,8202.696,0.0,50.49004198455262,120.0,24,3,5,21,0.9471293812311964,three hubs,4
access_opt,moderate_19,moderate,4,3719.856,8542.464,12262.32,11922.552,8202.696000000002,0.9999999999999998,8202.696,8202.696,0.0,50.49004198455262,120.0,24,3,5,21,0.9471293812311964,three hubs,4
none,severe_00,severe,4,6763.052,22393.616,29156.668,6763.0520000000015,2670.4480000000003,6.811551483293651e-16,0.0,0.0,0.0,0.0,120.0,0,3,22,38,0.7224989648476964,three hubs,4
proportional,severe_00,severe,4,4514.994276531842,22393.616,26908.610276531843,6763.0520000000015,2670.4480000000003,0.8418279342897369,31787.63575235933,2248.057723468158,0.929278863612834,39.60429588853428,120.0,24,3,11,38,0.8600445429192833,three hubs,4
nearest_first,severe_00,severe,4,5414.464000000001,22393.616,27808.08,6763.0520000000015,2670.4480000000003,0.505004403755475,2516.1240000000007,1348.5880000000002,0.46402164599201,19.981128872369947,120.0,13,3,17,38,0.7911069361184127,three hubs,4
nearest_first_post,severe_00,severe,4,4092.6040000000003,22393.616,26486.22,6763.0520000000015,2670.4480000000003,1.0000000000000004,2670.448,2670.448,0.0,21.26076243943445,120.0,13,3,9,38,0.8939649879525333,three hubs,4
access_opt,severe_00,severe,4,4092.6040000000003,22393.616,26486.22,6763.0520000000015,2670.4480000000003,1.0000000000000004,2670.448,2670.448,0.0,21.26076243943445,120.0,13,3,9,38,0.8939649879525333,three hubs,4
none,severe_01,severe,4,8592.872000000001,18686.836000000003,27279.708000000006,8592.872000000001,2851.848,0.0,0.0,0.0,0.0,0.0,120.0,0,3,24,42,0.7351469112229143,three hubs,4
proportional,severe_01,severe,4,5741.024000000001,18686.836000000003,24427.860000000004,8592.872000000001,2851.848,1.0,29614.325543351068,2851.8480000000004,0.903700390008028,35.871773298977566,120.0,25,3,11,42,0.8718705173792992,three hubs,4
nearest_first,severe_01,severe,4,6721.576000000001,18686.836000000003,25408.412000000004,8592.872000000001,2851.848,0.6561696135277898,2681.616,1871.296,0.30217600133650757,19.357356858100314,120.0,14,3,17,42,0.8074168505504064,three hubs,4
nearest_first_post,severe_01,severe,4,5741.024000000001,18686.836000000003,24427.860000000004,8592.872000000001,2851.848,1.0,2851.8480000000004,2851.8480000000004,0.0,19.65135594280663,120.0,13,3,11,42,0.8718705173792992,three hubs,4
access_opt,severe_01,severe,4,5741.024000000001,18686.836000000003,24427.860000000004,8592.872000000001,2851.848,1.0,2851.8480000000004,2851.8480000000004,0.0,19.65135594280663,120.0,13,3,11,42,0.8718705173792992,three hubs,4
none,severe_02,severe,4,9780.096,16756.852000000003,26536.948000000004,9780.096,3835.812,0.0,0.0,0.0,0.0,0.0,120.0,0,3,24,31,0.7033774517494596,three hubs,4
proportional,severe_02,severe,4,5944.284,16756.852000000003,22701.136000000002,9780.096,3835.812,1.0,31725.86852370774,3835.812,0.8790951302993134,68.13368136579155,120.0,33,3,7,31,0.9126346829075421,three hubs,4
nearest_first,severe_02,severe,4,7490.104,16756.852000000003,24246.956000000002,9780.096,3835.812,0.5970031899373586,3407.3039999999996,2289.992,0.32791673416871503,34.352798036265405,120.0,18,3,17,31,0.7992259600371817,three hubs,4
nearest_first_post,severe_02,severe,4,5944.284,16756.852000000003,22701.136000000002,9780.096,3835.812,1.0,3835.812,3835.812,0.0,33.25481031229964,120.0,17,3,7,31,0.9126346829075421,three hubs,4
access_opt,severe_02,severe,4,5944.284,16756.852000000003,22701.136000000002,9780.096,3835.812,1.0,3835.812,3835.812,0.0,33.25481031229964,120.0,17,3,7,31,0.9126346829075421,three hubs,4
none,severe_03,severe,4,7062.584000000001,21724.164,28786.748,7062.584000000001,2138.588,0.0,0.0,0.0,0.0,0.0,120.0,0,3,21,43,0.7474687454560883,three hubs,4
proportional,severe_03,severe,4,5103.1,21724.164,26827.264000000003,7062.584000000001,2138.588,0.9162512835571883,31707.795641086464,1959.4840000000002,0.9382018219689504,39.45877580295722,120.0,24,3,10,43,0.8854994855468065,three hubs,4
nearest_first,severe_03,severe,4,5916.072,21724.164,27640.236,7062.584000000001,2138.588,0.5361070014420732,2925.076,1146.5120000000002,0.6080402697229064,20.8437949058546,120.0,14,3,17,43,0.8018243293747701,three hubs,4
nearest_first_post,severe_03,severe,4,4923.996,21724.164,26648.16,7062.584000000001,2138.588,1.0000000000000002,2138.588,2138.588,0.0,21.414553680156665,120.0,13,3,8,43,0.9081484007125447,three hubs,4
access_opt,severe_03,severe,4,4923.996,21724.164,26648.16,7062.584000000001,2138.588,1.0000000000000002,2138.588,2138.588,0.0,21.414553680156665,120.0,13,3,8,43,0.9081484007125447,three hubs,4
none,severe_04,severe,4,8277.728000000001,17646.076,25923.804000000004,8277.728,3378.072,-5.384696961893816e-16,0.0,0.0,0.0,0.0,120.0,0,3,22,33,0.737553798199535,three hubs,4
proportional,severe_04,severe,4,5100.6473494424135,17646.076,22746.723349442414,8277.728,3378.072,0.9405011647346727,31752.006942340162,3177.080650557587,0.8999407925197616,64.78207468359153,120.0,32,3,8,33,0.9125521085143211,three hubs,4
nearest_first,severe_04,severe,4,6492.844000000001,17646.076,24138.920000000002,8277.728,3378.072,0.5283735811433262,3349.244,1784.8840000000002,0.4670785407094854,31.001191354065394,120.0,17,3,15,33,0.8376140333551032,three hubs,4
nearest_first_post,severe_04,severe,4,4899.656000000001,17646.076,22545.732000000004,8277.728,3378.072,0.9999999999999994,3378.072,3378.072,0.0,25.06516585825645,120.0,15,3,7,33,0.921925928879578,three hubs,4
access_opt,severe_04,severe,4,4899.656000000001,17646.076,22545.732000000004,8277.728,3378.072,0.9999999999999994,3378.072,3378.072,0.0,25.06516585825645,120.0,15,3,7,33,0.921925928879578,three hubs,4
none,severe_05,severe,4,3936.716,33257.672000000006,37194.388000000006,3936.7159999999994,89.98400000000001,-5.05364676927525e-15,0.0,0.0,0.0,0.0,120.0,0,3,14,54,0.7790872952102414,three hubs,4
proportional,severe_05,severe,4,3846.732,33257.672000000006,37104.40400000001,3936.7159999999994,89.98400000000001,0.999999999999994,13860.149881426743,89.98400000000001,0.9935077181148969,3.857982843633515,120.0,5,3,12,54,0.8098621089830204,three hubs,4
nearest_first,severe_05,severe,4,3932.244,33257.672000000006,37189.916000000005,3936.7159999999994,89.98400000000001,0.04969772403982149,89.63199999999999,4.472000000000008,0.950107104605498,2.3948816399609716,120.0,3,3,14,54,0.7797585317896634,three hubs,4
nearest_first_post,severe_05,severe,4,3846.732,33257.672000000006,37104.40400000001,3936.7159999999994,89.98400000000001,0.999999999999994,89.98400000000001,89.98400000000001,0.0,2.146577805742294,120.0,2,3,12,54,0.8098621089830204,three hubs,4
access_opt,severe_05,severe,4,3846.732,33257.672000000006,37104.40400000001,3936.7159999999994,89.98400000000001,0.999999999999994,89.98400000000001,89.98400000000001,0.0,2.146577805742294,120.0,2,3,12,54,0.8098621089830204,three hubs,4
none,severe_06,severe,4,9623.968,17677.156,27301.124,9623.968,3599.5119999999997,0.0,0.0,0.0,0.0,0.0,120.0,0,3,24,31,0.6951143649944074,three hubs,4
proportional,severe_06,severe,4,6332.647349442413,17677.156,24009.803349442413,9623.968,3599.5119999999997,0.9143796855122551,31343.4542288434,3291.320650557587,0.8949917700031673,63.21046500160769,120.0,30,3,10,31,0.873233570203198,three hubs,4
nearest_first,severe_06,severe,4,7729.380000000001,17677.156,25406.536,9623.968,3599.5119999999997,0.5263457935409022,3116.9240000000004,1894.588,0.39216098948835465,30.347177282737224,120.0,16,3,18,31,0.7938578298252569,three hubs,4
nearest_first_post,severe_06,severe,4,6024.456,17677.156,23701.612,9623.968,3599.5119999999997,1.0000000000000002,3599.512,3599.512,0.0,25.920153717494003,120.0,16,3,8,31,0.895394354353332,three hubs,4
access_opt,severe_06,severe,4,6024.456,17677.156,23701.612,9623.968,3599.5119999999997,1.0000000000000002,3599.512,3599.512,0.0,25.920153717494003,120.0,16,3,8,31,0.895394354353332,three hubs,4
none,severe_07,severe,4,9036.912,18301.584000000003,27338.496000000003,9036.912000000002,3098.88,5.869828465593558e-16,0.0,0.0,0.0,0.0,120.0,0,3,24,30,0.7088616790132412,three hubs,4
proportional,severe_07,severe,4,6158.729384325033,18301.584000000003,24460.313384325036,9036.912000000002,3098.88,0.9287815648476124,29614.32554335106,2878.1826156749667,0.9028111374185535,65.32562721601998,120.0,31,3,10,30,0.8688187814764747,three hubs,4
nearest_first,severe_07,severe,4,7197.612000000001,18301.584000000003,25499.196000000004,9036.912000000002,3098.88,0.5935370198265183,3415.596,1839.3000000000002,0.46149954502815904,36.137629506299994,120.0,18,3,16,30,0.7985796787490436,three hubs,4
nearest_first_post,severe_07,severe,4,5938.032000000001,18301.584000000003,24239.616,9036.912000000002,3098.88,1.0000000000000002,3098.88,3098.88,0.0,31.567020253151725,120.0,16,3,8,30,0.8965737962552869,three hubs,4
access_opt,severe_07,severe,4,5938.032000000001,18301.584000000003,24239.616,9036.912000000002,3098.88,1.0000000000000002,3098.88,3098.88,0.0,31.567020253151725,120.0,16,3,8,30,0.8965737962552869,three hubs,4
none,severe_08,severe,4,7126.8640000000005,22661.940000000002,29788.804000000004,7126.864,2137.292,-4.255360062045468e-16,0.0,0.0,0.0,0.0,120.0,0,3,20,44,0.7364451204171116,three hubs,4
proportional,severe_08,severe,4,5096.771999999999,22661.940000000002,27758.712,7126.864,2137.292,0.9498430724486877,25643.90225594625,2030.092,0.9208352933286794,25.241222915200897,120.0,18,3,10,44,0.8813507613555792,three hubs,4
nearest_first,severe_08,severe,4,6534.428,22661.940000000002,29196.368000000002,7126.864,2137.292,0.277190014279752,1232.4600000000003,592.4360000000001,0.5193061032406732,16.641894754659678,120.0,11,3,16,44,0.7979474831423681,three hubs,4
nearest_first_post,severe_08,severe,4,4989.572,22661.940000000002,27651.512000000002,7126.864,2137.292,0.9999999999999998,2137.292,2137.292,0.0,18.203560165010437,120.0,11,3,9,44,0.89390817134071,three hubs,4
access_opt,severe_08,severe,4,4989.572,22661.940000000002,27651.512000000002,7126.864,2137.292,0.9999999999999998,2137.292,2137.292,0.0,18.203560165010437,120.0,11,3,9,44,0.89390817134071,three hubs,4
none,severe_09,severe,4,6805.9000000000015,23812.32,30618.22,6805.9,1743.828,-1.0431013858854523e-15,0.0,0.0,0.0,0.0,120.0,0,3,19,39,0.7260791705156959,three hubs,4
proportional,severe_09,severe,4,5104.098745578171,23812.32,28916.418745578172,6805.9,1743.828,0.9758997185627419,29062.275451744525,1701.801254421829,0.9414429452625783,31.757914512190972,120.0,20,3,10,39,0.8635343072147466,three hubs,4
nearest_first,severe_09,severe,4,5940.42,23812.32,29752.739999999998,6805.9,1743.828,0.49631041593551634,2031.5360000000003,865.4800000000001,0.5739775224263808,14.229094809589057,120.0,11,3,16,39,0.7704050798801027,three hubs,4
nearest_first_post,severe_09,severe,4,5062.072,23812.32,28874.392,6805.9,1743.828,0.9999999999999998,1743.828,1743.828,0.0,16.869207929882187,120.0,10,3,9,39,0.8735900465826842,three hubs,4
access_opt,severe_09,severe,4,5062.072,23812.32,28874.392,6805.9,1743.828,0.9999999999999998,1743.828,1743.828,0.0,16.869207929882187,120.0,10,3,9,39,0.8735900465826842,three hubs,4
none,severe_10,severe,4,8973.848,17669.036,26642.884,8973.848000000002,2879.716,6.316558311812195e-16,0.0,0.0,0.0,0.0,120.0,0,3,23,31,0.7307990385319454,three hubs,4
proportional,severe_10,severe,4,6094.132,17669.036,23763.167999999998,8973.848000000002,2879.716,1.0000000000000009,29614.325543351064,2879.716,0.9027593589533378,69.26449876449796,120.0,32,3,9,31,0.8910087336068478,three hubs,4
nearest_first,severe_10,severe,4,7084.7080000000005,17669.036,24753.744,8973.848000000002,2879.716,0.6560160793633821,3183.2760000000003,1889.1400000000003,0.40654219112637413,35.48361543497183,120.0,17,3,15,31,0.8222123993654147,three hubs,4
nearest_first_post,severe_10,severe,4,6094.132,17669.036,23763.167999999998,8973.848000000002,2879.716,1.0000000000000009,2879.716,2879.716,0.0,26.685686207971415,120.0,14,3,9,31,0.8910087336068478,three hubs,4
access_opt,severe_10,severe,4,6094.132,17669.036,23763.167999999998,8973.848000000002,2879.716,1.0000000000000009,2879.716,2879.716,0.0,26.685686207971415,120.0,14,3,9,31,0.8910087336068478,three hubs,4
none,severe_11,severe,4,7846.1680000000015,20043.324,27889.492000000002,7846.1680000000015,2743.012,0.0,0.0,0.0,0.0,0.0,120.0,0,3,23,33,0.7332268898950288,three hubs,4
proportional,severe_11,severe,4,5199.302308947731,20043.324,25242.626308947732,7846.1680000000015,2743.012,0.9649486371376684,28569.788028530886,2646.86569105227,0.9073543811942528,58.98476696272651,120.0,30,3,9,33,0.8883987564988313,three hubs,4
nearest_first,severe_11,severe,4,6455.052,20043.324,26498.376,7846.1680000000015,2743.012,0.5071490755417773,2980.4639999999995,1391.1160000000002,0.5332552246898468,28.664229406078945,120.0,16,3,16,33,0.8018161877079939,three hubs,4
nearest_first_post,severe_11,severe,4,5103.156000000001,20043.324,25146.480000000003,7846.1680000000015,2743.012,1.0000000000000002,2743.0120000000006,2743.0120000000006,0.0,31.56048244737034,120.0,15,3,8,33,0.9020983480607169,three hubs,4
access_opt,severe_11,severe,4,5103.156000000001,20043.324,25146.480000000003,7846.1680000000015,2743.012,1.0000000000000002,2743.0120000000006,2743.0120000000006,0.0,31.56048244737034,120.0,15,3,8,33,0.9020983480607169,three hubs,4
none,severe_12,severe,4,7890.628000000001,19440.092,27330.72,7890.628000000001,3914.1599999999994,0.0,0.0,0.0,0.0,0.0,120.0,0,3,24,36,0.7185145034508462,three hubs,4
proportional,severe_12,severe,4,4083.6680000000006,19440.092,23523.760000000002,7890.628000000001,3914.1599999999994,0.9726122590798538,32446.06000000001,3806.96,0.8826680342698004,51.36527234582455,120.0,30,3,8,36,0.8964440456892706,three hubs,4
nearest_first,severe_12,severe,4,6005.959999999999,19440.092,25446.052,7890.628000000001,3914.1599999999994,0.48149998978069414,3412.2560000000003,1884.6680000000003,0.4476768448791649,22.931322626884313,120.0,16,3,17,36,0.7914027478743925,three hubs,4
nearest_first_post,severe_12,severe,4,3976.468,19440.092,23416.56,7890.628000000001,3914.1599999999994,1.0000000000000004,3914.16,3914.16,0.0,26.5798993820517,120.0,17,3,7,36,0.9089225783760146,three hubs,4
access_opt,severe_12,severe,4,3976.468,19440.092,23416.56,7890.628000000001,3914.1599999999994,1.0000000000000004,3914.16,3914.16,0.0,26.5798993820517,120.0,17,3,7,36,0.9089225783760146,three hubs,4
none,severe_13,severe,4,6975.152,23827.664,30802.816,6975.152,2723.208,0.0,0.0,0.0,0.0,0.0,120.0,0,3,21,35,0.7021053287435188,three hubs,4
proportional,severe_13,severe,4,4767.917457038016,23827.664,28595.581457038017,6975.152,2723.208,0.8105273423704629,31130.567699871623,2207.234542961983,0.929097517133583,38.80709394551633,120.0,24,3,11,35,0.8374587221584063,three hubs,4
nearest_first,severe_13,severe,4,5983.2480000000005,23827.664,29810.912,6975.152,2723.208,0.3642409981169266,2373.42,991.9040000000001,0.5820781825382781,19.18392692935199,120.0,13,3,17,35,0.7580680863729886,three hubs,4
nearest_first_post,severe_13,severe,4,4251.9439999999995,23827.664,28079.608,6975.152,2723.208,1.0000000000000002,2723.208,2723.208,0.0,19.809546425088328,120.0,12,3,9,35,0.8737263145184029,three hubs,4
access_opt,severe_13,severe,4,4251.9439999999995,23827.664,28079.608,6975.152,2723.208,1.0000000000000002,2723.208,2723.208,0.0,19.809546425088328,120.0,12,3,9,35,0.8737263145184029,three hubs,4
none,severe_14,severe,4,7376.984,20900.488,28277.472,7376.984,2550.68,0.0,0.0,0.0,0.0,0.0,120.0,0,3,18,37,0.773314918881642,three hubs,4
proportional,severe_14,severe,4,5155.262451128026,20900.488,26055.750451128028,7376.984,2550.68,0.8710310775448015,31161.268116782237,2221.721548871974,0.9287024667755597,38.43493550565713,120.0,25,3,7,37,0.9007837154327819,three hubs,4
nearest_first,severe_14,severe,4,6432.7080000000005,20900.488,27333.196000000004,7376.984,2550.68,0.3702055922342277,2234.4840000000004,944.2760000000002,0.5774075804525787,17.89417287883712,120.0,13,3,14,37,0.8205097361647233,three hubs,4
nearest_first_post,severe_14,severe,4,4826.304,20900.488,25726.792,7376.984,2550.68,1.0000000000000002,2550.6800000000003,2550.6800000000003,0.0,20.534285999130255,120.0,12,3,6,37,0.9174698491040509,three hubs,4
access_opt,severe_14,severe,4,4826.304,20900.488,25726.792,7376.984,2550.68,1.0000000000000002,2550.6800000000003,2550.6800000000003,0.0,20.534285999130255,120.0,12,3,6,37,0.9174698491040509,three hubs,4
none,severe_15,severe,4,8712.880000000001,18868.78,27581.66,8712.880000000001,2805.5640000000003,0.0,0.0,0.0,0.0,0.0,120.0,0,3,23,28,0.716560208141395,three hubs,4
proportional,severe_15,severe,4,6020.813384325033,18868.78,24889.59338432503,8712.880000000001,2805.5640000000003,0.9595456085389488,29614.325543351064,2692.0666156749667,0.909095798527163,65.5892087553475,120.0,31,3,9,28,0.8795221083434359,three hubs,4
nearest_first,severe_15,severe,4,7059.696000000001,18868.78,25928.476,8712.880000000001,2805.5640000000003,0.5892519293803313,3183.2760000000003,1653.1840000000002,0.48066582979295547,35.48361543497183,120.0,17,3,15,28,0.8079858966464115,three hubs,4
nearest_first_post,severe_15,severe,4,5907.316000000001,18868.78,24776.095999999998,8712.880000000001,2805.5640000000003,1.0,2805.564,2805.564,0.0,30.71203239391417,120.0,15,3,8,28,0.8948918793524768,three hubs,4
access_opt,severe_15,severe,4,5907.316000000001,18868.78,24776.095999999998,8712.880000000001,2805.5640000000003,1.0,2805.564,2805.564,0.0,30.71203239391417,120.0,15,3,8,28,0.8948918793524768,three hubs,4
none,severe_16,severe,4,7073.664000000001,22853.543999999998,29927.208,7073.664000000001,2175.092,0.0,0.0,0.0,0.0,0.0,120.0,0,3,19,44,0.7709226536965113,three hubs,4
proportional,severe_16,severe,4,4898.572,22853.543999999998,27752.115999999998,7073.664000000001,2175.092,1.0000000000000002,26133.559549018188,2175.092,0.9167701592306925,22.987146574792565,120.0,18,3,10,44,0.9006484372347269,three hubs,4
nearest_first,severe_16,severe,4,6522.400000000001,22853.543999999998,29375.944,7073.664000000001,2175.092,0.2534439922541208,962.2200000000003,551.2640000000001,0.42709151753237307,13.470222803595664,120.0,10,3,16,44,0.8226587540841881,three hubs,4
nearest_first_post,severe_16,severe,4,4898.572,22853.543999999998,27752.115999999998,7073.664000000001,2175.092,1.0000000000000002,2175.092,2175.092,0.0,14.176900354708877,120.0,9,3,10,44,0.9006484372347269,three hubs,4
access_opt,severe_16,severe,4,4898.572,22853.543999999998,27752.115999999998,7073.664000000001,2175.092,1.0000000000000002,2175.092,2175.092,0.0,14.176900354708877,120.0,9,3,10,44,0.9006484372347269,three hubs,4
none,severe_17,severe,4,8477.868,20000.54,28478.408000000003,8477.867999999999,2559.708,-7.106237912862937e-16,0.0,0.0,0.0,0.0,120.0,0,3,22,33,0.7302312463691975,three hubs,4
proportional,severe_17,severe,4,6119.1513494424125,20000.54,26119.691349442415,8477.867999999999,2559.708,0.921478797799431,29271.29822838922,2358.7166505575874,0.9194187892811003,62.705374759241366,120.0,30,3,10,33,0.8682052573806385,three hubs,4
nearest_first,severe_17,severe,4,7175.74,20000.54,27176.28,8477.867999999999,2559.708,0.5087017737960732,2801.56,1302.1280000000002,0.5352132383386399,28.709547193443342,120.0,15,3,15,33,0.8105741612117069,three hubs,4
nearest_first_post,severe_17,severe,4,5918.16,20000.54,25918.7,8477.867999999999,2559.708,0.9999999999999994,2559.708,2559.708,0.0,22.637803292722673,120.0,13,3,9,33,0.8770167199234928,three hubs,4
access_opt,severe_17,severe,4,5918.16,20000.54,25918.7,8477.867999999999,2559.708,0.9999999999999994,2559.708,2559.708,0.0,22.637803292722673,120.0,13,3,9,33,0.8770167199234928,three hubs,4
none,severe_18,severe,4,8882.696,19711.384000000002,28594.08,8882.696,2885.212,0.0,0.0,0.0,0.0,0.0,120.0,0,3,25,35,0.710120766885313,three hubs,4
proportional,severe_18,severe,4,6200.8303089477295,19711.384000000002,25912.214308947732,8882.696,2885.212,0.9295211897955057,28569.78802853088,2681.8656910522695,0.9061293108519372,57.63728287952703,120.0,29,3,11,35,0.8554731090048203,three hubs,4
nearest_first,severe_18,severe,4,7463.860000000001,19711.384000000002,27175.244000000002,8882.696,2885.212,0.491761437287797,2980.4639999999995,1418.8360000000002,0.5239546594087362,28.44928516980704,120.0,16,3,18,35,0.7695628661333065,three hubs,4
nearest_first_post,severe_18,severe,4,5997.4839999999995,19711.384000000002,25708.868000000002,8882.696,2885.212,1.0000000000000002,2885.212,2885.212,0.0,32.20052607033599,120.0,16,3,9,35,0.8816382979246125,three hubs,4
access_opt,severe_18,severe,4,5997.4839999999995,19711.384000000002,25708.868000000002,8882.696,2885.212,1.0000000000000002,2885.212,2885.212,0.0,32.20052607033599,120.0,16,3,9,35,0.8816382979246125,three hubs,4
none,severe_19,severe,4,7178.136,19868.268,27046.404000000002,7178.136,2885.212,0.0,0.0,0.0,0.0,0.0,120.0,0,3,24,32,0.7158740427350284,three hubs,4
proportional,severe_19,severe,4,4496.270308947731,19868.268,24364.538308947733,7178.136,2885.212,0.9295211897955054,28569.78802853088,2681.8656910522695,0.9061293108519372,57.63728287952703,120.0,29,3,10,32,0.8659567480701403,three hubs,4
nearest_first,severe_19,severe,4,5759.3,19868.268,25627.568,7178.136,2885.212,0.4917614372877973,2980.4639999999995,1418.8360000000002,0.5239546594087362,28.44928516980704,120.0,16,3,17,32,0.7773022085603698,three hubs,4
nearest_first_post,severe_19,severe,4,4292.924,19868.268,24161.192,7178.136,2885.212,1.0000000000000002,2885.212,2885.212,0.0,32.20052607033599,120.0,16,3,8,32,0.8939721781903252,three hubs,4
access_opt,severe_19,severe,4,4292.924,19868.268,24161.192,7178.136,2885.212,1.0000000000000002,2885.212,2885.212,0.0,32.20052607033599,120.0,16,3,8,32,0.8939721781903252,three hubs,4
none,mild_00,mild,8,12355.224,2290.904,14646.128,12355.224,11864.820000000002,0.0,0.0,0.0,0.0,0.0,240.0,0,3,35,7,0.6804559159744109,three hubs,8
proportional,mild_00,mild,8,3978.474234273536,2290.904,6269.378234273536,12355.224,11864.820000000002,0.7060157478770401,32446.060000000005,8376.749765726463,0.7418253629030316,132.4672338604177,240.0,69,3,12,7,0.8765350271348261,three hubs,8
nearest_first,mild_00,mild,8,4335.852000000001,2290.904,6626.756000000001,12355.224,11864.820000000002,0.6758949566870798,9997.004000000003,8019.372000000001,0.1978224676112964,65.82017951272937,240.0,37,3,18,7,0.8509189573398955,three hubs,8
nearest_first_post,mild_00,mild,8,490.404,2290.904,2781.308,12355.224,11864.820000000002,0.9999999999999999,11864.820000000002,11864.820000000002,0.0,58.57017947296741,240.0,34,3,1,7,0.9861111111111109,three hubs,8
access_opt,mild_00,mild,8,490.404,2290.904,2781.308,12355.224,11864.820000000002,0.9999999999999999,11864.820000000002,11864.820000000002,0.0,58.57017947296741,240.0,34,3,1,7,0.9861111111111109,three hubs,8
none,mild_01,mild,8,12086.94,2290.904,14377.844000000001,12086.94,11596.536000000002,0.0,0.0,0.0,0.0,0.0,240.0,0,3,36,7,0.6875327198728768,three hubs,8
proportional,mild_01,mild,8,3727.490313465845,2290.904,6018.394313465845,12086.94,11596.536000000002,0.720857477313411,32446.060000000005,8359.449686534155,0.7423585579717797,133.86032043306017,240.0,70,3,10,7,0.8944865107861559,three hubs,8
nearest_first,mild_01,mild,8,3943.9360000000006,2290.904,6234.84,12086.94,11596.536000000002,0.7021927927443159,10128.308000000003,8143.004000000001,0.19601536604139624,67.2132660853718,240.0,38,3,16,7,0.8747908706034018,three hubs,8
nearest_first_post,mild_01,mild,8,490.404,2290.904,2781.308,12086.94,11596.536000000002,0.9999999999999999,11596.536000000002,11596.536000000002,0.0,59.96326604560985,240.0,35,3,1,7,0.9863013698630138,three hubs,8
access_opt,mild_01,mild,8,490.404,2290.904,2781.308,12086.94,11596.536000000002,0.9999999999999999,11596.536000000002,11596.536000000002,0.0,59.96326604560985,240.0,35,3,1,7,0.9863013698630138,three hubs,8
none,mild_02,mild,8,10623.372000000003,581.7560000000001,11205.128000000002,10623.372000000003,10623.372000000003,0.0,0.0,0.0,0.0,0.0,240.0,0,3,38,0,0.6881964905725689,three hubs,8
proportional,mild_02,mild,8,2685.6240877392465,581.7560000000001,3267.380087739247,10623.372000000003,10623.372000000003,0.7471966445551144,32446.060000000005,7937.747912260755,0.755355568218121,131.39160025976338,240.0,76,3,13,0,0.8856867230696814,three hubs,8
nearest_first,mild_02,mild,8,1244.5119999999997,581.7560000000001,1826.2679999999998,10623.372000000003,10623.372000000003,0.8828515089182607,10557.124000000002,9378.860000000002,0.11160842668893523,65.35733025058958,240.0,40,3,7,0,0.9545209171299603,three hubs,8
nearest_first_post,mild_02,mild,8,0.0,581.7560000000001,581.7560000000001,10623.372000000003,10623.372000000003,1.0,10623.372000000003,10623.372000000003,0.0,60.71028451692656,240.0,38,3,0,0,0.0,three hubs,8
access_opt,mild_02,mild,8,0.0,581.7560000000001,581.7560000000001,10623.372000000003,10623.372000000003,1.0,10623.372000000003,10623.372000000003,0.0,60.71028451692656,240.0,38,3,0,0,0.0,three hubs,8
none,mild_03,mild,8,10578.472000000003,872.732,11451.204000000003,10578.472000000003,10578.472000000003,0.0,0.0,0.0,0.0,0.0,240.0,0,3,37,0,0.6964632111625947,three hubs,8
proportional,mild_03,mild,8,2707.7183489688955,872.732,3580.4503489688955,10578.472000000003,10578.472000000003,0.7440350223577757,32446.060000000005,7870.7536510311065,0.7574203570161954,140.550184697198,240.0,76,3,13,0,0.8881109029594491,three hubs,8
nearest_first,mild_03,mild,8,1484.248,872.732,2356.98,10578.472000000003,10578.472000000003,0.8596916454474711,10557.124000000002,9094.224000000002,0.13856993628188885,69.96602978455957,240.0,40,3,8,0,0.9466812785059627,three hubs,8
nearest_first_post,mild_03,mild,8,0.0,872.732,872.732,10578.472000000003,10578.472000000003,1.0,10578.472000000003,10578.472000000003,0.0,61.52234170069192,240.0,37,3,0,0,0.0,three hubs,8
access_opt,mild_03,mild,8,0.0,872.732,872.732,10578.472000000003,10578.472000000003,1.0,10578.472000000003,10578.472000000003,0.0,61.52234170069192,240.0,37,3,0,0,0.0,three hubs,8
none,mild_04,mild,8,12088.616000000004,1555.26,13643.876000000004,12088.616,12088.616000000002,-3.009425402454435e-16,0.0,0.0,0.0,0.0,240.0,0,3,36,2,0.6973672136794932,three hubs,8
proportional,mild_04,mild,8,4024.070743463193,1555.26,5579.330743463193,12088.616,12088.616000000002,0.6671189867009429,32446.060000000005,8064.545256536808,0.7514476254886786,135.10907360283903,240.0,73,3,13,2,0.8786131660888675,three hubs,8
nearest_first,mild_04,mild,8,2996.1359999999995,1555.26,4551.396,12088.616,12088.616000000002,0.7521522728491002,10312.844000000003,9092.480000000001,0.11833437992468432,69.02347139338666,240.0,39,3,11,2,0.9212190675802777,three hubs,8
nearest_first_post,mild_04,mild,8,0.0,1555.26,1555.26,12088.616,12088.616000000002,0.9999999999999999,12088.616000000004,12088.616000000004,0.0,60.57978330951901,240.0,36,3,0,2,0.0,three hubs,8
access_opt,mild_04,mild,8,0.0,1555.26,1555.26,12088.616,12088.616000000002,0.9999999999999999,12088.616000000004,12088.616000000004,0.0,60.57978330951901,240.0,36,3,0,2,0.0,three hubs,8
none,mild_05,mild,8,12188.431999999999,2612.428,14800.859999999999,12188.431999999999,11698.028,0.0,0.0,0.0,0.0,0.0,240.0,0,3,35,9,0.6965815181356595,three hubs,8
proportional,mild_05,mild,8,3865.5509043344323,2612.428,6477.978904334432,12188.431999999999,11698.028,0.7114772759704086,32446.06,8322.881095665569,0.743485615952582,132.23758113319315,240.0,68,3,12,9,0.8829190380595134,three hubs,8
nearest_first,mild_05,mild,8,4329.272000000001,2612.428,6941.700000000001,12188.431999999999,11698.028,0.6718363129238533,10002.116000000004,7859.160000000002,0.21425026464400143,67.32100590783512,240.0,37,3,17,9,0.8680450952077278,three hubs,8
nearest_first_post,mild_05,mild,8,490.404,2612.428,3102.832,12188.431999999999,11698.028,0.9999999999999999,11698.028,11698.028,0.0,60.745836978516905,240.0,34,3,1,9,0.9859154929577465,three hubs,8
access_opt,mild_05,mild,8,490.404,2612.428,3102.832,12188.431999999999,11698.028,0.9999999999999999,11698.028,11698.028,0.0,60.745836978516905,240.0,34,3,1,9,0.9859154929577465,three hubs,8
none,mild_06,mild,8,10763.320000000003,528.808,11292.128000000004,10763.320000000003,10763.320000000002,0.0,0.0,0.0,0.0,0.0,240.0,0,3,37,1,0.6873774455627003,three hubs,8
proportional,mild_06,mild,8,2685.6240877392465,528.808,3214.4320877392465,10763.320000000003,10763.320000000002,0.750483671605114,32446.06,8077.695912260755,0.7510423172409607,130.07342771418357,240.0,75,3,13,1,0.8841419490571093,three hubs,8
nearest_first,mild_06,mild,8,1398.6799999999998,528.808,1927.4879999999998,10763.320000000003,10763.320000000002,0.8700512481279012,10430.932000000003,9364.640000000001,0.10222403904080679,64.03915770500977,240.0,39,3,10,1,0.9295362869067113,three hubs,8
nearest_first_post,mild_06,mild,8,0.0,528.808,528.808,10763.320000000003,10763.320000000002,1.0000000000000002,10763.320000000003,10763.320000000003,0.0,59.392111971346765,240.0,37,3,0,1,0.0,three hubs,8
access_opt,mild_06,mild,8,0.0,528.808,528.808,10763.320000000003,10763.320000000002,1.0000000000000002,10763.320000000003,10763.320000000003,0.0,59.392111971346765,240.0,37,3,0,1,0.0,three hubs,8
none,mild_07,mild,8,12214.296,1693.468,13907.764000000001,12214.296,12214.296,0.0,0.0,0.0,0.0,0.0,240.0,0,3,35,3,0.6779536656757357,three hubs,8
proportional,mild_07,mild,8,4545.846067618464,1693.468,6239.314067618464,12214.296,12214.296,0.6278257815580641,32446.060000000005,7668.449932381536,0.7636554351319842,141.63959293936253,240.0,73,3,15,3,0.8614193218924835,three hubs,8
nearest_first,mild_07,mild,8,3565.8520000000003,1693.468,5259.320000000001,12214.296,12214.296,0.7080591464297246,10425.820000000002,8648.444000000003,0.1704782933140988,71.98717778694309,240.0,39,3,14,3,0.8836687640740227,three hubs,8
nearest_first_post,mild_07,mild,8,0.0,1693.468,1693.468,12214.296,12214.296,1.0,12214.296,12214.296,0.0,62.897053384350166,240.0,35,3,0,3,0.0,three hubs,8
access_opt,mild_07,mild,8,0.0,1693.468,1693.468,12214.296,12214.296,1.0,12214.296,12214.296,0.0,62.897053384350166,240.0,35,3,0,3,0.0,three hubs,8
none,mild_08,mild,8,12088.616000000004,1555.26,13643.876000000004,12088.616,12088.616000000002,-3.009425402454435e-16,0.0,0.0,0.0,0.0,240.0,0,3,36,2,0.6973672136794932,three hubs,8
proportional,mild_08,mild,8,4024.070743463193,1555.26,5579.330743463193,12088.616,12088.616000000002,0.6671189867009429,32446.060000000005,8064.545256536808,0.7514476254886786,135.10907360283903,240.0,73,3,13,2,0.8786131660888675,three hubs,8
nearest_first,mild_08,mild,8,2996.1359999999995,1555.26,4551.396,12088.616,12088.616000000002,0.7521522728491002,10312.844000000003,9092.480000000001,0.11833437992468432,69.02347139338666,240.0,39,3,11,2,0.9212190675802777,three hubs,8
nearest_first_post,mild_08,mild,8,0.0,1555.26,1555.26,12088.616,12088.616000000002,0.9999999999999999,12088.616000000004,12088.616000000004,0.0,60.57978330951901,240.0,36,3,0,2,0.0,three hubs,8
access_opt,mild_08,mild,8,0.0,1555.26,1555.26,12088.616,12088.616000000002,0.9999999999999999,12088.616000000004,12088.616000000004,0.0,60.57978330951901,240.0,36,3,0,2,0.0,three hubs,8
none,mild_09,mild,8,12765.376000000002,1469.776,14235.152000000002,12765.376000000002,12765.376000000002,0.0,0.0,0.0,0.0,0.0,240.0,0,3,35,2,0.6824731627186699,three hubs,8
proportional,mild_09,mild,8,4237.706067618465,1469.776,5707.4820676184645,12765.376000000002,12765.376000000002,0.6680312379660055,32446.060000000005,8527.669932381537,0.7371739455458833,133.5340328059458,240.0,72,3,15,2,0.8574451844535349,three hubs,8
nearest_first,mild_09,mild,8,3682.8959999999993,1469.776,5152.672,12765.376000000002,12765.376000000002,0.7114933394833025,10425.820000000002,9082.480000000001,0.12884741919580422,70.05004479924986,240.0,39,3,12,2,0.9055805090317326,three hubs,8
nearest_first_post,mild_09,mild,8,0.0,1469.776,1469.776,12765.376000000002,12765.376000000002,1.0,12765.376000000002,12765.376000000002,0.0,59.00474251262579,240.0,35,3,0,2,0.0,three hubs,8
access_opt,mild_09,mild,8,0.0,1469.776,1469.776,12765.376000000002,12765.376000000002,1.0,12765.376000000002,12765.376000000002,0.0,59.00474251262579,240.0,35,3,0,2,0.0,three hubs,8
none,mild_10,mild,8,10821.000000000004,471.12800000000004,11292.128000000004,10821.000000000004,10821.000000000002,0.0,0.0,0.0,0.0,0.0,240.0,0,3,37,1,0.6864309960789646,three hubs,8
proportional,mild_10,mild,8,2685.6240877392465,471.12800000000004,3156.7520877392467,10821.000000000004,10821.000000000002,0.7518136874836665,32446.06,8135.375912260755,0.7492645975424826,130.07342771418357,240.0,75,3,13,1,0.8841419490571093,three hubs,8
nearest_first,mild_10,mild,8,1398.6799999999998,471.12800000000004,1869.808,10821.000000000004,10821.000000000002,0.8707439238517699,10430.932000000003,9422.320000000002,0.09669433182001386,64.03915770500977,240.0,39,3,10,1,0.9295362869067113,three hubs,8
nearest_first_post,mild_10,mild,8,0.0,471.12800000000004,471.12800000000004,10821.000000000004,10821.000000000002,1.0000000000000002,10821.000000000004,10821.000000000004,0.0,59.392111971346765,240.0,37,3,0,1,0.0,three hubs,8
access_opt,mild_10,mild,8,0.0,471.12800000000004,471.12800000000004,10821.000000000004,10821.000000000002,1.0000000000000002,10821.000000000004,10821.000000000004,0.0,59.392111971346765,240.0,37,3,0,1,0.0,three hubs,8
none,mild_11,mild,8,13226.676000000001,2844.632,16071.308,13226.676000000001,12736.272000000003,0.0,0.0,0.0,0.0,0.0,240.0,0,3,36,8,0.681856868144629,three hubs,8
proportional,mild_11,mild,8,4597.905828916967,2844.632,7442.537828916968,13226.676000000001,12736.272000000003,0.677495751589086,32446.060000000005,8628.770171083032,0.7340579974553758,128.786295402487,240.0,66,3,13,8,0.8739520647419615,three hubs,8
nearest_first,mild_11,mild,8,5425.196,2844.632,8269.828,13226.676000000001,12736.272000000003,0.6125403100687548,9870.812000000004,7801.480000000001,0.20964151682759247,65.93025908884762,240.0,36,3,17,8,0.8600902993540179,three hubs,8
nearest_first_post,mild_11,mild,8,490.404,2844.632,3335.036,13226.676000000001,12736.272000000003,0.9999999999999999,12736.272000000003,12736.272000000003,0.0,63.911268958283266,240.0,35,3,1,8,0.9855072463768116,three hubs,8
access_opt,mild_11,mild,8,490.404,2844.632,3335.036,13226.676000000001,12736.272000000003,0.9999999999999999,12736.272000000003,12736.272000000003,0.0,63.911268958283266,240.0,35,3,1,8,0.9855072463768116,three hubs,8
none,mild_12,mild,8,12521.828,1345.176,13867.003999999999,12521.828,12521.828,0.0,0.0,0.0,0.0,0.0,240.0,0,3,33,1,0.7056584212865167,three hubs,8
proportional,mild_12,mild,8,4368.575447437246,1345.176,5713.751447437246,12521.828,12521.828,0.6511231868512133,32446.060000000005,8153.2525525627525,0.7487136326394406,136.32004063478047,240.0,72,3,14,1,0.8657327311258034,three hubs,8
nearest_first,mild_12,mild,8,3662.987999999999,1345.176,5008.163999999999,12521.828,12521.828,0.7074717844710853,10186.652000000002,8858.840000000002,0.13034822432335957,69.13121121584996,240.0,38,3,13,1,0.8962382532222245,three hubs,8
nearest_first_post,mild_12,mild,8,0.0,1345.176,1345.176,12521.828,12521.828,1.0,12521.828,12521.828,0.0,56.36594096407564,240.0,33,3,0,1,0.0,three hubs,8
access_opt,mild_12,mild,8,0.0,1345.176,1345.176,12521.828,12521.828,1.0,12521.828,12521.828,0.0,56.36594096407564,240.0,33,3,0,1,0.0,three hubs,8
none,mild_13,mild,8,10623.372000000003,612.164,11235.536000000004,10623.372000000003,10623.372000000003,0.0,0.0,0.0,0.0,0.0,240.0,0,3,38,0,0.6881964905725689,three hubs,8
proportional,mild_13,mild,8,2685.6240877392465,612.164,3297.7880877392463,10623.372000000003,10623.372000000003,0.7471966445551144,32446.060000000005,7937.747912260755,0.755355568218121,131.39160025976338,240.0,76,3,13,0,0.8856867230696814,three hubs,8
nearest_first,mild_13,mild,8,1244.5119999999997,612.164,1856.6759999999997,10623.372000000003,10623.372000000003,0.8828515089182607,10557.124000000002,9378.860000000002,0.11160842668893523,65.35733025058958,240.0,40,3,7,0,0.9545209171299603,three hubs,8
nearest_first_post,mild_13,mild,8,0.0,612.164,612.164,10623.372000000003,10623.372000000003,1.0,10623.372000000003,10623.372000000003,0.0,60.71028451692656,240.0,38,3,0,0,0.0,three hubs,8
access_opt,mild_13,mild,8,0.0,612.164,612.164,10623.372000000003,10623.372000000003,1.0,10623.372000000003,10623.372000000003,0.0,60.71028451692656,240.0,38,3,0,0,0.0,three hubs,8
none,mild_14,mild,8,12096.884000000002,1516.9840000000002,13613.868000000002,12096.884000000002,12096.884000000002,0.0,0.0,0.0,0.0,0.0,240.0,0,3,37,3,0.6915140456963631,three hubs,8
proportional,mild_14,mild,8,3934.8983408007243,1516.9840000000002,5451.882340800725,12096.884000000002,12096.884000000002,0.6747180231867377,32446.06000000001,8161.985659199276,0.7484444749470576,137.5287335813447,240.0,74,3,13,3,0.8800102382711273,three hubs,8
nearest_first,mild_14,mild,8,2890.771999999999,1516.9840000000002,4407.755999999999,12096.884000000002,12096.884000000002,0.7610316838617285,10557.124000000002,9206.112000000001,0.12797159529432456,71.44313137189232,240.0,40,3,11,3,0.9239764798426927,three hubs,8
nearest_first_post,mild_14,mild,8,0.0,1516.9840000000002,1516.9840000000002,12096.884000000002,12096.884000000002,1.0,12096.884000000002,12096.884000000002,0.0,62.99944328802465,240.0,37,3,0,3,0.0,three hubs,8
access_opt,mild_14,mild,8,0.0,1516.9840000000002,1516.9840000000002,12096.884000000002,12096.884000000002,1.0,12096.884000000002,12096.884000000002,0.0,62.99944328802465,240.0,37,3,0,3,0.0,three hubs,8
none,mild_15,mild,8,12251.624000000002,1829.7160000000003,14081.340000000002,12251.624000000002,12251.624000000002,0.0,0.0,0.0,0.0,0.0,240.0,0,3,34,3,0.7001834153173679,three hubs,8
proportional,mild_15,mild,8,4238.468209722541,1829.7160000000003,6068.184209722542,12251.624000000002,12251.624000000002,0.654048458414775,32446.06000000001,8013.155790277458,0.7530314685272278,133.4968454601521,240.0,71,3,14,3,0.8657600378814873,three hubs,8
nearest_first,mild_15,mild,8,3409.163999999999,1829.7160000000003,5238.879999999999,12251.624000000002,12251.624000000002,0.7217377875782021,10055.348000000002,8842.460000000003,0.12062118586049919,67.41124325069971,240.0,37,3,14,3,0.8912136981547917,three hubs,8
nearest_first_post,mild_15,mild,8,0.0,1829.7160000000003,1829.7160000000003,12251.624000000002,12251.624000000002,1.0,12251.624000000002,12251.624000000002,0.0,58.96755516683207,240.0,34,3,0,3,0.0,three hubs,8
access_opt,mild_15,mild,8,0.0,1829.7160000000003,1829.7160000000003,12251.624000000002,12251.624000000002,1.0,12251.624000000002,12251.624000000002,0.0,58.96755516683207,240.0,34,3,0,3,0.0,three hubs,8
none,mild_16,mild,8,12073.636,1410.3600000000001,13483.996000000001,12073.636,12073.636,0.0,0.0,0.0,0.0,0.0,240.0,0,3,35,1,0.70289679061892,three hubs,8
proportional,mild_16,mild,8,4212.152514040822,1410.3600000000001,5622.512514040822,12073.636,12073.636,0.6511280848585446,32446.06,7861.483485959179,0.7577060670553164,141.34131481604254,240.0,74,3,14,1,0.8692381360214251,three hubs,8
nearest_first,mild_16,mild,8,3101.1639999999993,1410.3600000000001,4511.523999999999,12073.636,12073.636,0.7431458095970428,10430.932000000003,8972.472000000003,0.13982067949441135,71.55087119435561,240.0,39,3,14,1,0.8965766161719328,three hubs,8
nearest_first_post,mild_16,mild,8,0.0,1410.3600000000001,1410.3600000000001,12073.636,12073.636,1.0,12073.636,12073.636,0.0,61.38721514533773,240.0,35,3,0,1,0.0,three hubs,8
access_opt,mild_16,mild,8,0.0,1410.3600000000001,1410.3600000000001,12073.636,12073.636,1.0,12073.636,12073.636,0.0,61.38721514533773,240.0,35,3,0,1,0.0,three hubs,8
none,mild_17,mild,8,11578.072000000002,980.8679999999999,12558.940000000002,11578.072000000002,11578.072000000002,0.0,0.0,0.0,0.0,0.0,240.0,0,3,37,0,0.7018341040537851,three hubs,8
proportional,mild_17,mild,8,3760.6165662099197,980.8679999999999,4741.48456620992,11578.072000000002,11578.072000000002,0.6751949231089668,32446.06,7817.455433790082,0.7590630284912843,143.22036078706512,240.0,76,3,13,0,0.8840177584732932,three hubs,8
nearest_first,mild_17,mild,8,2355.5799999999995,980.8679999999999,3336.4479999999994,11578.072000000002,11578.072000000002,0.7965481644957814,10557.124000000002,9222.492000000002,0.12642003636596477,71.44313137189232,240.0,40,3,9,0,0.9394166724529251,three hubs,8
nearest_first_post,mild_17,mild,8,0.0,980.8679999999999,980.8679999999999,11578.072000000002,11578.072000000002,1.0,11578.072000000002,11578.072000000002,0.0,62.99944328802465,240.0,37,3,0,0,0.0,three hubs,8
access_opt,mild_17,mild,8,0.0,980.8679999999999,980.8679999999999,11578.072000000002,11578.072000000002,1.0,11578.072000000002,11578.072000000002,0.0,62.99944328802465,240.0,37,3,0,0,0.0,three hubs,8
none,mild_18,mild,8,10763.320000000003,528.808,11292.128000000004,10763.320000000003,10763.320000000002,0.0,0.0,0.0,0.0,0.0,240.0,0,3,37,1,0.6873774455627003,three hubs,8
proportional,mild_18,mild,8,2685.6240877392465,528.808,3214.4320877392465,10763.320000000003,10763.320000000002,0.750483671605114,32446.06,8077.695912260755,0.7510423172409607,130.195058929567,240.0,75,3,13,1,0.8841419490571093,three hubs,8
nearest_first,mild_18,mild,8,1398.6799999999998,528.808,1927.4879999999998,10763.320000000003,10763.320000000002,0.8700512481279012,10430.932000000003,9364.640000000001,0.10222403904080679,64.1607889203932,240.0,39,3,10,1,0.9295362869067113,three hubs,8
nearest_first_post,mild_18,mild,8,0.0,528.808,528.808,10763.320000000003,10763.320000000002,1.0000000000000002,10763.320000000003,10763.320000000003,0.0,59.513743186730196,240.0,37,3,0,1,0.0,three hubs,8
access_opt,mild_18,mild,8,0.0,528.808,528.808,10763.320000000003,10763.320000000002,1.0000000000000002,10763.320000000003,10763.320000000003,0.0,59.513743186730196,240.0,37,3,0,1,0.0,three hubs,8
none,mild_19,mild,8,12271.244000000002,2314.508,14585.752000000002,12271.244000000002,11780.840000000002,0.0,0.0,0.0,0.0,0.0,240.0,0,3,34,8,0.6846339607923942,three hubs,8
proportional,mild_19,mild,8,3808.0374114292235,2314.508,6122.545411429223,12271.244000000002,11780.840000000002,0.7183873635980776,32446.060000000005,8463.206588570778,0.7391607304994574,129.36056922976195,240.0,67,3,11,8,0.879292174006043,three hubs,8
nearest_first,mild_19,mild,8,4291.652,2314.508,6606.16,12271.244000000002,11780.840000000002,0.6773364208324705,9795.104000000001,7979.5920000000015,0.18534892534065994,64.44399400440396,240.0,36,3,16,8,0.8719456564706994,three hubs,8
nearest_first_post,mild_19,mild,8,490.404,2314.508,2804.912,12271.244000000002,11780.840000000002,1.0,11780.840000000002,11780.840000000002,0.0,57.64696321324413,240.0,33,3,1,8,0.9855072463768116,three hubs,8
access_opt,mild_19,mild,8,490.404,2314.508,2804.912,12271.244000000002,11780.840000000002,1.0,11780.840000000002,11780.840000000002,0.0,57.64696321324413,240.0,33,3,1,8,0.9855072463768116,three hubs,8
none,moderate_00,moderate,8,12176.336000000001,9577.456,21753.792,12176.336000000003,6905.824,2.63399328385122e-16,0.0,0.0,0.0,0.0,240.0,0,3,31,24,0.6690057914701346,three hubs,8
proportional,moderate_00,moderate,8,5829.002028516987,9577.456,15406.458028516987,12176.336000000003,6905.824,0.9191276770857492,32446.06,6347.333971483014,0.8043727351954901,94.23809018532,240.0,43,3,10,24,0.8909760532926653,three hubs,8
nearest_first,moderate_00,moderate,8,8200.400000000001,9577.456,17777.856,12176.336000000003,6905.824,0.5757366535839896,4813.868,3975.9359999999997,0.17406626022981952,46.416969147591296,240.0,23,3,22,24,0.7876374173823709,three hubs,8
nearest_first_post,moderate_00,moderate,8,5270.512000000001,9577.456,14847.968,12176.336000000003,6905.824,1.0000000000000004,6905.824,6905.824,0.0,42.079340995574526,240.0,23,3,8,24,0.9082425464179973,three hubs,8
access_opt,moderate_00,moderate,8,5270.512000000001,9577.456,14847.968,12176.336000000003,6905.824,1.0000000000000004,6905.824,6905.824,0.0,42.079340995574526,240.0,23,3,8,24,0.9082425464179973,three hubs,8
none,moderate_01,moderate,8,12790.368000000002,10449.936,23240.304000000004,12790.368,6098.448,-2.9827087212121123e-16,0.0,0.0,0.0,0.0,240.0,0,3,30,24,0.6707310211804433,three hubs,8
proportional,moderate_01,moderate,8,6799.120000000001,10449.936,17249.056,12790.368,6098.448,0.9824217571421449,32446.060000000005,5991.248000000001,0.8153474412609728,95.10200380145034,240.0,42,3,8,24,0.897575018802764,three hubs,8
nearest_first,moderate_01,moderate,8,9440.672,10449.936,19890.608,12790.368,6098.448,0.5492702405595653,4521.26,3349.696000000001,0.25912334172332474,40.77878970973875,240.0,21,3,21,24,0.7736185608877683,three hubs,8
nearest_first_post,moderate_01,moderate,8,6691.92,10449.936,17141.856,12790.368,6098.448,1.0,6098.448,6098.448,0.0,40.326274291100546,240.0,23,3,7,24,0.907800080461503,three hubs,8
access_opt,moderate_01,moderate,8,6691.92,10449.936,17141.856,12790.368,6098.448,1.0,6098.448,6098.448,0.0,40.326274291100546,240.0,23,3,7,24,0.907800080461503,three hubs,8
none,moderate_02,moderate,8,12728.044,10126.088,22854.131999999998,12728.044000000002,5925.912,3.069551831930438e-16,0.0,0.0,0.0,0.0,240.0,0,3,31,24,0.6825110029665256,three hubs,8
proportional,moderate_02,moderate,8,7526.984328788356,10126.088,17653.072328788356,12728.044000000002,5925.912,0.8776808820670381,32446.06,5201.059671211646,0.8397013482927774,100.44287376246919,240.0,45,3,10,24,0.8891377036105477,three hubs,8
nearest_first,moderate_02,moderate,8,8956.32,10126.088,19082.408,12728.044000000002,5925.912,0.636479920727814,5338.7480000000005,3771.724,0.293519004830346,48.41489191801291,240.0,24,3,19,24,0.8243537273286716,three hubs,8
nearest_first_post,moderate_02,moderate,8,6802.132,10126.088,16928.22,12728.044000000002,5925.912,1.0000000000000002,5925.912,5925.912,0.0,40.04503451950908,240.0,23,3,8,24,0.9063030912732862,three hubs,8
access_opt,moderate_02,moderate,8,6802.132,10126.088,16928.22,12728.044000000002,5925.912,1.0000000000000002,5925.912,5925.912,0.0,40.04503451950908,240.0,23,3,8,24,0.9063030912732862,three hubs,8
none,moderate_03,moderate,8,10921.796,7740.4039999999995,18662.2,10921.796000000002,10722.588,1.6964089299578204e-16,0.0,0.0,0.0,0.0,240.0,0,3,29,16,0.706348799406086,three hubs,8
proportional,moderate_03,moderate,8,2818.115252535076,7740.4039999999995,10558.519252535076,10921.796000000002,10722.588,0.7557579147370884,31981.289347542413,8103.680747464925,0.7466118185729854,122.71639147283915,240.0,57,3,13,16,0.8718367969094619,three hubs,8
nearest_first,moderate_03,moderate,8,4171.768000000001,7740.4039999999995,11912.172,10921.796000000002,10722.588,0.6295148148935688,9031.260000000002,6750.028,0.25259288294213667,59.7621431463317,240.0,31,3,17,16,0.8525214262330693,three hubs,8
nearest_first_post,moderate_03,moderate,8,199.208,7740.4039999999995,7939.611999999999,10921.796000000002,10722.588,1.0000000000000002,10722.588000000002,10722.588000000002,0.0,51.99758095995372,240.0,27,3,2,16,0.9790740796358045,three hubs,8
access_opt,moderate_03,moderate,8,199.208,7740.4039999999995,7939.611999999999,10921.796000000002,10722.588,1.0000000000000002,10722.588000000002,10722.588000000002,0.0,51.99758095995372,240.0,27,3,2,16,0.9790740796358045,three hubs,8
none,moderate_04,moderate,8,11142.488,12875.996000000001,24018.484,11142.488000000001,5308.684000000001,3.4264412866651246e-16,0.0,0.0,0.0,0.0,240.0,0,3,27,24,0.7002600431599465,three hubs,8
proportional,moderate_04,moderate,8,5833.804,12875.996000000001,18709.800000000003,11142.488000000001,5308.684000000001,1.0,32446.06,5308.683999999999,0.8363843252462703,96.08581645077676,240.0,43,3,6,24,0.9243624736710047,three hubs,8
nearest_first,moderate_04,moderate,8,7890.332,12875.996000000001,20766.328,11142.488000000001,5308.684000000001,0.6126105829618037,4791.5,3252.156,0.32126557445476367,44.05783460632048,240.0,22,3,16,24,0.8216388316478109,three hubs,8
nearest_first_post,moderate_04,moderate,8,5833.804,12875.996000000001,18709.800000000003,11142.488000000001,5308.684000000001,1.0,5308.683999999999,5308.683999999999,0.0,36.66802198673939,240.0,21,3,6,24,0.9243624736710047,three hubs,8
access_opt,moderate_04,moderate,8,5833.804,12875.996000000001,18709.800000000003,11142.488000000001,5308.684000000001,1.0,5308.683999999999,5308.683999999999,0.0,36.66802198673939,240.0,21,3,6,24,0.9243624736710047,three hubs,8
none,moderate_05,moderate,8,10897.560000000001,7609.364000000001,18506.924000000003,10897.56,10698.352000000003,-1.7002519673552113e-16,0.0,0.0,0.0,0.0,240.0,0,3,30,14,0.703457091963436,three hubs,8
proportional,moderate_05,moderate,8,3847.0845076984347,7609.364000000001,11456.448507698437,10897.56,10698.352000000003,0.6590244452885419,31981.28934754241,7050.475492301565,0.7795437383501439,132.5996944168928,240.0,60,3,14,14,0.8519591832445452,three hubs,8
nearest_first,moderate_05,moderate,8,4262.204,7609.364000000001,11871.568000000001,10897.56,10698.352000000003,0.6202222547921398,9520.680000000002,6635.356000000001,0.30305860505762205,70.07838582143314,240.0,34,3,18,14,0.840474112901888,three hubs,8
nearest_first_post,moderate_05,moderate,8,199.208,7609.364000000001,7808.572000000001,10897.56,10698.352000000003,0.9999999999999997,10698.352000000003,10698.352000000003,0.0,58.16850408996336,240.0,28,3,2,14,0.9796987339750342,three hubs,8
access_opt,moderate_05,moderate,8,199.208,7609.364000000001,7808.572000000001,10897.56,10698.352000000003,0.9999999999999997,10698.352000000003,10698.352000000003,0.0,58.16850408996336,240.0,28,3,2,14,0.9796987339750342,three hubs,8
none,moderate_06,moderate,8,13342.320000000002,8821.036,22163.356,13342.320000000002,8955.924,0.0,0.0,0.0,0.0,0.0,240.0,0,3,31,18,0.6762110554959969,three hubs,8
proportional,moderate_06,moderate,8,4877.483144731892,8821.036,13698.519144731892,13342.320000000002,8955.924,0.9451662224096709,32446.06,8464.83685526811,0.7391104850552546,111.16696620322801,240.0,51,3,10,18,0.9200181039824663,three hubs,8
nearest_first,moderate_06,moderate,8,7839.0560000000005,8821.036,16660.092,13342.320000000002,8955.924,0.6144831063774101,6965.484000000001,5503.264,0.20992367508130105,60.371659946661524,240.0,29,3,18,18,0.8179163172212283,three hubs,8
nearest_first_post,moderate_06,moderate,8,4386.396000000001,8821.036,13207.432,13342.320000000002,8955.924,1.0,8955.924,8955.924,0.0,50.71219836711125,240.0,26,3,5,18,0.944028511064046,three hubs,8
access_opt,moderate_06,moderate,8,4386.396000000001,8821.036,13207.432,13342.320000000002,8955.924,1.0,8955.924,8955.924,0.0,50.71219836711125,240.0,26,3,5,18,0.944028511064046,three hubs,8
none,moderate_07,moderate,8,9327.624,15267.644,24595.268,9327.624000000002,4260.0560000000005,4.2698720475642955e-16,0.0,0.0,0.0,0.0,240.0,0,3,28,32,0.7088630842096263,three hubs,8
proportional,moderate_07,moderate,8,5505.985391124243,15267.644,20773.629391124243,9327.624000000002,4260.0560000000005,0.8970864723082885,32104.597356808306,3821.638608875757,0.8809628862059123,73.8127832898987,240.0,34,3,11,32,0.883917757101855,three hubs,8
nearest_first,moderate_07,moderate,8,6802.424000000001,15267.644,22070.068,9327.624000000002,4260.0560000000005,0.5927621608730027,3592.024,2525.2,0.2969980156034593,36.77209786010821,240.0,19,3,19,32,0.8198694727412092,three hubs,8
nearest_first_post,moderate_07,moderate,8,5067.567999999999,15267.644,20335.212,9327.624000000002,4260.0560000000005,1.0000000000000004,4260.0560000000005,4260.0560000000005,0.0,32.34507429486498,240.0,19,3,9,32,0.9079892804697359,three hubs,8
access_opt,moderate_07,moderate,8,5067.567999999999,15267.644,20335.212,9327.624000000002,4260.0560000000005,1.0000000000000004,4260.0560000000005,4260.0560000000005,0.0,32.34507429486498,240.0,19,3,9,32,0.9079892804697359,three hubs,8
none,moderate_08,moderate,8,10482.332000000002,10316.768,20799.100000000002,10482.332,5856.924000000001,-3.1057077120103594e-16,0.0,0.0,0.0,0.0,240.0,0,3,32,31,0.7111361948917453,three hubs,8
proportional,moderate_08,moderate,8,4803.353894489261,10316.768,15120.12189448926,10482.332,5856.924000000001,0.9696178583691266,32446.060000000005,5678.97810551074,0.8249717190466042,98.61382582600424,240.0,44,3,10,31,0.9076323966587774,three hubs,8
nearest_first,moderate_08,moderate,8,6580.816000000001,10316.768,16897.584000000003,10482.332,5856.924000000001,0.666137378596683,5495.152,3901.5160000000005,0.29000762854239515,47.503439592203655,240.0,24,3,20,31,0.8236618654729836,three hubs,8
nearest_first_post,moderate_08,moderate,8,4625.407999999999,10316.768,14942.176,10482.332,5856.924000000001,1.0,5856.924000000001,5856.924000000001,0.0,40.968614831860094,240.0,24,3,8,31,0.9200525020049304,three hubs,8
access_opt,moderate_08,moderate,8,4625.407999999999,10316.768,14942.176,10482.332,5856.924000000001,1.0,5856.924000000001,5856.924000000001,0.0,40.968614831860094,240.0,24,3,8,31,0.9200525020049304,three hubs,8
none,moderate_09,moderate,8,12476.36,6412.868,18889.228000000003,12476.36,11849.732000000002,0.0,0.0,0.0,0.0,0.0,240.0,0,3,30,15,0.7003792297105196,three hubs,8
proportional,moderate_09,moderate,8,3937.991263967214,6412.868,10350.859263967213,12476.36,11849.732000000002,0.7205537421464708,32446.060000000005,8538.368736032786,0.7368442043184047,132.99861832764293,240.0,60,3,14,15,0.8643426413728353,three hubs,8
nearest_first,moderate_09,moderate,8,5638.444,6412.868,12051.312000000002,12476.36,11849.732000000002,0.5770523755305182,9790.920000000002,6837.916,0.30160638632528924,73.01645975834097,240.0,35,3,16,15,0.8396664603913062,three hubs,8
nearest_first_post,moderate_09,moderate,8,626.628,6412.868,7039.496,12476.36,11849.732000000002,0.9999999999999999,11849.732000000002,11849.732000000002,0.0,58.96122662801794,240.0,28,3,2,15,0.9702292311817702,three hubs,8
access_opt,moderate_09,moderate,8,626.628,6412.868,7039.496,12476.36,11849.732000000002,0.9999999999999999,11849.732000000002,11849.732000000002,0.0,58.96122662801794,240.0,28,3,2,15,0.9702292311817702,three hubs,8
none,moderate_10,moderate,8,13349.42,8667.372,22016.792,13349.42,6788.984000000001,0.0,0.0,0.0,0.0,0.0,240.0,0,3,32,25,0.6630467354734156,three hubs,8
proportional,moderate_10,moderate,8,6773.635010246631,8667.372,15441.00701024663,13349.42,6788.984000000001,0.9685963304307931,32446.06,6575.78498975337,0.7973317872877825,104.5769113687479,240.0,46,3,9,25,0.900199919085946,three hubs,8
nearest_first,moderate_10,moderate,8,9364.483999999999,8667.372,18031.856,13349.42,6788.984000000001,0.5869708928464114,4867.948,3984.9359999999997,0.18139306336057837,50.365373170205,240.0,25,3,21,25,0.7851719972117905,three hubs,8
nearest_first_post,moderate_10,moderate,8,6560.436,8667.372,15227.807999999999,13349.42,6788.984000000001,0.9999999999999999,6788.9839999999995,6788.9839999999995,0.0,46.46260407301314,240.0,25,3,7,25,0.9125421027217713,three hubs,8
access_opt,moderate_10,moderate,8,6560.436,8667.372,15227.807999999999,13349.42,6788.984000000001,0.9999999999999999,6788.9839999999995,6788.9839999999995,0.0,46.46260407301314,240.0,25,3,7,25,0.9125421027217713,three hubs,8
none,moderate_11,moderate,8,13676.024000000001,10757.908,24433.932,13676.024000000003,6237.360000000001,2.9162809322307135e-16,0.0,0.0,0.0,0.0,240.0,0,3,30,23,0.6646801783842463,three hubs,8
proportional,moderate_11,moderate,8,7610.23001856792,10757.908,18368.13801856792,13676.024000000003,6237.360000000001,0.9724938085074587,32446.06,6065.793981432082,0.8130499055530291,99.59437175381993,240.0,44,3,11,23,0.8862639896584396,three hubs,8
nearest_first,moderate_11,moderate,8,9915.640000000001,10757.908,20673.548000000003,13676.024000000003,6237.360000000001,0.6028807059396927,4905.336,3760.384,0.23340949529247335,47.56638990936366,240.0,23,3,19,23,0.7900925759991109,three hubs,8
nearest_first_post,moderate_11,moderate,8,7438.664000000001,10757.908,18196.572,13676.024000000003,6237.360000000001,1.0000000000000002,6237.360000000001,6237.360000000001,0.0,36.32705102706548,240.0,21,3,9,23,0.8936269169640593,three hubs,8
access_opt,moderate_11,moderate,8,7438.664000000001,10757.908,18196.572,13676.024000000003,6237.360000000001,1.0000000000000002,6237.360000000001,6237.360000000001,0.0,36.32705102706548,240.0,21,3,9,23,0.8936269169640593,three hubs,8
none,moderate_12,moderate,8,11957.860000000002,8740.648,20698.508,11957.86,6630.955999999999,-2.7431782137384967e-16,0.0,0.0,0.0,0.0,240.0,0,3,33,26,0.6762247175481619,three hubs,8
proportional,moderate_12,moderate,8,6183.602546983384,8740.648,14924.250546983383,11957.86,6630.955999999999,0.8708031621709776,32446.06,5774.257453016618,0.822035173052857,103.43069149124373,240.0,46,3,11,26,0.8886993190017964,three hubs,8
nearest_first,moderate_12,moderate,8,7817.804,8740.648,16558.451999999997,11957.86,6630.955999999999,0.6243528082526865,5440.296000000001,4140.056,0.23900170137801346,52.431981150611826,240.0,26,3,21,26,0.8107263273008664,three hubs,8
nearest_first_post,moderate_12,moderate,8,5326.904,8740.648,14067.552,11957.86,6630.955999999999,1.0000000000000002,6630.955999999999,6630.955999999999,0.0,45.31638419550898,240.0,25,3,8,26,0.915351375812606,three hubs,8
access_opt,moderate_12,moderate,8,5326.904,8740.648,14067.552,11957.86,6630.955999999999,1.0000000000000002,6630.955999999999,6630.955999999999,0.0,45.31638419550898,240.0,25,3,8,26,0.915351375812606,three hubs,8
none,moderate_13,moderate,8,11868.396,12142.844000000001,24011.24,11868.396,5326.060000000001,0.0,0.0,0.0,0.0,0.0,240.0,0,3,29,25,0.6976131338615416,three hubs,8
proportional,moderate_13,moderate,8,6649.536,12142.844000000001,18792.38,11868.396,5326.060000000001,0.9798725511916875,32446.06000000001,5218.860000000001,0.8391527353398225,97.23482882052791,240.0,43,3,7,25,0.9089774213030969,three hubs,8
nearest_first,moderate_13,moderate,8,8383.168000000001,12142.844000000001,20526.012000000002,11868.396,5326.060000000001,0.654372650702395,5363.848,3485.228000000001,0.3502373669052514,46.124442586727305,240.0,23,3,17,25,0.8195161438740626,three hubs,8
nearest_first_post,moderate_13,moderate,8,6542.336,12142.844000000001,18685.18,11868.396,5326.060000000001,0.9999999999999998,5326.0599999999995,5326.0599999999995,0.0,39.589617826383765,240.0,23,3,6,25,0.9183814047181981,three hubs,8
access_opt,moderate_13,moderate,8,6542.336,12142.844000000001,18685.18,11868.396,5326.060000000001,0.9999999999999998,5326.0599999999995,5326.0599999999995,0.0,39.589617826383765,240.0,23,3,6,25,0.9183814047181981,three hubs,8
none,moderate_14,moderate,8,13130.58,9182.852,22313.432,13130.58,6656.544,0.0,0.0,0.0,0.0,0.0,240.0,0,3,31,27,0.661725632231122,three hubs,8
proportional,moderate_14,moderate,8,6524.777277389192,9182.852,15707.629277389193,13130.58,6656.544,0.992377233983702,32446.060000000005,6605.802722610808,0.796406629260662,95.90792351893732,240.0,43,3,9,27,0.9021453855309985,three hubs,8
nearest_first,moderate_14,moderate,8,9278.872000000001,9182.852,18461.724000000002,13130.58,6656.544,0.5786347990789212,4521.26,3851.7080000000005,0.1480896918115746,40.77878970973875,240.0,21,3,22,27,0.7744788193598443,three hubs,8
nearest_first_post,moderate_14,moderate,8,6474.036,9182.852,15656.888,13130.58,6656.544,1.0,6656.544,6656.544,0.0,43.503515678350055,240.0,23,3,8,27,0.9038324419011956,three hubs,8
access_opt,moderate_14,moderate,8,6474.036,9182.852,15656.888,13130.58,6656.544,1.0,6656.544,6656.544,0.0,43.503515678350055,240.0,23,3,8,27,0.9038324419011956,three hubs,8
none,moderate_15,moderate,8,10175.612000000001,15775.984,25951.596,10175.612,4120.364,-4.4146327934761507e-16,0.0,0.0,0.0,0.0,240.0,0,3,27,31,0.6949958814012993,three hubs,8
proportional,moderate_15,moderate,8,6493.665391124243,15775.984,22269.649391124243,10175.612,4120.364,0.8935974124800034,32104.597356808306,3681.946608875757,0.8853140387354853,73.8127832898987,240.0,34,3,10,31,0.8839242943088746,three hubs,8
nearest_first,moderate_15,moderate,8,7700.84,15775.984,23476.824,10175.612,4120.364,0.6006197510705363,3592.024,2474.772,0.3110368973035815,36.77209786010821,240.0,19,3,18,31,0.8177802045302004,three hubs,8
nearest_first_post,moderate_15,moderate,8,6055.248,15775.984,21831.232,10175.612,4120.364,1.0,4120.3640000000005,4120.3640000000005,0.0,32.34507429486498,240.0,19,3,8,31,0.907746584717121,three hubs,8
access_opt,moderate_15,moderate,8,6055.248,15775.984,21831.232,10175.612,4120.364,1.0,4120.3640000000005,4120.3640000000005,0.0,32.34507429486498,240.0,19,3,8,31,0.907746584717121,three hubs,8
none,moderate_16,moderate,8,12197.064,11523.12,23720.184,12197.064000000002,6141.724,2.9616918694911337e-16,0.0,0.0,0.0,0.0,240.0,0,3,29,27,0.7148529979097523,three hubs,8
proportional,moderate_16,moderate,8,6173.82738071063,11523.12,17696.94738071063,12197.064000000002,6141.724,0.980707797890197,32446.060000000005,6023.23661928937,0.8143615397589301,97.4648134562531,240.0,44,3,8,27,0.9133070194379054,three hubs,8
nearest_first,moderate_16,moderate,8,8450.668,11523.12,19973.788,12197.064000000002,6141.724,0.6099909406544486,4922.804,3746.3960000000006,0.23897112296162903,45.43683161179682,240.0,23,3,18,27,0.8195600937386824,three hubs,8
nearest_first_post,moderate_16,moderate,8,6055.339999999999,11523.12,17578.46,12197.064000000002,6141.724,1.0000000000000004,6141.724,6141.724,0.0,38.047018992215726,240.0,22,3,7,27,0.9167235947262183,three hubs,8
access_opt,moderate_16,moderate,8,6055.339999999999,11523.12,17578.46,12197.064000000002,6141.724,1.0000000000000004,6141.724,6141.724,0.0,38.047018992215726,240.0,22,3,7,27,0.9167235947262183,three hubs,8
none,moderate_17,moderate,8,12013.084000000003,8862.588,20875.672000000002,12013.084,6337.616,-2.8701477078224e-16,0.0,0.0,0.0,0.0,240.0,0,3,31,25,0.6870659034461859,three hubs,8
proportional,moderate_17,moderate,8,5884.377075415265,8862.588,14746.965075415264,12013.084,6337.616,0.9670366466798771,32446.06,6128.706924584736,0.8111109045417306,101.33637174868468,240.0,47,3,8,25,0.9157530573068132,three hubs,8
nearest_first,moderate_17,moderate,8,7947.724,8862.588,16810.311999999998,12013.084,6337.616,0.6414651818601822,5457.764000000001,4065.3600000000006,0.2551235267776327,50.30242285304498,240.0,26,3,21,25,0.806479551749541,three hubs,8
nearest_first_post,moderate_17,moderate,8,5675.468000000001,8862.588,14538.056,12013.084,6337.616,1.0,6337.616,6337.616,0.0,45.88557101904695,240.0,24,3,7,25,0.9218476553564661,three hubs,8
access_opt,moderate_17,moderate,8,5675.468000000001,8862.588,14538.056,12013.084,6337.616,1.0,6337.616,6337.616,0.0,45.88557101904695,240.0,24,3,7,25,0.9218476553564661,three hubs,8
none,moderate_18,moderate,8,11448.456,10253.628,21702.084000000003,11448.456,6387.832,0.0,0.0,0.0,0.0,0.0,240.0,0,3,30,26,0.6859598188958302,three hubs,8
proportional,moderate_18,moderate,8,5774.1889480777245,10253.628,16027.816948077725,11448.456,6387.832,0.8882930941080284,32446.06,5674.267051922276,0.825116915523109,95.73870220625645,240.0,42,3,10,26,0.8872074195022165,three hubs,8
nearest_first,moderate_18,moderate,8,7958.312,10253.628,18211.940000000002,11448.456,6387.832,0.5463737931742726,4635.0960000000005,3490.1440000000002,0.24701796899136508,44.62831597245584,240.0,22,3,20,26,0.8011231035804487,three hubs,8
nearest_first_post,moderate_18,moderate,8,5060.624,10253.628,15314.252,11448.456,6387.832,1.0,6387.832,6387.832,0.0,37.11344643318956,240.0,22,3,8,26,0.9109854671651391,three hubs,8
access_opt,moderate_18,moderate,8,5060.624,10253.628,15314.252,11448.456,6387.832,1.0,6387.832,6387.832,0.0,37.11344643318956,240.0,22,3,8,26,0.9109854671651391,three hubs,8
none,moderate_19,moderate,8,11922.552000000001,8542.464,20465.016000000003,11922.552,8202.696000000002,-2.217550673029765e-16,0.0,0.0,0.0,0.0,240.0,0,3,29,21,0.7082626582242926,three hubs,8
proportional,moderate_19,moderate,8,4359.090024982238,8542.464,12901.554024982237,11922.552,8202.696000000002,0.9220702528799994,32446.060000000005,7563.4619750177635,0.7668912042011338,127.3661240530865,240.0,52,3,8,21,0.9269295994710222,three hubs,8
nearest_first,moderate_19,moderate,8,6483.912,8542.464,15026.376,11922.552,8202.696000000002,0.6630307889015999,6738.672000000001,5438.64,0.19292109780680833,60.98920316025599,240.0,28,3,17,21,0.8387789415393562,three hubs,8
nearest_first_post,moderate_19,moderate,8,3719.856,8542.464,12262.32,11922.552,8202.696000000002,0.9999999999999998,8202.696,8202.696,0.0,50.49004198455262,240.0,24,3,5,21,0.9471293812311964,three hubs,8
access_opt,moderate_19,moderate,8,3719.856,8542.464,12262.32,11922.552,8202.696000000002,0.9999999999999998,8202.696,8202.696,0.0,50.49004198455262,240.0,24,3,5,21,0.9471293812311964,three hubs,8
none,severe_00,severe,8,6763.052,22393.616,29156.668,6763.0520000000015,2670.4480000000003,6.811551483293651e-16,0.0,0.0,0.0,0.0,240.0,0,3,22,38,0.7224989648476964,three hubs,8
proportional,severe_00,severe,8,4514.994276531842,22393.616,26908.610276531843,6763.0520000000015,2670.4480000000003,0.8418279342897369,31787.63575235933,2248.057723468158,0.929278863612834,39.60429588853428,240.0,24,3,11,38,0.8600445429192833,three hubs,8
nearest_first,severe_00,severe,8,5414.464000000001,22393.616,27808.08,6763.0520000000015,2670.4480000000003,0.505004403755475,2516.1240000000007,1348.5880000000002,0.46402164599201,19.981128872369947,240.0,13,3,17,38,0.7911069361184127,three hubs,8
nearest_first_post,severe_00,severe,8,4092.6040000000003,22393.616,26486.22,6763.0520000000015,2670.4480000000003,1.0000000000000004,2670.448,2670.448,0.0,21.26076243943445,240.0,13,3,9,38,0.8939649879525333,three hubs,8
access_opt,severe_00,severe,8,4092.6040000000003,22393.616,26486.22,6763.0520000000015,2670.4480000000003,1.0000000000000004,2670.448,2670.448,0.0,21.26076243943445,240.0,13,3,9,38,0.8939649879525333,three hubs,8
none,severe_01,severe,8,8592.872000000001,18686.836000000003,27279.708000000006,8592.872000000001,2851.848,0.0,0.0,0.0,0.0,0.0,240.0,0,3,24,42,0.7351469112229143,three hubs,8
proportional,severe_01,severe,8,5741.024000000001,18686.836000000003,24427.860000000004,8592.872000000001,2851.848,1.0,29614.325543351068,2851.8480000000004,0.903700390008028,35.871773298977566,240.0,25,3,11,42,0.8718705173792992,three hubs,8
nearest_first,severe_01,severe,8,6721.576000000001,18686.836000000003,25408.412000000004,8592.872000000001,2851.848,0.6561696135277898,2681.616,1871.296,0.30217600133650757,19.357356858100314,240.0,14,3,17,42,0.8074168505504064,three hubs,8
nearest_first_post,severe_01,severe,8,5741.024000000001,18686.836000000003,24427.860000000004,8592.872000000001,2851.848,1.0,2851.8480000000004,2851.8480000000004,0.0,19.65135594280663,240.0,13,3,11,42,0.8718705173792992,three hubs,8
access_opt,severe_01,severe,8,5741.024000000001,18686.836000000003,24427.860000000004,8592.872000000001,2851.848,1.0,2851.8480000000004,2851.8480000000004,0.0,19.65135594280663,240.0,13,3,11,42,0.8718705173792992,three hubs,8
none,severe_02,severe,8,9780.096,16756.852000000003,26536.948000000004,9780.096,3835.812,0.0,0.0,0.0,0.0,0.0,240.0,0,3,24,31,0.7033774517494596,three hubs,8
proportional,severe_02,severe,8,5944.284,16756.852000000003,22701.136000000002,9780.096,3835.812,1.0,31725.86852370774,3835.812,0.8790951302993134,68.13368136579155,240.0,33,3,7,31,0.9126346829075421,three hubs,8
nearest_first,severe_02,severe,8,7490.104,16756.852000000003,24246.956000000002,9780.096,3835.812,0.5970031899373586,3407.3039999999996,2289.992,0.32791673416871503,34.352798036265405,240.0,18,3,17,31,0.7992259600371817,three hubs,8
nearest_first_post,severe_02,severe,8,5944.284,16756.852000000003,22701.136000000002,9780.096,3835.812,1.0,3835.812,3835.812,0.0,33.25481031229964,240.0,17,3,7,31,0.9126346829075421,three hubs,8
access_opt,severe_02,severe,8,5944.284,16756.852000000003,22701.136000000002,9780.096,3835.812,1.0,3835.812,3835.812,0.0,33.25481031229964,240.0,17,3,7,31,0.9126346829075421,three hubs,8
none,severe_03,severe,8,7062.584000000001,21724.164,28786.748,7062.584000000001,2138.588,0.0,0.0,0.0,0.0,0.0,240.0,0,3,21,43,0.7474687454560883,three hubs,8
proportional,severe_03,severe,8,5103.1,21724.164,26827.264000000003,7062.584000000001,2138.588,0.9162512835571883,31707.795641086464,1959.4840000000002,0.9382018219689504,39.45877580295722,240.0,24,3,10,43,0.8854994855468065,three hubs,8
nearest_first,severe_03,severe,8,5916.072,21724.164,27640.236,7062.584000000001,2138.588,0.5361070014420732,2925.076,1146.5120000000002,0.6080402697229064,20.8437949058546,240.0,14,3,17,43,0.8018243293747701,three hubs,8
nearest_first_post,severe_03,severe,8,4923.996,21724.164,26648.16,7062.584000000001,2138.588,1.0000000000000002,2138.588,2138.588,0.0,21.414553680156665,240.0,13,3,8,43,0.9081484007125447,three hubs,8
access_opt,severe_03,severe,8,4923.996,21724.164,26648.16,7062.584000000001,2138.588,1.0000000000000002,2138.588,2138.588,0.0,21.414553680156665,240.0,13,3,8,43,0.9081484007125447,three hubs,8
none,severe_04,severe,8,8277.728000000001,17646.076,25923.804000000004,8277.728,3378.072,-5.384696961893816e-16,0.0,0.0,0.0,0.0,240.0,0,3,22,33,0.737553798199535,three hubs,8
proportional,severe_04,severe,8,5100.6473494424135,17646.076,22746.723349442414,8277.728,3378.072,0.9405011647346727,31752.006942340162,3177.080650557587,0.8999407925197616,64.78207468359153,240.0,32,3,8,33,0.9125521085143211,three hubs,8
nearest_first,severe_04,severe,8,6492.844000000001,17646.076,24138.920000000002,8277.728,3378.072,0.5283735811433262,3349.244,1784.8840000000002,0.4670785407094854,31.001191354065394,240.0,17,3,15,33,0.8376140333551032,three hubs,8
nearest_first_post,severe_04,severe,8,4899.656000000001,17646.076,22545.732000000004,8277.728,3378.072,0.9999999999999994,3378.072,3378.072,0.0,25.06516585825645,240.0,15,3,7,33,0.921925928879578,three hubs,8
access_opt,severe_04,severe,8,4899.656000000001,17646.076,22545.732000000004,8277.728,3378.072,0.9999999999999994,3378.072,3378.072,0.0,25.06516585825645,240.0,15,3,7,33,0.921925928879578,three hubs,8
none,severe_05,severe,8,3936.716,33257.672000000006,37194.388000000006,3936.7159999999994,89.98400000000001,-5.05364676927525e-15,0.0,0.0,0.0,0.0,240.0,0,3,14,54,0.7790872952102414,three hubs,8
proportional,severe_05,severe,8,3846.732,33257.672000000006,37104.40400000001,3936.7159999999994,89.98400000000001,0.999999999999994,13860.149881426743,89.98400000000001,0.9935077181148969,3.857982843633515,240.0,5,3,12,54,0.8098621089830204,three hubs,8
nearest_first,severe_05,severe,8,3932.244,33257.672000000006,37189.916000000005,3936.7159999999994,89.98400000000001,0.04969772403982149,89.63199999999999,4.472000000000008,0.950107104605498,2.3948816399609716,240.0,3,3,14,54,0.7797585317896634,three hubs,8
nearest_first_post,severe_05,severe,8,3846.732,33257.672000000006,37104.40400000001,3936.7159999999994,89.98400000000001,0.999999999999994,89.98400000000001,89.98400000000001,0.0,2.146577805742294,240.0,2,3,12,54,0.8098621089830204,three hubs,8
access_opt,severe_05,severe,8,3846.732,33257.672000000006,37104.40400000001,3936.7159999999994,89.98400000000001,0.999999999999994,89.98400000000001,89.98400000000001,0.0,2.146577805742294,240.0,2,3,12,54,0.8098621089830204,three hubs,8
none,severe_06,severe,8,9623.968,17677.156,27301.124,9623.968,3599.5119999999997,0.0,0.0,0.0,0.0,0.0,240.0,0,3,24,31,0.6951143649944074,three hubs,8
proportional,severe_06,severe,8,6332.647349442413,17677.156,24009.803349442413,9623.968,3599.5119999999997,0.9143796855122551,31343.4542288434,3291.320650557587,0.8949917700031673,63.21046500160769,240.0,30,3,10,31,0.873233570203198,three hubs,8
nearest_first,severe_06,severe,8,7729.380000000001,17677.156,25406.536,9623.968,3599.5119999999997,0.5263457935409022,3116.9240000000004,1894.588,0.39216098948835465,30.347177282737224,240.0,16,3,18,31,0.7938578298252569,three hubs,8
nearest_first_post,severe_06,severe,8,6024.456,17677.156,23701.612,9623.968,3599.5119999999997,1.0000000000000002,3599.512,3599.512,0.0,25.920153717494003,240.0,16,3,8,31,0.895394354353332,three hubs,8
access_opt,severe_06,severe,8,6024.456,17677.156,23701.612,9623.968,3599.5119999999997,1.0000000000000002,3599.512,3599.512,0.0,25.920153717494003,240.0,16,3,8,31,0.895394354353332,three hubs,8
none,severe_07,severe,8,9036.912,18301.584000000003,27338.496000000003,9036.912000000002,3098.88,5.869828465593558e-16,0.0,0.0,0.0,0.0,240.0,0,3,24,30,0.7088616790132412,three hubs,8
proportional,severe_07,severe,8,6158.729384325033,18301.584000000003,24460.313384325036,9036.912000000002,3098.88,0.9287815648476124,29614.32554335106,2878.1826156749667,0.9028111374185535,65.32562721601998,240.0,31,3,10,30,0.8688187814764747,three hubs,8
nearest_first,severe_07,severe,8,7197.612000000001,18301.584000000003,25499.196000000004,9036.912000000002,3098.88,0.5935370198265183,3415.596,1839.3000000000002,0.46149954502815904,36.137629506299994,240.0,18,3,16,30,0.7985796787490436,three hubs,8
nearest_first_post,severe_07,severe,8,5938.032000000001,18301.584000000003,24239.616,9036.912000000002,3098.88,1.0000000000000002,3098.88,3098.88,0.0,31.567020253151725,240.0,16,3,8,30,0.8965737962552869,three hubs,8
access_opt,severe_07,severe,8,5938.032000000001,18301.584000000003,24239.616,9036.912000000002,3098.88,1.0000000000000002,3098.88,3098.88,0.0,31.567020253151725,240.0,16,3,8,30,0.8965737962552869,three hubs,8
none,severe_08,severe,8,7126.8640000000005,22661.940000000002,29788.804000000004,7126.864,2137.292,-4.255360062045468e-16,0.0,0.0,0.0,0.0,240.0,0,3,20,44,0.7364451204171116,three hubs,8
proportional,severe_08,severe,8,5096.771999999999,22661.940000000002,27758.712,7126.864,2137.292,0.9498430724486877,25643.90225594625,2030.092,0.9208352933286794,25.241222915200897,240.0,18,3,10,44,0.8813507613555792,three hubs,8
nearest_first,severe_08,severe,8,6534.428,22661.940000000002,29196.368000000002,7126.864,2137.292,0.277190014279752,1232.4600000000003,592.4360000000001,0.5193061032406732,16.641894754659678,240.0,11,3,16,44,0.7979474831423681,three hubs,8
nearest_first_post,severe_08,severe,8,4989.572,22661.940000000002,27651.512000000002,7126.864,2137.292,0.9999999999999998,2137.292,2137.292,0.0,18.203560165010437,240.0,11,3,9,44,0.89390817134071,three hubs,8
access_opt,severe_08,severe,8,4989.572,22661.940000000002,27651.512000000002,7126.864,2137.292,0.9999999999999998,2137.292,2137.292,0.0,18.203560165010437,240.0,11,3,9,44,0.89390817134071,three hubs,8
none,severe_09,severe,8,6805.9000000000015,23812.32,30618.22,6805.9,1743.828,-1.0431013858854523e-15,0.0,0.0,0.0,0.0,240.0,0,3,19,39,0.7260791705156959,three hubs,8
proportional,severe_09,severe,8,5104.098745578171,23812.32,28916.418745578172,6805.9,1743.828,0.9758997185627419,29062.275451744525,1701.801254421829,0.9414429452625783,31.757914512190972,240.0,20,3,10,39,0.8635343072147466,three hubs,8
nearest_first,severe_09,severe,8,5940.42,23812.32,29752.739999999998,6805.9,1743.828,0.49631041593551634,2031.5360000000003,865.4800000000001,0.5739775224263808,14.229094809589057,240.0,11,3,16,39,0.7704050798801027,three hubs,8
nearest_first_post,severe_09,severe,8,5062.072,23812.32,28874.392,6805.9,1743.828,0.9999999999999998,1743.828,1743.828,0.0,16.869207929882187,240.0,10,3,9,39,0.8735900465826842,three hubs,8
access_opt,severe_09,severe,8,5062.072,23812.32,28874.392,6805.9,1743.828,0.9999999999999998,1743.828,1743.828,0.0,16.869207929882187,240.0,10,3,9,39,0.8735900465826842,three hubs,8
none,severe_10,severe,8,8973.848,17669.036,26642.884,8973.848000000002,2879.716,6.316558311812195e-16,0.0,0.0,0.0,0.0,240.0,0,3,23,31,0.7307990385319454,three hubs,8
proportional,severe_10,severe,8,6094.132,17669.036,23763.167999999998,8973.848000000002,2879.716,1.0000000000000009,29614.325543351064,2879.716,0.9027593589533378,69.26449876449796,240.0,32,3,9,31,0.8910087336068478,three hubs,8
nearest_first,severe_10,severe,8,7084.7080000000005,17669.036,24753.744,8973.848000000002,2879.716,0.6560160793633821,3183.2760000000003,1889.1400000000003,0.40654219112637413,35.48361543497183,240.0,17,3,15,31,0.8222123993654147,three hubs,8
nearest_first_post,severe_10,severe,8,6094.132,17669.036,23763.167999999998,8973.848000000002,2879.716,1.0000000000000009,2879.716,2879.716,0.0,26.685686207971415,240.0,14,3,9,31,0.8910087336068478,three hubs,8
access_opt,severe_10,severe,8,6094.132,17669.036,23763.167999999998,8973.848000000002,2879.716,1.0000000000000009,2879.716,2879.716,0.0,26.685686207971415,240.0,14,3,9,31,0.8910087336068478,three hubs,8
none,severe_11,severe,8,7846.1680000000015,20043.324,27889.492000000002,7846.1680000000015,2743.012,0.0,0.0,0.0,0.0,0.0,240.0,0,3,23,33,0.7332268898950288,three hubs,8
proportional,severe_11,severe,8,5199.302308947731,20043.324,25242.626308947732,7846.1680000000015,2743.012,0.9649486371376684,28569.788028530886,2646.86569105227,0.9073543811942528,58.98476696272651,240.0,30,3,9,33,0.8883987564988313,three hubs,8
nearest_first,severe_11,severe,8,6455.052,20043.324,26498.376,7846.1680000000015,2743.012,0.5071490755417773,2980.4639999999995,1391.1160000000002,0.5332552246898468,28.664229406078945,240.0,16,3,16,33,0.8018161877079939,three hubs,8
nearest_first_post,severe_11,severe,8,5103.156000000001,20043.324,25146.480000000003,7846.1680000000015,2743.012,1.0000000000000002,2743.0120000000006,2743.0120000000006,0.0,31.56048244737034,240.0,15,3,8,33,0.9020983480607169,three hubs,8
access_opt,severe_11,severe,8,5103.156000000001,20043.324,25146.480000000003,7846.1680000000015,2743.012,1.0000000000000002,2743.0120000000006,2743.0120000000006,0.0,31.56048244737034,240.0,15,3,8,33,0.9020983480607169,three hubs,8
none,severe_12,severe,8,7890.628000000001,19440.092,27330.72,7890.628000000001,3914.1599999999994,0.0,0.0,0.0,0.0,0.0,240.0,0,3,24,36,0.7185145034508462,three hubs,8
proportional,severe_12,severe,8,4083.6680000000006,19440.092,23523.760000000002,7890.628000000001,3914.1599999999994,0.9726122590798538,32446.06000000001,3806.96,0.8826680342698004,51.36527234582455,240.0,30,3,8,36,0.8964440456892706,three hubs,8
nearest_first,severe_12,severe,8,6005.959999999999,19440.092,25446.052,7890.628000000001,3914.1599999999994,0.48149998978069414,3412.2560000000003,1884.6680000000003,0.4476768448791649,22.931322626884313,240.0,16,3,17,36,0.7914027478743925,three hubs,8
nearest_first_post,severe_12,severe,8,3976.468,19440.092,23416.56,7890.628000000001,3914.1599999999994,1.0000000000000004,3914.16,3914.16,0.0,26.5798993820517,240.0,17,3,7,36,0.9089225783760146,three hubs,8
access_opt,severe_12,severe,8,3976.468,19440.092,23416.56,7890.628000000001,3914.1599999999994,1.0000000000000004,3914.16,3914.16,0.0,26.5798993820517,240.0,17,3,7,36,0.9089225783760146,three hubs,8
none,severe_13,severe,8,6975.152,23827.664,30802.816,6975.152,2723.208,0.0,0.0,0.0,0.0,0.0,240.0,0,3,21,35,0.7021053287435188,three hubs,8
proportional,severe_13,severe,8,4767.917457038016,23827.664,28595.581457038017,6975.152,2723.208,0.8105273423704629,31130.567699871623,2207.234542961983,0.929097517133583,38.80709394551633,240.0,24,3,11,35,0.8374587221584063,three hubs,8
nearest_first,severe_13,severe,8,5983.2480000000005,23827.664,29810.912,6975.152,2723.208,0.3642409981169266,2373.42,991.9040000000001,0.5820781825382781,19.18392692935199,240.0,13,3,17,35,0.7580680863729886,three hubs,8
nearest_first_post,severe_13,severe,8,4251.9439999999995,23827.664,28079.608,6975.152,2723.208,1.0000000000000002,2723.208,2723.208,0.0,19.809546425088328,240.0,12,3,9,35,0.8737263145184029,three hubs,8
access_opt,severe_13,severe,8,4251.9439999999995,23827.664,28079.608,6975.152,2723.208,1.0000000000000002,2723.208,2723.208,0.0,19.809546425088328,240.0,12,3,9,35,0.8737263145184029,three hubs,8
none,severe_14,severe,8,7376.984,20900.488,28277.472,7376.984,2550.68,0.0,0.0,0.0,0.0,0.0,240.0,0,3,18,37,0.773314918881642,three hubs,8
proportional,severe_14,severe,8,5155.262451128026,20900.488,26055.750451128028,7376.984,2550.68,0.8710310775448015,31161.268116782237,2221.721548871974,0.9287024667755597,38.43493550565713,240.0,25,3,7,37,0.9007837154327819,three hubs,8
nearest_first,severe_14,severe,8,6432.7080000000005,20900.488,27333.196000000004,7376.984,2550.68,0.3702055922342277,2234.4840000000004,944.2760000000002,0.5774075804525787,17.89417287883712,240.0,13,3,14,37,0.8205097361647233,three hubs,8
nearest_first_post,severe_14,severe,8,4826.304,20900.488,25726.792,7376.984,2550.68,1.0000000000000002,2550.6800000000003,2550.6800000000003,0.0,20.534285999130255,240.0,12,3,6,37,0.9174698491040509,three hubs,8
access_opt,severe_14,severe,8,4826.304,20900.488,25726.792,7376.984,2550.68,1.0000000000000002,2550.6800000000003,2550.6800000000003,0.0,20.534285999130255,240.0,12,3,6,37,0.9174698491040509,three hubs,8
none,severe_15,severe,8,8712.880000000001,18868.78,27581.66,8712.880000000001,2805.5640000000003,0.0,0.0,0.0,0.0,0.0,240.0,0,3,23,28,0.716560208141395,three hubs,8
proportional,severe_15,severe,8,6020.813384325033,18868.78,24889.59338432503,8712.880000000001,2805.5640000000003,0.9595456085389488,29614.325543351064,2692.0666156749667,0.909095798527163,65.5892087553475,240.0,31,3,9,28,0.8795221083434359,three hubs,8
nearest_first,severe_15,severe,8,7059.696000000001,18868.78,25928.476,8712.880000000001,2805.5640000000003,0.5892519293803313,3183.2760000000003,1653.1840000000002,0.48066582979295547,35.48361543497183,240.0,17,3,15,28,0.8079858966464115,three hubs,8
nearest_first_post,severe_15,severe,8,5907.316000000001,18868.78,24776.095999999998,8712.880000000001,2805.5640000000003,1.0,2805.564,2805.564,0.0,30.71203239391417,240.0,15,3,8,28,0.8948918793524768,three hubs,8
access_opt,severe_15,severe,8,5907.316000000001,18868.78,24776.095999999998,8712.880000000001,2805.5640000000003,1.0,2805.564,2805.564,0.0,30.71203239391417,240.0,15,3,8,28,0.8948918793524768,three hubs,8
none,severe_16,severe,8,7073.664000000001,22853.543999999998,29927.208,7073.664000000001,2175.092,0.0,0.0,0.0,0.0,0.0,240.0,0,3,19,44,0.7709226536965113,three hubs,8
proportional,severe_16,severe,8,4898.572,22853.543999999998,27752.115999999998,7073.664000000001,2175.092,1.0000000000000002,26133.559549018188,2175.092,0.9167701592306925,22.987146574792565,240.0,18,3,10,44,0.9006484372347269,three hubs,8
nearest_first,severe_16,severe,8,6522.400000000001,22853.543999999998,29375.944,7073.664000000001,2175.092,0.2534439922541208,962.2200000000003,551.2640000000001,0.42709151753237307,13.470222803595664,240.0,10,3,16,44,0.8226587540841881,three hubs,8
nearest_first_post,severe_16,severe,8,4898.572,22853.543999999998,27752.115999999998,7073.664000000001,2175.092,1.0000000000000002,2175.092,2175.092,0.0,14.176900354708877,240.0,9,3,10,44,0.9006484372347269,three hubs,8
access_opt,severe_16,severe,8,4898.572,22853.543999999998,27752.115999999998,7073.664000000001,2175.092,1.0000000000000002,2175.092,2175.092,0.0,14.176900354708877,240.0,9,3,10,44,0.9006484372347269,three hubs,8
none,severe_17,severe,8,8477.868,20000.54,28478.408000000003,8477.867999999999,2559.708,-7.106237912862937e-16,0.0,0.0,0.0,0.0,240.0,0,3,22,33,0.7302312463691975,three hubs,8
proportional,severe_17,severe,8,6119.1513494424125,20000.54,26119.691349442415,8477.867999999999,2559.708,0.921478797799431,29271.29822838922,2358.7166505575874,0.9194187892811003,62.705374759241366,240.0,30,3,10,33,0.8682052573806385,three hubs,8
nearest_first,severe_17,severe,8,7175.74,20000.54,27176.28,8477.867999999999,2559.708,0.5087017737960732,2801.56,1302.1280000000002,0.5352132383386399,28.709547193443342,240.0,15,3,15,33,0.8105741612117069,three hubs,8
nearest_first_post,severe_17,severe,8,5918.16,20000.54,25918.7,8477.867999999999,2559.708,0.9999999999999994,2559.708,2559.708,0.0,22.637803292722673,240.0,13,3,9,33,0.8770167199234928,three hubs,8
access_opt,severe_17,severe,8,5918.16,20000.54,25918.7,8477.867999999999,2559.708,0.9999999999999994,2559.708,2559.708,0.0,22.637803292722673,240.0,13,3,9,33,0.8770167199234928,three hubs,8
none,severe_18,severe,8,8882.696,19711.384000000002,28594.08,8882.696,2885.212,0.0,0.0,0.0,0.0,0.0,240.0,0,3,25,35,0.710120766885313,three hubs,8
proportional,severe_18,severe,8,6200.8303089477295,19711.384000000002,25912.214308947732,8882.696,2885.212,0.9295211897955057,28569.78802853088,2681.8656910522695,0.9061293108519372,57.63728287952703,240.0,29,3,11,35,0.8554731090048203,three hubs,8
nearest_first,severe_18,severe,8,7463.860000000001,19711.384000000002,27175.244000000002,8882.696,2885.212,0.491761437287797,2980.4639999999995,1418.8360000000002,0.5239546594087362,28.44928516980704,240.0,16,3,18,35,0.7695628661333065,three hubs,8
nearest_first_post,severe_18,severe,8,5997.4839999999995,19711.384000000002,25708.868000000002,8882.696,2885.212,1.0000000000000002,2885.212,2885.212,0.0,32.20052607033599,240.0,16,3,9,35,0.8816382979246125,three hubs,8
access_opt,severe_18,severe,8,5997.4839999999995,19711.384000000002,25708.868000000002,8882.696,2885.212,1.0000000000000002,2885.212,2885.212,0.0,32.20052607033599,240.0,16,3,9,35,0.8816382979246125,three hubs,8
none,severe_19,severe,8,7178.136,19868.268,27046.404000000002,7178.136,2885.212,0.0,0.0,0.0,0.0,0.0,240.0,0,3,24,32,0.7158740427350284,three hubs,8
proportional,severe_19,severe,8,4496.270308947731,19868.268,24364.538308947733,7178.136,2885.212,0.9295211897955054,28569.78802853088,2681.8656910522695,0.9061293108519372,57.63728287952703,240.0,29,3,10,32,0.8659567480701403,three hubs,8
nearest_first,severe_19,severe,8,5759.3,19868.268,25627.568,7178.136,2885.212,0.4917614372877973,2980.4639999999995,1418.8360000000002,0.5239546594087362,28.44928516980704,240.0,16,3,17,32,0.7773022085603698,three hubs,8
nearest_first_post,severe_19,severe,8,4292.924,19868.268,24161.192,7178.136,2885.212,1.0000000000000002,2885.212,2885.212,0.0,32.20052607033599,240.0,16,3,8,32,0.8939721781903252,three hubs,8
access_opt,severe_19,severe,8,4292.924,19868.268,24161.192,7178.136,2885.212,1.0000000000000002,2885.212,2885.212,0.0,32.20052607033599,240.0,16,3,8,32,0.8939721781903252,three hubs,8
