hab_id,name,population,time_before_min,time_after_min,delay_min,cut_off,unconnected,facility_before,facility_after
1331026,Saidpur V,1856,4.59674235592522,4.59674235592522,0.0,False,False,929579,929579
300288,Diderkush IV,2892,4.383010744448981,4.383010744448981,0.0,False,False,900308,900308
645857,Mahankhal,585,22.819518277205688,22.819518277205688,0.0,False,False,900308,900308
988150,Sibpur  II,476,7.085108993764241,7.085108993764241,0.0,False,False,912333,912333
343213,Ganganagar IV,503,15.295203176298621,15.295203176298621,0.0,False,False,900308,900308
707178,Moagram,336,18.318890501207903,18.318890501207903,0.0,False,False,964438,964438
487425,Kalarhower FV,366,16.488196258681388,16.488196258681388,0.0,False,False,900007,900007
1033608,Silcuri grant VI,580,5.155941460475528,5.155941460475528,0.0,False,False,957697,957697
489939,Kalinagar,1285,17.131346476539203,17.131346476539203,0.0,False,False,966483,966483
64644,Badripar Pt I,1409,2.4024213531437177,2.4024213531437177,0.0,False,False,950638,950638
509703,Karaikandi II,1676,10.002151923987112,10.002151923987112,0.0,False,False,966003,966003
1033609,Taranathpur  pt II,976,7.007776001708879,7.007776001708879,0.0,False,False,900084,900084
765139,Natanpur,1694,7.618576571414915,7.618576571414915,0.0,False,False,870360,870360
83763,Nagatal FV,660,22.457344845636584,22.457344845636584,0.0,False,False,958131,958131
765140,NatanpurGrant,839,21.215254449586805,21.215254449586805,0.0,False,False,870357,870357
865922,Pratapur FV,2107,35.7198728131143,35.7198728131143,0.0,False,False,958131,958131
22492,Akoi Punjee,684,35.786859982390766,35.786859982390766,0.0,False,False,877536,877536
189905,Chailta Cheera,465,30.573149386653544,30.573149386653544,0.0,False,False,959998,959998
28505,Amaranagar T E,791,17.545318568640127,17.545318568640127,0.0,False,False,959998,959998
46374,Arkatipur Grant,4037,8.870312891666394,8.870312891666394,0.0,False,False,956152,956152
301184,Digor Kashipur Grant,2571,9.606693978580765,9.606693978580765,0.0,False,False,877557,877557
47384,Urrunabond TE,2028,2.248893260033605,2.248893260033605,0.0,False,False,938078,938078
64648,Badripar,1891,11.544249622736984,11.544249622736984,0.0,False,False,950638,950638
433264,Indra Nagar I,133,25.749094079735166,25.749094079735166,0.0,False,False,959998,959998
69788,Bahadurpur,1631,9.654385757539796,9.654385757539796,0.0,False,False,956218,956218
1328768,Salgongapar II,1342,7.9395368826390875,7.9395368826390875,0.0,False,False,876158,876158
1328792,Tikalpar TE,2104,6.880647336634844,6.880647336634844,0.0,False,False,876158,876158
1331060,Tulargram Pt II A,685,8.686424611102662,8.686424611102662,0.0,False,False,929411,929411
1331061,Dakhin Mohanpur III A,473,17.326190924396087,17.326190924396087,0.0,False,False,907956,907956
1331063,Dakhin Mohanpur VII A,1150,13.880006971838668,13.880006971838668,0.0,False,False,903867,903867
1331068,Dhanehari II A,1511,8.412031697129972,8.412031697129972,0.0,False,False,929579,929579
1331064,Uttar Krishnapur III A,1187,8.572443034071682,8.572443034071682,0.0,False,False,937941,937941
1331065,Dakhin Mohanpur VI A,545,3.415915388386659,3.415915388386659,0.0,False,False,903867,903867
1331066,Kachudaram IV A,1241,10.302331346639319,10.302331346639319,0.0,False,False,907956,907956
1331069,Didarkush IV A,877,4.241800801779376,4.241800801779376,0.0,False,False,900308,900308
1331070,Kachudaram I B,567,11.047866979168926,11.047866979168926,0.0,False,False,903867,903867
1331073,Tulargram Pt II A-B,522,18.034577963981146,18.034577963981146,0.0,False,False,900031,900031
1331074,Bourikandi I A,1675,8.229961251687193,8.229961251687193,0.0,False,False,907956,907956
1331075,Menipur  II A,435,16.2773062869476,16.2773062869476,0.0,False,False,900031,900031
1327139,Uttar Krishnapur Pt. I,6960,5.640437458208194,5.640437458208194,0.0,False,False,917873,917873
1334186,Lailchara Langlachera,107,19.527579244404897,19.527579244404897,0.0,False,False,963183,963183
849492,Peladahar,1117,4.777976356860888,4.777976356860888,0.0,False,False,901325,901325
1321263,Hatirhar I,850,25.56792205431815,25.56792205431815,0.0,False,False,901325,901325
1321267,Hatirhar II,1064,21.799344444074364,21.799344444074364,0.0,False,False,901325,901325
1321275,Rakhal Khaler Par pt I,2682,12.760725292086398,12.760725292086398,0.0,False,False,901325,901325
1321284,Algapur,1307,25.696197703421888,25.696197703421888,0.0,False,False,901325,901325
1324455,Tupkhana III,345,7.16696349716117,7.16696349716117,0.0,False,False,901325,901325
1334082,Barthal Grant,6573,2.9929274600824147,2.9929274600824147,0.0,False,False,963165,963165
1334140,Thailu Cha Bagicha,3810,2.537414428234825,2.537414428234825,0.0,False,False,963183,963183
1334196,Baladhan Grant,4056,9.080673108835706,9.080673108835706,0.0,False,False,963173,963173
1334199,Simla Dikchamukh,255,4.127114514263904,4.127114514263904,0.0,False,False,963173,963173
1334203,Tritya Dikchamukh,121,10.507225959513278,10.507225959513278,0.0,False,False,963173,963173
1334204,Singa Punji  Suiga Punji,89,34.78935403614993,34.78935403614993,0.0,False,False,885520,885520
1334205,Boma Punji  Dona Punji,435,30.131969661084685,30.131969661084685,0.0,False,False,885520,885520
1334210,U.S.Diglichur Punji,173,32.08006730860321,32.08006730860321,0.0,False,False,963173,963173
1328774,Sunatola TE,941,13.335664068943867,13.335664068943867,0.0,False,False,938065,938065
1334280,Tuiset Punji,48,32.83275152839775,32.83275152839775,0.0,False,False,885520,885520
1334349,U.S. Digor Mutrachera,503,13.894038383284208,13.894038383284208,0.0,False,False,885520,885520
1334359,U.S. Uttar Doloichara,301,14.257535051205414,14.257535051205414,0.0,False,False,885520,885520
1334367,Borokumbi Punji,244,33.387354147282025,33.387354147282025,0.0,False,False,885520,885520
1329760,Jabha FV,28,15.174963676561669,15.174963676561669,0.0,False,False,959180,959180
1329763,Mohanpur,20,23.560307583456144,23.560307583456144,0.0,False,False,900308,900308
1329920,Tupidhar pt-I,367,5.087100217085637,5.087100217085637,0.0,False,False,900323,900323
1329922,Tupidhar pt-II,218,7.541636190937483,7.541636190937483,0.0,False,False,959180,959180
1329927,Punimuke,1491,4.463522448288199,4.463522448288199,0.0,False,False,900323,900323
1335680,Barampur I,123,16.079889933841077,16.079889933841077,0.0,False,False,959185,959185
1324017,Radhanagar FV,269,20.30425320173131,20.30425320173131,0.0,False,False,900007,900007
36119,Anandakhal,1077,25.960275824885137,25.960275824885137,0.0,False,False,959180,959180
177225,Borjelenga III,687,11.089720606219101,11.089720606219101,0.0,False,False,900009,900009
156080,Bhubannagar II,323,3.6215107474655204,3.6215107474655204,0.0,False,False,959185,959185
1324239,Napitkhal Panjum FV,722,16.197726128816548,16.197726128816548,0.0,False,False,899998,899998
177229,Borjelenga V,1262,10.96108220684086,10.96108220684086,0.0,False,False,900009,900009
1324304,laylapur,1353,7.585194941650435,7.585194941650435,0.0,False,False,900003,900003
177230,Borjelenga VI,2285,9.209688766654661,9.209688766654661,0.0,False,False,900009,900009
1324367,Ramprasadpur TV,450,3.455520712389935,3.455520712389935,0.0,False,False,899998,899998
1323835,Khulicherra FV,1979,1.9310975610165184,1.9310975610165184,0.0,False,False,900003,900003
1324463,Kalakhal,376,18.65263139411873,18.65263139411873,0.0,False,False,900007,900007
1324472,nagdirgram IA,685,9.902145149601427,9.902145149601427,0.0,False,False,900031,900031
1324473,jibangram I,643,26.008994274042745,26.008994274042745,0.0,False,False,899998,899998
1324476,Kajidar IIIA,326,5.569256903536228,5.569256903536228,0.0,False,False,900031,900031
1183370,Fulertal Hmerkulin,100,9.113863089081203,9.113863089081203,0.0,False,False,912333,912333
1183478,U S Labon khal,691,0.5544799888570813,0.5544799888570813,0.0,False,False,958628,958628
1183469,New Khairabad,1059,20.812220285849936,20.812220285849936,0.0,False,False,879304,879304
1183472,Bagkhal FV,100,13.457623848656578,13.457623848656578,0.0,False,False,879304,879304
1183476,U S Churpunjee,300,17.793601797358786,17.793601797358786,0.0,False,False,879304,879304
1183480,Howlip Punjee,274,11.04422693566664,11.04422693566664,0.0,False,False,879304,879304
1334216,Lalong B,1000,6.732145923949156,6.732145923949156,0.0,False,False,963180,963180
156081,Bhubannagar III,418,25.747542613164697,25.747542613164697,0.0,False,False,900308,900308
1322135,Fulertal,222,6.185028984969951,6.185028984969951,0.0,False,False,879303,879303
1326429,Leverputa II,2014,24.972724539412454,24.972724539412454,0.0,False,False,964438,964438
91787,Bauripara  II,335,13.019946821815552,13.019946821815552,0.0,False,False,964431,964431
1324970,Bijoypur I,500,7.547937718362329,7.547937718362329,0.0,False,False,890796,890796
133263,Bhairabpur I,1116,9.584281046801268,9.584281046801268,0.0,False,False,870360,870360
1324543,Karbiland,176,41.31218978789798,41.31218978789798,0.0,False,False,890796,890796
1326430,Baterchak,326,30.796856509306366,30.796856509306366,0.0,False,False,964438,964438
162893,Bijoy pur Grant,623,inf,inf,,False,True,-1,-1
1326432,Leverputa I,1360,30.4901326113026,30.4901326113026,0.0,False,False,964438,964438
1324561,Masimpur Grant,1771,12.208318240591222,12.208318240591222,0.0,False,False,923657,923657
1324594,Tibong Chera Khasia Punjee,123,31.158323611347235,31.158323611347235,0.0,False,False,890796,890796
408746,Harincheera Grant,407,10.091131750110492,10.091131750110492,0.0,False,False,890796,890796
61614,Badarpur Pt I,1000,18.120181843379065,18.120181843379065,0.0,False,False,923657,923657
1324961,Masimpur Pt I A,1000,19.076857029413947,19.076857029413947,0.0,False,False,923657,923657
1324096,Mulidhar Grant,1157,34.04447960700946,34.04447960700946,0.0,False,False,923657,923657
1324400,Deswali Basti,101,20.424458513018507,20.424458513018507,0.0,False,False,923657,923657
1324675,Dalu Grant,7955,25.120094628068742,25.120094628068742,0.0,False,False,890796,890796
1324703,Niz-Borkhola Pt I,1734,2.224198502050579,2.224198502050579,0.0,False,False,890796,890796
1324738,Niz-Borkhola Pt II,1468,1.906536312013443,1.906536312013443,0.0,False,False,890796,890796
1323811,Chisel Punjee,231,22.52457468669963,22.52457468669963,0.0,False,False,912333,912333
1324822,Kalinagar Pt I A,554,18.86844379838378,18.86844379838378,0.0,False,False,890796,890796
119716,Bihara  V,3567,11.419799178672486,11.419799178672486,0.0,False,False,960725,960725
19225,Ainacheera T E,1140,23.098454162650995,23.098454162650995,0.0,False,False,877536,877536
256249,Dayapur IV,501,16.090289081491015,16.090289081491015,0.0,False,False,956152,956152
310874,Doyapur II,2820,7.252098616351999,7.252098616351999,0.0,False,False,956263,956263
300483,Digar Thaligram,716,10.714232940308731,10.714232940308731,0.0,False,False,876158,876158
301295,Digun Cheera T E,206,25.43319047004378,25.43319047004378,0.0,False,False,877536,877536
310873,Doyapur I,2136,2.434163156021001,2.434163156021001,0.0,False,False,938078,938078
310875,Doyapur III,790,9.902418074618238,9.902418074618238,0.0,False,False,956263,956263
318068,DurgaNagar VII,612,3.8891550436151308,3.8891550436151308,0.0,False,False,956263,956263
220587,Chibita Bichiya pt IX,1472,11.539249631074513,11.539249631074513,0.0,False,False,927494,927494
376469,Gossaipur I,2801,14.844345887756685,14.844345887756685,0.0,False,False,956218,956218
439194,Jaffir Bond II,1184,18.50682704367538,18.50682704367538,0.0,False,False,956263,956263
376470,Gossaipur II,2099,8.460718541494009,8.460718541494009,0.0,False,False,956263,956263
561450,Kumbirgram T E,2374,1.6610357185923266,1.6610357185923266,0.0,False,False,923468,923468
520722,Kasipur II,3383,3.970270796270817,3.970270796270817,0.0,False,False,950638,950638
792840,NutanSoka Punjee,286,21.567802673776754,21.567802673776754,0.0,False,False,877541,877541
838665,Patimara  Basti,285,17.088007714627395,17.088007714627395,0.0,False,False,876158,876158
792891,Natun Doyapur,2204,4.315639748742728,4.315639748742728,0.0,False,False,956218,956218
925199,Rongpur IV,1506,12.812313162388918,12.812313162388918,0.0,False,False,956218,956218
873364,Purba Dayapur,630,2.7113525993679057,2.7113525993679057,0.0,False,False,877522,877522
1044416,Thaligram,1208,5.228989066303223,5.228989066303223,0.0,False,False,877541,877541
1328702,Paticheera TE,876,13.900974856891445,13.900974856891445,0.0,False,False,877536,877536
873750,Purba Salgonga,1308,1.86344871397303,1.86344871397303,0.0,False,False,876158,876158
942468,Salgonga Grant,622,4.832405308018983,4.832405308018983,0.0,False,False,876158,876158
225029,Chincoorie Grant,3013,24.77360001912703,24.77360001912703,0.0,False,False,937941,937941
1328605,Nayagram,748,7.008806612155162,7.008806612155162,0.0,False,False,876158,876158
1332038,Chengduar  II,659,22.029636014826593,22.029636014826593,0.0,False,False,927494,927494
220586,Chibita Bichiya pt IV,1522,0.8360367368689772,0.8360367368689772,0.0,False,False,927494,927494
25071,Algin Grant,516,26.982381042490555,26.982381042490555,0.0,False,False,937941,937941
1032588,Tapang pt I,262,3.3363570786486965,3.3363570786486965,0.0,False,False,927494,927494
220588,Chibita Bichiya pt V,1844,15.211267252756404,15.211267252756404,0.0,False,False,927494,927494
523290,kathal Grant,6613,25.911967333084586,25.911967333084586,0.0,False,False,937941,937941
161081,Dakshin Mohanpur Pt IX,379,21.507572678720344,21.507572678720344,0.0,False,False,914520,914520
433517,Indragarh Grant,441,inf,inf,,False,True,-1,-1
1032589,Tapang II,540,4.959089342489502,4.959089342489502,0.0,False,False,927494,927494
914988,Ratanpur pt I,1022,inf,inf,,False,True,-1,-1
1035088,Tarutaj Bari pt II,703,6.083803691029529,6.083803691029529,0.0,False,False,946234,946234
914989,Ratanpur pt II,408,inf,inf,,False,True,-1,-1
171128,Dakhin Mohanpur VI,752,7.165442990225973,7.165442990225973,0.0,False,False,903867,903867
1332085,Rouskandi grant Pt II,2695,4.278764493335698,4.278764493335698,0.0,False,False,902085,902085
1332097,Borsangan grant,2000,18.62623315438916,18.62623315438916,0.0,False,False,946234,946234
242583,Dakhin Krishnapur,2128,7.930338622331535,7.930338622331535,0.0,False,False,929579,929579
1330923,Nutan Ramnagar III,2036,4.89592891354426,4.89592891354426,0.0,False,False,914520,914520
271021,Bidrohipar,1974,1.8022362762002875,1.8022362762002875,0.0,False,False,907956,907956
1079942,Bariknagar Pt II,4041,14.947519925669942,14.947519925669942,0.0,False,False,929579,929579
1323921,Dakhin Mohanpur X,1699,7.108085157708975,7.108085157708975,0.0,False,False,903867,903867
1323924,Dakhin Mohanpur XI,488,7.08015726069744,7.08015726069744,0.0,False,False,903867,903867
1330949,Ranghirghat III,1485,8.640317646589661,8.640317646589661,0.0,False,False,914520,914520
1330926,Nutan Ramnagar IV,2784,2.709167573725452,2.709167573725452,0.0,False,False,914520,914520
1330932,Nutan Ramnagar V,2112,9.175509460585353,9.175509460585353,0.0,False,False,914520,914520
1330953,Sabashpur,770,6.226780447999566,6.226780447999566,0.0,False,False,888197,888197
1330955,Satkorakandi I,2012,17.327587609494742,17.327587609494742,0.0,False,False,929411,929411
1331031,Sonabari Ghat I,1255,5.519568038828342,5.519568038828342,0.0,False,False,929579,929579
1331032,Sonabari Ghat II,2037,5.318703625616505,5.318703625616505,0.0,False,False,929579,929579
1331038,Tolargram I-Julorgram Pt I,3414,6.302232187576433,6.302232187576433,0.0,False,False,929411,929411
1331041,Tulargram Pt II,2537,16.1595459210438,16.1595459210438,0.0,False,False,929411,929411
1331042,Tundur Kandi,1362,9.915634647699758,9.915634647699758,0.0,False,False,929411,929411
1331048,Uttar Mohanpur,2599,5.456029454471747,5.456029454471747,0.0,False,False,929411,929411
1331059,Uttar Krishnapur Pt I C,2960,4.974155795348687,4.974155795348687,0.0,False,False,929579,929579
1326286,Kanakpur I A,2245,6.331787632888625,6.331787632888625,0.0,False,False,917873,917873
1327194,Ambicapur Pt II A,480,13.493091631063786,13.493091631063786,0.0,False,False,937941,937941
31527,Ambicapur Pt I,1662,17.304288315009448,17.304288315009448,0.0,False,False,917873,917873
1066160,Tupkhana Pt II,1666,7.891013375570365,7.891013375570365,0.0,False,False,901325,901325
1033854,Tarapur Pt IV,4349,12.624214041533392,12.624214041533392,0.0,False,False,917873,917873
1326320,Kanakpur I B,2300,6.712422714183687,6.712422714183687,0.0,False,False,917873,917873
1033862,Tarapur Pt V,1087,11.429648437110712,11.429648437110712,0.0,False,False,917873,917873
1326882,Ambicapur Pt XI,2778,7.2116715748636135,7.2116715748636135,0.0,False,False,917873,917873
1327057,Tupkhana Pt I,4640,7.255119814782935,7.255119814782935,0.0,False,False,901325,901325
1327160,Ambicapur Pt VI A,2630,4.865425338971127,4.865425338971127,0.0,False,False,888123,888123
31528,Ambicapur Pt II,1004,13.787486574808478,13.787486574808478,0.0,False,False,917873,917873
72693,Bajantipur Pt II,410,23.953517408979987,23.953517408979987,0.0,False,False,937941,937941
31529,Ambicapur Pt III,162,13.266736530065845,13.266736530065845,0.0,False,False,937941,937941
31534,Ambicapur Pt VI,2773,3.5068323623526645,3.5068323623526645,0.0,False,False,888127,888127
72694,Bajantipur Pt III,480,20.300595518922513,20.300595518922513,0.0,False,False,937941,937941
31535,Ambikapur Pt VII,1066,8.831355982551798,8.831355982551798,0.0,False,False,917873,917873
1321215,Simultola,1201,10.159260848390325,10.159260848390325,0.0,False,False,960725,960725
1033852,Tarapur Pt II,1434,12.327714869387606,12.327714869387606,0.0,False,False,917873,917873
1321243,Nayagram,525,9.27871314034357,9.27871314034357,0.0,False,False,960725,960725
343374,Ghagrapar I,1537,27.45586648666254,27.45586648666254,0.0,False,False,901325,901325
1334061,Bandhu Cha Bagicha,2001,4.261243575087658,4.261243575087658,0.0,False,False,963168,963168
366485,Gograpar II,748,inf,inf,,False,True,-1,-1
941617,Salchapra III,1137,inf,inf,,False,True,-1,-1
896485,Rakhal kalarper,1478,10.770571041976773,10.770571041976773,0.0,False,False,901325,901325
1334065,Narainpur Grant Pt II,1938,19.51920036636611,19.51920036636611,0.0,False,False,963171,963171
1321251,Buribail III,1556,21.704295191134065,21.704295191134065,0.0,False,False,901325,901325
955041,Sarail,993,3.892710852754032,3.892710852754032,0.0,False,False,901325,901325
1334072,Narainpur Grant Pt I,4474,3.859614149717567,3.859614149717567,0.0,False,False,963171,963171
1334091,Kamranga Bond Pt II,1562,5.879929168437559,5.879929168437559,0.0,False,False,963180,963180
1321271,Srikona Grant,1429,19.579323878702013,19.579323878702013,0.0,False,False,901325,901325
1321281,South Manikpur,926,21.580123142690468,21.580123142690468,0.0,False,False,901325,901325
1334095,Joypur Pt I,3222,3.762484694287577,3.762484694287577,0.0,False,False,885528,885528
1321286,Niz joynagar I,1171,1.3283350888207632,1.3283350888207632,0.0,False,False,901325,901325
1334132,Joypur Pt II,2065,1.5144268075034673,1.5144268075034673,0.0,False,False,885528,885528
1321288,Kumarpara I,1000,6.59614421749453,6.59614421749453,0.0,False,False,901325,901325
1334133,Jaipur Grant Pt II,486,4.427175351825636,4.427175351825636,0.0,False,False,885528,885528
1334135,Salamatpur Pt II,404,15.530897177919691,15.530897177919691,0.0,False,False,963183,963183
1334190,Kanakpur Pt IV,318,15.290198852082101,15.290198852082101,0.0,False,False,885520,885520
1332839,Kamranga Bond Pt I,1452,15.273342770493835,15.273342770493835,0.0,False,False,885528,885528
1334197,Kanakpur Pt I,2226,2.6597801103208907,2.6597801103208907,0.0,False,False,963173,963173
911046,Raninagar,170,6.247512368515811,6.247512368515811,0.0,False,False,901325,901325
343375,Ghagrapar II,1038,24.99927648285221,24.99927648285221,0.0,False,False,901325,901325
1334364,Choto Kumbi,14,18.574729455679822,18.574729455679822,0.0,False,False,885520,885520
156086,Bhubannagar VIII,5,25.389376095191714,25.389376095191714,0.0,False,False,900308,900308
343210,Ganganagar I,958,9.889477529202587,9.889477529202587,0.0,False,False,900308,900308
1329696,Darmikhal Grant I,1000,16.344156897907467,16.344156897907467,0.0,False,False,900323,900323
343219,Ganganagar X,441,16.586038668639,16.586038668639,0.0,False,False,959180,959180
343215,Ganganagar V,505,10.279821050216063,10.279821050216063,0.0,False,False,900323,900323
607548,Kushumkut,22,22.40559612719017,22.40559612719017,0.0,False,False,900308,900308
870257,Punirmukh,2004,8.838012297509547,8.838012297509547,0.0,False,False,900326,900326
343220,Ganganagar XI,457,13.366504888809422,13.366504888809422,0.0,False,False,959180,959180
927902,Rukni TE,7627,2.7219218386987545,2.7219218386987545,0.0,False,False,959182,959182
1046064,Thankim Nagar IV,72,16.251537993732715,16.251537993732715,0.0,False,False,900308,900308
896491,Rakhal Tillah,819,7.6325429770264925,7.6325429770264925,0.0,False,False,900326,900326
712083,Moinarkhal TE,2739,1.4702656002092778,1.4702656002092778,0.0,False,False,959180,959180
43060,Aradhanpur,864,29.06336441143086,29.06336441143086,0.0,False,False,899998,899998
1001864,Smith Nagar I,802,16.500132586112585,16.500132586112585,0.0,False,False,959180,959180
927898,Rukni I,1117,4.819818600843146,4.819818600843146,0.0,False,False,900326,900326
741470,Nagakhal FV,387,11.274514639450071,11.274514639450071,0.0,False,False,959180,959180
156063,Bhubandhar TE,500,1.2672806192340267,1.2672806192340267,0.0,False,False,959185,959185
1046065,Thankimnagar I,653,13.592122028207042,13.592122028207042,0.0,False,False,900308,900308
927900,Rukni III,1978,9.22622372400332,9.22622372400332,0.0,False,False,900323,900323
1329702,Darmikhal Grant II,1000,13.281113325337834,13.281113325337834,0.0,False,False,900323,900323
1324078,Bishnupur FV,915,4.2970161547804935,4.2970161547804935,0.0,False,False,900007,900007
1005301,Sonapur,71,25.880356343532345,25.880356343532345,0.0,False,False,900308,900308
99289,Barampur,25,7.468664134038841,7.468664134038841,0.0,False,False,959185,959185
156076,Bhubankhal,150,17.01250645634598,17.01250645634598,0.0,False,False,900323,900323
156078,Bhubankhal FV,28,20.207960769784115,20.207960769784115,0.0,False,False,959180,959180
1334344,Dipu,722,17.640473620472083,17.640473620472083,0.0,False,False,885520,885520
1334346,Paschim Kumachara,440,16.241716398443536,16.241716398443536,0.0,False,False,885520,885520
1334350,Uttar Dipu,114,15.790281607639818,15.790281607639818,0.0,False,False,885520,885520
815293,Pancherra FV,219,19.37189939000235,19.37189939000235,0.0,False,False,900007,900007
177231,Borjelenga VII,2913,6.143093742019746,6.143093742019746,0.0,False,False,900009,900009
644707,Mahadevpur,728,8.869475783072822,8.869475783072822,0.0,False,False,899998,899998
268544,Dhalai Khal FV,355,22.563507842464485,22.563507842464485,0.0,False,False,900007,900007
447664,Jamalpur,2543,13.420492795699598,13.420492795699598,0.0,False,False,900007,900007
471565,Joydhanpur,2477,17.735152287140966,17.735152287140966,0.0,False,False,899998,899998
572022,Kokaipunji,533,21.37472891523149,21.37472891523149,0.0,False,False,899998,899998
449424,Jamirkhal,812,44.54031557242651,44.54031557242651,0.0,False,False,899998,899998
483366,Kajidhar II,2566,18.26747746212535,18.26747746212535,0.0,False,False,929579,929579
763934,Narsingpur Part II,1537,6.244897363406601,6.244897363406601,0.0,False,False,900031,900031
686851,Mathurapur,1866,3.103211578014058,3.103211578014058,0.0,False,False,900007,900007
595059,Kulicherra,2850,24.294867608936336,24.294867608936336,0.0,False,False,900007,900007
1058075,Tillanagar,833,19.632529895551574,19.632529895551574,0.0,False,False,899998,899998
931096,Sadagram,4238,5.1789858192345255,5.1789858192345255,0.0,False,False,899998,899998
710294,Mohanpur,326,16.822648144814647,16.822648144814647,0.0,False,False,900007,900007
613651,Lailapur F V,566,inf,inf,,False,True,-1,-1
27154,Alubazar,573,14.345109003976717,14.345109003976717,0.0,False,False,879304,879304
891274,Rajani khal,422,49.806499368322335,49.806499368322335,0.0,False,False,900084,900084
743301,Nagdhir gram I,2863,5.792113201003817,5.792113201003817,0.0,False,False,900031,900031
953840,Saptagram,3795,10.011431514203473,10.011431514203473,0.0,False,False,899998,899998
1064748,Tulartal FV,914,17.1358040319451,17.1358040319451,0.0,False,False,900003,900003
892911,Rajgovindapur,1312,14.232221919084243,14.232221919084243,0.0,False,False,899998,899998
1322441,berabak II,1703,10.226606129666216,10.226606129666216,0.0,False,False,900031,900031
974404,Sewartal FV,1086,9.613392084097303,9.613392084097303,0.0,False,False,900003,900003
1324095,Phainung FV,799,16.562562898670638,16.562562898670638,0.0,False,False,900003,900003
893483,Rajnagar,2574,5.843489218663533,5.843489218663533,0.0,False,False,900007,900007
987705,Shymacharanpur,2001,12.523169362312279,12.523169362312279,0.0,False,False,899998,899998
1019022,Suparikhal,652,30.139095196608263,30.139095196608263,0.0,False,False,899998,899998
7455,A  Lalong  III,1073,8.821050197288342,8.821050197288342,0.0,False,False,912333,912333
459460,Jaynagar,1128,15.824688220594295,15.824688220594295,0.0,False,False,900007,900007
1323728,Karulong,105,36.301877512697224,36.301877512697224,0.0,False,False,879304,879304
755244,Namolai Long,290,22.46928496023379,22.46928496023379,0.0,False,False,879304,879304
611230,Laboc par  III,799,17.31470950349076,17.31470950349076,0.0,False,False,912333,912333
618411,Lalong IV A,97,9.508196757731522,9.508196757731522,0.0,False,False,912333,912333
918342,Rayang Punjee,750,34.90460542337346,34.90460542337346,0.0,False,False,879304,879304
756221,Nandan Kanon,512,5.279971639093192,5.279971639093192,0.0,False,False,879304,879304
618466,Lalpani Pt I,1211,6.340915444476904,6.340915444476904,0.0,False,False,879304,879304
1073021,Umednagar,126,11.293682637419169,11.293682637419169,0.0,False,False,879304,879304
1323505,Hatukhal Khasia Punjee,122,17.784057614086997,17.784057614086997,0.0,False,False,912333,912333
1323740,Lakhi Nagar II,1293,26.90130352066524,26.90130352066524,0.0,False,False,879304,879304
345036,Ganirgram  III,1707,21.944358904475166,21.944358904475166,0.0,False,False,901325,901325
408645,Harinagar  II,1363,32.417206099449416,32.417206099449416,0.0,False,False,870360,870360
988153,Sibpur I,1318,4.88277653733475,4.88277653733475,0.0,False,False,912333,912333
1081215,Utter Lalpani,1530,6.334934559377123,6.334934559377123,0.0,False,False,879304,879304
313254,Dudhpur  III,2361,25.167876571685657,25.167876571685657,0.0,False,False,901325,901325
345037,Ganirgram  IV,2204,19.08747029446989,19.08747029446989,0.0,False,False,901325,901325
439381,Jagadishpur II,180,20.468404229129536,20.468404229129536,0.0,False,False,966003,966003
637694,Madarpur,1394,12.782086640809323,12.782086640809323,0.0,False,False,966003,966003
345034,Ganirgram  I,1097,22.307636592640335,22.307636592640335,0.0,False,False,901325,901325
364110,Gobindopur  I,500,18.526785861164992,18.526785861164992,0.0,False,False,966483,966483
408646,Harinagar  III,1278,16.374880311431617,16.374880311431617,0.0,False,False,966003,966003
775169,Nazatpur,2036,13.322499389979283,13.322499389979283,0.0,False,False,966003,966003
364111,Gobindopur  II,1252,4.779857084555107,4.779857084555107,0.0,False,False,966483,966483
439388,Jagadishpur V,2596,11.62134898001654,11.62134898001654,0.0,False,False,966003,966003
409714,Haritikar  I,663,16.020959293594167,16.020959293594167,0.0,False,False,966003,966003
644706,Mahadevpur,570,22.890644483358347,22.890644483358347,0.0,False,False,966483,966483
439380,Jagadishpur I,90,16.343634907084677,16.343634907084677,0.0,False,False,870360,870360
509702,Karaikandi I,663,10.70864471266804,10.70864471266804,0.0,False,False,966003,966003
524746,Katirail,6182,2.720525239754654,2.720525239754654,0.0,False,False,966003,966003
710429,Mohanpur II,2077,5.391456430482048,5.391456430482048,0.0,False,False,966003,966003
301182,Digor Fulertal Part I,1223,7.596244339386351,7.596244339386351,0.0,False,False,879303,879303
1183470,Shantipur,220,23.761682878620448,23.761682878620448,0.0,False,False,879304,879304
611231,Laboc par  IV,1360,9.600558332294884,9.600558332294884,0.0,False,False,912333,912333
237651,Damcherra K. Punji,110,17.23298602462183,17.23298602462183,0.0,False,False,964438,964438
789577,Noonnagar,2284,6.771262003663774,6.771262003663774,0.0,False,False,966003,966003
1061673,Tukergram,675,inf,inf,,False,True,-1,-1
161603,Bihara  I,1232,2.602422227540394,2.602422227540394,0.0,False,False,964431,964431
186830,Burunga  I,2766,12.515096655573421,12.515096655573421,0.0,False,False,870360,870360
1326435,Sindura,288,9.500832217454072,9.500832217454072,0.0,False,False,870360,870360
170316,Biswambarpur,1703,16.256666448829396,16.256666448829396,0.0,False,False,870357,870357
374748,Garervitor  I,877,14.199353650129899,14.199353650129899,0.0,False,False,964431,964431
303619,Dinnathpur,4662,15.082814376998991,15.082814376998991,0.0,False,False,964431,964431
499526,Konaparagrant,1588,6.272693844784007,6.272693844784007,0.0,False,False,870360,870360
554445,Khelma III,1812,15.928607625767455,15.928607625767455,0.0,False,False,964438,964438
374749,Garervitor  II,1088,1.263623217129007,1.263623217129007,0.0,False,False,964431,964431
581230,Kurkuri II,983,12.68476699573079,12.68476699573079,0.0,False,False,870360,870360
303620,Dinnathpur  TE,832,12.500726670086472,12.500726670086472,0.0,False,False,964431,964431
615053,Lakhipur  I,2906,1.2993488744592163,1.2993488744592163,0.0,False,False,870360,870360
486186,Kalaincherra Bagicha,190,30.331500566931357,30.331500566931357,0.0,False,False,964438,964438
538767,Khaijani,191,16.69421038790449,16.69421038790449,0.0,False,False,964438,964438
361790,Gillatoli,308,18.442531029474114,18.442531029474114,0.0,False,False,964438,964438
554446,Khelma IV,2733,13.229493196930683,13.229493196930683,0.0,False,False,964438,964438
674156,Manipur I,1127,4.938713516906072,4.938713516906072,0.0,False,False,870360,870360
554443,Khelma I,1478,11.058045909580901,11.058045909580901,0.0,False,False,964438,964438
554447,Khelma V,1160,14.388554012038256,14.388554012038256,0.0,False,False,964438,964438
581231,Kurkuri III,934,13.902117982424965,13.902117982424965,0.0,False,False,870360,870360
615054,Lakhipur  II,1572,15.581854455870353,15.581854455870353,0.0,False,False,870360,870360
554448,Khelma VI,1358,9.024684688249906,9.024684688249906,0.0,False,False,964438,964438
581232,Kurkuri IV,908,15.760268006568117,15.760268006568117,0.0,False,False,870360,870360
615055,Lakhipur  III,528,24.099958813529618,24.099958813529618,0.0,False,False,870360,870360
674158,Manipur II,442,8.595220819992944,8.595220819992944,0.0,False,False,870360,870360
634326,M  C  Khesia punji,458,16.659169862417365,16.659169862417365,0.0,False,False,870360,870360
644738,Mahadevpur II,759,15.42460932210903,15.42460932210903,0.0,False,False,870357,870357
1324456,Katirail TE,6182,5.303373088833009,5.303373088833009,0.0,False,False,966003,966003
554450,Khelma VIII,2269,2.9121082965878813,2.9121082965878813,0.0,False,False,964438,964438
317995,Durga Cheera Punjee,99,34.72325500461215,34.72325500461215,0.0,False,False,890796,890796
1033802,Tarapur II,3027,5.276631193732477,5.276631193732477,0.0,False,False,870360,870360
660830,Malidharpunji,459,26.171283086585664,26.171283086585664,0.0,False,False,964438,964438
246131,Damcheera Kasia Punjee,100,40.42391751349241,40.42391751349241,0.0,False,False,890796,890796
176027,Barabond,758,30.772859891924202,30.772859891924202,0.0,False,False,890796,890796
9937,Abong Cheera Grant  PT I,476,inf,inf,,False,True,-1,-1
313474,Dudpatil Pt V CT,4121,11.688818569209495,11.688818569209495,0.0,False,False,908132,908132
683650,Masimpur  Pt II,2364,23.2966079227986,23.2966079227986,0.0,False,False,923657,923657
203535,Chandra Nath Pur,1000,14.055720141180037,14.055720141180037,0.0,False,False,964431,964431
347395,Garer bond Pt I,1243,17.11280529481794,17.11280529481794,0.0,False,False,908132,908132
313468,Dudpatil  Pt VI CT,5083,18.31900142940447,18.31900142940447,0.0,False,False,908132,908132
520015,Kashipur,964,7.815295190699045,7.815295190699045,0.0,False,False,890796,890796
683651,Masimpur Bagan,1089,16.471342298964057,16.471342298964057,0.0,False,False,923657,923657
347402,Garerbond  Pt II,1728,12.475575821818707,12.475575821818707,0.0,False,False,908132,908132
909998,Ranghar Pt  III,420,14.746501943408155,14.746501943408155,0.0,False,False,964431,964431
537163,Keyangthal,108,inf,inf,,False,True,-1,-1
417015,Haticheera Grant,4289,18.775203211671723,18.775203211671723,0.0,False,False,908132,908132
611281,Laburbond,849,39.709876517221836,39.709876517221836,0.0,False,False,890796,890796
760732,Narayan Cheera Grant,1118,21.863224198068195,21.863224198068195,0.0,False,False,890796,890796
635996,Machughat,1734,20.959935735609445,20.959935735609445,0.0,False,False,923657,923657
819342,Panicheera Grant,223,24.53216124292193,24.53216124292193,0.0,False,False,890796,890796
892682,Rajeswarpur I,886,13.850689292954707,13.850689292954707,0.0,False,False,870357,870357
215182,Chesri,1500,20.907316261039266,20.907316261039266,0.0,False,False,890796,890796
1099587,Vitargool,146,30.41819682732225,30.41819682732225,0.0,False,False,964438,964438
1326438,TelkarGrant,8068,12.939905362508547,12.939905362508547,0.0,False,False,964438,964438
1321741,Irongmara CT I,580,8.085025887224006,8.085025887224006,0.0,False,False,900239,900239
991470,Silcurie Grant III,670,12.033740213569168,12.033740213569168,0.0,False,False,957697,957697
175695,Borakhai Grant II,700,9.612118870618962,9.612118870618962,0.0,False,False,957697,957697
794800,Old Bagbahar,1214,31.59000275609658,31.59000275609658,0.0,False,False,958131,958131
177193,Borjalenga Grant,2784,5.801101188027264,5.801101188027264,0.0,False,False,900239,900239
1317329,Banskandi Pt I B,2050,4.604143708764254,4.604143708764254,0.0,False,False,876161,876161
233505,Chotto Jalenga Pt  I,1855,5.877835519727994,5.877835519727994,0.0,False,False,900239,900239
991469,Silcurie Grant II,780,13.179928560305175,13.179928560305175,0.0,False,False,957697,957697
98911,Barjalenga Pt. I,1357,4.5861290892938325,4.5861290892938325,0.0,False,False,900239,900239
417135,Hatikuri,1739,8.074534684575417,8.074534684575417,0.0,False,False,914520,914520
98912,Bar Jalenga Pt II,1017,3.997621142482392,3.997621142482392,0.0,False,False,900084,900084
302797,Dilkush Grant,3330,7.864923309832848,7.864923309832848,0.0,False,False,879303,879303
166023,Binnakandi Pt I,2586,7.915367308903697,7.915367308903697,0.0,False,False,879303,879303
635863,Machkhal Pan Tangia Village,242,10.065698387281207,10.065698387281207,0.0,False,False,879303,879303
166024,Binnakandi PT  II,1897,7.761837855343871,7.761837855343871,0.0,False,False,861636,861636
508827,Kaptanpur PT VIII,393,22.093654675852243,22.093654675852243,0.0,False,False,861636,861636
166025,Binnakandi Grant,7692,14.742631756571848,14.742631756571848,0.0,False,False,861636,861636
508821,Kaptanpur PT  I,2645,21.041595456865675,21.041595456865675,0.0,False,False,861636,861636
508822,Kaptanpur PT III,707,5.688401323225525,5.688401323225525,0.0,False,False,861636,861636
508828,Kaptanpur PT X,1281,6.212291487008246,6.212291487008246,0.0,False,False,861636,861636
508823,Kaptanpur PT IV,856,9.417003300638697,9.417003300638697,0.0,False,False,861636,861636
635865,Machkhal PT II,422,14.47365914204828,14.47365914204828,0.0,False,False,914520,914520
508829,Kaptanpur PT XII,965,18.20607331011009,18.20607331011009,0.0,False,False,914520,914520
635866,Machkhal PT III,316,18.710935066818347,18.710935066818347,0.0,False,False,914520,914520
714116,Monkush Grant,542,9.955947217681333,9.955947217681333,0.0,False,False,879303,879303
508830,Kaptanpur PT XIII,1064,17.98784628991849,17.98784628991849,0.0,False,False,914520,914520
760837,Narayan Cherra PTV,297,14.143846283754346,14.143846283754346,0.0,False,False,879303,879303
760838,Narayandhar TE,364,13.678283106519595,13.678283106519595,0.0,False,False,879303,879303
787066,Niz  Rupaibali,2909,23.66281760151339,23.66281760151339,0.0,False,False,861636,861636
25870,Alipur I,621,2.5832936857940028,2.5832936857940028,0.0,False,False,958136,958136
343496,Gangapur,1934,11.431135062767698,11.431135062767698,0.0,False,False,917873,917873
25872,Alipur II,987,2.4217459565531043,2.4217459565531043,0.0,False,False,958136,958136
787079,Niz Banskandi II B,923,5.468594100339057,5.468594100339057,0.0,False,False,950638,950638
364061,Gobindapur Pt I,3888,12.139505213666492,12.139505213666492,0.0,False,False,901803,901803
860415,Polloirbond,2161,5.905512036495354,5.905512036495354,0.0,False,False,876161,876161
364062,Gobindapur Pt II,1670,6.363296872289254,6.363296872289254,0.0,False,False,901803,901803
1033849,Tarapur Grant,2108,18.378312782027855,18.378312782027855,0.0,False,False,958136,958136
1070515,Ujan Tarapur A,1269,4.587714937750065,4.587714937750065,0.0,False,False,958136,958136
300482,Digar Srikona pt I,938,inf,inf,,False,True,-1,-1
664881,Malugram,1275,16.903178111352172,16.903178111352172,0.0,False,False,899998,899998
941616,Salchapra II,1384,28.765366515421174,28.765366515421174,0.0,False,False,901325,901325
1004822,Sonacheera pt II,319,33.72958664411297,33.72958664411297,0.0,False,False,958131,958131
524620,Katigorah I,448,3.3396520184226794,3.3396520184226794,0.0,False,False,966003,966003
1035089,Silcuri Grant V,680,11.910801677051857,11.910801677051857,0.0,False,False,957697,957697
674157,Manipur Pt I A,742,9.81762235436215,9.81762235436215,0.0,False,False,958136,958136
25921,Alipur Tea Garden,1725,12.434216842627094,12.434216842627094,0.0,False,False,958136,958136
710041,Mohankhal,1978,8.494033077152816,8.494033077152816,0.0,False,False,959180,959180
653146,Majer Gram Grant,883,6.353534485934565,6.353534485934565,0.0,False,False,877522,877522
301186,Digor Srikona pt II,3609,16.452882789155268,16.452882789155268,0.0,False,False,927494,927494
343214,Ganganagar IX,608,20.33976096815619,20.33976096815619,0.0,False,False,959180,959180
137653,Bhangarpar IV,2000,11.129044467752031,11.129044467752031,0.0,False,False,960725,960725
202493,Chandipur,1141,5.613591576313156,5.613591576313156,0.0,False,False,964438,964438
590196,Krishnapur,150,19.067116600648777,19.067116600648777,0.0,False,False,900323,900323
765062,Natachara FV,640,19.270943709016823,19.270943709016823,0.0,False,False,900007,900007
692926,Megenta TE,896,inf,inf,,False,True,-1,-1
202327,Chandighat I,1100,11.865138052458015,11.865138052458015,0.0,False,False,877541,877541
621426,Larsingpar,458,11.403874577332774,11.403874577332774,0.0,False,False,956137,956137
202328,Chandighat II,448,10.069796907668316,10.069796907668316,0.0,False,False,938078,938078
436246,Istampur Grant,518,7.089725232462965,7.089725232462965,0.0,False,False,956152,956152
520724,Kasipur T E Grant,3395,0.5146205403941015,0.5146205403941015,0.0,False,False,956218,956218
1331062,Kachudaram I A,677,4.787199020720147,4.787199020720147,0.0,False,False,903867,903867
1331067,Nutan Kanchanpur A,1205,8.821559909346327,8.821559909346327,0.0,False,False,907956,907956
105130,Barjelenga VIII,2203,8.567347288590492,8.567347288590492,0.0,False,False,900009,900009
1324465,Dulalgram,687,4.036030938879355,4.036030938879355,0.0,False,False,899998,899998
1183479,U S Uttar Lalpani,568,10.186392079422074,10.186392079422074,0.0,False,False,879304,879304
934901,Salchapra TE Sahapur TE,726,33.084965678270414,33.084965678270414,0.0,False,False,946234,946234
1326980,Ambicapur Pt VI B,2568,3.1028679471563647,3.1028679471563647,0.0,False,False,888162,888162
1331071,Majhirgram A,1253,1.3229660365075349,1.3229660365075349,0.0,False,False,929411,929411
1326986,Bajantipur Pt III A,268,16.10611217557761,16.10611217557761,0.0,False,False,937941,937941
1321255,Srikona III,547,15.987645331982613,15.987645331982613,0.0,False,False,901325,901325
1321258,Rakhal Khaler Par pt II,1367,16.37231429799084,16.37231429799084,0.0,False,False,901325,901325
1334184,Bren Nagar Boren Nagar,736,33.63522153327508,33.63522153327508,0.0,False,False,963183,963183
1334201,Budhan Nagar,188,12.644110244685443,12.644110244685443,0.0,False,False,963173,963173
1334202,U.S.Chiru Punji Us Charepunji,363,14.791594821986191,14.791594821986191,0.0,False,False,963173,963173
1334208,U.S. Durga Nagar Khasia Punji,150,18.54970193366628,18.54970193366628,0.0,False,False,963173,963173
1334214,Diglang Phailen Punji,295,29.37634881856542,29.37634881856542,0.0,False,False,885520,885520
1334215,Lalong Grant A,1000,4.620186662526703,4.620186662526703,0.0,False,False,912333,912333
1334218,Barthal A,1000,23.750476356997694,23.750476356997694,0.0,False,False,963183,963183
1334219,Barthal B,1132,2.169910455055249,2.169910455055249,0.0,False,False,963183,963183
1334220,Thailu Chabagicha B,1000,8.256360955417827,8.256360955417827,0.0,False,False,963183,963183
1334251,Laboc A,821,8.359309649394257,8.359309649394257,0.0,False,False,912333,912333
1334252,Thailu Cha Bagicha A,1085,13.657247760763362,13.657247760763362,0.0,False,False,963183,963183
1334277,Boro Tulpi Punji,41,35.671171324347824,35.671171324347824,0.0,False,False,885520,885520
1334279,Bhola Punji,121,33.832767933939714,33.832767933939714,0.0,False,False,885520,885520
1334351,Paschim Dipu,204,12.663622922302803,12.663622922302803,0.0,False,False,885520,885520
1334352,U.S. Mutrachara,34,10.246028479216399,10.246028479216399,0.0,False,False,885520,885520
1334353,Baigajigni  Balgagni,406,10.465009633571455,10.465009633571455,0.0,False,False,885520,885520
1329716,Dulalgram A,800,7.343889398510939,7.343889398510939,0.0,False,False,899998,899998
156082,Bhubannagar IV,163,20.37349876565364,20.37349876565364,0.0,False,False,900308,900308
1329757,Ganganagar XIV,900,16.41033450266505,16.41033450266505,0.0,False,False,959180,959180
156083,Bhubannagar v,98,23.047428718962816,23.047428718962816,0.0,False,False,900308,900308
1335681,Punimuke A,589,7.992084668896438,7.992084668896438,0.0,False,False,900323,900323
1324470,Clever house IA,479,13.959324217740646,13.959324217740646,0.0,False,False,900036,900036
36120,Anandakhal FV,762,23.101663695485463,23.101663695485463,0.0,False,False,959180,959180
177226,Borjelenga IV,567,11.683658812384337,11.683658812384337,0.0,False,False,900009,900009
1183466,Alni FV,136,26.056437572656392,26.056437572656392,0.0,False,False,912333,912333
156079,Bhubannagar I,246,23.26753047519307,23.26753047519307,0.0,False,False,900308,900308
618408,Lalong,2761,7.212374907088052,7.212374907088052,0.0,False,False,879303,879303
177228,Borjelenga TV,152,6.284069130723619,6.284069130723619,0.0,False,False,900009,900009
1183468,U S Lakhicherra,105,14.027977511976305,14.027977511976305,0.0,False,False,879304,879304
1183473,Lalong I,2366,5.0993857977942705,5.0993857977942705,0.0,False,False,912333,912333
1328776,Barampur,514,10.925910703036271,10.925910703036271,0.0,False,False,908132,908132
1324935,Gorer Bond Pt I A,333,17.14181095972726,17.14181095972726,0.0,False,False,908132,908132
1324754,Damcherra East Tomas Punjee,702,36.21782489405343,36.21782489405343,0.0,False,False,890796,890796
61615,Badarpur  Pt II,1803,15.521380342973073,15.521380342973073,0.0,False,False,923657,923657
1324951,Subang Garden  I,1000,33.14097946249242,33.14097946249242,0.0,False,False,890796,890796
1324799,Badarpur Pt I A,1102,27.100627293280258,27.100627293280258,0.0,False,False,923657,923657
1318009,Niargam II,2182,13.09052564431732,13.09052564431732,0.0,False,False,950638,950638
66165,Borsalganga FV,676,1.4882895965406702,1.4882895965406702,0.0,False,False,900084,900084
1319336,Ratanpur,200,6.720055024208963,6.720055024208963,0.0,False,False,950638,950638
66166,Bagbahar pt II,886,24.6196676571822,24.6196676571822,0.0,False,False,958131,958131
1317289,Bagpur I,929,18.322350827000484,18.322350827000484,0.0,False,False,950638,950638
1317293,Bagpur II,500,15.901657296447672,15.901657296447672,0.0,False,False,901803,901803
1317297,Bagpur III,509,7.9208296883769505,7.9208296883769505,0.0,False,False,958136,958136
237487,Craigpark  TE,1560,25.250360059679913,25.250360059679913,0.0,False,False,964438,964438
1325012,Niz-Borkhola Pt II A,1200,5.7393465346256605,5.7393465346256605,0.0,False,False,890796,890796
1324635,Anwarpur,324,15.110788086283197,15.110788086283197,0.0,False,False,890796,890796
66167,Bagbahar pt IV,589,27.046084381334715,27.046084381334715,0.0,False,False,958131,958131
1317313,Bagpur IV,301,16.22688291950047,16.22688291950047,0.0,False,False,901803,901803
576471,Konapara TE,850,18.33647482385675,18.33647482385675,0.0,False,False,964438,964438
98755,Boroitoli I,1534,9.983854082119331,9.983854082119331,0.0,False,False,870360,870360
613659,Lailong Cheera Punjee H,61,14.787211578994082,14.787211578994082,0.0,False,False,877536,877536
376472,Gossaipur IV,1052,8.605543458680698,8.605543458680698,0.0,False,False,956218,956218
213937,Chengluti Punjee,51,26.914884491725292,26.914884491725292,0.0,False,False,877536,877536
202329,Chandighat T E,5951,1.8741682909403656,1.8741682909403656,0.0,False,False,959998,959998
318263,Durganagar IV,1711,11.295581173727863,11.295581173727863,0.0,False,False,956263,956263
318260,Durganagar I,968,6.694380838468245,6.694380838468245,0.0,False,False,956263,956263
310846,Doya Disa Punjee,224,37.357567578974304,37.357567578974304,0.0,False,False,959998,959998
433461,Indra Nagar Kasia Punjee,100,26.93568707182417,26.93568707182417,0.0,False,False,959998,959998
310872,Doyapur Grant,4202,5.179717722491553,5.179717722491553,0.0,False,False,877522,877522
318261,Durganagar II,831,8.536896650891263,8.536896650891263,0.0,False,False,956263,956263
318270,Durganagar VI,1967,2.8222599390385366,2.8222599390385366,0.0,False,False,956263,956263
318262,Durganagar III,1160,9.724489918672846,9.724489918672846,0.0,False,False,956263,956263
520240,Kashpur Bagerkona,1525,6.291476670152438,6.291476670152438,0.0,False,False,938078,938078
324970,Endo Gram T E,736,11.602492826449504,11.602492826449504,0.0,False,False,938065,938065
520241,Kashpur Grant,1544,4.801640597366233,4.801640597366233,0.0,False,False,876158,876158
376471,Gossaipur III,2586,9.205111485184188,9.205111485184188,0.0,False,False,956218,956218
520721,Kasipur I,1550,3.3654724714454027,3.3654724714454027,0.0,False,False,956218,956218
1331035,Sundari II,1952,9.104147379382677,9.104147379382677,0.0,False,False,900308,900308
1330896,Menipur I,1207,9.97589097888353,9.97589097888353,0.0,False,False,929579,929579
220584,Chibita Bichiya pt II,930,19.38584398747792,19.38584398747792,0.0,False,False,927494,927494
220589,Chibita Bichiya pt VI,1232,32.22562785101147,32.22562785101147,0.0,False,False,946234,946234
699113,Merua Grant,2611,28.922997681150893,28.922997681150893,0.0,False,False,937941,937941
1010365,Srikona Grant,6429,20.505269049453602,20.505269049453602,0.0,False,False,901325,901325
1323883,Dakhin Mohanpur VIII,1207,5.877774151523456,5.877774151523456,0.0,False,False,903867,903867
930486,Dakhin Mohanpur V,3040,10.380912712662017,10.380912712662017,0.0,False,False,903867,903867
1323933,Dhanehari I,3079,6.904044084664221,6.904044084664221,0.0,False,False,929579,929579
1330938,Ranghirghat I,1681,13.36849326739691,13.36849326739691,0.0,False,False,914520,914520
242591,Dakhin Mohanpur VII,3999,2.8552726084999254,2.8552726084999254,0.0,False,False,903867,903867
1330794,Dhanehari II,2811,5.266519099126324,5.266519099126324,0.0,False,False,929579,929579
1330806,Dhanehari III,1697,14.860887422760337,14.860887422760337,0.0,False,False,929579,929579
1330943,Ranghirghat II,1835,9.341367546936489,9.341367546936489,0.0,False,False,929411,929411
1330814,Dhonipur,3131,7.827538485546306,7.827538485546306,0.0,False,False,929411,929411
1331024,Saidpur III,1274,4.638945282340842,4.638945282340842,0.0,False,False,929579,929579
1331025,Saidpur IV,3347,9.831839675788526,9.831839675788526,0.0,False,False,929579,929579
1331043,Uttar Krishnapur Pt I,2100,5.32224645097712,5.32224645097712,0.0,False,False,929579,929579
1331044,Uttar Krishnapur II,3046,5.622924702331077,5.622924702331077,0.0,False,False,929579,929579
1331046,Uttar Krishnapur III,4000,1.1467668987413697,1.1467668987413697,0.0,False,False,937941,937941
1331047,Uttar Krishnapur IV,1810,9.427047141966712,9.427047141966712,0.0,False,False,929579,929579
1033853,Tarapur Pt III,1754,14.236233072971482,14.236233072971482,0.0,False,False,917873,917873
31530,Ambicapur Pt IV,1725,14.308853365359301,14.308853365359301,0.0,False,False,937941,937941
31537,Ambicapur Pt X,14283,10.238586193427349,10.238586193427349,0.0,False,False,917873,917873
101798,Barenga Pt V,2289,10.977345337556383,10.977345337556383,0.0,False,False,956218,956218
1056123,Tikalpar Basti,1667,11.33984117093491,11.33984117093491,0.0,False,False,876158,876158
741386,Nagadum August Nagar,612,12.812405516416149,12.812405516416149,0.0,False,False,877541,877541
220585,Chibita Bichiya pt III,183,7.623578132412801,7.623578132412801,0.0,False,False,927494,927494
787101,Niz Chalta,1801,20.608072402163785,20.608072402163785,0.0,False,False,937941,937941
104552,Dakshin Mohanpur Pt II,1427,19.459311339152936,19.459311339152936,0.0,False,False,929411,929411
242600,Bourikandi II,1418,7.856100346157604,7.856100346157604,0.0,False,False,907956,907956
31533,Ambicapur Pt V,641,2.993236639036542,2.993236639036542,0.0,False,False,937941,937941
1330825,Govinda Nagar Pt I,1494,10.861306702964814,10.861306702964814,0.0,False,False,914520,914520
1033863,Tarapur Pt VI,8753,16.749132046980876,16.749132046980876,0.0,False,False,901325,901325
1033864,Tarapur VII,6977,11.208134200306061,11.208134200306061,0.0,False,False,901325,901325
1033865,Tarapur VIII,2532,15.633734562061399,15.633734562061399,0.0,False,False,901325,901325
1327178,Ambicapur Pt V A,258,9.833333085135274,9.833333085135274,0.0,False,False,937941,937941
126268,Berenga Pt I,2372,5.878431540939497,5.878431540939497,0.0,False,False,965433,965433
1327190,Berenga Pt II A,1259,4.517694489724333,4.517694489724333,0.0,False,False,965433,965433
72692,Bajantipur Pt I,681,13.443488797452133,13.443488797452133,0.0,False,False,917873,917873
101796,Barenga Pt III,4125,19.414357099353644,19.414357099353644,0.0,False,False,956218,956218
101797,Barenga Pt IV,3031,13.909632510389136,13.909632510389136,0.0,False,False,956218,956218
1334076,Laboc Grant,6432,0.9617942765769008,0.9617942765769008,0.0,False,False,963176,963176
1321236,Pasgasartol,475,9.315572007820876,9.315572007820876,0.0,False,False,960725,960725
590195,Krishnapur,1429,2.8582943203674356,2.8582943203674356,0.0,False,False,901325,901325
1010245,Sridharpur,787,31.055561683303722,31.055561683303722,0.0,False,False,901325,901325
926766,Roypur,832,7.045179612379229,7.045179612379229,0.0,False,False,901325,901325
1334080,Salamatpur Pt I,144,16.92213916367325,16.92213916367325,0.0,False,False,963183,963183
1321240,Tipaigram,500,16.40737838241345,16.40737838241345,0.0,False,False,960725,960725
1334192,Sonpur,287,18.609329389220843,18.609329389220843,0.0,False,False,885520,885520
1321319,Krishnapur I,1000,4.383593643287132,4.383593643287132,0.0,False,False,901325,901325
1334085,Lalang Grant,7181,4.46613790269245,4.46613790269245,0.0,False,False,963180,963180
1334193,Doloichera,328,12.589338246969845,12.589338246969845,0.0,False,False,885520,885520
1334198,Durganagar,731,20.166374711791626,20.166374711791626,0.0,False,False,885520,885520
1015365,Suktala,2852,6.998453655579377,6.998453655579377,0.0,False,False,959182,959182
870228,Punichourkhi,52,17.96572438040633,17.96572438040633,0.0,False,False,900308,900308
741469,Nagakhal,1202,8.069697186360752,8.069697186360752,0.0,False,False,959180,959180
45869,Arjanpur,779,7.827961463235283,7.827961463235283,0.0,False,False,899998,899998
318365,Durgapur,2038,22.697919145291447,22.697919145291447,0.0,False,False,890796,890796
1334139,Jaipur Grant Pt I,250,17.04495357331777,17.04495357331777,0.0,False,False,963183,963183
1334200,Dikcha Grant,389,8.631667960363735,8.631667960363735,0.0,False,False,963173,963173
1334206,Digli Chur Punji,250,32.265272616451725,32.265272616451725,0.0,False,False,963173,963173
1334207,U.S. Durga Nagar,106,9.844518342402312,9.844518342402312,0.0,False,False,963173,963173
1334212,U.S. Diglang Punji,1405,31.579492620302638,31.579492620302638,0.0,False,False,963173,963173
1334335,Molong Pt II,684,8.058637552638656,8.058637552638656,0.0,False,False,885520,885520
1334355,Uttar Doloichara,1100,12.357352347612824,12.357352347612824,0.0,False,False,885520,885520
1334362,Boro Kumbi,35,18.39511645099091,18.39511645099091,0.0,False,False,885520,885520
251941,Darmikhal TV,107,7.687645723483068,7.687645723483068,0.0,False,False,959180,959180
158968,Bhutankhal II,653,11.216781843313962,11.216781843313962,0.0,False,False,959180,959180
343221,Ganganagar XII,712,18.690252770481763,18.690252770481763,0.0,False,False,959180,959180
343211,Ganganagar II,720,5.498134286821973,5.498134286821973,0.0,False,False,900308,900308
268554,Dhalakhal FV,691,31.782727720555663,31.782727720555663,0.0,False,False,959180,959180
1046066,Thankimnagar II,732,16.18730872479324,16.18730872479324,0.0,False,False,900308,900308
903441,Rammanikpur,1743,4.514331961657906,4.514331961657906,0.0,False,False,959180,959180
508820,Kaptanpur Grant,963,11.510645419823117,11.510645419823117,0.0,False,False,959180,959180
343212,Ganganagar III,801,22.606077918017906,22.606077918017906,0.0,False,False,900308,900308
156072,Bhubanhill FV,477,27.66688805492008,27.66688805492008,0.0,False,False,900308,900308
927901,Rukni Pt IV,2345,5.697739149699057,5.697739149699057,0.0,False,False,900323,900323
343217,Ganganagar VII,1176,20.237981482057958,20.237981482057958,0.0,False,False,900308,900308
1001865,Smith Nagar II,802,13.306321864776756,13.306321864776756,0.0,False,False,959180,959180
26484,Ellenpur TE,3018,15.890581027008903,15.890581027008903,0.0,False,False,900036,900036
1046067,Thankimnagar III,246,23.675564337448193,23.675564337448193,0.0,False,False,900323,900323
1010366,Srikona I,3217,19.02102679877705,19.02102679877705,0.0,False,False,901325,901325
104535,Tyrekhal,578,inf,inf,,False,True,-1,-1
561299,Khulicherra Misupunji,737,11.0289707998495,11.0289707998495,0.0,False,False,900003,900003
483367,Kajidhar III,3706,7.05106161188961,7.05106161188961,0.0,False,False,900031,900031
454679,Jarailtala FV,1138,15.96729566050796,15.96729566050796,0.0,False,False,900007,900007
1324191,Karkat basti FV,1128,23.1007621940056,23.1007621940056,0.0,False,False,900007,900007
1321446,Clever house II,1783,11.151211655063143,11.151211655063143,0.0,False,False,900031,900031
743304,Nagdhirgram Part II,988,3.5272254325494377,3.5272254325494377,0.0,False,False,900031,900031
613650,Lailapur,885,6.109128593798792,6.109128593798792,0.0,False,False,900003,900003
892868,Rajghat,4709,10.341640470976104,10.341640470976104,0.0,False,False,900003,900003
956321,Sarashpur,386,16.935202812516085,16.935202812516085,0.0,False,False,899998,899998
1324468,Panibhora,1144,6.15292614100993,6.15292614100993,0.0,False,False,899998,899998
763935,Narsingpur Part III,1885,8.29292974741483,8.29292974741483,0.0,False,False,900326,900326
618410,Lalong IIIA,742,8.014088133643046,8.014088133643046,0.0,False,False,912333,912333
904549,Ramprosad pur F V,640,4.742353681311917,4.742353681311917,0.0,False,False,899998,899998
611233,Laboc par  VI,1029,7.7486308809360755,7.7486308809360755,0.0,False,False,912333,912333
26855,Alney Grant,408,15.796782801620902,15.796782801620902,0.0,False,False,879303,879303
1323663,Baite Punji,266,22.06192266578649,22.06192266578649,0.0,False,False,879304,879304
69983,Bahadurpur TE,512,22.882010070475822,22.882010070475822,0.0,False,False,879304,879304
618412,Lalong II,2673,7.174643282986876,7.174643282986876,0.0,False,False,912333,912333
614949,Lakhi Nagar II,290,32.905716232537614,32.905716232537614,0.0,False,False,879304,879304
656450,Makhon Nagar,764,14.827095107204542,14.827095107204542,0.0,False,False,879304,879304
902302,Ramgaijang,926,10.981754004625719,10.981754004625719,0.0,False,False,879304,879304
765309,Nath Para,760,25.069308660681592,25.069308660681592,0.0,False,False,879304,879304
1076438,Upper Labon Khal,691,15.886105226168038,15.886105226168038,0.0,False,False,879304,879304
618468,Lalpani Part III,1211,18.162850599955604,18.162850599955604,0.0,False,False,879304,879304
439382,Jagadishpur III,808,16.575510268148488,16.575510268148488,0.0,False,False,966003,966003
1323537,Bagkhal Manipuri Basti,100,16.525023240268304,16.525023240268304,0.0,False,False,879304,879304
1318970,Telitikar II,1638,14.50148432369654,14.50148432369654,0.0,False,False,966003,966003
408647,Harinagar  IV,825,14.832973359346477,14.832973359346477,0.0,False,False,966003,966003
988151,Sibpur  III,496,6.804324129200934,6.804324129200934,0.0,False,False,912333,912333
345035,Ganirgram  II,1093,19.7587165970619,19.7587165970619,0.0,False,False,901325,901325
364046,Gobindapur  III,3392,15.748372905503,15.748372905503,0.0,False,False,966483,966483
408644,Harinagar  I,1517,14.723099880541822,14.723099880541822,0.0,False,False,966003,966003
409715,Haritikar II,2192,19.074050613840775,19.074050613840775,0.0,False,False,966003,966003
439383,Jagadishpur IV,1608,14.62534244023432,14.62534244023432,0.0,False,False,966003,966003
995818,Singhura,722,8.907009259072762,8.907009259072762,0.0,False,False,900003,900003
787149,Niz Lakhipur III,1674,17.95772270459826,17.95772270459826,0.0,False,False,879303,879303
228531,Chiripar Pt I,1225,13.80330408964928,13.80330408964928,0.0,False,False,879303,879303
261310,Derby TE,4557,3.5960593527531093,3.5960593527531093,0.0,False,False,900036,900036
614974,Lakhichara punji,286,4.059540215625192,4.059540215625192,0.0,False,False,870360,870360
300480,Digar Mahadevpur,284,5.34126867176847,5.34126867176847,0.0,False,False,870357,870357
114988,Batulmara,565,15.635122386034487,15.635122386034487,0.0,False,False,870357,870357
186831,Burunga  II,1422,16.857933379919807,16.857933379919807,0.0,False,False,964431,964431
455705,Jarultala,2157,9.724380523800159,9.724380523800159,0.0,False,False,890796,890796
142580,Bhatgram,1154,16.91764696440745,16.91764696440745,0.0,False,False,964438,964438
554449,Khelma VII,2565,1.9945464898034602,1.9945464898034602,0.0,False,False,964438,964438
374021,Goragram,2005,5.783215147956561,5.783215147956561,0.0,False,False,964431,964431
195685,Chaligaon,1837,15.737353238627161,15.737353238627161,0.0,False,False,964438,964438
509077,Karabala grant,218,10.75524538222084,10.75524538222084,0.0,False,False,870357,870357
315995,Dhumkar,2292,3.153411382072121,3.153411382072121,0.0,False,False,870360,870360
779812,New Malidhar,77,10.662965317519351,10.662965317519351,0.0,False,False,964438,964438
384351,Gumra Grant,686,13.623144139282008,13.623144139282008,0.0,False,False,870357,870357
576470,Konapara M Punji,244,15.289369096500135,15.289369096500135,0.0,False,False,964438,964438
644737,Mahadevpur I,1185,3.865843184057839,3.865843184057839,0.0,False,False,870357,870357
237488,Craigpark K punji,305,16.915146734714384,16.915146734714384,0.0,False,False,964438,964438
607392,Kushiarkul,618,4.464278580983985,4.464278580983985,0.0,False,False,870357,870357
644741,Mahadevpur IV,832,21.756329201874077,21.756329201874077,0.0,False,False,964438,964438
786369,Nischintapur,890,10.603420724101657,10.603420724101657,0.0,False,False,870357,870357
974481,Sewti  IV,1439,inf,inf,,False,True,-1,-1
925313,Rongpur,1212,9.56657080020788,9.56657080020788,0.0,False,False,870357,870357
246130,Damcheera,101,28.51600295993882,28.51600295993882,0.0,False,False,890796,890796
787130,Niz Jalalpur  I,1808,23.879137491183048,23.879137491183048,0.0,False,False,870357,870357
1029224,Telkar Grant,3035,3.015783179318272,3.015783179318272,0.0,False,False,964438,964438
313473,Dudpatil Pt IV,2717,29.700279068629914,29.700279068629914,0.0,False,False,923657,923657
87915,Bandarkhal Punjee,226,27.401735556641313,27.401735556641313,0.0,False,False,890796,890796
419106,Heairbond Pt I,856,12.462504012327422,12.462504012327422,0.0,False,False,964431,964431
307326,Dalu gram,713,19.67465755873585,19.67465755873585,0.0,False,False,890796,890796
317902,Durbin Tillah Punjee,174,31.918801296978337,31.918801296978337,0.0,False,False,890796,890796
313466,Dudpatil Pt I,929,24.201246652703457,24.201246652703457,0.0,False,False,923657,923657
548992,Kharil Bagicha,1140,11.139765225453928,11.139765225453928,0.0,False,False,923657,923657
712077,Moinacheera,472,37.72792802803899,37.72792802803899,0.0,False,False,890796,890796
489042,Kalinagar garden,812,inf,inf,,False,True,-1,-1
683649,Masimpur Pt  I,1873,22.981445521794498,22.981445521794498,0.0,False,False,923657,923657
72937,Baikunhtapur  TE,1263,12.157811704725848,12.157811704725848,0.0,False,False,870360,870360
173928,Bombaital punji,48,10.20829440377172,10.20829440377172,0.0,False,False,964438,964438
489956,Kalinagar Pt II,626,7.054797913603749,7.054797913603749,0.0,False,False,923657,923657
524747,Katirail TE,1254,8.566981978941334,8.566981978941334,0.0,False,False,870360,870360
698151,Menampunji,366,23.413027785941832,23.413027785941832,0.0,False,False,964438,964438
1033801,Tarapur I,2996,4.805922587208738,4.805922587208738,0.0,False,False,870360,870360
994157,Sindura II,850,8.598280269738602,8.598280269738602,0.0,False,False,870360,870360
313470,Dudpatil  PT VIII,919,3.241922023875937,3.241922023875937,0.0,False,False,908132,908132
937299,Saidpur I,950,40.508796201390965,40.508796201390965,0.0,False,False,870360,870360
508834,Kaptanpur PT XVII,155,22.768685733477856,22.768685733477856,0.0,False,False,861636,861636
166026,Binnakandi VII,2000,3.189473149996692,3.189473149996692,0.0,False,False,914520,914520
310825,Dowerbond Grant,3185,9.293284962083828,9.293284962083828,0.0,False,False,902085,902085
779412,New Bagbahar FV,1585,55.022605931323426,55.022605931323426,0.0,False,False,958131,958131
508824,Kaptanpur PT IX,1159,8.397221376173533,8.397221376173533,0.0,False,False,861636,861636
520335,Lowerbond grant,1036,28.819418928823076,28.819418928823076,0.0,False,False,958131,958131
202192,Chandikhal F.V.,169,77.84041430479509,77.84041430479509,0.0,False,False,959180,959180
991464,Taranathpur Pt I,1364,17.201950118102737,17.201950118102737,0.0,False,False,900084,900084
995960,Singerbond PT II,2251,29.167102979440934,29.167102979440934,0.0,False,False,861636,861636
214037,Chenjur Grant,1546,17.31055853818709,17.31055853818709,0.0,False,False,903867,903867
988154,Sibpur PT I,1241,30.861434562765034,30.861434562765034,0.0,False,False,861636,861636
171129,Boali Grant,2876,9.268564019670153,9.268564019670153,0.0,False,False,914520,914520
508825,Kaptanpur PT V,1186,1.7693447085901037,1.7693447085901037,0.0,False,False,861636,861636
508835,Kaptanpur PT XVIII,3759,29.848834801792194,29.848834801792194,0.0,False,False,861636,861636
177632,Boromamda Grant,1770,33.13434222110388,33.13434222110388,0.0,False,False,861636,861636
233506,Chotomamda T.E.,4150,7.158528668072579,7.158528668072579,0.0,False,False,861636,861636
988155,Sibpur PT II,1438,29.4658690358628,29.4658690358628,0.0,False,False,861636,861636
615059,Lakhipur Grant,2222,7.4641771554734015,7.4641771554734015,0.0,False,False,861636,861636
995961,Singerbond PT III,2097,27.35814516048627,27.35814516048627,0.0,False,False,861636,861636
626301,Lilien pur,156,12.526962274070348,12.526962274070348,0.0,False,False,879303,879303
995962,Singerbond PT V,2289,19.01717882346173,19.01717882346173,0.0,False,False,861636,861636
995041,singerbond PT IV,4198,27.54550793179981,27.54550793179981,0.0,False,False,861636,861636
995959,Singerbond PT I,458,31.705841410922822,31.705841410922822,0.0,False,False,861636,861636
233504,Bagbahar pt I,862,18.198921133397022,18.198921133397022,0.0,False,False,958131,958131
872672,Purandhar  Pur,1223,11.406922526235814,11.406922526235814,0.0,False,False,890796,890796
1017112,Suna cheera Grant,520,54.94989953309127,54.94989953309127,0.0,False,False,890796,890796
632789,Gopinathpur TE,577,25.655123757900547,25.655123757900547,0.0,False,False,900036,900036
1017126,Sunacheera Grant,771,28.42798078478932,28.42798078478932,0.0,False,False,964431,964431
373309,Gopinath pur Khasiapunji,175,18.1487205517515,18.1487205517515,0.0,False,False,900036,900036
1070505,Ujan gram,2341,13.459232933253663,13.459232933253663,0.0,False,False,890796,890796
632790,Lowerbond,418,23.537407686079128,23.537407686079128,0.0,False,False,958131,958131
300284,Diderkush Grant,4913,12.949569804575777,12.949569804575777,0.0,False,False,903867,903867
378381,Gobindapur Pt III,2820,5.041298318819248,5.041298318819248,0.0,False,False,901803,901803
1058013,Tilka grant,1674,13.552787193618126,13.552787193618126,0.0,False,False,861636,861636
64649,Badripar Pt V,1624,26.752569537650473,26.752569537650473,0.0,False,False,950638,950638
674160,Manipur Pt II A,899,4.574900101736052,4.574900101736052,0.0,False,False,958136,958136
674161,Manipur Pt II B,899,6.348797878880732,6.348797878880732,0.0,False,False,958136,958136
137654,Bhangarpar V,752,9.39452650638193,9.39452650638193,0.0,False,False,960725,960725
433514,Indragarh block,585,47.284676072227974,47.284676072227974,0.0,False,False,937941,937941
524621,Niz Katigorah II,2437,1.5803210736994744,1.5803210736994744,0.0,False,False,966003,966003
1004824,Sonacheera pt III,105,33.88240081675536,33.88240081675536,0.0,False,False,958131,958131
64645,Badripar Pt II,568,12.515671398122556,12.515671398122556,0.0,False,False,950638,950638
167304,Biribail I,1785,15.187469888171856,15.187469888171856,0.0,False,False,901325,901325
942469,Salgongapar,1207,1.84559989713823,1.84559989713823,0.0,False,False,876158,876158
1334187,Chirirpar Kachari Punji,391,23.102303216119324,23.102303216119324,0.0,False,False,885520,885520
1334242,Kalinagar Pt II,255,27.760777388336905,27.760777388336905,0.0,False,False,885520,885520
64646,Badripar Pt III,1650,24.173796451410237,24.173796451410237,0.0,False,False,950638,950638
1328322,Durganagar IX,2356,10.554218760566178,10.554218760566178,0.0,False,False,956263,956263
1328367,Chandi Ghat III,1348,3.506228340282984,3.506228340282984,0.0,False,False,938078,938078
1328454,Larsingpar I,1435,12.841688116052985,12.841688116052985,0.0,False,False,956137,956137
1328550,Digor Khaspur,570,4.130914774413581,4.130914774413581,0.0,False,False,876158,876158
622266,Latigram Grant,1118,12.853108891161964,12.853108891161964,0.0,False,False,877522,877522
1328563,Majer Gram,257,3.1815965948682057,3.1815965948682057,0.0,False,False,877522,877522
645769,Mahammadpur,211,14.716760845368626,14.716760845368626,0.0,False,False,876158,876158
1328669,Guabari,715,21.610447276347784,21.610447276347784,0.0,False,False,876158,876158
773575,Nagadung Budharbond,1317,16.56640091834938,16.56640091834938,0.0,False,False,959998,959998
1328713,Kumbha TE,4292,2.8910558625551728,2.8910558625551728,0.0,False,False,938065,938065
1035592,TataiCheera TE,245,26.965445005322273,26.965445005322273,0.0,False,False,877536,877536
1327653,Rongpur V,1456,20.734642697781574,20.734642697781574,0.0,False,False,956218,956218
1327838,Chappanahal Grant,1004,0.9448950583718599,0.9448950583718599,0.0,False,False,877557,877557
1328250,Durganagar VIII,564,3.3730085202033178,3.3730085202033178,0.0,False,False,877557,877557
1328763,Weebok Punji,5,11.218163236199807,11.218163236199807,0.0,False,False,877536,877536
1328767,Salgongapar I,1236,7.199259954634995,7.199259954634995,0.0,False,False,876158,876158
1332073,Gangapur,483,26.664785885721905,26.664785885721905,0.0,False,False,927494,927494
1332091,Rosekandi Grant pt I,741,7.687773635127076,7.687773635127076,0.0,False,False,946234,946234
1332092,Rosekandi Grant pt II,1000,5.2975828898676545,5.2975828898676545,0.0,False,False,902085,902085
1332093,Rosekandi Grant pt II,500,13.030075362475763,13.030075362475763,0.0,False,False,902085,902085
1332094,Rosekandi Grant pt II,600,18.925405619748837,18.925405619748837,0.0,False,False,902085,902085
1331049,Dungripar I,2462,5.2079804651841535,5.2079804651841535,0.0,False,False,929411,929411
1331051,Dungripar II,1466,18.3376695603872,18.3376695603872,0.0,False,False,929411,929411
1331052,Kaptanpur XIII,1064,13.65162580720078,13.65162580720078,0.0,False,False,929411,929411
1331054,Didarkush IV,2015,7.119660644253921,7.119660644253921,0.0,False,False,900308,900308
1331055,Sonabari Ghat I A,1653,3.36677681899799,3.36677681899799,0.0,False,False,929579,929579
1331056,Saidpur I A,305,4.958288356848919,4.958288356848919,0.0,False,False,929579,929579
1331058,Uttar Krishnapur Pt I A,3000,5.594385842521594,5.594385842521594,0.0,False,False,929579,929579
1334211,Diglang Punji,205,49.5834596768638,49.5834596768638,0.0,False,False,885520,885520
1334217,Laboc D,1000,4.083200436753334,4.083200436753334,0.0,False,False,963176,963176
1334221,Thailu Chabagicha C,290,10.461478948787267,10.461478948787267,0.0,False,False,963183,963183
1334225,Joypur Pt III-A,260,17.925679480525606,17.925679480525606,0.0,False,False,885528,885528
1334231,Joypur Pt-IV-A,502,22.472815789574252,22.472815789574252,0.0,False,False,885528,885528
1334239,Baladhan Grant-A,506,3.0123641194379003,3.0123641194379003,0.0,False,False,963173,963173
1334248,US Dharmnagar,662,9.645585835747243,9.645585835747243,0.0,False,False,885520,885520
1334249,Laboc C,553,5.540810678713673,5.540810678713673,0.0,False,False,885687,885687
819105,Pangram III,3636,8.52035733462884,8.52035733462884,0.0,False,False,956263,956263
439193,Jaffir Bond I,1139,13.789129505886159,13.789129505886159,0.0,False,False,956263,956263
687011,Mati Cheera T E,424,25.87026284939795,25.87026284939795,0.0,False,False,877536,877536
613660,Lailong Cheera Punjee K,268,11.854641274825916,11.854641274825916,0.0,False,False,877536,877536
213787,Chengduar pt III,1014,29.05946265514965,29.05946265514965,0.0,False,False,927494,927494
621427,Larsingpar Grant,2291,5.840964392835861,5.840964392835861,0.0,False,False,956137,956137
690540,Mazirgram Basti,307,14.505285056496962,14.505285056496962,0.0,False,False,876158,876158
925197,Rongpur II,2145,5.245036696326884,5.245036696326884,0.0,False,False,956218,956218
914745,Ratanpur,245,16.100863127484118,16.100863127484118,0.0,False,False,959998,959998
213894,Chengduar pt I,648,31.21574862025115,31.21574862025115,0.0,False,False,927494,927494
925198,Rongpur III,1254,15.154028138782287,15.154028138782287,0.0,False,False,956218,956218
220592,Chibita Bichiya pt X,105,15.950411771807303,15.950411771807303,0.0,False,False,927494,927494
220583,Chibita Bichiya pt I,862,24.707576995123578,24.707576995123578,0.0,False,False,946234,946234
297387,Dakhin Mohanpur IV,286,16.272118999428525,16.272118999428525,0.0,False,False,907956,907956
268845,Dhamalia,1997,11.163893600615957,11.163893600615957,0.0,False,False,929579,929579
453183,Dakhin Mohanpur I,2421,3.5536882219874406,3.5536882219874406,0.0,False,False,929411,929411
430095,Icha Cheera TE,480,8.129787269180987,8.129787269180987,0.0,False,False,877536,877536
318269,Durganagar V,6695,1.7611658150342757,1.7611658150342757,0.0,False,False,956263,956263
925196,Rongpur I,2743,7.020591549940512,7.020591549940512,0.0,False,False,956152,956152
376473,Gossaipur V,1410,7.784203603417352,7.784203603417352,0.0,False,False,956263,956263
622267,Latigram,2513,10.779324455563879,10.779324455563879,0.0,False,False,956263,956263
386219,Guntibari T E,928,26.91165339656442,26.91165339656442,0.0,False,False,877536,877536
819104,Pangram II,1870,3.5250376927871407,3.5250376927871407,0.0,False,False,956263,956263
391833,Haibong Punjee,71,6.422706184285346,6.422706184285346,0.0,False,False,938065,938065
90949,Banglaghat Grant,374,inf,inf,,False,True,-1,-1
433460,Indra Nagar II,570,17.52770452091551,17.52770452091551,0.0,False,False,959998,959998
220590,Chibita Bichiya pt VII,1401,22.75121841590434,22.75121841590434,0.0,False,False,946234,946234
270939,Dakhin Mohanpur III,546,15.157414800384307,15.157414800384307,0.0,False,False,907956,907956
1330837,Jangerbali,2935,14.21971502874095,14.21971502874095,0.0,False,False,929411,929411
500291,Kanchanpur,400,20.63462030104905,20.63462030104905,0.0,False,False,937941,937941
836900,Patharigram,1489,26.208081885268996,26.208081885268996,0.0,False,False,901325,901325
1033851,Tarapur Pt I,52,7.328046195018633,7.328046195018633,0.0,False,False,901325,901325
137650,Bhangarpar I,2328,9.564833506970974,9.564833506970974,0.0,False,False,960725,960725
203275,Chandpur III,1887,12.353488917008388,12.353488917008388,0.0,False,False,901325,901325
137652,Bhangarpar III,204,10.645107776230457,10.645107776230457,0.0,False,False,960725,960725
673780,Manikpur,1200,16.581606948608787,16.581606948608787,0.0,False,False,901325,901325
186197,Buribail II,2229,19.925332616076727,19.925332616076727,0.0,False,False,901325,901325
203277,Chandpur IV,1780,17.05367351601968,17.05367351601968,0.0,False,False,901325,901325
1334181,Langlachera Pt I,605,18.878274048418593,18.878274048418593,0.0,False,False,963183,963183
203322,Chandpur V,825,22.244950619101434,22.244950619101434,0.0,False,False,901325,901325
785783,Nischintapur,1392,20.136916525827754,20.136916525827754,0.0,False,False,901325,901325
311564,Dubag,943,5.160213749049772,5.160213749049772,0.0,False,False,901325,901325
865616,Pratapipara,400,12.03979785223642,12.03979785223642,0.0,False,False,901325,901325
787390,Nizjoynagar,1500,5.1160734669942025,5.1160734669942025,0.0,False,False,901325,901325
1070526,Ujangram,1995,3.39133168282848,3.39133168282848,0.0,False,False,901325,901325
1334182,Langlachera Pt II,311,11.802359689837985,11.802359689837985,0.0,False,False,963183,963183
1010367,Srikona II,2000,20.796555745378363,20.796555745378363,0.0,False,False,901325,901325
1334188,Sibnagar,96,20.7202780746539,20.7202780746539,0.0,False,False,885520,885520
1070527,Ujangram pt I,846,4.198053182917176,4.198053182917176,0.0,False,False,901325,901325
1334183,Joypur Pt IV,860,17.53316296234882,17.53316296234882,0.0,False,False,885528,885528
1334189,Kanakpur Pt V,127,16.178431519058318,16.178431519058318,0.0,False,False,885528,885528
1331034,Sundari I,1605,10.836033654028483,10.836033654028483,0.0,False,False,907956,907956
1331036,Sundari III,1032,11.731103059092293,11.731103059092293,0.0,False,False,907956,907956
1331037,Sundari IV,1480,7.2738358011769435,7.2738358011769435,0.0,False,False,900326,900326
81374,Balighat,2765,4.645347071061745,4.645347071061745,0.0,False,False,901325,901325
31536,Ambicapur Pt VIII,11691,5.157476059709571,5.157476059709571,0.0,False,False,917873,917873
1334194,Kanakpur Pt III,3100,11.812831387810403,11.812831387810403,0.0,False,False,885520,885520
126269,Berenga Pt II,3094,2.077437987599119,2.077437987599119,0.0,False,False,965419,965419
442663,Jaifarpur,2520,13.335347143058812,13.335347143058812,0.0,False,False,937941,937941
133238,Bhairabnagar,2703,5.617423435404431,5.617423435404431,0.0,False,False,901325,901325
499296,Kanakpur I,1674,7.1531377255409865,7.1531377255409865,0.0,False,False,917873,917873
1334195,Kanakpur Pt II,633,8.691050272154758,8.691050272154758,0.0,False,False,885528,885528
499297,Kanakpur Pt II,9519,5.934567231356096,5.934567231356096,0.0,False,False,965433,965433
186198,Buribail part,875,30.39809620190864,30.39809620190864,0.0,False,False,901325,901325
1334246,Mahalthal,402,26.626470832555274,26.626470832555274,0.0,False,False,885520,885520
1334267,Ngtei,93,21.495464093291254,21.495464093291254,0.0,False,False,885520,885520
1334272,Dipuchera,419,18.591258351612808,18.591258351612808,0.0,False,False,885520,885520
1334273,Molong Punji,530,17.629209097297824,17.629209097297824,0.0,False,False,885520,885520
1334278,Choto Tulpi Punji,82,32.13845549810227,32.13845549810227,0.0,False,False,885520,885520
1334306,Naithang Punji,330,14.447048385372982,14.447048385372982,0.0,False,False,885520,885520
1334309,Harinagar Khasia Punji,342,9.053677046816603,9.053677046816603,0.0,False,False,885520,885520
1334310,U.S. Harinagar,334,7.178420562417111,7.178420562417111,0.0,False,False,885520,885520
1334313,Harinagar,820,5.888313814143631,5.888313814143631,0.0,False,False,885520,885520
1334319,Molong Pt I,749,3.157193407462896,3.157193407462896,0.0,False,False,885520,885520
1334320,Paschim Dikcha,865,4.0480751530212835,4.0480751530212835,0.0,False,False,885520,885520
1334324,Chatridoyal Charatdagal,1587,8.37204848911449,8.37204848911449,0.0,False,False,885520,885520
1334325,Pahelpur,266,3.2485334449216365,3.2485334449216365,0.0,False,False,885520,885520
1334326,Dharamnagar,431,6.152002802707811,6.152002802707811,0.0,False,False,885520,885520
1334332,Paschim Mutrachara,707,9.791193001899904,9.791193001899904,0.0,False,False,885520,885520
761615,Narayanpur A and B,2063,14.607941245914143,14.607941245914143,0.0,False,False,900007,900007
300285,Diderkush I,1868,18.030360044221347,18.030360044221347,0.0,False,False,900308,900308
343222,Ganganagar XIII,601,12.60909859033069,12.60909859033069,0.0,False,False,900308,900308
927899,Rukni II,2511,0.5282025951533302,0.5282025951533302,0.0,False,False,900326,900326
470924,Jorkhal,392,15.6620255134135,15.6620255134135,0.0,False,False,959180,959180
106233,Barman Nagar,62,1.8143046962106957,1.8143046962106957,0.0,False,False,900323,900323
66690,Bagewallah FV,926,16.40596155175384,16.40596155175384,0.0,False,False,900003,900003
156062,Bhubandhar II,3561,7.7035867274100305,7.7035867274100305,0.0,False,False,959185,959185
174833,Bongram,3294,7.222003433735382,7.222003433735382,0.0,False,False,899998,899998
233356,Choto Salganga,542,13.68280837914941,13.68280837914941,0.0,False,False,900031,900031
177232,Borjelenga X,1220,5.80514590370545,5.80514590370545,0.0,False,False,900036,900036
331223,French Nagar F V,450,10.694441910584173,10.694441910584173,0.0,False,False,900003,900003
233357,Choto Salganga TV,455,12.161578141675198,12.161578141675198,0.0,False,False,900009,900009
418103,Hawaithang,3402,2.347641823507785,2.347641823507785,0.0,False,False,900003,900003
237007,Clever House I,1630,6.033102207971957,6.033102207971957,0.0,False,False,900036,900036
367071,Gojalghat,963,18.206215696040626,18.206215696040626,0.0,False,False,899998,899998
529311,Kazidhar,3467,19.78522341239481,19.78522341239481,0.0,False,False,900031,900031
388256,Gurudayal pur,530,31.81804082540001,31.81804082540001,0.0,False,False,899998,899998
435721,Islamabad,3739,7.146260679208284,7.146260679208284,0.0,False,False,899998,899998
388257,Gurudayal pur F V,476,31.35832799764397,31.35832799764397,0.0,False,False,899998,899998
301183,Digor Fulertal Part II,654,9.141117099285267,9.141117099285267,0.0,False,False,912333,912333
520238,Kashpur,1240,11.169219056523719,11.169219056523719,0.0,False,False,899998,899998
486551,Kalam Punjee,873,29.247194137630288,29.247194137630288,0.0,False,False,879304,879304
743303,Nagdhirgram IV,1917,13.137231118361779,13.137231118361779,0.0,False,False,900326,900326
466173,Jigrihat TE IB,1920,0.7753331333017041,0.7753331333017041,0.0,False,False,879304,879304
763933,Narsingpur part I,2464,3.9565547405900654,3.9565547405900654,0.0,False,False,900031,900031
507844,Kapakhal F.V,507,33.45843600674971,33.45843600674971,0.0,False,False,879304,879304
466829,Jirighat  Tea  Garden II,2510,7.967604154156722,7.967604154156722,0.0,False,False,879304,879304
611234,Laboc Par I A,1028,5.893431013918453,5.893431013918453,0.0,False,False,912333,912333
611228,Laboc par  IB,1028,7.940367950723067,7.940367950723067,0.0,False,False,912333,912333
611229,Laboc par  II,1177,16.44226704995075,16.44226704995075,0.0,False,False,912333,912333
614948,Lakhi Nagar I,1294,24.646943528055107,24.646943528055107,0.0,False,False,879304,879304
614972,Lakhicheera I,2260,35.23530472287251,35.23530472287251,0.0,False,False,879304,879304
1334342,Kumachara,308,8.161846085047232,8.161846085047232,0.0,False,False,885520,885520
97137,Barabak I,1035,9.358159199721321,9.358159199721321,0.0,False,False,900031,900031
158967,Bhutankhal I,270,7.830414194668584,7.830414194668584,0.0,False,False,900323,900323
300286,Diderkush II,1406,13.801551882977702,13.801551882977702,0.0,False,False,900308,900308
213034,Chekarcham FV,442,27.84035590309899,27.84035590309899,0.0,False,False,959180,959180
486337,Kalakhal,357,15.160593156055398,15.160593156055398,0.0,False,False,959180,959180
314464,Dulamgram,1094,12.591311874978201,12.591311874978201,0.0,False,False,899998,899998
391030,Hadama,376,32.054912851218226,32.054912851218226,0.0,False,False,900007,900007
125873,Berabak III,1448,13.225969305644107,13.225969305644107,0.0,False,False,929411,929411
177233,BorjelengaXI,1074,10.119236125281986,10.119236125281986,0.0,False,False,900036,900036
237008,Clever House III,1165,16.657696561830484,16.657696561830484,0.0,False,False,900036,900036
466830,Jirighat TE  IA,1921,5.317078152048812,5.317078152048812,0.0,False,False,879304,879304
417148,Hatimara,455,52.70717490001895,52.70717490001895,0.0,False,False,900084,900084
483061,Kajal Basti,872,9.543477890781077,9.543477890781077,0.0,False,False,879304,879304
1323677,Santipur,221,19.38742667967543,19.38742667967543,0.0,False,False,879304,879304
1183482,Rongmai Punjee,1198,10.652197960201985,10.652197960201985,0.0,False,False,879304,879304
1323708,Rani Colony,105,22.832433615387625,22.832433615387625,0.0,False,False,879304,879304
98757,Boroitoli III,1457,12.284847940698237,12.284847940698237,0.0,False,False,870360,870360
787065,Niz  Fulbari I,2777,19.21441675705716,19.21441675705716,0.0,False,False,966483,966483
815336,Panchgram,537,8.682232457849873,8.682232457849873,0.0,False,False,966003,966003
988699,Siddhipur,1763,4.606886884030395,4.606886884030395,0.0,False,False,966003,966003
937302,Saidpur II,654,40.03280843079005,40.03280843079005,0.0,False,False,870360,870360
1034501,Tarinipur III,2810,20.913028924175457,20.913028924175457,0.0,False,False,966483,966483
1000966,Sivnarayanpur,2488,11.9950171055224,11.9950171055224,0.0,False,False,966483,966483
137649,Bhangarpar,1041,9.652268092485022,9.652268092485022,0.0,False,False,960725,960725
1010774,Sripur  I,1617,24.619869336449504,24.619869336449504,0.0,False,False,966483,966483
1038898,Telitikar I,513,16.044535272186852,16.044535272186852,0.0,False,False,966003,966003
486187,Kalaincherra Grant,1671,17.963024911344185,17.963024911344185,0.0,False,False,964438,964438
98758,Boroitoli IV,342,14.41170254922489,14.41170254922489,0.0,False,False,870360,870360
186832,Burunga  III,1299,15.94343505128985,15.94343505128985,0.0,False,False,870360,870360
98759,Boroitoli V,660,8.457731925264785,8.457731925264785,0.0,False,False,870360,870360
644740,Mahadevpur III,771,5.838728575792681,5.838728575792681,0.0,False,False,964438,964438
133262,Bhairabpur  VI,419,11.24631705131744,11.24631705131744,0.0,False,False,870360,870360
974479,Sewti  II,1188,14.124027176266432,14.124027176266432,0.0,False,False,960725,960725
186833,Burunga  IV,176,14.037147233097922,14.037147233097922,0.0,False,False,870360,870360
489379,Kalibari Pechacheera,2917,11.695072060697987,11.695072060697987,0.0,False,False,964438,964438
581229,Kurkuri I,1340,14.032745479000482,14.032745479000482,0.0,False,False,964431,964431
792156,Noonchari Boropunji,199,14.120169396378799,14.120169396378799,0.0,False,False,964431,964431
787131,Niz Jalalpur  II,1574,39.51653197720245,39.51653197720245,0.0,False,False,870357,870357
892681,Rajeswarpur  II,1592,8.756145029807145,8.756145029807145,0.0,False,False,964438,964438
1029223,Talkarbeel,56,20.869745091976302,20.869745091976302,0.0,False,False,964438,964438
806046,Paikan,2848,9.939161962023164,9.939161962023164,0.0,False,False,964438,964438
892866,Righar Hillpunji,57,5.6875323220003615,5.6875323220003615,0.0,False,False,870360,870360
974480,Sewti  III,984,9.368428893287646,9.368428893287646,0.0,False,False,964431,964431
956375,Saraashpur,1508,17.958528102932178,17.958528102932178,0.0,False,False,964438,964438
1322805,Damcheera 95 BSF Camp,966,16.10476893476548,16.10476893476548,0.0,False,False,964431,964431
994158,Sindura  III,245,6.7252501549410955,6.7252501549410955,0.0,False,False,870360,870360
47748,Ardvallik,789,14.21638484424935,14.21638484424935,0.0,False,False,923657,923657
994159,Sindura  T.E.,1064,7.544645251678259,7.544645251678259,0.0,False,False,870360,870360
313467,Dudpatil Pt  III,527,21.85753563537672,21.85753563537672,0.0,False,False,908132,908132
99297,Barampur Garden,1636,28.31719564389101,28.31719564389101,0.0,False,False,890796,890796
313471,Dudpatil Grant,7875,3.8187634795391068,3.8187634795391068,0.0,False,False,908132,908132
313469,Dudpatil Pt VII,1301,2.216689377113503,2.216689377113503,0.0,False,False,908132,908132
792893,Nutun Fulertal,700,7.914707498851909,7.914707498851909,0.0,False,False,912333,912333
614973,Lakhicheera II,315,30.987737304543337,30.987737304543337,0.0,False,False,879304,879304
773813,Nayagram,2145,8.279716210338686,8.279716210338686,0.0,False,False,912333,912333
942819,Salimabad,973,inf,inf,,False,True,-1,-1
787148,Niz Lakhipur,450,5.333606796657633,5.333606796657633,0.0,False,False,879303,879303
896492,Rakhal Tillah,750,26.854757953212207,26.854757953212207,0.0,False,False,879304,879304
622273,Latimara,3250,8.527721507128334,8.527721507128334,0.0,False,False,966003,966003
787115,Niz Fulbari  II,508,18.986676187733607,18.986676187733607,0.0,False,False,966483,966483
710422,Mohanpur I,1174,6.056773049157199,6.056773049157199,0.0,False,False,966003,966003
1010782,Sripur II,1742,30.96444781444481,30.96444781444481,0.0,False,False,966483,966483
994160,Sindura IX,1795,8.025468703491844,8.025468703491844,0.0,False,False,870360,870360
857007,Pirnagar,803,9.220882978206498,9.220882978206498,0.0,False,False,870357,870357
974478,Sewti  I,2742,11.416540266559805,11.416540266559805,0.0,False,False,960725,960725
1324997,Chesri I,584,24.46082630160624,24.46082630160624,0.0,False,False,890796,890796
909996,Ranghar Pt I,1499,16.21317574312291,16.21317574312291,0.0,False,False,964431,964431
1012376,Subong Garden,1307,29.112154777147065,29.112154777147065,0.0,False,False,890796,890796
233512,Chottojalenga Pt III,2092,7.702965792689196,7.702965792689196,0.0,False,False,902085,902085
1099584,Viitor Gangapur  II,570,12.672526724212835,12.672526724212835,0.0,False,False,890796,890796
1324986,Chandranath Pur I,1781,13.90647594311372,13.90647594311372,0.0,False,False,964431,964431
1035093,Choto Jalenga Grant,4261,8.058619286706314,8.058619286706314,0.0,False,False,902085,902085
175696,Borakhai Grant,9390,7.358756377455733,7.358756377455733,0.0,False,False,888197,888197
1004823,Borakhai grant V,800,4.09975160200281,4.09975160200281,0.0,False,False,888197,888197
923803,Robi pur Grant,470,11.206293033895326,11.206293033895326,0.0,False,False,879303,879303
177191,Borakhai Grant IV,980,3.7728190016270067,3.7728190016270067,0.0,False,False,888197,888197
233513,Chottojalenga pt IV,264,1.1251289357471121,1.1251289357471121,0.0,False,False,902085,902085
177192,Borakhai Grant I,1100,10.616331945752332,10.616331945752332,0.0,False,False,957697,957697
991465,Chotojalenga T.V.,171,20.607090094568072,20.607090094568072,0.0,False,False,902085,902085
635864,Machkhal PT I,1211,13.558744237687556,13.558744237687556,0.0,False,False,914520,914520
991466,Silcurie Grant  I,600,1.9001641361529935,1.9001641361529935,0.0,False,False,957697,957697
1317887,Manipur Pt I B,741,14.263650649221002,14.263650649221002,0.0,False,False,901803,901803
991467,Silcurie Grant  IV,720,11.371962232680348,11.371962232680348,0.0,False,False,957697,957697
923799,Rober pur,319,12.435356397014843,12.435356397014843,0.0,False,False,879303,879303
991468,Silcurie Grant,15607,12.256122374432236,12.256122374432236,0.0,False,False,957697,957697
1066153,Tupidhar F.V.,403,89.40352086771972,89.40352086771972,0.0,False,False,900308,900308
1317987,Ujan Tarapur B,1270,9.349287682451472,9.349287682451472,0.0,False,False,958136,958136
923804,Robipur Punjee,192,16.857484984997573,16.857484984997573,0.0,False,False,861636,861636
1071617,Uloy punjee,415,26.431261551465624,26.431261551465624,0.0,False,False,861636,861636
25045,Algapur I,1000,14.629810913631509,14.629810913631509,0.0,False,False,901803,901803
1318059,Niz Baskandi I B,832,14.113316232995626,14.113316232995626,0.0,False,False,876161,876161
203951,Chandrapur Pt III,1593,6.914927694154093,6.914927694154093,0.0,False,False,958136,958136
203950,Chandrapur Pt II,2171,4.594860816436485,4.594860816436485,0.0,False,False,958136,958136
317456,Dungripar Pt II,1386,14.81448209740827,14.81448209740827,0.0,False,False,901803,901803
315084,Dulugram Grant,1740,16.74215966491374,16.74215966491374,0.0,False,False,876161,876161
674163,Manipur Kitta Dakshin Sonapur,850,11.45049668995297,11.45049668995297,0.0,False,False,958136,958136
318364,Durgapur,900,7.317626052863822,7.317626052863822,0.0,False,False,950638,950638
787077,Niz Banskandi I A,831,14.032225078988656,14.032225078988656,0.0,False,False,876161,876161
476456,Kachari Gaon,580,17.622927934032518,17.622927934032518,0.0,False,False,890796,890796
313472,Dudpatil Pt II,179,19.537673123873613,19.537673123873613,0.0,False,False,923657,923657
909997,Ranghar Pt II,188,12.031041000265951,12.031041000265951,0.0,False,False,964431,964431
489041,Kalinagar Pt I,1000,9.105145573431226,9.105145573431226,0.0,False,False,890796,890796
310824,Dowerbond Basti,1980,11.3863523908813,11.3863523908813,0.0,False,False,958131,958131
1035090,Chotojalenga pt II,3511,7.3403756320457845,7.3403756320457845,0.0,False,False,902085,902085
64571,Badripar,533,5.615375757636105,5.615375757636105,0.0,False,False,901803,901803
430924,Ikratal FV,274,8.946398230917463,8.946398230917463,0.0,False,False,900084,900084
317455,Dungripar Pt I,2372,16.447542401519403,16.447542401519403,0.0,False,False,901803,901803
434730,Irongmara CT,5785,9.37861274753213,9.37861274753213,0.0,False,False,900239,900239
64647,Badripar Pt IV,1535,23.625664012693605,23.625664012693605,0.0,False,False,950638,950638
787078,Niz Banskandi II A,1222,10.08747715833975,10.08747715833975,0.0,False,False,950638,950638
220591,Chibita Bichiya pt VIII,1553,13.989172576070361,13.989172576070361,0.0,False,False,927494,927494
220593,Chibita Bichiya pt XI,456,14.576027823807244,14.576027823807244,0.0,False,False,946234,946234
1327168,Bajantipur Pt I A,510,15.069223223468676,15.069223223468676,0.0,False,False,917873,917873
991461,Silchar Pt X,9816,1.7256141233753168,1.7256141233753168,0.0,False,False,937941,937941
137651,Bhangarpar II,1498,7.293418206948605,7.293418206948605,0.0,False,False,960725,960725
763936,Narsingpur Part IV,466,13.582851029069417,13.582851029069417,0.0,False,False,900031,900031
763938,Narsingpur Part VI,1411,11.791152099332757,11.791152099332757,0.0,False,False,900031,900031
812440,Paloipunji TE,2231,3.738148854693278,3.738148854693278,0.0,False,False,900009,900009
296804,Dholcheera Grant,4199,14.085362946504175,14.085362946504175,0.0,False,False,890796,890796
1099583,Vitor Gangapur  I,2362,12.798381824143155,12.798381824143155,0.0,False,False,964431,964431
1004727,Sonacheera pt I,529,13.186069173628622,13.186069173628622,0.0,False,False,902085,902085
25046,Algapur II,2279,9.705750332867925,9.705750332867925,0.0,False,False,901803,901803
126737,Baroi disha Punjee,143,35.26394188044867,35.26394188044867,0.0,False,False,959998,959998
189887,Chailtakandi,680,11.5745485717838,11.5745485717838,0.0,False,False,956263,956263
1328785,Madhupur,2348,11.260533284469414,11.260533284469414,0.0,False,False,959998,959998
1328786,Indranagar III,120,19.33635340150918,19.33635340150918,0.0,False,False,959998,959998
177911,Borsangoan grant I,858,23.694369808155248,23.694369808155248,0.0,False,False,946234,946234
1325032,Alambag,3174,7.0127909505767185,7.0127909505767185,0.0,False,False,927494,927494
1332031,Pachim Biroinhowar,956,26.975601534749423,26.975601534749423,0.0,False,False,937941,937941
1332034,David Sonapur,27,25.39691243206362,25.39691243206362,0.0,False,False,927494,927494
1331077,Sildubi Basti-Sildubi Grant A,2347,12.017849188716786,12.017849188716786,0.0,False,False,957697,957697
1331078,Saidpur III A,614,8.335329962103092,8.335329962103092,0.0,False,False,929579,929579
1331079,Menipur II B,405,13.147146546879037,13.147146546879037,0.0,False,False,900031,900031
1331053,Kaptanpur XVI,2601,20.010434783582795,20.010434783582795,0.0,False,False,914520,914520
1326280,Ambicapur Pt VII A,1000,9.876846647633261,9.876846647633261,0.0,False,False,917873,917873
1334209,Phailen Punji  Phaigal Punji,358,16.44828196039807,16.44828196039807,0.0,False,False,885520,885520
1334213,Digli Grant,182,28.00395451422272,28.00395451422272,0.0,False,False,963173,963173
1334244,U.S. Chur Punji Pt III,566,19.631673978152616,19.631673978152616,0.0,False,False,963173,963173
1334262,Langkhal Punji,289,13.695412104644294,13.695412104644294,0.0,False,False,885520,885520
1334270,Marchakhal Punji,230,45.31367832731251,45.31367832731251,0.0,False,False,885520,885520
1334275,Bijung Punji,65,41.096710745482504,41.096710745482504,0.0,False,False,885520,885520
1334321,U.S. Natun Chandrapur,195,11.237301553499414,11.237301553499414,0.0,False,False,885520,885520
1334330,U.S. Anandapur,52,11.60615444657773,11.60615444657773,0.0,False,False,885520,885520
1334336,Purba Dakhin Mutrachara,308,7.129328428520756,7.129328428520756,0.0,False,False,885520,885520
1334339,Purba Kumachara,42,17.527347043190264,17.527347043190264,0.0,False,False,885520,885520
156084,Bhubannagar VI,600,18.1515138013144,18.1515138013144,0.0,False,False,914520,914520
156085,Bhubannagar VII,600,25.959511863257834,25.959511863257834,0.0,False,False,900308,900308
1329694,Diderkush III A,1200,7.753268020718786,7.753268020718786,0.0,False,False,900308,900308
1329704,Darmikhal Grant III,750,2.5224217710137635,2.5224217710137635,0.0,False,False,900323,900323
1329707,Darmikhal Grant IV,760,15.460726071495468,15.460726071495468,0.0,False,False,900323,900323
1183363,Digor Fulertal Part III,912,9.140945392939308,9.140945392939308,0.0,False,False,912333,912333
202397,Chandinagar   VI,816,31.660392438748612,31.660392438748612,0.0,False,False,966003,966003
202398,Chandinagar  V,284,29.636414133207563,29.636414133207563,0.0,False,False,870360,870360
313253,Dudhpur  II,530,25.822267428698378,25.822267428698378,0.0,False,False,901325,901325
313255,Dudhpur I,2382,22.00708903100686,22.00708903100686,0.0,False,False,901325,901325
19122,Ailatol TE,335,10.047295250194143,10.047295250194143,0.0,False,False,964431,964431
91786,Bauripara I,188,15.570594649685798,15.570594649685798,0.0,False,False,964431,964431
133258,Bhairabpur  II,3301,27.743974589679972,27.743974589679972,0.0,False,False,870360,870360
133259,Bhairabpur  III,459,7.627715155449677,7.627715155449677,0.0,False,False,870360,870360
133260,Bhairabpur  IV,1247,7.202921628693939,7.202921628693939,0.0,False,False,870360,870360
133261,Bhairabpur  V,3045,22.680838464136986,22.680838464136986,0.0,False,False,870360,870360
78007,Balichara Grant Pt I,589,inf,inf,,False,True,-1,-1
78008,Balacheera Grant Pt  II,1549,16.829012982255882,16.829012982255882,0.0,False,False,890796,890796
99278,Boro Rampur,1457,inf,inf,,False,True,-1,-1
1324863,Dudhpatil Grant I A,1000,8.583189916670802,8.583189916670802,0.0,False,False,908132,908132
1324890,Dudhpatil Grant I B,500,5.624231455015515,5.624231455015515,0.0,False,False,908132,908132
1324907,Dudhpatil Grant I C,500,5.262487001001098,5.262487001001098,0.0,False,False,908132,908132
1324916,Dudhpatil Grant I D,500,6.344952051362757,6.344952051362757,0.0,False,False,908132,908132
1324922,Dudhpatil Grant I E,500,9.327565497754733,9.327565497754733,0.0,False,False,908132,908132
1322423,Irongmara CT IV,760,5.994490862050931,5.994490862050931,0.0,False,False,900239,900239
233320,Jugirbond grant,1021,8.938288965849091,8.938288965849091,0.0,False,False,902085,902085
98909,Borosalganga T.V.,247,16.117466742921053,16.117466742921053,0.0,False,False,902085,902085
561297,Kulicheera,148,20.784786885976764,20.784786885976764,0.0,False,False,876158,876158
819103,Pangram I,3162,4.893551693078198,4.893551693078198,0.0,False,False,956137,956137
988090,Siber Bond,1031,5.609449133305796,5.609449133305796,0.0,False,False,877541,877541
1018571,Sunjam Punjee,21,29.454093353253786,29.454093353253786,0.0,False,False,877536,877536
90950,Banglaghat pt I,865,37.061060418205734,37.061060418205734,0.0,False,False,927494,927494
90951,Banglaghat pt II,327,22.8297924343345,22.8297924343345,0.0,False,False,937941,937941
926060,Rosekandi Grant pt I,1500,8.306016277448911,8.306016277448911,0.0,False,False,902085,902085
242601,Bariknagar Pt I,1209,7.023761225747816,7.023761225747816,0.0,False,False,929579,929579
242605,Boalibasti,1252,10.819460665002184,10.819460665002184,0.0,False,False,907956,907956
792765,Bourikandi I,1045,17.012852419266967,17.012852419266967,0.0,False,False,903867,903867
1330833,Gobindanagar Pt II,1094,16.85199885570832,16.85199885570832,0.0,False,False,914520,914520
1330839,Kachudaram I,1842,6.98314446660771,6.98314446660771,0.0,False,False,903867,903867
1330851,Kachudaram II,2583,8.39170636646299,8.39170636646299,0.0,False,False,903867,903867
1330867,Kachudhram III,1340,9.423790296180186,9.423790296180186,0.0,False,False,900308,900308
1330876,Kachudhram IV,1897,5.095094455811981,5.095094455811981,0.0,False,False,907956,907956
1330880,Majhir Gram,502,4.759775261577903,4.759775261577903,0.0,False,False,929411,929411
1330887,Menipur II,1572,12.035313536630884,12.035313536630884,0.0,False,False,900031,900031
1330900,Nutan Kanchanpur,2156,5.000881754235146,5.000881754235146,0.0,False,False,907956,907956
1330908,Nutan Ramnagar I,2163,8.233343213711485,8.233343213711485,0.0,False,False,914520,914520
1330917,Nutan Ramnagar II,903,3.7748848490946214,3.7748848490946214,0.0,False,False,914520,914520
1330958,Satkorakandi II,1684,7.540756655479694,7.540756655479694,0.0,False,False,929411,929411
1330960,Saidpur I,1572,4.94844085663969,4.94844085663969,0.0,False,False,929579,929579
1331023,Saidpur II,3807,6.995818565837509,6.995818565837509,0.0,False,False,929579,929579
1331027,Sildubi I,525,8.476709719798427,8.476709719798427,0.0,False,False,929579,929579
1331029,SildubiBasti -Sildubi Grant,1505,12.017849188716786,12.017849188716786,0.0,False,False,957697,957697
1331030,Sildubi II,888,11.850106590315464,11.850106590315464,0.0,False,False,929579,929579
105126,Borjatrapur,3396,9.1282525951435,9.1282525951435,0.0,False,False,901325,901325
203273,Chandpur I,1816,15.570625660173755,15.570625660173755,0.0,False,False,901325,901325
203274,Chandpur II,1242,19.23311642990608,19.23311642990608,0.0,False,False,901325,901325
596734,Kumarpara,1302,8.350472903029662,8.350472903029662,0.0,False,False,901325,901325
941614,Salchapra Grant,971,26.176938804010796,26.176938804010796,0.0,False,False,901325,901325
941615,Salchapra I,1814,27.277265178044065,27.277265178044065,0.0,False,False,901325,901325
1332840,Ledia chara Grant,3287,10.852667449362178,10.852667449362178,0.0,False,False,885528,885528
1334054,Scotpur Cha Bagicha,1290,1.399801858888571,1.399801858888571,0.0,False,False,963164,963164
1334180,Joypur Pt III,1936,12.095758837516081,12.095758837516081,0.0,False,False,885528,885528
1334240,Kalinagar Pt I,207,26.763467730423148,26.763467730423148,0.0,False,False,885520,885520
1334357,Thipunagar,423,13.40595160814792,13.40595160814792,0.0,False,False,885520,885520
251940,Darmikhal Grant,636,14.729322579637103,14.729322579637103,0.0,False,False,900323,900323
300287,Diderkush III,2533,11.919677926967609,11.919677926967609,0.0,False,False,900308,900308
343216,Ganganagar VI,686,21.95431830063139,21.95431830063139,0.0,False,False,900308,900308
343218,Ganganagar VIII,658,14.890500882050477,14.890500882050477,0.0,False,False,900323,900323
773814,Nayagram,141,18.093218795787998,18.093218795787998,0.0,False,False,900308,900308
784324,Nimipur,32,6.318771212385636,6.318771212385636,0.0,False,False,959180,959180
1011254,St Ketherine,4560,16.914164086441442,16.914164086441442,0.0,False,False,900308,900308
161308,Bidyaratanpur,2230,1.9833266126256508,1.9833266126256508,0.0,False,False,900007,900007
169269,Bishnupur,1243,11.962152688993577,11.962152688993577,0.0,False,False,900007,900007
177227,Borjelenga IX,2335,12.159597736807303,12.159597736807303,0.0,False,False,900009,900009
205340,Channighat,3604,9.422504058908622,9.422504058908622,0.0,False,False,900003,900003
237009,Clever House IV,2104,8.21919688606934,8.21919688606934,0.0,False,False,900031,900031
237010,Clever House TE,4846,9.45322663294372,9.45322663294372,0.0,False,False,900031,900031
256659,Debipur,2148,9.798627741997688,9.798627741997688,0.0,False,False,899998,899998
268553,Dhalakhal,691,20.2323499807334,20.2323499807334,0.0,False,False,899998,899998
268555,Dhalakhal FV,719,13.492010012896987,13.492010012896987,0.0,False,False,900003,900003
287347,Dhanipur,521,21.23603755828036,21.23603755828036,0.0,False,False,900007,900007
320937,East Jamalpur,1106,23.39588792499128,23.39588792499128,0.0,False,False,900007,900007
331222,French Nagar,1870,4.602015106988129,4.602015106988129,0.0,False,False,900003,900003
465934,Jibingram,1431,17.332377495412963,17.332377495412963,0.0,False,False,900007,900007
620971,Lantu gram,880,5.108410864368257,5.108410864368257,0.0,False,False,899998,899998
630721,Loknathpur,2241,15.904833738220667,15.904833738220667,0.0,False,False,899998,899998
743302,Nagdhirgram III,3531,7.2946009741688815,7.2946009741688815,0.0,False,False,900326,900326
763937,Narsingpur Part V,2060,11.920554793630096,11.920554793630096,0.0,False,False,900031,900031
904548,Ramprosad pur,749,5.110943067433025,5.110943067433025,0.0,False,False,899998,899998
7456,A  Lalong  IV,1057,8.523757588146173,8.523757588146173,0.0,False,False,958136,958136
228532,Chiripar Pt II,2428,10.256239127159969,10.256239127159969,0.0,False,False,879303,879303
242538,Dakhin Fulertal,650,8.310037118406566,8.310037118406566,0.0,False,False,912333,912333
300719,Dighali Basti,873,8.32474540046917,8.32474540046917,0.0,False,False,879304,879304
611232,Laboc par  V,755,7.428247142010512,7.428247142010512,0.0,False,False,912333,912333
618467,Lalpani Pt II,1211,11.9519307858612,11.9519307858612,0.0,False,False,879304,879304
632530,Lower Labon Khal,691,14.2478440836416,14.2478440836416,0.0,False,False,879304,879304
1183475,Niz Lakhipur II,450,1.0512606341443558,1.0512606341443558,0.0,False,False,879303,879303
1323532,Kadamtilla,56,15.71998751733943,15.71998751733943,0.0,False,False,879304,879304
613306,Lahmali,952,7.601725252779287,7.601725252779287,0.0,False,False,966003,966003
787116,Niz Fulbari  III,2848,20.86447187352723,20.86447187352723,0.0,False,False,966483,966483
787141,Niz Katigorah III,5687,5.386533954088328,5.386533954088328,0.0,False,False,966003,966003
937305,Saidpur III,1125,41.88961538913942,41.88961538913942,0.0,False,False,870360,870360
988630,Siddeswar I,292,1.7885325042727966,1.7885325042727966,0.0,False,False,966003,966003
988631,Siddeswar II,2415,2.339901766302663,2.339901766302663,0.0,False,False,966003,966003
1034499,Tarinipur I,1735,26.293458120524438,26.293458120524438,0.0,False,False,966483,966483
1034500,Tarinipur II,402,21.63546327812515,21.63546327812515,0.0,False,False,966483,966483
72880,Baikampunji,293,12.4852890281695,12.4852890281695,0.0,False,False,870357,870357
80487,BalesswarGrant,1544,4.373545753326759,4.373545753326759,0.0,False,False,870357,870357
98756,Boroitoli II,1051,11.559462083227952,11.559462083227952,0.0,False,False,870360,870360
171121,Boalcherra  TE,257,20.681890959319404,20.681890959319404,0.0,False,False,964438,964438
171122,Boalcherra M punji,262,24.657597968721838,24.657597968721838,0.0,False,False,964438,964438
180835,Brahmangaon,3132,3.7657317328737134,3.7657317328737134,0.0,False,False,870360,870360
363924,Gobindakupa,3747,5.811097766573178,5.811097766573178,0.0,False,False,964438,964438
554444,Khelma II,1607,13.013845450193541,13.013845450193541,0.0,False,False,964438,964438
576469,Konapara K Punji,47,13.618446048639685,13.618446048639685,0.0,False,False,964438,964438
1326441,Natan pur,1438,27.913705358230036,27.913705358230036,0.0,False,False,870357,870357
581233,Kurkuri T.E.,510,11.200770989795537,11.200770989795537,0.0,False,False,870360,870360
96752,Bara dudpatil Grant,3657,13.505278114544698,13.505278114544698,0.0,False,False,908132,908132
236810,Chutra Sanga,330,13.340929395358328,13.340929395358328,0.0,False,False,890796,890796
236841,Chutto Rampur Grant,291,21.029804545656425,21.029804545656425,0.0,False,False,890796,890796
419107,Heairbond Pt II,746,21.24675289064109,21.24675289064109,0.0,False,False,890796,890796
430721,Elyas Kasia Punjee,301,33.96011897286092,33.96011897286092,0.0,False,False,890796,890796
489368,Kalibari grant,581,18.017147517724936,18.017147517724936,0.0,False,False,964431,964431
905301,Rampur,881,12.063821169268351,12.063821169268351,0.0,False,False,890796,890796
905841,Rampur garden,533,8.056018730345228,8.056018730345228,0.0,False,False,923657,923657
1005311,Sonapur  I,4775,5.41139311688403,5.41139311688403,0.0,False,False,964431,964431
1005312,Sonapur  II,943,7.01688110162918,7.01688110162918,0.0,False,False,964431,964431
1005313,Sonapur  III,1001,10.9332194714913,10.9332194714913,0.0,False,False,964431,964431
1070511,Ujan Nagar,1443,13.216779835122535,13.216779835122535,0.0,False,False,890796,890796
1035091,Tarutajbari  Pt  I,4097,26.46435065083655,26.46435065083655,0.0,False,False,900239,900239
1035092,Tarutajbari  Pt  II,690,5.034907138288821,5.034907138288821,0.0,False,False,957697,957697
632791,Lowerbond FV,151,38.42634637622516,38.42634637622516,0.0,False,False,958131,958131
742150,Nagaon FV,3738,43.96259536959264,43.96259536959264,0.0,False,False,958131,958131
743050,Borakhai grant III,650,17.626446599594072,17.626446599594072,0.0,False,False,957697,957697
772042,Naxa tilla FV,981,39.413015963415305,39.413015963415305,0.0,False,False,958131,958131
98913,Baluchari FV,510,35.87371510395121,35.87371510395121,0.0,False,False,958131,958131
508826,Kaptanpur PT VI,308,6.4257337745974645,6.4257337745974645,0.0,False,False,861636,861636
508831,Kaptanpur PT XIV,116,20.01623573111889,20.01623573111889,0.0,False,False,929411,929411
508832,Kaptanpur PT XV,139,16.50095375427251,16.50095375427251,0.0,False,False,929411,929411
508833,Kaptanpur PT XVI,2601,17.55567457901065,17.55567457901065,0.0,False,False,861636,861636
95123,Banskandi Pt I A,2050,5.814380753083158,5.814380753083158,0.0,False,False,950638,950638
95124,Banskandi Pt II,3283,4.52671561287845,4.52671561287845,0.0,False,False,901803,901803
203947,Chandrapur Pt I,1022,7.250780497321133,7.250780497321133,0.0,False,False,958136,958136
674162,Manipur Kitta N,427,11.649596431328115,11.649596431328115,0.0,False,False,958136,958136
1334250,Laboc B,1085,12.306990131320145,12.306990131320145,0.0,False,False,963176,963176
1323818,Gurkhakhal  F.V.,143,30.358429652917856,30.358429652917856,0.0,False,False,879304,879304
251939,Darmikhal FV,300,2.8498205506286127,2.8498205506286127,0.0,False,False,959182,959182
1329682,Bhubandhar I,3018,7.140641997965737,7.140641997965737,0.0,False,False,959185,959185
1329688,Hatikhal FV,533,8.198537626738522,8.198537626738522,0.0,False,False,959180,959180
177224,Borjelenga FV,812,10.055929277401649,10.055929277401649,0.0,False,False,899998,899998
1183481,U S Umednagar,168,12.328179699196166,12.328179699196166,0.0,False,False,879304,879304
1322424,Kharjanpunjee,902,19.337876501565734,19.337876501565734,0.0,False,False,879304,879304
1323778,Chalitaartol,343,8.180461095531985,8.180461095531985,0.0,False,False,879304,879304
1323792,Cherenga Punji,314,21.893924827782477,21.893924827782477,0.0,False,False,912333,912333
1323930,Old Khairabad,396,13.338137002214536,13.338137002214536,0.0,False,False,879304,879304
1325003,Niz-Borkhola Pt I A,1500,1.3905120469032894,1.3905120469032894,0.0,False,False,890796,890796
202395,Chandinagar  IV,1947,32.372468249895874,32.372468249895874,0.0,False,False,870360,870360
82031,Balirbond,304,10.40739378147989,10.40739378147989,0.0,False,False,966483,966483
202396,Chandinagar  pt  I,1468,38.63637895719254,38.63637895719254,0.0,False,False,870360,870360
161604,Bihara  II,1584,7.830833055697008,7.830833055697008,0.0,False,False,964431,964431
202393,Chandinagar  II,2453,37.95727179467496,37.95727179467496,0.0,False,False,870360,870360
162892,Bijoy pur,659,4.254125020794617,4.254125020794617,0.0,False,False,890796,890796
202394,Chandinagar  III,1267,37.140865607832026,37.140865607832026,0.0,False,False,966003,966003
161605,Bihara  III,4161,15.379242178513348,15.379242178513348,0.0,False,False,964431,964431
19120,Ailatal K. Punji,145,inf,inf,,False,True,-1,-1
1317643,Irongmara CT III,560,6.482914617674617,6.482914617674617,0.0,False,False,900239,900239
19121,Ailatol Nooncherri,758,18.24112934500442,18.24112934500442,0.0,False,False,870360,870360
161606,Bihara  IV,4285,19.023143354772138,19.023143354772138,0.0,False,False,964431,964431
525314,Katlicheera Grant Bagicha,885,40.00207423193342,40.00207423193342,0.0,False,False,890796,890796
161607,Bihara  VI,2491,15.171179777258883,15.171179777258883,0.0,False,False,966003,966003
1322229,Irongmara CT II,590,8.275984833642418,8.275984833642418,0.0,False,False,900239,900239
727446,Madhurapur Grant,512,59.446095882179925,59.446095882179925,0.0,False,False,890796,890796
1322300,Borjalenga grant I,507,8.768309617378968,8.768309617378968,0.0,False,False,902085,902085
930492,Sabajpur Bagicha,697,26.16679561579837,26.16679561579837,0.0,False,False,890796,890796
233511,Niz Chatla Howar,1400,6.3040843974567835,6.3040843974567835,0.0,False,False,957697,957697
98910,Jalengacherra Grant,266,15.193435927747403,15.193435927747403,0.0,False,False,902085,902085
66162,Bagbahar pt III,1440,32.39423667570033,32.39423667570033,0.0,False,False,958131,958131
66163,Bagbahar  TE,1508,49.20526618987435,49.20526618987435,0.0,False,False,958131,958131
991471,Chotosalganga FV,446,1.2176921768727482,1.2176921768727482,0.0,False,False,900084,900084
66164,Bagbahar  pt V,590,35.92522777731331,35.92522777731331,0.0,False,False,958131,958131
1064747,Tulartal FV,213,32.74994540781296,32.74994540781296,0.0,False,False,879303,879303
1318602,Kaptanpur PT VII,533,3.809462006857595,3.809462006857595,0.0,False,False,861636,861636
1317760,Chandrapur Pt IV,300,5.117271238496355,5.117271238496355,0.0,False,False,958136,958136
1317790,Chandrapur Pt V,1021,8.995565447056796,8.995565447056796,0.0,False,False,950638,950638
1317997,Niargram I,621,21.49406889128413,21.49406889128413,0.0,False,False,950638,950638
