seg_id,road_name,category,owner,length_km,residents_cut_off,extra_person_minutes,extra_pm_share_of_total
900,Fulertal Binnakandi Grant,MDR,PWD,12.232633320971376,35814,498127.99659146415,0.025553627460082162
1057,Daloo mainarband road,RR(VR),PWD,15.645034590303945,27517,0.0,0.0
828,SJ Road-I(main road),MDR,PWD,13.967275997048137,27157,1627173.0667639682,0.08347287172310354
428,Silchar Hailakndi Road,SH,PWD,22.571753507381125,23852,377277.67112097587,0.01935408795089198
181,RD FRM NH37 TO BAGPUR VIA ALGAPUR,RR(VR),PWD,10.045641626431415,16156,3108.0750624480556,0.00015944213697530245
633,Pailpool kumchera harinagr NEC rd,MDR,PWD,28.74268205599407,16066,297070.33141305833,0.01523950597098906
294,NH37 TO JIRIGHAT BAHADUR ROAD VIA MAKHN NAGR DIGHLI BASTI,RR(VR),PWD,9.259074732186672,16016,14519.387981001291,0.0007448347291332698
1066,Haticheera madhuramukh road,RR(VR),PWD,9.087833086884578,15825,68893.99017736764,0.0035342148429269396
703,East West Corridor(MOHASARAK),NH,PWD,44.56081552599224,15641,31451.76795203933,0.001613454306336687
1101,Chowrangi to   Ganirgram,MDR,PWD,13.850835763645533,15546,36931.83617390903,0.0018945780792539166
274,NH 54 -Abongcherra,RR(VR),PWD,3.2122221983450596,15541,0.0,0.0
645,Ganirgram to Mahedevpur Village,RR(VR),PWD,2.8001524537816986,15009,0.0,0.0
821,Kuarpar Bazar to Kathal PWD Road via Nunapani and Borsangaon,RR(VR),PWD,16.92130332651043,14516,38984.81282921559,0.0019998943854903127
194,NH-54(Silchar Aizwal Road,NH,PWD,10.480450806951083,14062,274520.92205090105,0.014082736606029963
439,Katigorah to Harinagar,MDR,PWD,9.357870406749791,13364,749332.9520299245,0.03844027083553093
910,Chutto Rampur Garden to Barbond,RR(VR),OTHERS,1.8600128545767713,12901,0.0,0.0
459,Silchar  Hailakandi  road to Pratapur,RR(VR),PWD,11.307582365242872,11625,6257.95918272944,0.000321029050184104
458,Silchar kalain Road,SH,PWD,14.300291026734048,10599,766577.9967158663,0.039324929899973035
43,Gumrah Leverputa Road(Pkg-66),RR(VR),PWD,6.550220607945652,10216,20245.55342157539,0.0010385831220051415
411,Bagha serkhan PWD raod to Dhalai bhubander PWD road,RR(VR),PWD,14.61409172621387,10060,61115.15239895363,0.0031351657550977513
389,Road from Channighat to NH 54 at lailapur via hawaitang,RR(VR),PWD,4.712772305684302,9496,11214.006552487119,0.0005752709097621649
40,8th km of Silchar Hailakndi Road to Tambutilla,RR(VR),RD,0.7509909507878143,9390,0.0,0.0
639,Madhuramukh Jhaffirbond Mahasadak(T04),NH,PWD,8.711887359255863,9282,121228.00762074915,0.006218914346645878
1090,Silchar Kalain Road (Tarapur to Arunachal),SH,PWD,4.008076423376822,8643,19751.40582849455,0.001013233686538176
1002,Silchar to Digar Kashipur (T03),NH,PWD,9.713349811340526,8341,208170.52687485854,0.010679006456832247
321,Tarinipur Pt III to Kalinagar I,RR(VR),PWD,0.635959459715348,8247,0.0,0.0
166,LRA Road near Block HQ to Gossaigaon via Rongtol,RR(VR),OTHERS,1.7488682931000146,7692,0.0,0.0
751,Road from Rongtol Gossaigaon to Oloicheera,RR(VR),OTHERS,1.4254936755439271,7692,0.0,0.0
291,Dwarbond Pratappur road at Barik office to Old Bagbahar,RR(VR),PWD,5.287310463027123,7586,8884.955230613274,0.0004557921608827127
892,NH 37,NH,PWD,9.7593442462308,7531,547.3043801615546,2.8076342493533327e-05
455,Kazidhar Sildubi Road to Jangerbali,RR(VR),PWD,10.23004622792372,7513,0.0,0.0
1061,Silchar Kalain Road,MDR,PWD,10.050870663419746,7497,84461.18388385468,0.004332801293189756
180,Rongpur Pt-I to Rongpur Pt-II,RR(VR),PWD,1.9796381563445984,7087,0.0,0.0
562,NH  54 to Dharmikhal Grant at Sonai,MDR,PWD,18.241622902131475,7068,230524.65351774663,0.011825757951099991
1046,Chotojalenga to Mechipur TE via West Jalenga TE,RR(VR),PWD,9.241230701113457,7036,13634.079011251852,0.0006994189810627989
196,Road from sonai kabuganj road,RR(VR),PWD,5.000686377459325,6896,0.0,0.0
742,Road from Lowerlabon khal to Jirighat TE,NH,PWD,23.60496348554394,6588,165763.3012380686,0.008503544621815313
344,Pangram Amoranagar Road (T08),MDR,PWD,12.261793768575213,6456,49204.39874711908,0.0025241521929802737
78,Road from NH-53 at tarapur to bandu TE via narainpur,RR(VR),PWD,10.290147957657894,6412,0.0,0.0
1064,Chotomonda at LRA to Sonai RCC Bridge,RR(VR),PWD,10.77671497606186,5639,131960.3073806549,0.006769474025546006
972,Road from Bahadurpoor to Bahadurpoor bridge via Alu bazar,RR(VR),PWD,15.52563689148456,5637,40963.142078996214,0.0021013813305891626
16,Niz Jalalpur II to Nischintapur,RR(VR),PWD,9.022179788834494,5579,22033.35054972144,0.0011302958988405234
805,Road fromNH-54 to BhaghaSherkhan road,SH,PWD,15.521357688118698,5449,119819.1350807208,0.00614664014348329
536,ROAD FROM BADRIPAR TO BAGPUR VIA NEIARGRAM,RR(VR),PWD,3.8096333684437815,5430,0.0,0.0
929,OLD LAKHIPUR SILCHAR ROAD(PALLORBND TO FULERTAL),RR(VR),PWD,6.058002840774827,5327,23084.223814554334,0.0011842049826524175
329,Udharbond Baskandi Road (T09) (Ch.0.00M to Ch.8250.00M),MDR,PWD,8.231076398935405,5085,61055.511502161346,0.0031321062176526693
303,Amraghat to Nagakhal via Ramanikpur,RR(VR),PWD,9.520326140914792,4704,28339.10251971452,0.001453776686508509
903,Telitikar to Jagdispur,RR(VR),PWD,4.846259115083731,4536,0.0,0.0
1008,21st Km of SMD Road  to Ganganagar-I,RR(VR),PWD,5.599586883866243,4526,0.0,0.0
425,Dumurghat to Guabari via Tikalpar,RR(VR),PWD,12.22321136523131,4381,12736.591350953895,0.0006533784744496282
447,Sadirkhal Khelma-II to Harinagar,RR(VR),PWD,8.599025375422972,4197,3415.8018423649664,0.00017522831150734074
643,Srikona Mohanpur Road,MDR,PWD,14.503094310428985,4149,236203.0305779123,0.012117054832556656
83,road from Bagamara to Lambatilla,RR(VR),PWD,2.9113510488319405,4097,0.0,0.0
1084,Silcurie camp to Bgmara viaTarutajbari Harintilla,RR(VR),PWD,7.615345433192816,4097,0.0,0.0
1033,Badarpur - masimpur bagicha road,RR(VR),PWD,10.147447532763952,4064,0.0,0.0
142,NH54 to Bariknagar,RR(VR),PWD,3.993739147130999,4041,11609.214517055545,0.0005955448095729429
466,Road from NH-54 to kajhidar,RR(VR),PWD,4.437863461264798,3989,0.0,0.0
74,Badarpur - Kalinagar,RR(VR),PWD,4.9753649704038745,3962,0.0,0.0
1076,ROAD FRM NIZ BASKANDI TO UJAN TARAPUR,NH,PWD,10.212822302102644,3943,174107.19253034686,0.008931580570626218
154,Chencoori to Elgin road,RR(VR),PWD,2.306508224245578,3903,5121.674856322178,0.0002627384369994864
311,Silchar Hailakndi Road at Silcoori to Derby via Daramkhal,RR(VR),PWD,5.49496574978837,3852,75391.59117863182,0.0038675373554271472
816,Dharamkhal PWD Road Mohalaya LPSchool toDharamkhal PWD Road,RR(VR),PWD,2.3727891392883675,3852,0.0,0.0
313,Kumbha Ainacherra Road,RR(VR),PWD,10.461437843642628,3825,25014.695198066896,0.0012832368517587177
23,ROAD FROM GOBINDAPUR TO DUNGRIPAR,RR(VR),PWD,4.9940621349873755,3758,1423.1729512960853,7.300780453525106e-05
1012,Boromthan Noagaon FV pmgsy road,RR(VR),PWD,3.0800956131606583,3738,0.0,0.0
966,Silchar Kumbhirgram Road. (Gossaipur to Kumbhrgram) (T02),SH,PWD,16.32319680284956,3729,157153.45110873462,0.00806186516553576
580,Leverputa  B.O.P. to Baterchak B.O.P.,RR(VR),PWD,1.4477674151755453,3700,0.0,0.0
1037,Kaptanpur-XIII to LRA at Binnakandi,RR(VR),PWD,9.372799898352891,3665,0.0,0.0
312,Amraghat to Nagakhal via Ramanikpur,RR(VR),PWD,8.651403168030571,3662,94749.30513793425,0.004860574916816289
284,NH54 at Nagatillah to E and D dyke at Peskar Jangal,RR(VR),PWD,3.1255594182118935,3608,11681.221784175574,0.0005992387334057624
803,Chencoorie Bagan Bazaar Road,RR(VR),PR,0.7572073073470261,3423,0.0,0.0
963,RD FRM JIRIGHAT TE TO NH37 TO VIA BAGHKL ND KAPAKHAL,RR(VR),PWD,9.123666706736868,3416,3877.60910138764,0.00019891870983101788
693,SK Road to West Silchar College,RR(VR),PWD,0.5254935242629607,3396,0.0,0.0
200,Jaroiltola Chandranathpur Road,RR(VR),PWD,3.9294136152562764,3318,16753.732304364374,0.0008594550733971078
18,NH37 at Berakhal to Ramnagar via FCI Godown,RR(VR),PWD,3.483292629636304,3188,0.0,0.0
440,NH37 to LAMBA BASTI VIA NIZ BASKANDI,RR(ODR),PWD,5.584768625467244,3113,0.0,0.0
1113,Borjatrapur Bazar to Ganigram Bazar,RR(VR),PWD,4.065896986230862,3104,56096.30351983309,0.002877702220799196
106,Road from Kanakpur-III to kanakpur-IV,RR(VR),PWD,2.7742492770693374,3100,613.2365216516603,3.1458616513086916e-05
295,Bagbhar-III to Bagbahar V,RR(VR),PWD,6.292344377094593,3093,2155.075977585551,0.00011055393203397637
62,Telkar grant at Paikan to Natanpur(69),RR(VR),PWD,12.706567817624904,3050,456038.07297019043,0.02339444300267162
30,Nh-54 at natunbazar to derby tea factory via panibhora,RR(VR),PWD,6.061595145527721,3026,20385.140748514183,0.0010457438569470645
1132,Dhumkar to Baikuntapur via Korkuri,RR(VR),PWD,7.2124281650642565,2989,11949.689107158112,0.0006130109244964948
661,Satkorakandi to Bagpur,RR(VR),PWD,1.266559120931641,2935,0.0,0.0
770,dholai lailapur road to kamrul road near house of nuruudin,RR(VR),PWD,1.4745719020135406,2932,0.0,0.0
185,dowbandu rd near slamatpur to thailu colony  south laduma,RR(VR),PWD,7.706751062159946,2923,25163.003020308694,0.0012908449421790823
477,Bantarapur Didarkush Road,RR(VR),PWD,1.5658958431471364,2892,70261.003813847,0.0036043417128047133
670,NH-54 Silchar  Aizwal road,NH,PWD,29.167506244474048,2863,765231.143432325,0.039255837242490405
754,Road from Bhaga sherkhan to natacherra FV,RR(VR),PWD,1.1717319991089064,2850,0.0,0.0
974,Kuarpar to Silchar Hailakandi Road  at Barakhai via Sahapur,RR(VR),PWD,9.717237457982295,2753,17338.211517580898,0.000889438459544637
662,NH-6,NH,PWD,27.085797728135265,2662,1421163.3699805965,0.07290471438043516
916,Road from T01 at Kalinag to barsagan grant,RR(VR),RD,1.1524252359893377,2633,0.0,0.0
862,Sibalik Park Road,RR(VR),PWD,0.8484229257182934,2630,0.0,0.0
398,Lahmali to Jagadishpur III via Jagadishpur  V and II,RR(VR),PWD,3.870206048860139,2596,0.0,0.0
758,Lahamli to Cillagram Jagadishpur V,RR(VR),PWD,0.8257237876935238,2596,0.0,0.0
164,SJ road to chesri gonigram,RR(VR),PWD,4.87500814989742,2592,23576.695884179993,0.001209468464905616
315,Silchar Jayantia Rd,MDR,PWD,7.014664495520224,2568,331518.55039486557,0.01700667617733742
766,Bihara Rly Stn Approach,RR(VR),PWD,0.34320486730730015,2568,0.0,0.0
1065,NH 37 to Chisel Punjee,RR(VR),PWD,5.767085535854639,2521,2768.1688052834666,0.00014200517714495905
967,T.R.K. Road,RR(VR),PWD,6.752884394091813,2502,43716.55475410029,0.0022426295282912136
978,NH 6,NH,PWD,6.288485704984056,2491,389826.7167253476,0.019997845456087366
842,Coombergram TE Road,RR(VR),PWD,1.0452073337910532,2374,0.0,0.0
306,NH 54 to Natun Ramnagar I(Sonabarighat Sonai Road,MDR,PWD,15.362042025410226,2291,733305.8684957081,0.03761809234986578
113,NH 37 Lalpani to new Kharabad via 800 no Kharabad LP School,RR(VR),PWD,3.4845025637425318,2270,0.0,0.0
538,Chiri Ferryghat to Singirbond Co-operative,RR(VR),PWD,2.9990657099579505,2251,27282.122639331792,0.0013995543374718733
339,Rakhal Khaler Par to Hatirhar,RR(VR),PWD,5.073870614477005,2217,1255.7750381108904,6.442040543220906e-05
841,Chencoorie to Natunkanchanpur Road,RR(VR),PWD,5.768072708666601,2205,101207.78783589782,0.0051918906869606075
1111,NH-54 to Sabashpur,RR(VR),PWD,4.498293310176477,2165,0.0,0.0
926,Craigpark to Hanumanthal,RR(VR),PWD,4.694290847499431,2153,5154.486244537845,0.00026442163890070164
225,Harincherra to Panicherra Part I,RR(VR),PWD,3.665892929985927,2129,154031.41527079386,0.007901706850272075
1069,S.K. Road to Kulicherra,RR(VR),PWD,6.7117793029738575,2112,20957.602395559792,0.001075110750122888
433,NH37 AT TARAPUR TO BUNDOO VIA NARAYANPUR,RR(VR),PWD,4.389480671722761,2108,0.0,0.0
1017,Nh 54 to Baro Damcherra Via Damcherra Rly Station,RR(VR),OTHERS,2.050317495971677,2064,0.0,0.0
834,Road from T02 to Bhubannagar Pt-Vi,RR(VR),PWD,5.572265811375929,2031,0.0,0.0
513,Road from L025 to Smithnagar Pt II,RR(VR),PR,4.240290094898977,2024,0.0,0.0
1050,Didarkush To Bantarapur-Didarkush Road,RR(VR),PWD,1.1571229854810496,2015,0.0,0.0
997,Silchar Hailakandi road  Kathal Borsangan Road  Rosekandi,RR(VR),PWD,7.2219648284587015,2000,10222.189740434571,0.000524391381815007
467,NH54 to Damalia,RR(VR),PWD,2.2220288357037408,1997,28078.653287264668,0.0014404158180091897
418,Road from Narainpur pt I  road to Narainpur pt II Barmnbasti,RR(VR),PR,5.4483263040972725,1938,0.0,0.0
186,Hazi Musharaf Lane,RR(VR),PWD,0.9529928545822233,1934,0.0,0.0
238,Road from L023 Niz Banskandi Lambabast road to Rail Line,RR(VR),OTHERS,0.7497835343544742,1891,0.0,0.0
973,Road From Jamalpur E nd D to Dholai Bhubandar,RR(VR),PWD,8.918134158174407,1885,23772.341482718264,0.0012195049510566884
365,Road from jhulanpool dyke to ruknipar I,RR(VR),PWD,0.5139377748789133,1885,0.0,0.0
1035,Chibita Bichiya Pt III Road,RR(VR),PWD,1.7899126255453237,1844,0.0,0.0
0,Kathal Borsangan Road at Kathal  to Rajpur,RR(VR),PWD,5.854752934952903,1801,35633.92907615587,0.0018279963278150756
613,NH-06 to ichacherra mikirpunji via kalaincherra TE,RR(VR),PWD,1.4007303657087087,1781,0.0,0.0
95,S k road to Noykiyari,RR(VR),PWD,1.9068812399508521,1780,0.0,0.0
336,Road from NH53 at Uttar Lalpani to Khairabad FV,RR(VR),OTHERS,1.7228749940978565,1778,0.0,0.0
462,Tikalpar ONGC Pt to Combhergram TE via Kumbha and Endogram,RR(VR),PWD,9.777638714772483,1748,18638.90454843877,0.0009561631274571027
864,NH37 TO KHASIA PUNJEE,RR(VR),PWD,5.465110112868511,1740,0.0,0.0
909,Puticherra to Bholanathpur,RR(VR),PWD,1.3630733953673304,1728,0.0,0.0
930,S.S. Road To Indranagar,RR(VR),PWD,3.2029219986983466,1714,0.0,0.0
198,Leverputa Baterchak Road,RR(VR),PWD,1.9126024428503154,1686,0.0,0.0
867,Endogram Nepali Basti Road,RR(VR),PWD,1.2473904586677778,1677,0.0,0.0
302,Road from Matinagar to Bhuban hill temple,RR(VR),PWD,3.0321565789839413,1658,5395.196848602796,0.00027676992918764936
374,dholai lailapur road to sunacherra via house of hussain,RR(VR),PWD,1.1743195904519446,1658,4105.328080184414,0.00021060053857700493
533,Road from L37 to katialane,RR(VR),PWD,1.553701771579888,1644,0.0,0.0
308,Hawaithang FV to Tulartol,RR(VR),PWD,5.222904544034125,1636,166300.19995716406,0.008531087160972799
171,NH 54 - Balacherra Grant,RR(VR),PWD,2.426235707911662,1636,0.0,0.0
622,RD FRM KASIPR TO GANGPR SC VIL DYKE VIA BADRIPR  FC DYKE,RR(VR),PWD,8.001168817445803,1624,0.0,0.0
969,T03 to Jagadishpur,RR(VR),PWD,4.501037736218942,1608,4852.87373553778,0.0002489491223085266
290,Gorerbond to Bororampur,RR(VR),PWD,5.196575885107128,1576,0.0,0.0
461,Road from laboc to kumbhiorgram via bandu TE,RR(VR),PWD,11.211862700503099,1553,21992.483890905023,0.0011281994670356886
229,Road from Machkal  to Kachudaram via Boali Chenjur,RR(VR),OTHERS,2.692738744825774,1546,0.0,0.0
17,Road from Hawaithang Road to Singua via frenchnagar,RR(VR),PWD,2.569061524368836,1536,0.0,0.0
800,Road from Dipucherra to molong,RR(VR),PWD,2.0395286783358495,1532,0.0,0.0
1094,LRA Road at Hatikuri Machkhal via Swasti pally,RR(VR),PWD,4.723088654829191,1527,11981.940852004647,0.0006146654170734738
870,Rajeswarpur to Saraspur vis Sannashikandi,RR(VR),PWD,2.294699253896962,1508,0.0,0.0
908,SJ road To Borkhola,RR(VR),PWD,8.855255465069659,1499,28105.833022806022,0.0014418101199581664
990,Road from Kumacheraa to uttar harinagar to mahaltal,RR(VR),PWD,6.243064647491511,1480,42224.19598457429,0.0021660725383324054
924,4th KM of SMD Road to KK Road (Ph.-II),RR(VR),PWD,10.248496194881065,1473,21348.42730519761,0.0010951598021965378
522,Sonai Dungripar  Road,RR(VR),PWD,5.4727273035870585,1466,8149.870141572896,0.00041808279572891116
579,Rongpur Shantipara road,RR(VR),PWD,1.5670177174632902,1456,0.0,0.0
358,Road from T02 to Diderkush Pt II,RR(VR),PWD,3.263059140223439,1406,0.0,0.0
647,haringr to bhmapunji  kumchwerra nuthang punji  uttar digli,RR(VR),PWD,9.029667033632562,1405,11455.279085805505,0.0005876480266376591
832,Rakhal Khaler Par II to Railgate,RR(VR),PWD,1.4070635211735358,1367,0.0,0.0
182,NH 37 at Sibpur to Lakhipur,RR(VR),PWD,6.0942720745197105,1360,1878.2322708215513,9.635203815183537e-05
47,Silchar Hailakandi Road at Borjalenga to Derby(PDB Road),RR(VR),PWD,4.916890842560477,1357,43864.37488575039,0.002250212600515891
214,S.J.Road to Bandarkhal,RR(VR),PWD,5.27589423347011,1341,238566.53863007412,0.012238301188266677
890,Nagar TE Road (Main Road),RR(VR),PWD,2.3659164740214687,1317,0.0,0.0
669,ROAD FROM NH37 TO MANIPUR PT I B,RR(VR),PWD,1.4560110246733697,1251,0.0,0.0
370,PDB Road at Allenpur to Dwarbond Pratappur  via Taranathpur,RR(VR),PWD,10.839654712098886,1250,39194.50208920201,0.0020106513019229138
979,baniram ME School to South Ladumba via Lenglacherra,RR(VR),PWD,4.339505105564803,1250,3152.3803092444105,0.0001617149660050058
656,Damcherra to Eliyas Khasia Punjee,RR(VR),OTHERS,1.1534937887371726,1186,0.0,0.0
124,Tilkanachghar Road,RR(VR),PWD,1.225289147776255,1159,1498.8105028294801,7.688795948960574e-05
919,NH-54 to Daloo mainarband via aravalik,RR(VR),PWD,5.398417413475884,1157,33364.425569119885,0.0017115723413397461
27,Ichacherra Diguncherra Road,RR(VR),PWD,5.583331686765835,1156,0.0,0.0
525,Road from BBC raod at jaraltoala to kasiapunji,RR(VR),PWD,1.0215690878228545,1138,0.0,0.0
231,Road from L021 to Bhubhannagar Pt V,RR(VR),PR,4.01315037141869,1126,0.0,0.0
412,Road from kankpur-I to budhannagar chirupunji via mangalpur,RR(VR),PWD,6.088996086140994,1117,0.0,0.0
351,Road from hawaitang to aradhanpur via sewrartal,RR(VR),PWD,6.057082013396812,1108,89.67337488084434,4.600183146647599e-06
938,sherkhan to rajgovindapur ground via  kalimandir in saraspur,RR(VR),PWD,1.0893598942961873,1108,0.0,0.0
28,Chandighat Sahabghat Road,RR(VR),PWD,0.7575901307733368,1100,0.0,0.0
855,Chutojhalenga to Dwarbond,RR(VR),PWD,2.4959095873185007,1100,0.0,0.0
423,Jamalpur dyke to Dholai Bhubandar to dulalgram,RR(VR),PWD,1.841676203142376,1094,0.0,0.0
544,Road from hawaitang tulartal road to khulicherra FV,RR(VR),PWD,1.162169285720353,1086,0.0,0.0
936,Madhura to Ratanpur road,RR(VR),PWD,3.3283890998144736,1077,0.0,0.0
999,Road from Ananadakhal Health Subcentre to Nachghor,RR(VR),PWD,1.9496572750816117,1077,0.0,0.0
392,joypur harinagar NEC road to chutokumpi   uttar doloicherra,RR(VR),PWD,6.904915358918866,1053,5978.720371707557,0.00030670428908238735
369,Barbond to Mikirpunji,RR(VR),PWD,3.102310985671607,1032,5719.915856321241,0.0002934277934498944
118,Barbondh To Rupacherra,RR(VR),OTHERS,2.0836206069806567,1032,0.0,0.0
316,T01  to Sunacherra Grant,RR(VR),PWD,5.990386886264534,1032,0.0,0.0
970,RD FRM NH37 OF SACHINDRA GHOSE TO KALAMPUNJEE,RR(VR),PWD,1.578746613009168,1010,0.0,0.0
1001,Daloo Subong road,RR(VR),PWD,8.037575892018662,1000,9393.191004873526,0.0004818643104631434
29,PWD road to Shastrinaghar via masghat,RR(VR),PWD,1.4718423934091085,1000,0.0,0.0
401,Road from Nehru School near Stadium to JNV,RR(VR),PR,0.7817809997772145,1000,0.0,0.0
1125,Road from T02 to Dharmikhal Grant I,RR(VR),PR,1.7053801563565634,1000,0.0,0.0
1126,189no LP School to barthal TE via 7no bastiLP School,RR(VR),PWD,1.611895002050783,1000,0.0,0.0
621,Dwarbond pratapppur pmgsy road,RR(VR),PWD,7.182228493925844,981,7941.862706209656,0.00040741215575571026
479,4th km of SMD to 3rd KM of LRA Road,RR(VR),PWD,4.647877046923111,965,0.0,0.0
616,Road from Kuriya Nala to Block Boundary at Kaptanpur XIII,RR(VR),OTHERS,0.983457576252974,965,0.0,0.0
835,Road from Lowerlabon khal to Jirighat TE(OLD ALIGNMENT),NH,PWD,1.79433584954597,958,116.47786588682854,5.97523530615471e-06
620,Dwarbond Pratappur Road to Sonacherra,RR(VR),RD,2.0017580353379247,934,29718.400147847788,0.0015245337168040762
976,Kumarcherra Bazar NEC Road road to Bhula Via Kalinagar,RR(VR),PWD,6.330254674940561,926,855.7563141731629,4.389971693746947e-05
950,Road from BBC to Bishnupur,RR(VR),PWD,6.497411632794601,915,19173.06311945088,0.000983565098881423
810,NH 37 to Digor Fulertol,RR(VR),PWD,2.3993535525398704,912,442.337775736952,2.2691627071854356e-05
877,T01 to Nanda Kanan,RR(VR),PR,2.0097421416378327,890,0.0,0.0
759,T-05 to DigorMahadevpur,RR(VR),PWD,2.5044282597547114,886,0.0,0.0
406,Road from Krishnapur to Bhuban Hill,RR(VR),PR,1.250928220790318,880,0.0,0.0
707,Nh 54 to Damcherra East Tomas Punjee,RR(VR),OTHERS,1.4496858158882835,878,0.0,0.0
144,Gorervitor I  to  Gorervitor II,RR(VR),PWD,1.9244439252846086,877,0.0,0.0
216,Bihara Gorervitor,RR(VR),PWD,1.098395446244642,877,0.0,0.0
449,road from gurudayalpur to luharbond,RR(VR),PWD,9.871724977194297,877,0.0,0.0
471,Dwarbond Pratappur at 5km to Silchar Aizawl Road,RR(VR),PWD,5.986748300632201,877,0.0,0.0
996,Road from T03 to Kalam punjee,RR(VR),PWD,7.854115009874905,873,890.3763897445826,4.5675703269989355e-05
193,Srikona Lalmati Road to Indragarh Grant,RR(TRACK),PWD,0.6650416810420737,865,0.0,0.0
343,Nh53 at Srikona to Natunkanchanpur via Indragarh,RR(VR),PWD,8.372160668257864,865,0.0,0.0
594,Subhong to NH  54 via  Barbondh Kalibar,RR(VR),OTHERS,3.4866849778900963,849,0.0,0.0
1032,Jalalpur Rymbai Road,RR(VR),PWD,5.959809225474023,839,82088.28077500997,0.004211072977461261
156,Road from Bhagabazar jaraltala road to Jibangram,RR(VR),PWD,1.9660955323798741,833,0.0,0.0
454,Rd from Ratanpur to Chailtacherra,RR(VR),PWD,5.065985801841883,832,0.0,0.0
641,Gumra Leverputa Road to Boalnagar,RR(VR),PWD,1.4043473783490033,832,0.0,0.0
1089,SK Road to Chandpur,RR(VR),PWD,3.287141189199761,825,0.0,0.0
70,Chandinagar to Zabda Road,RR(VR),PWD,2.608453394410518,816,0.0,0.0
1110,Koroikandi to Jabda,RR(VR),PWD,4.717338711698143,816,0.0,0.0
444,Road from NH 54 to rajanikhal,RR(VR),PWD,3.1333814651052867,812,5909.892079156276,0.00030317344448299924
769,Road from rajanikhal to jamirkhal via gurudayalpur,RR(VR),PWD,9.397659878871579,812,0.0,0.0
980,pailapul kumacherra NEC road to langharpunji diphucherra,RR(VR),PWD,2.9515337522333076,792,0.0,0.0
67,Chandranathpur to Kalibari Grant,RR(VR),PWD,2.8991032032701645,771,0.0,0.0
808,Road from Irongmara to Irongmara Smasanghat,RR(VR),PWD,0.6308761357442123,760,0.0,0.0
494,Ailatol TE to Ailatol KP,RR(VR),PWD,2.5094220518353922,758,0.0,0.0
496,Road from T04 to allenpur,RR(VR),PWD,3.8518109817325716,752,0.0,0.0
259,Road from L049 to Gangapur XII,RR(VR),PR,2.3542443336728223,740,3793.2804099608015,0.00019459270531076807
986,Road from Molong I to Durga Nagar,RR(VR),PR,5.379468412405173,731,0.0,0.0
715,Road from NH-54 to Dholai lailapur Road,RR(VR),PWD,8.758492856089827,719,1735.3114852760727,8.902029905039568e-05
726,Road from 9TH Km of Dumurghat Guabari Rd to Mamadpur,RR(VR),PWD,2.302151181037508,715,0.0,0.0
157,Diguncerra Tataicherra Road,RR(VR),PWD,1.044800613639706,705,0.0,0.0
305,Road from NH-54 to Borjalenga road,RR(VR),PWD,12.45606777191043,687,70060.13918460664,0.0035940374939279628
560,Road from Dharamkhal to Sildubi via Pitalbill,RR(VR),PWD,1.8636647223860556,680,693.367496281274,3.556928101640693e-05
782,T01 to Santipur,RR(VR),PWD,2.157479955344705,651,23431.84879816972,0.0012020379079003636
431,Silchar Hailakandi Road at Silcoori  to  Borakhai grant,RR(VR),PWD,5.983490237075989,650,2554.016711567349,0.00013101932037709225
437,Road from BBC road to barmannagar forest village,RR(VR),PWD,1.9310784894483388,643,0.0,0.0
933,Bariknagar Saidpur Road,RR(VR),PWD,1.95731714856346,614,0.0,0.0
427,Road from Nagakhal FV to Dhalakhal,RR(VR),PR,8.790080867104455,611,0.0,0.0
977,Road from south ladumba to Birennagar via lenglacherra 1,RR(VR),PWD,6.110824963470844,605,2202.962981064272,0.00011301050274561717
802,Road from L065 to Langlachera Pt I,RR(VR),PR,1.1697879514120455,605,0.0,0.0
384,Kanchanpur to Bunglowghat 1,RR(VR),PWD,1.8335413836146965,585,4605.429806567231,0.0002362554170330966
323,Road from Chengcoori Kanchanpur Road at Haribashar to Lalmat,RR(TRACK),PWD,3.611128474566801,585,0.0,0.0
804,ROAD FROM BADRIPAR PTI TO  BAGPUR ROAD,RR(VR),PWD,2.976853108963902,568,0.0,0.0
1105,Rd from Udharbond BB at NH bye-pass to Badripar Bagpur Road,RR(VR),OTHERS,0.7419769940855611,568,0.0,0.0
147,Road from Budhannagar to Us chirupunji-III to Us chirupunji,RR(VR),PWD,2.193857761449328,566,0.0,0.0
204,Road from Irongmara to New Colony,RR(VR),PWD,0.7118019790903486,560,0.0,0.0
888,Siddipur to Pachgram,RR(VR),PWD,0.9883964000797348,537,0.0,0.0
199,Daloo mainarband to rampurgarden,RR(VR),PWD,0.9403689653235994,533,0.0,0.0
945,Dudpatil I to dudpatil VIII,RR(VR),PWD,2.8894774186018752,514,0.0,0.0
59,Road from Bagkhal FV to Kapakhal FV,RR(VR),OTHERS,3.276492751759764,507,0.0,0.0
246,Road from LIS irrigation chiri to birennagar,RR(VR),PWD,2.2518753656998727,502,0.0,0.0
541,Jatinga Bridge approach to North and South Rampur,RR(VR),PWD,1.6868971708166784,500,227031.23868849964,0.011646548146148359
1039,Shastrinagar to Durgabari,RR(VR),PWD,1.4128719518211594,500,40548.32087116438,0.0020801012847374745
64,Chotodudhpatil to Sivnagar,RR(VR),PWD,1.6975318656995126,500,0.0,0.0
508,Kathalwala to Nageswartilla,RR(VR),PWD,1.696625456013314,500,0.0,0.0
712,Chencoori Kanchanpur Road to Silchar Bye Pass Via Kalinjar,RR(VR),PWD,0.7002984991437557,480,0.0,0.0
473,Narayancherra Mandop to Sabajpur,RR(VR),OTHERS,4.459035923715547,472,9027.737310195995,0.0004631167844625936
1119,Moinacherra to Kathlacherra,RR(VR),OTHERS,4.112510346723987,472,0.0,0.0
557,PWD  raod gas agency to alam laskar house,RR(VR),PWD,1.3136425717325504,457,0.0,0.0
896,Road from French nagar FV to Lailapur FV,RR(VR),PWD,1.965521470324827,450,0.0,0.0
205,Road from shivmandir of kumarcheraa diphu road to anandapur,RR(VR),PWD,1.5406092648781013,440,0.0,0.0
1056,Dwarbond Pratappur Road to Jalengacherra grant,RR(VR),RD,2.5945578099783257,437,0.0,0.0
906,derby Panibhora nachghar to derby road via mallipatty,RR(VR),PWD,1.7921066831606483,435,0.0,0.0
80,Road from NEC road to dharmanagar village,RR(VR),PWD,2.364208404869615,406,2831.929772954225,0.00014527607142414406
503,Road from T02 to Krishnapur,RR(VR),PR,2.2984943515086202,396,0.0,0.0
526,Icharpar Road,RR(VR),PWD,1.6545404938112338,379,0.0,0.0
665,Road from Bhagasherkhan Road to Hadama,RR(VR),PWD,2.0361422062792607,376,0.0,0.0
1109,Hadama PMGSY br approach to riyangpunji village,RR(VR),PWD,1.0168665684705465,376,0.0,0.0
397,Road from T02 to Dharmikhal Grant III,RR(VR),PR,1.1003211998414153,367,0.0,0.0
1134,Road from L021 to Panichowki,RR(VR),PWD,0.9511957758392691,339,0.0,0.0
540,Road from natunbazar to menipur,RR(VR),PWD,2.695142610373962,326,43498.62899187392,0.0022314500848951537
280,Road from L027 to Cherenga punji,RR(VR),PWD,1.3013052138957795,314,0.0,0.0
55,Digor Khaspur TE Approach Road,RR(VR),PWD,1.2940252502940495,307,0.0,0.0
591,ROAD FROM NH37 TO LAKHIPUR VIA TELENGRAM,RR(VR),PWD,3.6470859145773473,300,0.0,0.0
12,Road from thailuchabagicha to bandu Via thailucolony,RR(VR),PWD,2.759131818756996,290,0.0,0.0
298,Guabari to Indranagar (Madhupur Part-II),RR(VR),PWD,9.061156496486815,286,0.0,0.0
105,Allenpur Taranathpur Road to Ikrathal FV,RR(VR),RD,0.873533922639491,274,0.0,0.0
3,Paticherra To Langlacherra Punjee (K),RR(VR),PR,2.3250781130024127,268,0.0,0.0
263,Silchar NH 37 Byepass,NH,PWD,7.52269450786669,258,4741.571144024136,0.00024323937505813463
255,Road from SH road at veterinary to Awaltillah,RR(VR),PWD,1.4789571557182846,258,0.0,0.0
739,TikorgramLP School Road via Sonai Block,RR(VR),PWD,1.9969708753889521,255,0.0,0.0
510,Dwarbond Pratappur Road to Jogirbond,RR(VR),PWD,2.513403970388328,247,2946.280894475844,0.00015114220619071202
872,borosalganagaTV from Dwarbond Pratappur Road Jogirbond,RR(VR),PWD,1.0008454251589907,247,0.0,0.0
1103,Mollong punji to chirriparkasiapunji  diohu to thaipunagar,RR(VR),PWD,4.030420346120097,244,0.0,0.0
136,Road from L022 to Marchakhal via Bijunsupunji,RR(VR),PWD,6.199947893507863,230,0.0,0.0
92,Road from Narayandar to Tulartol FV,RR(VR),OTHERS,5.695158132942234,213,0.0,0.0
334,harinagar NEC rd to Jirighat  uttar  diglang and singapunji,RR(VR),PWD,7.889067527669164,205,19991.753001020552,0.0010255633330343368
207,SK Road to 423 No Balika Vidyalaya,RR(VR),PWD,0.7611739741677271,204,0.0,0.0
1071,Chekercham Point to Tribal Basti Methnathol 1375no LP School,RR(VR),PWD,1.7823917976499886,169,0.0,0.0
593,Ganganagar VIII to bhubankhal from amraghat rammanikpur road,RR(VR),PWD,0.8946249185293287,150,0.0,0.0
112,NH 37 to Alney TE via Chau bari,RR(VR),PWD,4.653439506964742,136,0.0,0.0
446,Road from MDR to Chototulpoi via Ngtei,RR(VR),PWD,3.697563585827781,123,0.0,0.0
1040,NH 37 to Fulertal Hmerkulin,RR(VR),PWD,3.1251297281602937,122,0.0,0.0
644,Road from Tuiset to kalinagar,RR(VR),PWD,1.750905559185721,121,0.0,0.0
632,Amarnagar TE road,RR(VR),PWD,0.6055179358279482,120,0.0,0.0
422,Road from L038 to Karulong,RR(VR),PWD,5.585849259859084,105,0.0,0.0
519,Rd from Lakhinagar to Jiri river via Kalachand Sukla House,RR(VR),OTHERS,0.5439748296962225,105,0.0,0.0
537,Kumbha Hmarpunjee Road,RR(VR),PWD,1.1052501925750529,71,0.0,0.0
659,Ichacherra to lailongcherra Punjee (H),RR(VR),PWD,2.197845298388492,61,0.0,0.0
1082,NH 6 to Damchera K.Punji,RR(VR),PWD,2.2487932767527488,56,0.0,0.0
443,harinagar NEC rd to Diglng  harinagr bhadurpur  budhan nagar,RR(VR),PWD,5.225231307298591,0,278418.1013181175,0.014282659252058792
1051,Binakandi to Silghat,RR(VR),PWD,10.965057342811164,0,276445.45544946875,0.014181463860546873
276,NH-37 (Ch.0.00 - 8.50 km),NH,PWD,8.49729884404851,0,247070.14486357095,0.012674530404943742
44,SJ Road-II(bridge approach road),MDR,PWD,1.0982519569915055,0,243702.87036998855,0.012501791513426645
19,Road from Palonghat Bazar to Bhubandar TE,RR(VR),PWD,6.3459723804175985,0,213487.3260239005,0.010951754637348845
813,NH-54 to Ranachandi mandir,RR(VR),PWD,1.8818680388272353,0,207769.60332366623,0.0106584393513147
918,NH-6 at Brahaman gram to Kunapara grant via Pechacherra,RR(VR),PWD,9.123937160770637,0,193500.96148678326,0.009926467728848181
464,NH-6 at Natanpur to Soidpur Pt II at Amtala,RR(VR),PWD,5.075264042142708,0,186704.55812141884,0.009577816858278047
1130,Natun Ramnagar I to Boali BastiAmjur Motinagar Kabuganj Road,MDR,PWD,10.19572691395809,0,167172.4430295854,0.008575832637396147
252,SH Road at Kathalpoint to 6th APBN.,RR(VR),PWD,5.097945750326834,0,152422.0424451233,0.00781914711881154
104,Dholai Bhubhandhar Road,RR(ODR),PWD,7.49487926273919,0,147974.16689395974,0.007590974127931732
792,Ramnagar Ashram Changoori CR,MDR,PWD,4.353911931907749,0,146464.67458865515,0.007513538199239595
901,Bubankhal TE to Anandakhal to Amraghat Nagakhal via Ramani,RR(VR),PWD,0.8796535404710255,0,124099.52012763769,0.006366220985401572
598,Old Lakhipur Road,MDR,PWD,4.84596590058357,0,122942.20916731554,0.006306851720196836
964,Kabuganj Kachudaram Road(8th to 10th KM of SMD),RR(VR),PWD,4.654572981241461,0,112597.2286606203,0.00577616125557975
624,NH 6 at Lakhipur to Boroitoli via Itabhatta (Pkg-38),RR(VR),PWD,3.1328022875545973,0,101873.22682126537,0.00522602725436066
325,NH37-POLRBND ALIPUR RD BUROWS MEM CHRST HOS,RR(VR),PWD,5.98527208858654,0,100295.29541700185,0.005145080446435741
512,ROAD FROM NIZ BANSKANDI TO BAGPUR,NH,PWD,5.6313859288547645,0,100240.45373558215,0.005142267105475439
476,Silchar Hailakndi Road at Irongmara to Dargakona,RR(VR),PWD,3.818502032848833,0,99688.28718113006,0.0051139413367474506
861,SH road at Chotojalenga to Makhanpur TE,RR(VR),PWD,1.1673429454416173,0,93396.75225865853,0.004791189873948643
139,Binnakandi grant  raod to Didarkush grant at Matinagar,RR(VR),PWD,4.423301724906248,0,92268.29022822273,0.004733300539227604
253,Road from Barthal Cha factory to Thailu cha bagicha,RR(VR),PWD,3.7087662705447255,0,88992.90165503843,0.00456527533293749
982,Bangarpar Bazar to Babur Bazar,RR(VR),PWD,2.5415634173049884,0,88661.16160279735,0.00454825729386608
775,Road from Rosekandi-I to Rosekandi-II via Basudebpur,RR(VR),IRRIGATION,1.1428435461839286,0,88442.67385929922,0.0045370490212129685
589,T01 to Rongmai Punjee,RR(VR),PWD,2.56282750129423,0,84872.37547185317,0.004353895142012412
241,Road from T02 to Ganganagar Pt V,RR(VR),PWD,5.381669152439693,0,79764.02171847776,0.004091840068534728
337,Nutankanchanpur Hatikhal Road,RR(VR),PWD,4.5859933696317565,0,79412.57183290433,0.00407381092841756
943,Road from NH-53 at Kashipur to Nutan Dayapur Road,RR(VR),PWD,2.5309043797980153,0,73156.5679990728,0.003752882186302131
296,Khelma-II to Khelma-VII  via Khelma III and V (Pkg-78),RR(VR),PWD,7.373312760299692,0,72367.63111855197,0.003712410260868712
820,Boroitoli V to  JB Road at Kalain,RR(VR),PWD,2.5883782998868696,0,69627.59988373963,0.0035718485219532257
793,Kaptanpur  III to LRA at Kaptanpur  IV,RR(VR),PWD,4.234291447743061,0,67591.28975521182,0.003467387197206069
109,"From NH-54 to palonghat,motinagar amjur(SMD) Road",MDR,PWD,1.9391259825939584,0,64759.47334236832,0.0033221169410785115
876,10th KM of SMD Road to Boali Nachghar,RR(VR),PWD,3.3006119006972523,0,59340.10388695846,0.0030441069736008774
947,baladhan TE diglikhasiapunji via US diska budhannagar,RR(VR),PWD,5.366849639172541,0,58068.227050806934,0.002978860556879635
727,Silchar Hailakndi Road (Rangirkhari to Fakirtillah),SH,PWD,3.8000942158337465,0,57590.68921813788,0.0029543631908258896
750,Putikhal to P K College via Laikolbasti,RR(VR),PWD,1.5313396867730396,0,55877.650604790775,0.002866485474958197
506,S K Road at Niz joynagar to Srikona bazar via Rakhal Khaler,RR(VR),PWD,7.525569200199938,0,52900.068414250636,0.0027137375335666574
1093,Rajeswarpur Busstand to N.H.6 at Digarkhal,RR(VR),PWD,3.1038653988206084,0,51731.79413548201,0.002653805857581511
840,Chatradayal to Harinagar Via Nutan Chandra Pschim Diska S,RR(VR),PWD,7.961486569168375,0,47636.16968222485,0.0024437031084666673
601,NH54 at Bhagabazar to Dholai Lailapur PWDRoad via saptagram,RR(VR),PWD,1.9908860435763551,0,47209.29407239977,0.0024218046799906385
168,NH54 (0.00-4.87km),NH,PWD,4.87137915073857,0,46497.203234000335,0.0023852749042568722
718,Dilkush P.W.D Road to Rubbepur,RR(VR),PWD,0.7605582282356781,0,46240.68573939092,0.0023721157312348857
1048,Road from menipur to sildubi via kajidor,RR(VR),PWD,2.0765007099826986,0,43498.62899187392,0.0022314500848951537
920,Road from  Aradhanpur to jaraltala via tillanagar,RR(VR),PWD,6.2077502846545025,0,41354.207348837066,0.002121442712977765
226,Road from Dewan TE to Barthal cha factory,RR(VR),PWD,3.8043529039194564,0,40934.845766081504,0.0020999297489802905
271,NH37 to Nanda gram,RR(VR),PWD,0.9604272501741314,0,40299.888261330445,0.002067356860806131
971,Santipur point of TRK Road  to SK Road via Dudhpur,RR(VR),PWD,5.245425313859851,0,39914.815189455745,0.002047602874098041
380,Road from NH-54 near block HQ to PDB via jugia basti,RR(VR),PWD,4.757769176241304,0,37971.70985139923,0.0019479228917156893
922,Rajnagar ferry to Gonirgram,RR(VR),PWD,1.8240023484010826,0,37719.737550823054,0.0019349968840565287
1062,Joynagar to Uzangram road,RR(VR),PWD,0.8976101705128877,0,34886.90721562951,0.0017896746144019586
1122,Road from Kathal Road to Budhurail via Rengtibasti,RR(VR),PWD,2.510001280866989,0,33225.52517762347,0.0017044468457188488
175,16th KM of S.K Road of Chandpur Pt-III to Santipur,RR(VR),PWD,3.2384091092488583,0,33213.95244530085,0.0017038531724210394
31,Road at Jolagram to Behara Rail Station Via Niz Behara,RR(VR),PWD,0.9446953684214677,0,32880.22864295801,0.0016867333683185108
1059,SJ road to chandranathpur,RR(VR),PWD,3.0534978573445786,0,31980.48970321265,0.00164057737260073
132,SJ road to nilcherra,RR(VR),PWD,1.1449203644903125,0,31469.409231038153,0.0016143592919519102
984,Dwarbond basti to Aulia chara via Kuroni para Saratikuna,RR(VR),PWD,4.408736547103177,0,30663.616375998965,0.0015730226664890479
1029,SH road to sheratikona via bagbahar bagan nachghar,RR(VR),PWD,2.305115874287265,0,30663.616375998965,0.0015730226664890479
267,Patimara TE Road,RR(VR),PWD,1.0679952943972226,0,29801.236632404223,0.001528783172126689
518,Baramthan to Loharbond forest vit office via Bhumihin,RR(VR),PWD,3.572512726664226,0,29718.400147847788,0.0015245337168040762
155,SJ road to nagdirgram,RR(VR),PWD,1.7816898910767027,0,28547.731930121212,0.0014644792333784484
851,Biswambarpur to Baikampunji,RR(VR),PWD,2.6698117319316204,0,28483.719483034565,0.0014611954383762535
735,LRA Road,MDR,PWD,0.8952566411892493,0,28035.619527403673,0.0014382082153945623
944,Bantarapur-Didarkush Road to Motinagar-Kabuganj Road,RR(VR),PWD,0.7463537600843926,0,27981.937526985013,0.001435454365280943
340,Road from Berabak at NH-54 to Baromoni Road,RR(VR),PWD,4.1980753149348,0,27768.98123454622,0.0014245298523053666
728,Haninchara to Narayan Cherra,RR(VR),OTHERS,0.8763364049176116,0,27705.165724039725,0.0014212561600158017
442,N.H.6 to S.K.Rd via Hilara Rly Stn.,RR(VR),PWD,3.5099867538770155,0,26891.800550495936,0.0013795310797634077
717,Niz Fulbari to Sripur,RR(VR),PWD,3.177629040547139,0,26778.367942835517,0.0013737120641332597
798,NH54 to panibhora via india bricks,RR(VR),PWD,2.8275565870825523,0,26646.565802233934,0.0013669507039559146
1087,Road from Kulicherra Bazar to Dholai Bhuvandar PWD Road,RR(VR),PWD,3.118399310630319,0,26553.250964228104,0.001362163716227428
556,ROAD FROM L021 TO KASHIPUR,RR(VR),PWD,1.2986459794053637,0,25211.440001002393,0.001293329726347825
346,13 th Km of SMD to 20th Km of SMD Road via Harina,RR(VR),PWD,7.171902171621354,0,24960.020655568627,0.0012804320849114186
672,Saidpur REC Road,RR(VR),PWD,2.6434148389219416,0,23666.925928974728,0.001214097204840268
1068,Khaspur Bagerkona Road (Salgonga to Tikalpar Basti),RR(VR),PWD,2.104828640590157,0,23522.94536948014,0.0012067111000559662
696,Kalinagar - Khorilpar,RR(VR),PWD,1.3065240894732546,0,23426.679707727184,0.0012017727370760376
177,PMGSY from Point PWD via Harina Hospital to PWD Sonai Road,RR(VR),PWD,0.4873143263469564,0,23206.933513539447,0.001190499906758392
361,13th KM of SMD Road to 20th KM of SMD Road via Harina Dis.,RR(VR),PWD,0.8259638517895979,0,23206.933513539447,0.001190499906758392
1083,Road from Dholai Bhbandhar to Rukni TE via Punimuke,RR(VR),PWD,3.131056968740851,0,22317.287796082455,0.001144861686479843
1004,Road from T02 to Rakhaltilla,RR(VR),PWD,5.401169223254807,0,22208.069614336873,0.001139258868032995
734,1st Km of SMD road Sonai Kabuganj road(Kabuganj Sonai Road,RR(VR),PWD,3.6329310961295467,0,21608.897705298034,0.0011085217565819357
1019,Road from Srikona Mohanpur Road at Tapang Pt II to Chenduar,RR(VR),PWD,4.5154778503075255,0,21197.23313129758,0.0010874036438990452
463,Silchar Hailakndi  at Chotojalenga to Jogirbond via Nagathal,RR(VR),PWD,2.4481278022562387,0,21181.309841988816,0.0010865867899865578
865,Hatikhal Bazar to 13th KM of SMD Road via.Sudania,RR(VR),PWD,5.53413723435215,0,20571.18135479694,0.0010552876135275571
89,NH BYEPASS,NH,PWD,4.0444231273544515,0,20516.686780010026,0.0010524920789014589
623,Road from Berakhal to Silchar kalain Road at  Tuphkhana,RR(VR),PWD,1.4778480402671357,0,19751.40582849455,0.001013233686538176
625,Craigpark T.E.to N.H.6 at Gobindakupa,RR(VR),PWD,2.721910030438523,0,19421.820105264436,0.0009963261630799205
685,Road from PWD raod purabtal to paloi TE,RR(VR),PWD,1.1196485210447902,0,19325.66386922863,0.0009913934135648637
492,Bidyaratanpur kachari ghat to bishnupur via kayum house,RR(VR),PWD,1.652206335481198,0,19173.06311945088,0.000983565098881423
1098,S H road to Kathal Road via Panchgori,RR(VR),PWD,2.3881424019794615,0,19065.15931697,0.000978029707196976
1077,Baramamda Nagapungee to Rupaibali,RR(VR),PWD,0.776405514390599,0,18457.058439979974,0.0009468345457624005
582,U Krishnapur I to Sayadpur(Silchar Hailakandi Road,SH,PWD,1.6337746395743178,0,18126.611975173357,0.0009298828668466402
14,Amraghat to Nagakhal Ramanikpur via mohankhal village,RR(VR),PWD,1.1804520868455126,0,17907.930756065805,0.0009186646690263438
577,Rd from Khaspur Rajbari to Nagadum August Nagar Road,RR(VR),PWD,2.387338872649676,0,17655.955264080767,0.0009057384976500792
968,Road from NEC road todoloicherra via kanakpur-II,RR(VR),PWD,4.200195306785848,0,17283.83878855305,0.0008866491755231145
98,L026 to Salimabad Road,RR(VR),PWD,3.096538672090632,0,17110.467519803547,0.0008777553473419612
375,Sherkhan NEC road to PMGSY Road Narainpur via jamalpur,RR(VR),PWD,0.5224307267500107,0,16998.65355756429,0.0008720193671211163
572,Silchar Hailakndi Road At Athalbasti to Kathal Road,RR(VR),PWD,2.9184084289396157,0,16883.19830166372,0.000866096591011804
189,TRK at Uluani Bridge to Sripur,RR(VR),PWD,5.088290335649023,0,16335.297920718032,0.0008379896740833706
1135,Road from L035 to Rakhaltilla,RR(VR),PR,1.6057996750909391,0,16312.484415092511,0.0008368193567597066
110,Nilcherra road to heirbond via sonapur-III,RR(VR),PWD,2.943325218901964,0,15821.034725636648,0.0008116083219139221
278,ROAD FROM NH37 TO POLLOIRBOND FACTORY,RR(VR),PWD,4.952445320574025,0,15269.918809412453,0.0007833364502125108
66,Dwarbond Pratappur Road At Bordokan to Dwarbond Basti,RR(VR),PWD,7.337785761491722,0,14361.626227570261,0.0007367416584722923
850,Barik office  bagbahar kalibari  to lalabasti,RR(VR),PWD,1.6416649847581295,0,14361.626227570261,0.0007367416584722923
301,GN road at Telkar grant to Mahadevpur via Saraspur,RR(VR),PWD,6.268234636935657,0,14305.232766801853,0.0007338487122867307
326,Thangjam Laikai Road,RR(VR),PWD,6.998023347907447,0,13596.651475312563,0.0006974989739226946
219,Road from natunbazar to barabak-III,RR(VR),PWD,3.3642085294364192,0,13263.587571138945,0.0006804130221474658
328,NH54 to Sildubibasti,RR(VR),PWD,5.016772027622207,0,12959.961386258987,0.0006648372053521055
169,NH54 to Menipur,RR(VR),PWD,3.0541011771721416,0,12902.890964005694,0.0006619095315027549
529,Hazarigram PMGSY Road to 225 No L P School,RR(VR),PWD,3.150759860053354,0,12679.671528694564,0.0006504585262775484
695,Road from RS quary to South ladumba lenglacherra,RR(VR),PWD,4.68223686292417,0,11846.120860685907,0.0006076979438867837
631,Silghat to 180 L.P. School via Sibpur-I and II,RR(VR),PWD,4.377186472798211,0,11580.821277458786,0.0005940882556911993
1044,Doyapur Arkatipur Rd to Ramratan LP School  Nepalibasti,RR(VR),PWD,2.211269923095644,0,11512.55899122705,0.0005905864468310764
994,T01 to Ryiang Punji,RR(VR),PWD,4.012282847380382,0,11122.863322185567,0.0005705953240320489
897,S.K. Road to Doyapur Part-I,RR(VR),PWD,3.5668782197088045,0,11007.602206232617,0.0005646825071700194
905,NH37  Sivbari point to Gagrapar par Pt- II,RR(VR),PWD,1.8565218647843507,0,10830.439023148634,0.0005555941563622984
564,joypur bustand to barthal TE via RCBP HS school rajabazar,RR(VR),PWD,2.9708585442381175,0,10826.651661316495,0.0005553998672760049
548,jarultala to Raniferry,RR(VR),PWD,2.7750631655376643,0,10469.70466986171,0.0005370887293655745
145,Doyapur Chappanahal road,RR(VR),PWD,2.8328055626864654,0,10085.874428383679,0.0005173984990116135
893,baladhan TE to NEC road near hindi Lp school kanakpur,RR(VR),PWD,2.2130769449586483,0,9991.623503993113,0.0005125634906882002
11,ROAD FROM UTTAR LALPOOL TO SONPUR,RR(VR),PWD,2.2177117203156196,0,9778.362986234722,0.0005016233711606251
1045,Srikona Mohanpur Road at Machghat Kalibari toSrikona Lalmati,RR(VR),PWD,2.0849850218093895,0,9733.601613648292,0.0004993271431880913
210,Jatingamukh to Rani ghat,RR(VR),PWD,1.0686008579095332,0,9711.86184990874,0.000498211908092951
88,Road from T03 to L036,RR(VR),OTHERS,1.4069729557772055,0,9622.972232960801,0.0004936519311952462
581,Bihara Gorervitor,RR(VR),PWD,2.460578551838807,0,9404.828371379946,0.0004824612994506252
807,NH 54 at Sildubi to Boaljur,RR(VR),PWD,2.0750732659777915,0,9367.860573155693,0.0004805648765426456
333,NH 54 at paloi point TE to Tiprapunji via chotosalgonga,RR(VR),PWD,2.623800173109411,0,9329.522916539416,0.0004785981808307634
394,joypur hsrinsgsr NEC raod to Subhasnagr dolichera  santipur,RR(VR),PWD,1.750719578058259,0,9324.537454314604,0.00047834243000912546
45,ROAD FROM NEIARGRAM TO  KOKROIKANDI,RR(VR),PWD,2.425392496186605,0,8676.887950877303,0.00044511845093388945
697,LRA road near B Block H Qr at K IX to Naidol D B Grant Road,RR(VR),PWD,1.251117955156436,0,8410.246551707985,0.0004314399284930078
993,Road from bhagasherkhan PWD road to shyamacharanpur colony,RR(VR),PWD,2.8424308213901885,0,8358.537330603172,0.0004287872806165482
688,Masimpur Bagan To Masimpur Pt I,RR(VR),OTHERS,1.798564313499297,0,8174.052043168788,0.00041932331083524154
275,ROAD FROM TARAPUR FACTORY TO LALPOOL,RR(VR),PWD,2.3993585467818304,0,8123.739828920034,0.00041674232846042645
777,Road from Pallorbond Alipur road to Tarapur Factory road,RR(VR),OTHERS,0.5566681661676235,0,8123.739828920034,0.00041674232846042645
161,ROAD FROM BASKANDI MV SCHOOL TO SCOTTPUR,RR(VR),PWD,3.2678398497370784,0,8054.234855100791,0.00041317677057218686
675,Pratappur to Lowerbond FV,RR(VR),PWD,1.504105952092529,0,7941.862706209656,0.00040741215575571026
429,Road from PDB road to jugia basti road via santipur,RR(VR),PWD,4.704243798126238,0,7921.755861348054,0.00040638068828849935
143,Nutan Ramnagar to New Hailakandi,RR(VR),PWD,1.358050041175906,0,7296.0243272848265,0.0003742810861362612
708,Road from SMD road near palonghat to ruknipar dyke,RR(VR),PWD,1.1896829929807442,0,7074.640206924749,0.00036292423131988944
176,ROAD FROM ALGAPUR PWD ROAD TO NANDAPUR,RR(VR),PWD,1.9339761137702178,0,6805.616907921255,0.0003491235190373881
187,ROAD FROM PUTUL BAZAR TO NANDAPUR,RR(VR),PWD,2.427719485791815,0,6805.616907921255,0.0003491235190373881
285,NH37 at Ramnagar to Chencoori Kanchanpur Road via Pechadhar,RR(VR),PWD,3.6820604498426546,0,6798.295418017693,0.0003487479315845074
995,NH 37 to TRK Road,RR(VR),PWD,3.440736285519975,0,6608.5640828001,0.00033901484311963504
233,Road from NH-54 at natunbazar to PDB raod via atharotila,RR(VR),PWD,5.613056562665932,0,6358.970718444838,0.00032621087327074945
889,Road from Rosekandi-II to chibitabhichia-X,RR(VR),RD,1.5019369827024465,0,6076.018159934346,0.00031169559944849883
592,Road from SH Road to Kalacherra,RR(VR),RD,2.4869387079010536,0,5976.235232811233,0.00030657680314709004
167,Road from T01 to Bahadurpur TE via Block Boundary,RR(VR),OTHERS,2.391850302178734,0,5896.741960147363,0.0003024988523209267
258,NH54 bhagabazar to dholaI lailapur road,RR(VR),PWD,2.2374329494790586,0,5887.753091190595,0.0003020377294565615
378,Road from Pasibasti to Dilkush Motinagar Road,RR(VR),OTHERS,0.6375200661092889,0,5834.547590371509,0.0002993083234483441
1123,Kaptanpur IX to Pashibasti,RR(VR),PWD,2.1050086597739304,0,5834.547590371509,0.0002993083234483441
174,Road from barabak to kajidor,RR(VR),PWD,1.7186595182293312,0,5832.891018527368,0.000299223342439335
390,T05 to Govindapur I,RR(VR),PWD,2.6366858540717653,0,5692.863513825653,0.00029204002667752854
211,Irongmara to Bunglowtilla,RR(VR),PWD,2.069467335078283,0,5609.501487587577,0.00028776361142405615
445,Robipur punji to hatiguri via ulaipunji road,RR(VR),OTHERS,10.23179523171683,0,5601.83445079313,0.00028737029765067126
324,Doyapur Arkatipur Road,RR(VR),PWD,7.269730802577892,0,5426.488194950082,0.00027837515397476114
173,Road from jamipur EnD to dholai bhubander PWD road,RR(VR),PWD,0.3215767041977272,0,5390.493252148897,0.0002765286378883689
108,NH 54 near Kabuganj to NH-5at Paloi Point via Bekirpar,RR(VR),PWD,4.2115071910252135,0,5354.41348923195,0.0002746777705877223
814,Kolargram Road,RR(VR),PWD,4.3756966048408605,0,5197.757316746707,0.00026664141547738424
97,Alipur Hospital Road,RR(VR),OTHERS,1.6692202595028922,0,4965.194153801201,0.0002547110833789822
667,Road from to L021 to Bagkhal Manipuri Basti,RR(VR),PWD,2.6959416173629602,0,4883.204979062268,0.000250505094473772
1095,Masimpur garden to badarpur-I,RR(VR),PWD,2.184018699493925,0,4879.847214291772,0.00025033284342458194
82,NH-54 at Narshingpur to Narshingpur Pt-IV,RR(VR),PWD,4.510508114297323,0,4768.066097810878,0.00024459854816880354
170,Saidpur Sonabarighat Road,RR(VR),PWD,1.9004661257839262,0,4755.644547511244,0.00024396133108603468
663,Harincherra to Panicherra Road Pt II,RR(VR),PWD,3.219797987149894,0,4716.785061133074,0.00024196786586225147
438,NH 37 to Sridhorpur,RR(VR),PWD,4.508812152757244,0,4645.404380430986,0.00023830608548654572
179,doloichera rd  nazimuddin house  uttar doloichera krishnngr,RR(VR),PWD,1.3214431977004375,0,4523.446627380019,0.00023204973569561227
310,SK road to berabaak PWD road via kamaleshwari high school,RR(VR),PWD,3.8100950179353403,0,4447.211435889912,0.00022813892221791902
273,Road from NH37 at Ujan Tarapur ROB to Lalong IV,RR(VR),OTHERS,0.554955340634885,0,4349.365707608063,0.000223119502899624
498,NH37 TO UJAN TARAPUR TO MANIPUR II,RR(VR),PWD,2.870225253370267,0,4349.365707608063,0.000223119502899624
524,Road from L027 to Ujan Tarapur ROB - Lalong IV road,RR(VR),PWD,0.2529030170262193,0,4349.365707608063,0.000223119502899624
989,Pailapul Joypur NEC rd near block HQ to lalang via ladiachra,RR(VR),PWD,6.294341328632728,0,4299.5883201058095,0.00022056595677318145
904,18th KM of PDV Road to S.H Road via Golf Club,RR(ODR),PWD,2.338923131006484,0,4296.927371436608,0.0002204294519160996
912,NH54 to Medical College,RR(VR),PWD,1.9544673218641455,0,4294.003750916344,0.00022027947217169517
961,1stkm of Kathal Borsangan Road to Merua,RR(VR),RD,7.626566446165147,0,4255.67651131114,0.00021831331084539666
42,2nd Km of Khaspur Bagerkona Road to Tiklpar Pt-I Muslimpara,RR(VR),PWD,3.3600806602037863,0,3946.865177184261,0.00020247149941996667
817,road from NH-54 to sitakunda LP school at ramprasadpur,RR(VR),PWD,0.8375765951695968,0,3888.9375942098413,0.00019949985380855699
235,SS Road to Tunderkandi,RR(VR),PWD,1.2976235689671463,0,3853.6292453492642,0.0001976885595243817
875,Road from Arkatipur to Lowthai,RR(VR),PWD,3.6545249907414843,0,3850.490756551955,0.0001975275571834917
630,1st KM of S-S Road to 2nd KM of S.K. Road at Tulagram Pt-I,RR(VR),PWD,1.4535428750220507,0,3829.2917979100885,0.00019644006502207392
705,Road from T07 to L024,RR(VR),PWD,2.6266901907724436,0,3675.1693835669653,0.00018853368998127766
116,Krishnapur Rd.,RR(VR),PWD,1.776475949081051,0,3547.5411573422766,0.00018198644877288688
282,Jhafirbond  Pangram Road,RR(VR),PWD,6.343786985021489,0,3522.7481241315645,0.00018071458303033238
722,Road from NH-54 OM gas agency to berabak via nath para,RR(VR),PWD,1.2015899389077893,0,3324.9682851230386,0.00017056861179458213
931,NH 37 to Ujjan Tarapur via Kanguli Rajargram and Baglapar,RR(VR),PWD,5.693711051229159,0,3279.6236320817607,0.00016824246193138982
1025,NH-54 Borjalenga road to Hatimara village via paloipunji TE,RR(VR),PWD,5.142193597067131,0,3238.6479242905616,0.0001661404359883103
691,S.K Road to Tipaigram,RR(VR),PWD,1.3656559571003908,0,3077.6807593262083,0.0001578829298955978
1118,Harinagar NEC Road to Lalang Grant near house of manisingh,RR(VR),PWD,3.467138951027451,0,3075.8219759383837,0.000157787575571917
120,Tikol Bazar Approach Road,RR(VR),PWD,0.9991910113200263,0,3048.0724127125627,0.0001563640418502535
330,Ratanpur T.E to Chencoori via Chengduar Algin,RR(VR),PWD,10.981497067289261,0,2903.9867919367603,0.00014897254749367508
160,Silchar Hailakandi Road to Sabaspur,RR(VR),PWD,1.7132442982022935,0,2888.3664585928545,0.0001481712350161517
51,Hatikhal Joragool Bazar Road,RR(VR),PWD,2.1651942780490896,0,2856.25849368224,0.0001465241182521041
84,25th km of SH Road to Sarbantilla,RR(VR),PWD,2.1976813410788227,0,2840.319250906181,0.000145706445937594
859,Road  from 3rd Km of Udharbond Banskandi Road to L046,RR(VR),OTHERS,0.5714510351622405,0,2796.2906074762777,0.00014344780647247823
856,Lathigram Road,RR(VR),PWD,3.0276730235561105,0,2760.3407148090746,0.00014160360142732178
489,NH-54 at ramprasadpur sivmandir to panibhora br approach,RR(VR),PWD,1.80275441206995,0,2754.4847823029227,0.0001413031960722373
532,Road from joyngar kalakhal road to khulicherra bazar,RR(VR),PWD,0.5682361586561725,0,2724.5778891235072,0.00013976899279110344
682,Sonabarighat-Sonai Road to Kabuganj-Sonai Road,RR(VR),PWD,0.7667971466750809,0,2710.0349627763007,0.00013902295055979173
341,Road from NEC rd US mutracherra  Haringr  purbdkhinmutrchera,RR(VR),PWD,4.495670197400151,0,2660.2598006339954,0.00013646951859280106
1022,Borkhal Amtala Road(SMD road to Hathikhal via Haidarbazar),RR(VR),PWD,2.7155266238004616,0,2628.0813886479095,0.0001348187879416912
573,Dilkush Ferry to Tilka Bagan Road via Robipur Grant,RR(VR),OTHERS,1.4923015255096135,0,2592.4318482779895,0.0001329899907651229
1018,Road from baldhan shivmandir to diskagrant,RR(VR),PWD,2.331152264764726,0,2586.5804858147712,0.00013268981985013292
553,Road from T02 to Dharmikhal grant II,RR(VR),PR,0.9410287080954273,0,2551.8455605351633,0.00013090794180568955
478,Road from L038 to Lakhi Nagar,RR(VR),PWD,2.361520477912763,0,2547.5167851944157,0.00013068587857460685
749,Shastrinagar to Nathpara,RR(VR),PWD,0.7963313545299155,0,2509.5108866256464,0.00012873620182494102
314,ROAD FROM BADRIPAR TO ALGAPUR,RR(VR),PWD,4.709481940282269,0,2425.564807787238,0.00012442982507027188
992,11th KM of SMD Road to Tillagaon,RR(VR),PWD,2.322594779358608,0,2419.237877099683,0.00012410525782879613
1106,Subhong Garden to Chuttorampur,RR(VR),OTHERS,2.371911999059575,0,2363.8064799740687,0.00012126166485383326
935,17th kmof PDB road opp to borjalenga PHCtoblock HQborjalenga,RR(VR),PWD,1.5467329864774255,0,2316.1907463870484,0.00011881901010315247
940,road from prabha bidya mandir panibhora to PDB road,RR(VR),PWD,0.9468673740002259,0,2306.315092719025,0.00011831239578618119
1011,Tilkagrant to LRA Road,RR(VR),OTHERS,0.9672352973803975,0,2297.133594394616,0.00011784139116625868
823,Kumarpara to SK road via Jagannath ashram,RR(VR),PWD,1.2125651107494888,0,2089.6692485162866,0.00010719861131429141
829,Road from Borjalenga Borsangan road to Diblia,RR(VR),PWD,2.15223291001135,0,2081.380406885906,0.00010677339937569787
917,Kachudaram IV to KK Road,RR(VR),PWD,3.9201415031539733,0,2048.651604573545,0.00010509443407515753
309,Harinagar  baiyerper to Subodh nagar to Haritikar Sadirkhal,RR(VR),PWD,4.301301866113899,0,2048.499142239747,0.00010508661286111973
354,Amtala to L026 Road,RR(VR),PWD,1.1770402813132046,0,2048.499142239747,0.00010508661286111973
37,Dinanathpur to Kayeng valley,RR(VR),PWD,3.403419202499098,0,2032.9546076205052,0.00010428918880662267
460,Nutun Ramnagar to Natun Ramnagar I,RR(VR),PWD,4.362514690798954,0,2030.7784174074777,0.00010417755172866982
10,Road from BBC to Radhanagar FV,RR(VR),PWD,2.0949082375560346,0,2030.0580095175244,0.00010414059529384757
778,N.H.6 at Boroitoli V to Boroitoli Mokam via Berakhal,RR(VR),PWD,3.232462591441126,0,1949.6442301778247,0.00010001542310122894
516,NH54 to Borbond Saidpur Road,RR(VR),PWD,0.5494320715894087,0,1922.863531975947,9.864159149639156e-05
348,Road from Harinagar Kumacherra PWD road to Molong pt II,RR(VR),PR,0.6082404353213366,0,1835.998634385755,9.41854813247755e-05
502,ROAD FROM NH37 TO KOROIKANDI,RR(VR),PWD,2.30947013245138,0,1756.9524426678772,9.013046544709236e-05
827,Road from NH37 near Tulasha Mukam to Banskandi Ferry,RR(VR),OTHERS,0.8448278592025993,0,1752.495483465088,8.990182647106173e-05
34,TRK at 7th Km to Patharigram,RR(VR),PWD,0.8149789464064195,0,1741.3826417349082,8.933174524788413e-05
469,Irongmra bagmara PMGSY to SH road,RR(VR),PWD,1.0391804395170543,0,1719.2719934886304,8.81974840297786e-05
756,RD FRM PWD RD TO POLLARBND GRNT VIA AKSAY BSTI SC VIL,RR(VR),PWD,2.124330817994877,0,1687.3869907701878,8.656180507455814e-05
811,Durganagar Pt I to Dudhpatil Pt VIII,RR(VR),PWD,1.474444962508489,0,1667.7947263625872,8.555673523468351e-05
1005,road from HKD PWD to Bhorakhai TE Garden via Boual Mara,RR(VR),PWD,3.0025619767795337,0,1641.0096520019224,8.418267913587648e-05
206,Road from Lakhipur to Chiripar through Chapow Road,RR(VR),OTHERS,1.6890458261504768,0,1614.8969364858751,8.284311458854299e-05
465,Arkatipur TE to Maidanbeel Road,RR(VR),PWD,1.8318101844380503,0,1575.9974383981275,8.084759679126946e-05
555,Istampur to Chapannahal Road (Ch.2000.00M to Ch.3650.00M),RR(VR),PWD,1.5528044783042703,0,1575.9974383981275,8.084759679126946e-05
7,NH-54(Near Mukam) to Sonabarighat Pt-II via Muktakhal,RR(VR),PWD,3.479796802182891,0,1545.2517749762098,7.927036516712303e-05
590,Road from T05 to Nathpara,RR(VR),OTHERS,0.9351483803206854,0,1540.2245566092004,7.901247228378766e-05
368,Road from Dikcha Grant to Kanakpur Pt I road no L025,RR(VR),PR,2.179930717819402,0,1495.4767951194333,7.671694255125604e-05
482,NH54 to Sabashpur,RR(VR),PWD,3.506273652925559,0,1403.7359891040282,7.201070159341646e-05
746,Dharamkhal to Silcoori grant,RR(VR),RD,0.8477997743552671,0,1373.1194328040388,7.044009307682225e-05
491,NH-53 at Rongpur to Gossaipur Road via Ebemohol Singh School,RR(VR),PWD,2.7818597623115857,0,1366.2157391506412,7.00859382874416e-05
724,Bhakatpur Singari road 1st Km to Kathal via Bhakatpur PHE,RR(VR),PR,0.613449330310039,0,1356.6527616494857,6.959536404518697e-05
137,Dollo Masimpur at Madhuramukh to Khorilpar,RR(VR),PWD,2.842693703080085,0,1340.7480005077082,6.877946061506538e-05
372,Chengduar Bagan Road,RR(VR),PWD,1.1720393513906193,0,1326.3216202117558,6.803939711692279e-05
558,Borbond Saidpur Road,RR(VR),PWD,1.0276499039544122,0,1320.752753239505,6.775371802850093e-05
94,Road from T02 to Howkip Punjee Balance Portion,RR(VR),OTHERS,0.7633623913567281,0,1317.377904908473,6.758059060427347e-05
886,PWD from Monierkhal Gantighar Katanpur Akhshay Nayek Shop,RR(VR),PWD,1.2145499136478088,0,1219.6467132387593,6.256704693628733e-05
780,Road Kulicherra Bazar to Joynagar,RR(VR),PWD,2.7577792700208876,0,1169.2711058348534,5.998281253572518e-05
612,Veirobi Bridge to Joragol Bazar,RR(VR),PWD,1.8181300068713444,0,1114.6653847822865,5.718157618178689e-05
569,Rakhal khaler par Road to Hatirhar,RR(VR),PWD,1.0522581931945945,0,1106.2561131154364,5.6750186264224094e-05
1030,Banglatilla PWD to Harina PWD via Kalindi Basti,RR(VR),PWD,0.9635601652985042,0,1083.606800667323,5.558829193889717e-05
1088,Road from L048 to Rakhal Tilla,RR(VR),OTHERS,2.0712611815906374,0,1049.3600349581484,5.383145614843126e-05
789,NH54 to Mousumi Barbhuiya Road,RR(VR),PWD,0.4985186633630577,0,1021.7069421740578,5.241287129482128e-05
822,Mousami Bhurbuiya Road,RR(VR),PWD,0.9426459209104421,0,1021.7069421740578,5.241287129482128e-05
928,Road from NH06 at Kalain to Boroitoli Mukam,RR(VR),PWD,2.4865772279374028,0,944.8508206119562,4.8470204526714583e-05
791,ROAD FROM L021 TO L025,RR(VR),PWD,0.7676558865204579,0,884.3699804359674,4.536757855727419e-05
373,Silchar Hailakandi Road at Silcoori  to Silcoori grant,RR(VR),RD,1.033081330983361,0,876.8782126235051,4.498325596346884e-05
287,NH 37 to Labokpar II,RR(VR),PWD,2.7325422370525256,0,862.3551673260856,4.423823361649057e-05
416,Bhubandhar Market to Jaroitala via Tupidhar Pt II,RR(VR),PWD,8.100409676793323,0,860.9236898124133,4.4164799793553156e-05
286,Dilkush Ferry  to Binnakandi grant to Matinagar,RR(VR),PWD,10.463188817786524,0,811.6779813313597,4.1638528439315814e-05
1102,Hatiguri Uloipunjee  Road to T05,RR(VR),OTHERS,1.1890275724307333,0,811.6779813313597,4.1638528439315814e-05
100,Road from NH53 near Pailapool  LC to Sahid Nandachand Road,RR(VR),OTHERS,2.791154903864135,0,801.612693662193,4.112218602705147e-05
402,NH37 to Sribari Railway station via Chandpur,RR(VR),PWD,0.835508970831077,0,801.612693662193,4.112218602705147e-05
86,LRA  Road to Gorakhandi Via Nutan ramnagar PHC,RR(VR),PWD,2.4240382355289145,0,800.3325039437265,4.105651316512086e-05
421,SK road to Radhacharan LP school,RR(VR),PWD,2.472730948090228,0,781.041583818039,4.006690208197126e-05
534,Ganga Nagar to Bhuban hill via Krishnapur,RR(VR),PWD,1.9684923186870529,0,720.2930324990065,3.695054271295674e-05
839,Istampur to Chapannahal (Ch.0.00 M to Ch.2000.00 M),RR(VR),PWD,2.023928768644742,0,692.3890011935894,3.5519084883860056e-05
1016,Road from Narainpur Grant I to Labac Grant,RR(VR),PR,4.411878372050396,0,662.1142436339101,3.396601041019453e-05
347,605no Anandakhal LP School to Hatikhal FV,RR(VR),PWD,3.0327351260148028,0,607.0818314560784,3.1142885091712684e-05
578,Bibirgram Road(1st KM of SMD to Uttar Mohanpur),RR(VR),PWD,1.9315013752165757,0,600.1808307164767,3.0788868446978383e-05
845,Rd from NH37 at Ujan Trapur to Manipur Pt II link with L027,RR(VR),OTHERS,1.0378540068358315,0,582.0945263781948,2.9861053334492e-05
262,NH54 to Kanakpur,RR(VR),PWD,0.8319815994091466,0,580.6392069539107,2.978639643775452e-05
638,Istampur Gossaipur Road,RR(VR),PWD,3.238512166748788,0,571.4414901066843,2.9314559818641328e-05
297,T02 to Bhubannagar Pt I,RR(VR),PR,3.4611851727091225,0,559.0026905946982,2.8676457863009562e-05
737,Saratpally road,RR(VR),PWD,1.1732560212378416,0,555.4695111661181,2.8495208161155103e-05
1120,Salimabad to Chikorkandi  at Khelma-V (Pkg-78),RR(VR),PWD,5.489163935110259,0,507.5384947003126,2.6036379613209068e-05
382,Rd from Bkd  Dilkush  PWD road at Lilienpur to Rabipur grant,RR(VR),OTHERS,1.0059393222227138,0,502.45666507637424,2.577568520953307e-05
587,Allenpur TE factory to gulab sabar house via bagan boroline,RR(VR),PWD,0.3232043084387619,0,425.0967996832187,2.1807176725477564e-05
256,Ranghar Pt III to Sonapur Pt I,RR(VR),OTHERS,1.997863145301669,0,311.7057917348655,1.599029513226762e-05
880,Radhanagar to Lambatilla,RR(VR),PWD,0.5389862443729961,0,302.5002749338679,1.5518058380830528e-05
837,NH 37 to Labokpur,RR(VR),PWD,1.4250259402526961,0,268.4697800703334,1.3772317137665273e-05
721,Road from L025 to Kaptanpur Grant,RR(VR),PR,6.0112303832890905,0,211.87217279533957,1.086889837515115e-05
209,Sahapur Bagan to Quarpar Sahapur Road,RR(TRACK),PWD,0.9300982263733394,0,195.42242044184775,1.0025037266504235e-05
955,Aradhanpur near Mintu Roy to bhagakashpur rd via aradhanpur,RR(VR),PWD,2.596619810104426,0,89.67337488084434,4.600183146647599e-06
687,Ganirgram Road to Buribail part,RR(VR),PWD,2.8014680860530876,0,66.54708605775372,3.4138202576646866e-06
921,Bhubandar to Robipur 4 No Punjee,RR(VR),PWD,3.7534661192384564,0,51.36355233655745,2.634915303729212e-06
480,Brahmannagar to Kunapara grant,RR(VR),PWD,1.937168149331684,0,45.4452738488495,2.3313116421909103e-06
636,12th KM of SMD Road to Nutan Ramnagar Pt. V via 12 No. basti,RR(VR),PWD,5.4262315253389035,0,14.529231793591926,7.453397100246254e-07
395,ROAD FROM NH37 TO L023,RR(VR),PWD,1.7101170246179107,0,6.017998293889425,3.08719219778332e-07
1,Bhubandhar TE road,RR(TRACK),PR,2.234482358785248,0,0.0,0.0
2,Puticherra to Durganagar Pt I,RR(VR),OTHERS,1.623176901075921,0,0.0,0.0
4,NH54-Sabashpur Road to Silchar HKD Road,RR(VR),PWD,0.5051854757305272,0,0.0,0.0
5,Udharbond Baskandi road to kalain beel,RR(VR),PWD,3.230206115175747,0,0.0,0.0
6,Hatikhal Bantarapur Road,RR(VR),PWD,6.12413767185835,0,0.0,0.0
8,Kabuganj-Kachudaram Road to Ganguly Bazar,RR(VR),PWD,1.6263450246461835,0,0.0,0.0
9,Rosekandi Grant Pt I Road 2,RR(VR),PWD,1.6146266776920082,0,0.0,0.0
13,SMD ROad to Manipuri Basti Via KripaNarayan Rai House,RR(VR),PWD,0.9766252904629691,0,0.0,0.0
15,SH road Pratapur to chotojalenga TV via sonacherra,RR(VR),PWD,2.7913704968355137,0,0.0,0.0
20,Srikona Mahanpur Road to Tapang II via Suklabaidyapara,RR(VR),RD,3.7756187509894157,0,0.0,0.0
21,Road from L066 to Kanakpur pt III,RR(VR),PR,2.75779943032657,0,0.0,0.0
22,Road from Phailen Punji to Naithang Punji,RR(VR),PR,1.8155724180776616,0,0.0,0.0
24,Road from Udharbond Banskandi road at block boundary to L034,RR(VR),OTHERS,0.6023157046993206,0,0.0,0.0
25,Joynagar L B Road Part II,RR(VR),PWD,1.6030349628094507,0,0.0,0.0
26,Bagbahar Kalibari to Malliksheet 442 NoLPSchool toArali,RR(VR),PWD,2.3373934111854218,0,0.0,0.0
32,Coombergram TE To Scootpur TE Road,RR(VR),PWD,1.996064422969533,0,0.0,0.0
33,Sarbantilla SCCP road at 800m to CM package road,RR(VR),PWD,0.7347267153003321,0,0.0,0.0
35,NH ByePass to NH54Sabashpur Road,RR(VR),PWD,1.6922315478374264,0,0.0,0.0
36,Telitkar to Lathimara,RR(VR),PWD,3.8731518439592767,0,0.0,0.0
38,Digor Thaligram Road,RR(VR),PWD,2.0283623657198877,0,0.0,0.0
39,Pitalbill road to Silcoori Sildubi Road,RR(VR),RD,2.0733326427785514,0,0.0,0.0
41,N.H.6 at Boroitoli V to Boroitoli Mokam via Berakhal,RR(VR),PWD,3.368807999721698,0,0.0,0.0
46,Vitor Gongapur to Heirbond,RR(VR),PWD,3.3474188088790964,0,0.0,0.0
48,Silchar HailakndiRoadtoSilcuriecamptoBgmaraviaHarintill,RR(VR),PWD,2.450399354557146,0,0.0,0.0
49,Motinagar-Kabuganj Road to Ramnagar GP,RR(VR),PWD,1.9705362180337855,0,0.0,0.0
50,Road From NH-54 to lailapur FV,RR(VR),PWD,0.903612140503943,0,0.0,0.0
52,Road within 6APBN Betelian Road,RR(VR),PWD,1.847289303346583,0,0.0,0.0
53,Road from Kathal Borsangan Road at Kalinag to Shampur Tinali,RR(TRACK),PWD,2.0049724030635394,0,0.0,0.0
54,Road from Machkhal Pt I to Machkal Pt II Block Boundary,RR(VR),OTHERS,1.8822614722029858,0,0.0,0.0
56,kuwarpar  Sahapur road to Noonapani via Mazipara,RR(VR),RD,1.9374986198092525,0,0.0,0.0
57,Road from chandpur to hatikhal,RR(VR),PWD,1.6910385244390942,0,0.0,0.0
58,Karatigram Madhuramukh Road,RR(VR),PWD,4.577913481487645,0,0.0,0.0
60,Chotosingha Garden approach road,RR(VR),PWD,2.9629789876641013,0,0.0,0.0
61,Road from Thankimnagar Pt I to Thankimnagar Pt II,RR(VR),PR,1.4929077885314963,0,0.0,0.0
63,Urrunabond TE Road,RR(VR),PWD,0.9116429530078556,0,0.0,0.0
65,NH06  Modua Bridge to Korotipar,RR(VR),PWD,0.836758611570102,0,0.0,0.0
68,NH 37 to Narayanpur basti via Nagabasti and Devipur basti,RR(VR),PWD,4.790346676174093,0,0.0,0.0
69,Road from Bhagaserkhan road to Pancherra,RR(VR),PWD,1.8866944215132078,0,0.0,0.0
71,16 basti bhudhanchowhan school to bashkhal dyke,RR(VR),PWD,3.561225670178593,0,0.0,0.0
72,Ghungoorbond Pakurpar Road,RR(VR),PWD,2.8045349367523995,0,0.0,0.0
73,16 no mohadebbari to bashkhal road via jankirbill school,RR(VR),PWD,1.9880712446716915,0,0.0,0.0
75,Simultola to Bangapar Babur Bazar Road,RR(VR),PWD,2.362016811183042,0,0.0,0.0
76,Hazarigram to Dolugram via Kalapani,RR(VR),PWD,2.954127171373234,0,0.0,0.0
77,Raod from ganganagar X to ganganagar XI,RR(VR),PWD,0.920680906967646,0,0.0,0.0
79,Dwarbon Pratappur PMGSY Road to at7kmtoBagbahar442NoLPSchool,RR(VR),PWD,1.6471872957655214,0,0.0,0.0
81,Road from L028 to barthal TE via lediacherra,RR(VR),PWD,2.407739667477257,0,0.0,0.0
85,R.P Singh Road to bhutan khal via 926no LP School,RR(VR),PWD,1.7250868872272074,0,0.0,0.0
87,BinodnagarTE to Balichari Lakhi Mandir,RR(VR),PWD,1.4096627994177233,0,0.0,0.0
90,Dilkush Road starting at Ch 640m to Tilka Bagan road,RR(VR),OTHERS,1.5633774408412329,0,0.0,0.0
91,Alambag Road 2,RR(VR),PWD,1.7426549033656618,0,0.0,0.0
93,Bourikandi Road,RR(VR),PWD,1.5792058470972945,0,0.0,0.0
96,Amraghat to Nagakhal via Ramanikpur to nagakhal village,RR(VR),PWD,1.4823979451426827,0,0.0,0.0
99,Road from Ganirgram Bazar to Dudhpur,RR(VR),PWD,2.9966083031460435,0,0.0,0.0
101,Road from SMD road  T02 to Diderkush Pt III,RR(VR),PWD,2.2164850490002674,0,0.0,0.0
102,Jagadishpur Kalibari to Gongapur via SitaRam Baba Asram,RR(VR),PWD,2.6963340884717626,0,0.0,0.0
103,Road from Boalipar to Chandpur,RR(VR),PWD,1.8176302642213908,0,0.0,0.0
107,NH-54 to Durbintilla,RR(VR),PWD,3.556482319550616,0,0.0,0.0
111,Dwarbond Pratappur road to nagathal FV,RR(VR),RD,1.4846402188310144,0,0.0,0.0
114,NH54-Sonabarighat Road to NH54-Bualijur Road Via Dhanehari,RR(VR),PWD,1.5763529367275864,0,0.0,0.0
115,Dudhpur to Ganirgram,RR(VR),PWD,2.720534958494118,0,0.0,0.0
117,Road from T02 to Dharmikhal Grant IV,RR(VR),PR,3.1427654221540253,0,0.0,0.0
119,Road from NH-54 to sadagram via dholai bazar,RR(VR),PWD,1.3929119178110076,0,0.0,0.0
121,Borkhal Bazar to Dakhin Mahnpur Part VIII Madhurbond,RR(VR),PWD,3.0173481844337395,0,0.0,0.0
122,Road from Lailachara Pt II to Suna Tula TE,RR(VR),PR,1.4961053550445513,0,0.0,0.0
123,Baramamda SC Village via Sai Mandir,RR(VR),PWD,1.7834513556278877,0,0.0,0.0
125,Road from PDB 16 no basti to PWD road 12 no basti,RR(VR),PWD,0.530054641954766,0,0.0,0.0
126,Road from laxmicharan high school to NH-54 via paulpara,RR(VR),PWD,1.4162733883346041,0,0.0,0.0
127,SHD via Nagathal toPDB road to HQ via Bahadurtilla,RR(VR),PWD,3.2021332409893333,0,0.0,0.0
128,Bhubandhar Market to Jibongram via Bhubandhar FV to tupidhar,RR(VR),PWD,1.5356389241308055,0,0.0,0.0
129,Alambag Road,RR(TRACK),PWD,2.3052979850831843,0,0.0,0.0
130,PDB road paloi  TE school to mardakluchi via sashanghat,RR(VR),PWD,0.5020602765491837,0,0.0,0.0
131,Silchar Hailakandi Road at Meherpur to NH54 via Alitikar,RR(VR),PWD,1.593911164573058,0,0.0,0.0
133,kamruluddin house to mrinal kanti das house pakkipath,RR(VR),PWD,1.383557496175881,0,0.0,0.0
134,Road from smithnagar to maniyarkhal chabagicha basti,RR(VR),PWD,1.6859095527780277,0,0.0,0.0
135,Kumbha TE Market Road,RR(VR),PWD,1.9017905073952728,0,0.0,0.0
138,Sherkhan Road Shaymacharanpur to Aradhanpur via Ruarpunjee,RR(VR),PWD,4.470558731200642,0,0.0,0.0
140,Kinnokhal Bustand to Subodhnagar,RR(VR),PWD,1.380236220780403,0,0.0,0.0
141,Rosekandi Grant Pt I Road,RR(VR),PWD,2.386191224824172,0,0.0,0.0
146,L-37 to Boalcherra Mikir punji,RR(VR),PWD,1.8451013243599665,0,0.0,0.0
148,8th km of PDB road to 5no Basti,RR(VR),PWD,1.1361861770449613,0,0.0,0.0
149,Road from Pangram PHE point to Block HQ via Patharia,RR(VR),PWD,3.080168366791307,0,0.0,0.0
150,Chotomamda to Laikol Basti,RR(VR),PWD,0.9994546524353963,0,0.0,0.0
151,5th Km of Kathal Borsangan Road to Autoboro 92,RR(VR),PWD,1.2861613905442517,0,0.0,0.0
152,NH.37 to Chencoori Kanchanpur road via Bunglowghat,RR(VR),PWD,3.0803240439445503,0,0.0,0.0
153,NH54 to Saidpur REC Road,RR(VR),PWD,1.3309897511710531,0,0.0,0.0
158,G.N.Rd to Sarashpur via Itbhatta,RR(VR),PWD,0.8577247801040405,0,0.0,0.0
159,5th Mile of S.K. Road to Mainerbond Rly. Bridge,RR(VR),PWD,1.2212988334091683,0,0.0,0.0
162,Road from Bekirpar to L024,RR(VR),PWD,1.1035820240773138,0,0.0,0.0
163,Rukni Nachghar to Nutantilla,RR(VR),PWD,1.7927467626900628,0,0.0,0.0
165,Binnakandi Didarkush Road to Block Boundary near LRA road,RR(VR),OTHERS,2.6881464670717024,0,0.0,0.0
172,Dollo Masimpur Road,RR(VR),PWD,1.4876131871256533,0,0.0,0.0
178,ShivnarayanPur to Balirbond,RR(VR),PWD,3.0164136647885136,0,0.0,0.0
183,Kabuganj baromaniroad to kabuganj amjur roadvia harijanbasti,RR(VR),PWD,1.0853737171051665,0,0.0,0.0
184,Road from Chaprow road to LRA ROAD near Fulertol Byepass,RR(VR),OTHERS,1.9502402944197543,0,0.0,0.0
188,bashkhal kalibaripoint to nirarthalbasti viaamrakuchischool,RR(VR),PWD,1.5848222739198181,0,0.0,0.0
190,South Sewti to Banaimullah via Sewti IV,RR(VR),PWD,1.9362023757778686,0,0.0,0.0
191,Road from Dholai bhubandar PWD raod to Debipur,RR(VR),PWD,3.600643705002175,0,0.0,0.0
192,Balighat Lakhirbond Road,RR(VR),PWD,3.822070471622195,0,0.0,0.0
195,Mazargram GP Office Road,RR(VR),PWD,2.218843361509188,0,0.0,0.0
197,road from derby panibhora road to daramkhal via roypara,RR(VR),PWD,0.7169450183685284,0,0.0,0.0
201,Road from 2nd km of pdb to 5th km of pdb via borosalgonga,RR(VR),PWD,3.202944120844516,0,0.0,0.0
202,NH37 to Salchapra grant,RR(VR),PWD,2.109464960960835,0,0.0,0.0
203,Shampur East to Kalinag LP School,RR(VR),PWD,1.2061789658236637,0,0.0,0.0
208,Road from NH 37 to L053 via Chandpur,RR(VR),OTHERS,1.1266321359852083,0,0.0,0.0
212,Sahapur Nachghar to Sahapur,RR(VR),PWD,0.692320636799457,0,0.0,0.0
213,Dugrubasti road to rukni bhubander raod via nageshwar tila,RR(VR),PWD,0.6756705037431177,0,0.0,0.0
215,ROAD FROM NH37 TO MANIPUR PT I B- Balance Length,RR(VR),RD,0.8291997756645877,0,0.0,0.0
217,Road from kabuganj bazar to barabak,RR(VR),PWD,3.633570120427762,0,0.0,0.0
218,GN Road near Ramkrishna Akhra to Digharkhal Graden Road,RR(VR),PWD,1.633903301475938,0,0.0,0.0
220,Bangarpar Baburbazar Road to Sewti,RR(VR),PWD,0.5043862724353361,0,0.0,0.0
221,Motinagar Kabuganj Road to NatunRamnagar,RR(VR),PWD,0.5661740421785394,0,0.0,0.0
222,Niz Chatla Road,RR(VR),PWD,1.4262326971113535,0,0.0,0.0
223,Road from 2nd km of SF road to Nathpara,RR(VR),PR,0.9047556460729742,0,0.0,0.0
224,Boaljur Athalikandi Road,RR(VR),PWD,2.8723079333635355,0,0.0,0.0
227,Ronfari to EGS School via Dhekikhal,RR(VR),PWD,1.4550640779257016,0,0.0,0.0
228,Road from NH-54 to MA laskar jr college,RR(VR),PWD,1.1483094845304065,0,0.0,0.0
230,Mahadevpur I to Mahadevpur Pt II,RR(VR),PWD,3.172237571584335,0,0.0,0.0
232,Dakhin Mohanpur Road,RR(VR),PWD,1.371328495263655,0,0.0,0.0
234,T.R.K Road at Banaimullah to pkg67 via Singjuripar,RR(VR),PWD,3.034604761083931,0,0.0,0.0
236,Road from lailapur dholai PMGSY road to barman basti,RR(VR),PWD,0.9883629325166923,0,0.0,0.0
237,Sonapur pt II to Heirbond Pt II via Rangar Pt II,RR(VR),OTHERS,1.7336437513277474,0,0.0,0.0
239,Durga Nagar road,RR(VR),PWD,0.6517840517787102,0,0.0,0.0
240,Banskandi ONGC Road,RR(VR),OTHERS,1.3772032896425908,0,0.0,0.0
242,Chandpur to SK Road via Chandpur Bill,RR(VR),PWD,2.5143216654923863,0,0.0,0.0
243,Boromthan bazar to lowerbod,RR(VR),PWD,1.233570682433421,0,0.0,0.0
244,Road from Bagha bazar to joydhanpur,RR(VR),PWD,3.0894544336805083,0,0.0,0.0
245,NH54 to north hawaitang village,RR(VR),PWD,1.4240777344222637,0,0.0,0.0
247,LRA Road to Bhubandhar via Lakhipur TE,RR(VR),PWD,0.8820628136307384,0,0.0,0.0
248,Bilpar Road 2,RR(VR),PWD,0.9703577662230872,0,0.0,0.0
249,S.K Road to Dascolony,RR(VR),PWD,0.7179814621363463,0,0.0,0.0
250,Natun Ramnagar Road,RR(VR),PWD,1.6099894812249598,0,0.0,0.0
251,Road from T01 at Lakicheera Pt-I to Riang Punjee,RR(VR),OTHERS,1.780035527823488,0,0.0,0.0
254,IBB Road from Saidpur to Rongpur,BR,BRO/GREF,10.496193337345597,0,0.0,0.0
257,Road from Arkatipur Lawthai Road To Natun Doyapur,RR(VR),PWD,0.8399602626788139,0,0.0,0.0
260,Gossaipur II to Bahadurpur Road,RR(VR),PWD,2.0957930547692594,0,0.0,0.0
261,PMGSY Point 1234 No. Roy Basti LP School to Harina NRP,RR(VR),PWD,0.6894632702260101,0,0.0,0.0
264,Gumrah to Leverputa Pt-II via Manilpur and Lamagram,RR(VR),PWD,1.802482829355635,0,0.0,0.0
265,Purba Salganga Road,RR(VR),PWD,1.6157570925025648,0,0.0,0.0
266,Road from T02 to Diderkush Pt III,RR(VR),PWD,2.2457115092966418,0,0.0,0.0
268,Bihara VI to SK Rd  (Pkg-67),RR(VR),PWD,2.5861601331891966,0,0.0,0.0
269,NH 06 at Chowramgi to Shukritipur via Khanjala,RR(VR),PWD,3.1247504691413743,0,0.0,0.0
270,Saidpur Sonabarighat Road,RR(VR),PWD,1.6573725952552982,0,0.0,0.0
272,SJ road to panjigram,RR(VR),PWD,1.216703292009465,0,0.0,0.0
277,S K Road to Tupkhana ferry Ghat,RR(VR),PWD,1.4163059109947325,0,0.0,0.0
279,NH54 Linkage Road,RR(VR),PWD,1.2390176101010786,0,0.0,0.0
281,Jatingamukh Ferry approach,RR(VR),PWD,0.40940348815705074,0,0.0,0.0
283,T02 to Howkip Punjee,RR(VR),PWD,1.0635520512926058,0,0.0,0.0
288,Road from natunbazar menipur road to kazidarIIIA,RR(VR),PWD,1.0081090690564893,0,0.0,0.0
289,Silchar HKD Road to Kunjaban via Jugirbond KalibariNewcolony,RR(VR),PWD,1.1487457559366374,0,0.0,0.0
292,20th Km of SMD Road  to 21st Km of SMD Road,RR(VR),PWD,6.688719383376648,0,0.0,0.0
293,To1 to sunacheera Grant 1  (Kayanjal to kalibari grant),RR(VR),PWD,5.0784593483488125,0,0.0,0.0
299,T07 to Salimabad,RR(VR),PWD,0.9507006673229094,0,0.0,0.0
300,NH 37 to Uttar Lalpani,RR(VR),PWD,3.1472924715763537,0,0.0,0.0
304,Tulargram Tekaijuari Road(1st KM of SMD to S K Road),RR(VR),PWD,4.554518096301363,0,0.0,0.0
307,Namlailong to Lakhinagar,RR(ODR),PWD,5.7818453016554034,0,0.0,0.0
317,Road from Bhaga sherkhan PWD road to Sewrartal village,RR(VR),PWD,5.890674004183744,0,0.0,0.0
318,Road from noarbond to taranatthpur via jugurbond grant,RR(VR),PWD,3.924582750881571,0,0.0,0.0
319,NH54 to channighat dyke hawaitang lailapur road,RR(VR),PWD,2.091243828345981,0,0.0,0.0
320,Road from Tillanagar to islamabaad dyke road,RR(VR),PWD,1.616392452309118,0,0.0,0.0
322,Road from kumachara NEC road Gambru basti to Baigajigani,RR(VR),PR,2.34007871508766,0,0.0,0.0
327,1st km of Kathal Borsangan Road to Merua grant,RR(VR),PWD,3.269022970670417,0,0.0,0.0
331,NH-54 Extn to Gossaipur Part-II (NH to Larsingpar),RR(VR),PWD,5.37908041918036,0,0.0,0.0
332,Nagakhal  Dhalakha road to chekarcham FV,RR(VR),PWD,1.3429446866514332,0,0.0,0.0
335,Road from Govindnagar Road to Labocpar Pt-IV,RR(VR),OTHERS,2.2360277728732774,0,0.0,0.0
338,NH06 to Rajjeswarpur via Menumpunji,RR(VR),PWD,3.352509666732916,0,0.0,0.0
342,Road from Goalapara via Narainpur Grant II to L040,RR(VR),PR,6.460395231879816,0,0.0,0.0
345,Amraghat PWD road to Jorkhal ferry ghat,RR(VR),PWD,3.1779873040313076,0,0.0,0.0
349,Sindura IX to Ailatol K Punji,RR(VR),PWD,3.998879618868099,0,0.0,0.0
350,Daloo mainarband to masimpurgrant,RR(VR),PWD,1.9745942646809571,0,0.0,0.0
352,Shampur East to Shampur West,RR(VR),PWD,0.8335668323025124,0,0.0,0.0
353,Bhubandharto Rakhaltilla near Sukhtala Janata LP School,RR(VR),PWD,3.1757823399941416,0,0.0,0.0
355,Road from Nehru College to Labocpar Pt-II,RR(VR),PWD,0.3937579336995315,0,0.0,0.0
356,Bhubhanagar Pt III Jayanta Singh to Sunapur LP School,RR(VR),PWD,1.352442290371605,0,0.0,0.0
357,Rajjewarpur to Gumra Rymbai Road via Jalapur TE,RR(VR),PWD,4.432793066299435,0,0.0,0.0
359,Road from Bhagasherkhan road to dhonipur,RR(VR),PWD,2.5536364689873237,0,0.0,0.0
360,Mazargram garden approach Road,RR(VR),PWD,1.4271912745351496,0,0.0,0.0
362,NH54Sonabarighat Road to NH54Bualijur Road,RR(VR),PWD,2.0200152797452002,0,0.0,0.0
363,Road from 9th km of BBC road to aradhanpur jaraitala road,RR(VR),PWD,1.6719616747846777,0,0.0,0.0
364,T04  to Harinagar IV,RR(VR),PWD,4.704888082313541,0,0.0,0.0
366,Road from Dwarbond Pratappur Road  Jogirbond borosalganga,RR(VR),PWD,1.8057503640216557,0,0.0,0.0
367,Punirmukh Road to Rakhal Tilla via Khalerpar LP School,RR(VR),PWD,2.604333636241978,0,0.0,0.0
371,Rd from NH 37 at Tarapur to Tarapur Basti via Brick Industry,RR(VR),OTHERS,0.45828285887088815,0,0.0,0.0
376,Road from NH-54 to puran sarak via dholaikhal br,RR(VR),PWD,1.4964380790662757,0,0.0,0.0
377,Bashkhal  road mukam point to homeo hospital 16 no basti,RR(VR),PWD,1.4654158768992784,0,0.0,0.0
379,Road from NH37 near Tulasha Mukam to Chandrapur V,RR(VR),OTHERS,0.6198470687937403,0,0.0,0.0
381,Road from shivostan to kumbhirgram via lenglacherra-I,RR(VR),PWD,3.5905229273058947,0,0.0,0.0
383,KK 1 to Ansargram CC Block Road,RR(VR),PWD,1.3560384158906726,0,0.0,0.0
385,Paloi Derby Borjalenga road toBlock HQ via Bahadurtillh,RR(VR),RD,3.497283604351405,0,0.0,0.0
386,NH37 TO CHIRI FERRY PURAN BANSKANDI,RR(VR),PWD,0.8997543500300237,0,0.0,0.0
387,Kangali basti ti NH 37 via Sribar Railway station Chandpur,RR(VR),PWD,1.8676351489705303,0,0.0,0.0
388,SIL HKD Road to Chatla PWD Road via Sabbir Ahmed House,RR(VR),PWD,1.0370720002657499,0,0.0,0.0
391,Kuarpar bazar Road,RR(VR),PWD,0.901836454727282,0,0.0,0.0
393,Chutrasangan to Purandarpur,RR(VR),OTHERS,3.280978836735368,0,0.0,0.0
396,Durgapally road,RR(VR),PWD,0.5138378762297052,0,0.0,0.0
399,Road from Jalliura to Shiv Mandir,RR(VR),OTHERS,0.5751008563677299,0,0.0,0.0
400,Road from L026 to Camp road,RR(VR),OTHERS,0.5914887803112746,0,0.0,0.0
403,NH 37 to Indragarh Grant,RR(TRACK),PWD,0.42792348812390213,0,0.0,0.0
404,Road from Sribar Railway Station Approach road,RR(VR),OTHERS,0.4605924994124188,0,0.0,0.0
405,Phelladhar to Raipur road,RR(VR),PWD,4.927302097985285,0,0.0,0.0
407,Singraithal to Aguntilla,RR(VR),PWD,0.690647930286613,0,0.0,0.0
408,Silchar HKD Road to Sarbantilla to Dasgram MGNREGA Road,RR(VR),PWD,0.7743205660861351,0,0.0,0.0
409,Rd from Palorbond Tolengram rd to Banskandi Ferry(Old Sil Rd,RR(VR),RD,0.8938547382772122,0,0.0,0.0
410,Hawaitang lailapur PMGSY road to gochara play ground,RR(VR),PWD,0.8194278236666941,0,0.0,0.0
413,Road from hawaitang tulartal road to phynumpunji,RR(VR),PWD,3.5745851827449195,0,0.0,0.0
414,Road from BBC road at bidyaratanpur to narayanpur,RR(VR),PWD,3.781591561923564,0,0.0,0.0
415,Road from hawaitang FV to tulartal FV,RR(VR),PWD,5.190629290493737,0,0.0,0.0
417,moniarkhal Te road to jorkhal ferryghat road,RR(VR),PWD,3.7712119615352084,0,0.0,0.0
419,Road from silchar hilakandi road to chatla silcoorie grant,RR(VR),PWD,1.0138447177417225,0,0.0,0.0
420,S.K Road to Beaurarpar,RR(VR),PWD,3.159681661874505,0,0.0,0.0
424,NH 6 to Mohanpur,RR(VR),PWD,1.5684426378576737,0,0.0,0.0
426,Road from T02 to Jamalpur,RR(VR),PWD,5.671589880921404,0,0.0,0.0
430,Road from Salamat PWD road via Gultilla basti,RR(VR),PR,1.1300244929235266,0,0.0,0.0
432,NH 37 to Srikona Lalmati Road,RR(TRACK),PWD,1.0575121080246783,0,0.0,0.0
434,Kashipur to Gangapur,RR(VR),PWD,2.93323792624561,0,0.0,0.0
435,Paticherra  to Langlacherra via Burthl (Ch.0.0M to Ch.2.6Km),RR(VR),PWD,2.577248714605289,0,0.0,0.0
436,Kathal Borsangan Road to Merua Road,RR(VR),PWD,1.6638839155479659,0,0.0,0.0
441,Road from Alambag to Damcherra Via Bagtilla,RR(VR),PWD,2.11555357455706,0,0.0,0.0
448,Loharbond forest vitoffice to Barik office Bagbahar Kalibari,RR(VR),PWD,1.8031584096587305,0,0.0,0.0
450,Road from T03 at Makhonnagar to Churpunjee,RR(VR),OTHERS,1.6514222656339173,0,0.0,0.0
451,Road from ME school to Kalabil Basti via Thakur Tilla,RR(VR),PR,1.5799084325471084,0,0.0,0.0
452,IBB Road from Ronpur to Menumpunji,BR,BRO/GREF,12.391662829362215,0,0.0,0.0
453,Ratanpur Pt I to Ratanpur Pt II,RR(VR),PWD,5.00586195630318,0,0.0,0.0
456,Pangram  Lathigram Road Via Barsingha TE,RR(VR),PWD,5.342963121980964,0,0.0,0.0
457,Burunga I on SK  road to Burunga III,RR(VR),PWD,3.8006176692907143,0,0.0,0.0
468,Nutam Ram nagar to SMD Road,RR(VR),PWD,2.5643245028022723,0,0.0,0.0
470,Road from Silchar Hailakndi at Chotojalenga toJogirbondgrant,RR(VR),PWD,2.6170726064373624,0,0.0,0.0
472,Dholai lailapur rd to bhaga joydhonpur via vitor narayanpur,RR(VR),PWD,2.434034607357772,0,0.0,0.0
474,Road from harinagar  to  Baladhan grant via Pahelpul,RR(VR),PR,4.684975709985877,0,0.0,0.0
475,Subong Garden to mikirpunjee,RR(VR),OTHERS,3.178659807423717,0,0.0,0.0
481,Dharamkhal to Sildubi Derby Rod,RR(VR),PWD,1.6238941191374352,0,0.0,0.0
483,Punshi Road,RR(VR),PWD,0.7748088367608913,0,0.0,0.0
484,IBB Road from Harinagar to Sadirkhal,RR(VR),OTHERS,3.8984286115587645,0,0.0,0.0
485,Haritikar  to Salimbad,RR(VR),PWD,2.203120269322253,0,0.0,0.0
486,Tilka Pabda Road to Ramjit Shop via Kaptanpur VIII,RR(VR),PWD,1.2721038329004815,0,0.0,0.0
487,Road from Bharamthan To Old bagbahar via Nowagang,RR(VR),PWD,0.4466512309566822,0,0.0,0.0
488,Road from L024  Kangalibasti to Chandpur,RR(VR),OTHERS,0.7431881122823337,0,0.0,0.0
490,NH 37 to Burnie,RR(VR),PWD,1.182243667305522,0,0.0,0.0
493,KK Road to Kabuganj Kachudaram Road via Kachudaram IV A,RR(VR),PWD,1.4159598376353568,0,0.0,0.0
495,Naya Bazar PWD to Basertal via 7no. Basti,RR(VR),PWD,1.7853875314288166,0,0.0,0.0
497,Masimpur Army Camp Road,RR(VR),PWD,4.087326993822764,0,0.0,0.0
499,Dudhpur Pt I to Niz Fulbari Via Boalipar,RR(VR),PWD,4.60622734665741,0,0.0,0.0
500,NH 37 to Nagapunjee via Chaprow,RR(VR),PWD,2.5197986816953524,0,0.0,0.0
501,Road from Algapur-Nandapur Road to Janjarbali Ferryghat,RR(VR),OTHERS,1.063312284867779,0,0.0,0.0
504,Katchudharam to Nalarpar,RR(VR),PWD,1.4892667857847035,0,0.0,0.0
505,NatunRamnagar III Road,RR(VR),PWD,1.4734974458289471,0,0.0,0.0
507,Road starts and ends at  BKD TE  Factory via BKD Bazar Road,RR(VR),OTHERS,1.5736889265947065,0,0.0,0.0
509,ROAD FROM NH37 TO T02,RR(VR),PWD,3.060046599515148,0,0.0,0.0
511,Craigpark T.E.to Vittorgool,RR(VR),PWD,2.7669011495934357,0,0.0,0.0
514,Road from Berakhal road to TarapurPt V,RR(VR),PWD,1.836841362640833,0,0.0,0.0
515,Chesri gonigram road hairbond-II,RR(VR),PWD,1.2779993777253484,0,0.0,0.0
517,Kinnokhal to Subodhnagar,RR(VR),PWD,4.1007322374388275,0,0.0,0.0
520,Kayang Deswali to Keyangthal,RR(VR),OTHERS,0.7043174644782451,0,0.0,0.0
521,Hatikhal Bazar to Bourikanfi Pt I,RR(VR),PWD,2.4284454745108954,0,0.0,0.0
523,E nd D Dyke at Berenga II to Rabidaspara Via Berenga Took,RR(VR),PR,2.3546742818964135,0,0.0,0.0
527,SF road to E nd D bund near PHE Milon road,RR(VR),PR,0.4690528670200553,0,0.0,0.0
528,2nd km of TRK Road to west kumarparavia Arunacl Soshan Ghat,RR(VR),PWD,0.7660044615339701,0,0.0,0.0
530,Road fro Sonai Banskandi Road to Block Boundary via Nalgram,RR(VR),RD,0.7317771361671844,0,0.0,0.0
531,NH54  to NH54 BarikNagar Road,RR(VR),PWD,0.9160436511998927,0,0.0,0.0
535,Road from old Lakhipur road at Chiripar I  to Chiripar II,RR(VR),OTHERS,1.3208565521207543,0,0.0,0.0
539,Menipur Sildubibasti Road,RR(VR),PWD,2.0144659459597465,0,0.0,0.0
542,Silchar HKD Road  to Irongmara Rjabari over End Bund,RR(VR),PWD,1.9121335743651455,0,0.0,0.0
543,Amjur to Selurpar Road(Govinda Nagar to Govinda Nagar),RR(VR),PWD,2.937738534776576,0,0.0,0.0
545,Ramkumar house to kantimoy house via 946 LP schooL,RR(VR),PWD,1.3307614318538294,0,0.0,0.0
546,Joynagar L B Road part I,RR(VR),PWD,0.7905687292755808,0,0.0,0.0
547,Gorerband PHE to gorerband-I,RR(VR),PWD,1.70098058729103,0,0.0,0.0
549,Bhubandhar PWD Bhulabajar bridge via ONGC,RR(VR),PWD,2.0607031092045456,0,0.0,0.0
550,Dharamkhal TE Nachgor toDerby PWDRoad via BirendraDhubiHouse,RR(VR),PWD,0.934859524286757,0,0.0,0.0
551,Road from NH-54 to joydhanpur,RR(VR),PWD,1.0106326676526913,0,0.0,0.0
552,NH54 Bariknagar Road to Saidpur Sonabarighat Road,RR(VR),PWD,0.868300166319852,0,0.0,0.0
554,Itkhola - Masughat,RR(VR),PWD,1.1099943808677504,0,0.0,0.0
559,Chencoorie Elgin to Chencoorie Kanchanpur road,RR(VR),PR,1.396848049656194,0,0.0,0.0
561,Kalain Market to Pechacheera Animal Market,RR(VR),PWD,1.6989297733386883,0,0.0,0.0
563,Road from Ronghar to Silchar Kalain Road,RR(VR),PWD,3.0243609058771677,0,0.0,0.0
565,Bhubankhal NRP road to sorai house,RR(VR),PWD,1.0441283240386803,0,0.0,0.0
566,cleverhouse GPoffice road to attarotilla via rajwarpatty,RR(VR),PWD,3.0699489302629885,0,0.0,0.0
567,Coombergram TE To Bandoo TE Road,RR(VR),PWD,1.5088145117097624,0,0.0,0.0
568,"NH 54 to Barman Basti,Maruwa",RR(VR),OTHERS,0.7877782207597127,0,0.0,0.0
570,Silchar Hailakandi Road To Nagapunji Via Sabashpur,RR(VR),PWD,1.1886882755011006,0,0.0,0.0
571,Bhubaneswar Nagar at Sewti to Banaimullah Road Part I,RR(VR),PWD,3.292573274444428,0,0.0,0.0
574,Road from  Dolugram Graden off to  Rajabazar Block Boundary,RR(VR),RD,1.8247999328451507,0,0.0,0.0
575,Road from molong II village to kumacherra,RR(VR),PWD,0.8000109635017005,0,0.0,0.0
576,Kachudaram IV at Boali to 14th KM of SMD,RR(VR),PWD,2.6034573122075013,0,0.0,0.0
583,Kalinagar to Niz Fulbari,RR(VR),PWD,3.334377970722006,0,0.0,0.0
584,Sibnarayanpur E and D Dyke to Fulairtuk,RR(VR),PWD,3.7295160173064077,0,0.0,0.0
585,Road from 5th km of Old Lakhipur Road to Berenga Pt I,RR(VR),PR,2.460035195368085,0,0.0,0.0
586,PDB Road MGNREGA Bridge to Assam University,RR(VR),PWD,0.9535050079977302,0,0.0,0.0
588,Road from Kathal road to Panchgori road,RR(VR),PR,1.4249044311128838,0,0.0,0.0
595,Silchar Hailakandi Road,MDR,PWD,2.9724082805678114,0,0.0,0.0
596,(NH 54 to Kachari Gaon),RR(VR),PWD,1.036334564363856,0,0.0,0.0
597,Road from paschim diska to US dharmanagar,RR(VR),PWD,2.2520678358735653,0,0.0,0.0
599,Rajnagar Ferry Ghat to Hatirhar via Algapur,RR(VR),PWD,2.2184215068660844,0,0.0,0.0
600,SilcharHailakandi Road to NH54Sabashpur Road via Sabashpur,RR(VR),PWD,1.1199893900765798,0,0.0,0.0
602,Road from Darmi Bazar to Rukni TE,RR(TRACK),PR,2.1704250279088573,0,0.0,0.0
603,Rd frm First KM Sk road to Second KM via E nd D Bund,RR(VR),PR,1.7096854185713812,0,0.0,0.0
604,Manikpur to Rajnagar  ferryghat E and D Dyke,RR(VR),PWD,2.592044022734385,0,0.0,0.0
605,Katakhal Old Bridge approach road to Anandpur,RR(VR),PWD,1.1351153201860924,0,0.0,0.0
606,Hatir Path,RR(VR),PR,1.1403113124161384,0,0.0,0.0
607,Road from dwarbond pratappur pmgsy road to luharbond,RR(VR),PWD,1.7426909038473573,0,0.0,0.0
608,NH 54 to Amarpur,RR(VR),PWD,1.5975254145768614,0,0.0,0.0
609,Road from NH37 to Bajantipur,RR(VR),PR,1.4623401339112507,0,0.0,0.0
610,Kabuganj sonai Road to Sonabarigat Sonai Road,RR(VR),PWD,0.8744429584332554,0,0.0,0.0
611,T-08 to Bhairabpur-II,RR(VR),PWD,0.9328501263428041,0,0.0,0.0
614,Dwarbond Pratappur PMGSY Road 14km to Noagaon LP School,RR(VR),PWD,1.0443606824263945,0,0.0,0.0
615,Irongmara Bagmara to HarinagarSwasanghat Netaji LP School,RR(VR),PWD,3.222744394530053,0,0.0,0.0
617,Harang Road to Phowdhowarpar,RR(VR),PWD,1.2008279001093283,0,0.0,0.0
618,NH37 to LAMBA BASTI VIA NIZ BASKANDI-EXTENSION,RR(VR),PWD,1.3924368901481596,0,0.0,0.0
619,Rd frm Doyapur Chappanahal Road to  Doyapur Arkatipur Road,RR(VR),PWD,1.0758287979409122,0,0.0,0.0
626,Tilka grant to LRA  at Kaptanpur,RR(VR),PWD,2.3850247264417415,0,0.0,0.0
627,(NH37 AT TARAPUR TO BUNDOO VIA NARAYANPUR)-END PORTION,RR(VR),PWD,1.887342590634725,0,0.0,0.0
628,Shirishtal To Amaranagar,RR(VR),OTHERS,0.5640014668261285,0,0.0,0.0
629,Dharamkhal Road,RR(VR),PWD,0.913965096567491,0,0.0,0.0
634,bhaga jaroiltola pwd road to mathurapur via musor bast,RR(VR),PWD,0.8652949964460257,0,0.0,0.0
635,T03 to Baiyarpar via Nayatilla,RR(VR),PWD,2.0562177023997616,0,0.0,0.0
637,NH37 Rail gate point to Salchapra,RR(VR),PWD,1.6004527120695071,0,0.0,0.0
640,Jatinga Br approach to SJ road via dhumkar,RR(VR),PWD,3.8857906469923376,0,0.0,0.0
642,Road from joynagar to kalakhal,RR(VR),PWD,3.2517794002636538,0,0.0,0.0
646,Chandinagar B.O.P approach,RR(VR),PWD,0.8039474165900132,0,0.0,0.0
648,2nd km of Kathal road to Chencoori Road via Bhakatpur .,RR(VR),PWD,1.9030305334084878,0,0.0,0.0
649,Road from Rosekandi-II to sahpur TE,RR(VR),RD,1.1814868645652712,0,0.0,0.0
650,Meruagrant Road via Pathartilla,RR(VR),PWD,0.7931951871099938,0,0.0,0.0
651,attarotilla to shantipur village via attarotilla LP school,RR(VR),PWD,0.9231905019596356,0,0.0,0.0
652,SJ road to Borkhola Old market,RR(VR),PWD,1.0773217261776566,0,0.0,0.0
653,Saidpur to Krishnapur Road,RR(VR),PWD,1.2764536209238535,0,0.0,0.0
654,12 No PWD Road to Tillargram PWD Road Via Dasphara,RR(VR),PWD,1.0837642540276875,0,0.0,0.0
655,SMD Road to Jamalpar dyke near Block HQ Palonghat,RR(VR),PWD,0.6721862687415832,0,0.0,0.0
657,NH54-Medical College Road to NH54-Sabashpur Road,RR(VR),PWD,0.9769732983053492,0,0.0,0.0
658,David Sonapur Internal Road,RR(TRACK),PWD,0.883742784822571,0,0.0,0.0
660,IBB Road from Sadirkhal to Chandinagar,RR(VR),OTHERS,4.911925441976703,0,0.0,0.0
664,Road at Loharbond forest vit office to Nagathal Khasiapunji,RR(VR),PWD,0.5761454722793284,0,0.0,0.0
666,Rakhalkhalerpar Road to Railgate Road,RR(VR),PWD,0.7388359140304662,0,0.0,0.0
668,Bihara Garevetor to Bawripara,RR(VR),PWD,2.256598366119363,0,0.0,0.0
671,Road from BK road at Boali grant to Uloypunjee,RR(VR),OTHERS,1.9768996109096877,0,0.0,0.0
673,Model Degree College to Chandranathpur Pt I,RR(VR),OTHERS,1.2311246768431738,0,0.0,0.0
674,Road from T02 to L041,RR(VR),PWD,0.875600345493993,0,0.0,0.0
676,Baluchari  FV  to Gopinathpur Road,RR(VR),PWD,4.763528469905296,0,0.0,0.0
677,Road from S.K. Road to Khaspur Bagerkona,RR(VR),PWD,3.382202582823341,0,0.0,0.0
678,Road NH53 at Block HQ to Koraikandi Road,RR(VR),OTHERS,1.2792064869628617,0,0.0,0.0
679,Road from Boma Dona punji to Digligrant,RR(VR),PR,4.859611641693254,0,0.0,0.0
680,SJ Road To S J Road Via Dhalcherra Gran,RR(VR),OTHERS,1.2179738518683314,0,0.0,0.0
681,Gagraphar Pt II to Sridharpur E andD,RR(VR),PWD,1.928433024077739,0,0.0,0.0
683,T03 to Madarpur,RR(VR),PWD,3.28815215718277,0,0.0,0.0
684,PDB to baskhal nirarthal basti via amrakhuchi LP school,RR(VR),PWD,1.2330622904635833,0,0.0,0.0
686,Road from bishnupur shani mandir to PMGSYroad bishnupur,RR(VR),PWD,1.0958889535383005,0,0.0,0.0
689,SS Road to Bibigram Road,RR(VR),PWD,0.5075383493677789,0,0.0,0.0
690,Kalain TE Factory to Baikhantapur,RR(VR),PWD,1.138744974705401,0,0.0,0.0
692,Sahapur Bazar to Sahapu Bagan,RR(TRACK),PWD,1.1664977584022733,0,0.0,0.0
694,Road from krishnapur to bhubannagar,RR(VR),PWD,1.1966846980777777,0,0.0,0.0
698,Road from natunbazar derby road to cleverhouse pt-I,RR(VR),PWD,2.816375300671359,0,0.0,0.0
699,Rd from Khaspur Bagerkona to Siberbond via Shibbari,RR(VR),PR,1.2937666248772681,0,0.0,0.0
700,IBB Road at Tukergram,RR(VR),OTHERS,1.3018580027140798,0,0.0,0.0
701,Road from Hmarkulin  Digar Fulertol road to Govindnagar,RR(VR),OTHERS,1.0514556933859007,0,0.0,0.0
702,Center Tiniali to Turning Bazar,RR(VR),PWD,1.009723028267193,0,0.0,0.0
704,Jagannath Singh College Road,RR(VR),PWD,1.8883172716488008,0,0.0,0.0
706,PDB Road (Near Bhairabbari) to Mahabir than via Bahadurtilla,RR(VR),PWD,1.2012918535833708,0,0.0,0.0
709,Road from L043 to Kalam Punjee,RR(VR),OTHERS,1.4878043747866232,0,0.0,0.0
710,BBC road to mothurapur shivbari via udaymani house,RR(VR),PWD,2.9866119632672707,0,0.0,0.0
711,Kathal Borsangan to Road jpur Road Via Kathal Bagan Boroline,RR(VR),PWD,0.8834596293908304,0,0.0,0.0
713,Doyapur Garden approach road,RR(VR),PWD,2.9950360117587795,0,0.0,0.0
714,Road from pratappur to mallikshet,RR(VR),PWD,2.7855499626264972,0,0.0,0.0
716,Road from Quarpar Sahapur Road at Legtibaba to Rosekand,RR(TRACK),PWD,1.5837654673201864,0,0.0,0.0
719,SJ Road at Chesri to Ganirgram,RR(VR),PWD,0.5036124243466111,0,0.0,0.0
720,manglemba sing housetoREC via madhutilla LP school,RR(VR),PWD,0.9317998206173509,0,0.0,0.0
723,Dholaikhal bridge near pulindas house to arjanpur border,RR(VR),PWD,1.8318454220106015,0,0.0,0.0
725,Road from NH53 at Puran Banskandi to Rail Line,RR(VR),OTHERS,1.2494719944166397,0,0.0,0.0
729,Dilkush PWD Road to Dilkush-Tilka Bagan Road,RR(VR),OTHERS,0.5996081639103317,0,0.0,0.0
730,Saraspur to Leverputa II via Khelma II,RR(VR),PWD,1.4563191403023645,0,0.0,0.0
731,Road from bottala PDB road to Derby TE via nirarthal basti,RR(VR),PWD,0.3009464349514279,0,0.0,0.0
732,road from sitarampur road to NH-54 via GP office,RR(VR),PWD,2.7041529367502948,0,0.0,0.0
733,Bibigram To Dungripar I,RR(VR),PWD,1.077831715549477,0,0.0,0.0
736,Road from T04 to L025 via LRA Road,RR(VR),OTHERS,1.4120105255538473,0,0.0,0.0
738,Road from Sarbantillah to Block HQ,RR(VR),RD,1.0486365465867873,0,0.0,0.0
740,Chalitakandi Road,RR(VR),PWD,2.446185347164362,0,0.0,0.0
741,Majhirgram Road,RR(VR),PWD,0.621655897334294,0,0.0,0.0
743,Road from laboc hospital to Sibpur,RR(VR),PWD,2.159323939505963,0,0.0,0.0
744,Road from laboc to Salamat pur,RR(VR),PWD,2.7017631682183594,0,0.0,0.0
745,Mangalpur Joragool Road,RR(VR),PWD,1.1940867394393844,0,0.0,0.0
747,SMD Road to Punichara via Rikiason LP School,RR(VR),PWD,0.6821028313224523,0,0.0,0.0
748,Biswambarpur to G.N.Rd. at Gumra Grant,RR(VR),PWD,1.8087801394532228,0,0.0,0.0
752,Anandakhal kalibari to Bishnupur FV,RR(VR),PWD,2.7889452995193342,0,0.0,0.0
753,Road from L025 to Uttar Lalpool L036 road,RR(VR),OTHERS,1.6618586466314584,0,0.0,0.0
755,Road from L037 to L038,RR(VR),RD,0.8775742927512752,0,0.0,0.0
757,SF road to Kanakpur II via Kandigram,RR(VR),PR,0.7236273029852962,0,0.0,0.0
760,Arunachal Railway Station Approach,RR(VR),PWD,0.46627042670117985,0,0.0,0.0
761,Silchar Hailakndi Road at NIT point to Saidpur,RR(VR),PWD,0.7641242465957407,0,0.0,0.0
762,S K Road to Harang,RR(VR),PWD,2.158710959954381,0,0.0,0.0
763,Road from NH53 at Koiri House to Presbytarian Church,RR(VR),OTHERS,0.7735313299080444,0,0.0,0.0
764,NH54Sabashpur Road to Nh54Medical Road via  Uttarkrishnapur,RR(VR),PWD,0.871958349004571,0,0.0,0.0
765,Dudpatil Pt VII to Gosaipur Pt III,RR(VR),OTHERS,1.0775677254923943,0,0.0,0.0
767,NH 6 to Khaijani,RR(VR),PWD,1.9549181441990637,0,0.0,0.0
768,Bilpar Road,RR(VR),PWD,0.8953748997223234,0,0.0,0.0
771,Raod from naxatilla church to lowerbond FV,RR(VR),PWD,2.4257499364084043,0,0.0,0.0
772,Champatilla Shibbari Road,RR(VR),PWD,1.9731756150212028,0,0.0,0.0
773,Krishnapur to Dubag,RR(VR),PWD,1.2195538582115673,0,0.0,0.0
774,Silchar HKD to Mainchpur Hospital to Kalachara TE Nachghar,RR(VR),PWD,1.8085231369459385,0,0.0,0.0
776,ROAD FROM BADRIPAR-V TO GANGAPUR SC VILLAGE,RR(VR),PWD,1.0947287929055671,0,0.0,0.0
779,Road from L025  Smith nagar II to  Kaptanpur Grant,RR(VR),PWD,1.3710961650905915,0,0.0,0.0
781,NH54 to Sonabarighat,RR(VR),PWD,1.4495310419542728,0,0.0,0.0
783,Rosekandi II internal Road,RR(TRACK),PWD,2.112048433017621,0,0.0,0.0
784,road from BOIRAGI TELA to Bagmara via Horintela,RR(VR),PWD,2.4549900684749946,0,0.0,0.0
785,NH-54 to samsul house of rajiba via moinul haque house,RR(VR),PWD,1.9115972917387503,0,0.0,0.0
786,bhaga jarltala PWD road to mathurapur via sipaipunji,RR(VR),PWD,0.7539845124248143,0,0.0,0.0
787,Road from  Brahmangram to SR Collage along kakrakal river,RR(VR),PWD,2.012437254012246,0,0.0,0.0
788,Road from barabak  kajidor To natunbazar  barabak-III road,RR(VR),PWD,1.3878071644089598,0,0.0,0.0
790,NH-54 to NH-54 via balicheragrant-I,RR(VR),PWD,1.155323727544339,0,0.0,0.0
794,Rakhal Khaler par Part II to South Manikpur,RR(VR),PWD,1.3074506774422896,0,0.0,0.0
795,Road from L034 to Khasia Punjee,RR(VR),OTHERS,0.44020683025452434,0,0.0,0.0
796,Bariknagar Saidpur Road to SaidpurIII A,RR(VR),PWD,1.6883495882930095,0,0.0,0.0
797,Siddhipur Noonnagar Road to TRK Road,RR(VR),PWD,1.034163401650308,0,0.0,0.0
799,Road from lalang bichlapul to dewan hospital,RR(VR),PWD,1.6734879056265137,0,0.0,0.0
801,Road from Mohadevpur II to Saraspur,RR(VR),PWD,1.5109890770156673,0,0.0,0.0
806,Gorerbond to bororampur(Borkhola),RR(VR),PWD,2.917783913400938,0,0.0,0.0
809,NH54 to Dhanehari II,RR(VR),PWD,0.6661536146673823,0,0.0,0.0
812,Bhubandhar Market to Jibongram via BhubandharFV,RR(VR),PWD,2.5601140259790274,0,0.0,0.0
815,Road from Govindapur Ferryghat road to Sonai Banskandi Road,RR(VR),RD,0.8611483597108468,0,0.0,0.0
818,NH37 to Pechador road,RR(VR),PR,1.219089209442476,0,0.0,0.0
819,Road from 3rd km of Old Lakhipur road to cattle market,RR(VR),PR,2.7232414767230275,0,0.0,0.0
824,SK Road to Nayagram,RR(VR),PWD,1.4043381386834057,0,0.0,0.0
825,bishnupur PMGSY Road to Anandakhal via Ram prasad house,RR(VR),PWD,2.328413600319578,0,0.0,0.0
826,Sridharpur to Salchapra Pt III,RR(VR),PWD,2.6554854707309334,0,0.0,0.0
830,Road from Udharbond Block Boundary to NH Bye-pass,RR(VR),RD,0.2517391231712712,0,0.0,0.0
831,Chutra Sangan to S J Road at Durgapur,RR(VR),OTHERS,1.5371865784019028,0,0.0,0.0
833,Natun Ramnagar to Dakhin Mohanpur Road,RR(VR),PWD,0.7339096177518062,0,0.0,0.0
836,Sangom sumbi road,RR(VR),PR,1.9461564484705667,0,0.0,0.0
838,Road from T02 to Ganganar Pt III,RR(VR),PR,2.4885261276920017,0,0.0,0.0
843,Road from 1st Km of Chaprow road to Boglarpar,RR(VR),OTHERS,0.5408083782253349,0,0.0,0.0
844,Rockopar PMGSY Road to Kaptanpur XIII,RR(VR),OTHERS,3.0724668679267735,0,0.0,0.0
846,Boalihoar Rd,RR(VR),PWD,1.1287093309432001,0,0.0,0.0
847,Saidpur Road,RR(VR),PWD,1.1512905813270045,0,0.0,0.0
848,NH-53 to Salchapra II,RR(VR),PWD,0.7964024874097017,0,0.0,0.0
849,L26 to Debendra colony at Saidpur II,RR(VR),PWD,1.7017032347698813,0,0.0,0.0
852,NH 54 to Borband via Lalbag,RR(VR),OTHERS,2.0445549627889688,0,0.0,0.0
853,kalibari purabthal road point sanimandir to PDB road,RR(VR),PWD,0.950987670679459,0,0.0,0.0
854,SF road to E nd D road via Khilogaon,RR(VR),PR,0.8519896636084379,0,0.0,0.0
857,Silchar-Hailakandi Road to NH54-Sabashpur Road,RR(VR),PWD,1.2683679450249237,0,0.0,0.0
858,Rd from Old Alignment  NH 53 at Hmarculin via Digar Fulertol,RR(VR),PWD,1.7910989367113044,0,0.0,0.0
860,RD FRM T01 TO US LAKHICHEERA,RR(VR),PWD,2.056059591850727,0,0.0,0.0
863,Road From Gossaipur Larsingpar Road To Lathigram,RR(VR),PWD,4.0866283004540245,0,0.0,0.0
866,1st KM of SMD Road to 4th KM of SMD(Dakshin Mohanpur I),RR(VR),PWD,4.5857949752033065,0,0.0,0.0
868,Harina PWD to Boro Akhra,RR(VR),PWD,1.8792699882230788,0,0.0,0.0
869,NH 54 to Kachukhal Pt II via Pt,RR(VR),OTHERS,1.1365301201975548,0,0.0,0.0
871,2nd km of SK road to kamaleshwari school over dyke,RR(VR),PWD,1.6662771277577118,0,0.0,0.0
873,NH 37 to U S Lobonkhal,RR(VR),PWD,2.2800495880811407,0,0.0,0.0
874,Road from Narainpur near Shiv Mandir to Narainpur Labac Road,RR(VR),PR,2.1439780712723806,0,0.0,0.0
878,S K Road to Bhairab Nagar,RR(VR),PWD,3.5585961897678122,0,0.0,0.0
879,L-37 to  Kunapara K.Punji,RR(VR),PWD,1.6764915452684217,0,0.0,0.0
881,LRA Road ar Binnakandi PHE Plant to Swastipally Road,RR(VR),OTHERS,2.427871232127532,0,0.0,0.0
882,From Gumra Leverpur Road  to Kandigram via Khelma III,RR(VR),PWD,1.7433064121855264,0,0.0,0.0
883,Srikona Mohanpur Road to Railway line via Manipuri basti,RR(VR),PWD,1.771866375528323,0,0.0,0.0
884,Road from Ratanpur  Borsangan Rosekandi Road to Diblia,RR(VR),PWD,4.278639446544527,0,0.0,0.0
885,T03 to Karaikhandi,RR(VR),PWD,2.400871025650076,0,0.0,0.0
887,NH-53 to 5th Km of S K Rd via Madhuramukh and Bahadurpur,RR(VR),PWD,2.96180752005433,0,0.0,0.0
891,Hazari Road,RR(VR),PWD,0.7792811491964042,0,0.0,0.0
894,Chandrapur Daspara road,RR(VR),PR,0.9739273964745438,0,0.0,0.0
895,Road from US Mutrachera to Pailpool kumchera harinagr NEC rd,RR(VR),PR,2.0341986585096263,0,0.0,0.0
898,Kaptanpur XVIII at at Birengram to Kaptanpur XVI I charpar,RR(VR),PWD,2.06011653409647,0,0.0,0.0
899,Road from Fagu baba Mandir to GultillaBasti,RR(VR),PR,1.9214453880417737,0,0.0,0.0
902,Road from NH-54 near panibhaora to ramprasad pur,RR(VR),PWD,4.623583013833853,0,0.0,0.0
907,Borakhai Garden Road,RR(VR),PWD,1.2471241985217285,0,0.0,0.0
911,Chandpur III to Tapaigram,RR(VR),PWD,1.7535886927568738,0,0.0,0.0
913,bagewala village to Sheorartal Kalarhawar via Janukhal,RR(VR),PWD,2.20603297643528,0,0.0,0.0
914,Silchar HKD Road PC Borjalenga School to changaritilla,RR(VR),PWD,1.1788890590548673,0,0.0,0.0
915,Panchayat Jungal Road,RR(VR),PWD,1.7285997895741252,0,0.0,0.0
923,Dilkush ferry to Narayandhar via Monkush,RR(VR),PWD,9.317701925065744,0,0.0,0.0
925,Kashipur Badripar Road,RR(VR),PWD,6.768609052546016,0,0.0,0.0
927,SJ road to kashipur,RR(VR),PWD,1.6717977392068333,0,0.0,0.0
932,Bibigram Dungripar road to sonai dungripar road,RR(VR),PWD,1.052876025034314,0,0.0,0.0
934,Merua Bagan Road,RR(TRACK),PWD,0.9047722477583646,0,0.0,0.0
937,Ainacherra Langlacherra Road,RR(VR),PWD,3.084552089752005,0,0.0,0.0
939,Kathal road to Chencoorie road via chandrapur Das Para,RR(VR),PR,2.0413463707079904,0,0.0,0.0
941,Road from 1st km of TRK Road to GramSebok tranning centre,RR(VR),PWD,1.3990927897299723,0,0.0,0.0
942,Road from Khelma V to Gumra Leverputta Road,RR(VR),PWD,4.989891815686325,0,0.0,0.0
946,NH-54 at Panibhora to Borjalenga Via Purabtol,RR(VR),PWD,6.583680502621952,0,0.0,0.0
948,Road from Doloichera to Road T07 via Thipunagar,RR(VR),PR,1.9353018696604134,0,0.0,0.0
949,Badambari to Chandranathpur,RR(VR),OTHERS,5.676877542717014,0,0.0,0.0
951,Road from T02 to Moniarkhal TE,RR(VR),PR,5.1837273177557925,0,0.0,0.0
952,Baluchari FV Gopinathpur Road to GpinathpurTE basti,RR(VR),PWD,3.413114567215743,0,0.0,0.0
953,Road from devipur to gojalghat,RR(VR),PWD,4.485142357058437,0,0.0,0.0
954,Road from Pailpool harinagr NEC rd via Baladan to road T04,RR(VR),PR,3.658132751084184,0,0.0,0.0
956,Chandighat III to Chandighat TE Road,RR(VR),PWD,4.7557273192430305,0,0.0,0.0
957,Katirail T E to Jagadishpur,RR(VR),PWD,2.412746577535184,0,0.0,0.0
958,Road from T07 to Dharmanagar via Baigajigni Balgagni,RR(VR),PR,2.127045908428049,0,0.0,0.0
959,Road from PMGSY Road at Noidol to Swastipally at PMGSY Road,RR(VR),OTHERS,1.8424316439677393,0,0.0,0.0
960,Road from Pailpool kumchera harinagr NEC rd to Road L063,RR(VR),PR,1.8478907966057023,0,0.0,0.0
962,Road from Bhagabazar jarailtala road to kokaipunji,RR(VR),PWD,3.573110608186617,0,0.0,0.0
965,Daloo mainarband to Durgabari via kathalwala,RR(VR),PWD,2.8748316020581406,0,0.0,0.0
975,Road from T03 at Kajolbasti to T01 at Bahadurpur,RR(VR),OTHERS,1.7302826006448664,0,0.0,0.0
981,Road from PDB point to 12 no basti road via manika basti,RR(VR),PWD,2.4873175592675953,0,0.0,0.0
983,EandD Point Water works Road to Baghadhar via Bethukandi,RR(VR),PWD,10.26716828611104,0,0.0,0.0
985,Road from NH53 at Lalpani to Jirighat Bagkhal Road,RR(VR),OTHERS,2.4859793132857706,0,0.0,0.0
987,Road from 1st km of BBC road to rajnagar,RR(VR),PWD,1.3829480530459646,0,0.0,0.0
988,Road from molong pt I to US Uttar Doloicharra,RR(VR),PR,4.928955135386296,0,0.0,0.0
991,Centre Bazar Bus-stop to Ganguly Bazar,RR(VR),PWD,0.9631628966429923,0,0.0,0.0
998,Road from Joypur pt II  to road L071 Barthal Grant,RR(VR),PR,2.673057882892205,0,0.0,0.0
1000,Road from 1st km of SK road to chandpur hatikhal road,RR(VR),PWD,1.4373116033569262,0,0.0,0.0
1003,Road from Scotpur to Narainpur to bandu,RR(VR),PWD,4.553269376986623,0,0.0,0.0
1006,Buribail I to Buribail II and Pt III,RR(VR),PWD,4.883219987246291,0,0.0,0.0
1007,T07 at Konapara T.E to Sindura-IX (175),RR(VR),PWD,6.467510546418496,0,0.0,0.0
1009,NH 6 to Khanjala PHE,RR(VR),PWD,0.6718589288130099,0,0.0,0.0
1010,Chencoori Kanchanppur road to Rengti Basti via Nayagram,RR(VR),PR,3.912643200454184,0,0.0,0.0
1013,Hawaitang lailapur PMGSY road to lachara SOPD road,RR(VR),PWD,1.5223557085487351,0,0.0,0.0
1014,Road from T02 to Moinarkhal TE to darmikhal gran II,RR(VR),PWD,1.0106943951581486,0,0.0,0.0
1015,Daloo mainarband road to Subedarbasti,RR(VR),PWD,3.3252001833023677,0,0.0,0.0
1020,road from SHANTI TELA to Bagmara,RR(VR),PWD,5.317236880352786,0,0.0,0.0
1021,Rosekandi Internal Road,RR(TRACK),PWD,2.051016709577838,0,0.0,0.0
1023,PWD Road to Bhutankhal Roy Basti,RR(VR),PWD,4.325108111350666,0,0.0,0.0
1024,Irongmara Bunglowtilla road to SH road at Borjalenga,RR(VR),PWD,2.663810580590674,0,0.0,0.0
1026,NH54 islamabaad dyke to arjanpur road near dholaikhal,RR(VR),PWD,4.574627141328911,0,0.0,0.0
1027,Road from Dwarbond Pratappur Road Jogirbond toduwarbondgrant,RR(VR),PWD,0.802373595626655,0,0.0,0.0
1028,ROAD FROM GOBINDAPUR TO SILGHAT FERRY,RR(VR),PWD,0.644268907921327,0,0.0,0.0
1031,Silcoorie Sildubi Road Via Bhajamusafir High School,RR(VR),PWD,3.0205971708153463,0,0.0,0.0
1034,Road from 2nd km of BBC road to rajnagar,RR(VR),PWD,1.2812523219961915,0,0.0,0.0
1036,Kanakpur road,RR(VR),PWD,2.4315090998036846,0,0.0,0.0
1038,Bhubaneswar Nagar at Sewti to Banaimullah Road Part II,RR(VR),PWD,4.806075347434713,0,0.0,0.0
1041,Dolu Moynarbond Road (Ch. 14650.00M to Ch.17000.00M),RR(VR),PWD,2.3328420812904294,0,0.0,0.0
1042,1stkm Dwarbondpratappur to 2ndkm Dwarbondpratappur,RR(VR),PWD,1.9843774886556675,0,0.0,0.0
1043,Sanjoy road to dubi school over the rajghat bongramboundary,RR(VR),PWD,1.3043612768849397,0,0.0,0.0
1047,Srikona Natunkanchanpur Road to Pachim Biroinhowar,RR(TRACK),PWD,0.806160804959499,0,0.0,0.0
1049,Ganirgram Road to Chandpur,RR(VR),PWD,0.719362317988884,0,0.0,0.0
1052,Road from kumachara kalinagar to Naithang punji,RR(VR),PR,7.0153968698603215,0,0.0,0.0
1053,Road from Kanakpur pt II to Karaibil,RR(VR),PR,1.7963474211982948,0,0.0,0.0
1054,Road from Phailen punji to L024,RR(VR),PR,2.7973714438098556,0,0.0,0.0
1055,SIL HKD to PDB near Dharamkhal ground via Sisupal Fishery,RR(VR),PWD,4.986131437742373,0,0.0,0.0
1058,NH. 37 to Chencoori Kanchanpur road via DonBosco school,RR(VR),PWD,2.9393604784334544,0,0.0,0.0
1060,Srikona Mohanpur Road at Damcherra Bazar to Bagtilla,RR(TRACK),PWD,3.914757735039017,0,0.0,0.0
1063,Jaifarpur to Chencoori,RR(TRACK),PWD,3.2739876762716107,0,0.0,0.0
1067,Baramthan Pratappur  to Malliksheet at Noagaon LP School,RR(VR),PWD,2.3661899483835933,0,0.0,0.0
1070,Nischintapur Pt I to NizJalalpur,RR(VR),PWD,1.9460763803973427,0,0.0,0.0
1072,Amraghat to Nagakhal via Ramanikpur dermighalgrant,RR(VR),PWD,0.9571991650854288,0,0.0,0.0
1073,Road fromL072 to Thailu Chabagicha C,RR(VR),PR,0.7666034096783801,0,0.0,0.0
1074,Chencoori Kanchanpur Road to Kalibari via Natunkanchanpur,RR(VR),PWD,2.1928665301514667,0,0.0,0.0
1075,Maticherra to Ainacherra Road,RR(VR),PWD,1.7600629734293554,0,0.0,0.0
1078,Karbala grant to Natanpur grant via Natansah Mukam,RR(VR),PWD,0.8828483250404865,0,0.0,0.0
1079,Road from T02 to Bhbannagar pt VI road to boaligrant,RR(VR),PWD,2.001119502480847,0,0.0,0.0
1080,Bhubandhar Market to Suktala LP School via Nagapunjee,RR(VR),PWD,2.1495484737199844,0,0.0,0.0
1081,Rosekandi Grant Pt I Road 3,RR(VR),PWD,2.643868881123392,0,0.0,0.0
1085,SJ road To Borkhola Road Pt II,RR(VR),PWD,2.4475005969757437,0,0.0,0.0
1086,Road from T03 to Boma Punjee,RR(VR),OTHERS,2.2267400262955857,0,0.0,0.0
1091,Road from NH 54 at 27th Km to west Ramprasadpu,RR(VR),PWD,2.26875355945487,0,0.0,0.0
1092,Amraghat to Nagakhal Ramanikpur via chittaranjanLP school,RR(VR),PWD,1.5334304530474923,0,0.0,0.0
1096,NH-54 to Dharmikhal Grant,RR(VR),PWD,4.7316898214749985,0,0.0,0.0
1097,Silghat Ferry at Sibpur Pt I to Hazarigram PMGSY Road,RR(VR),OTHERS,2.3299856007219333,0,0.0,0.0
1099,Silchar Hailakandi Road at Mithapani to TarutajbariI,RR(VR),PWD,1.1385104176676135,0,0.0,0.0
1100,Badarpur - Kalinagar  Via Kalinagar Pt II,RR(VR),PWD,3.630795494687291,0,0.0,0.0
1104,Dalcherra Kendriya Vidyalaya to Badam Bari via Chandmari,RR(VR),OTHERS,2.1942397220338257,0,0.0,0.0
1107,S-S Road at Barohali Point to S.K. Road at Tulagram,RR(VR),PWD,4.809576518467128,0,0.0,0.0
1108,Road from sivbari NH-54(Raniferi) to sitarampur road,RR(VR),PWD,1.098968359089875,0,0.0,0.0
1112,New Uttarkrishnapur Road,RR(VR),PWD,1.1675999465298872,0,0.0,0.0
1114,Jagadishpur Road to Moinarphar,RR(VR),PWD,1.518337146892197,0,0.0,0.0
1115,Road from Badripar Bagpur road to Badripar Algapur road,RR(VR),RD,0.8678221504889747,0,0.0,0.0
1116,Road from SB Road to Nalgram,RR(VR),OTHERS,0.35589597577639087,0,0.0,0.0
1117,Silchar Hailakndi Road to Borakhai grant  via Puran line,RR(VR),RD,2.591948868576979,0,0.0,0.0
1121,Siddipur to Mohanpur,RR(VR),PWD,1.5866723422500164,0,0.0,0.0
1124,ramprasadpur to BNBP school bhubandar road via lantugram,RR(VR),PWD,1.5876832176917275,0,0.0,0.0
1127,NH-53 to Nandirgram,RR(VR),PWD,0.49796497255542355,0,0.0,0.0
1128,Srikona Mohanpur Road to Chenduar,RR(VR),PWD,1.1669349665071498,0,0.0,0.0
1129,Kanchanpur to Bunglowghat II,RR(VR),PWD,1.2619276306256306,0,0.0,0.0
1131,Road from PWD road rahim uddin house to shantipur LP school,RR(VR),PWD,3.087898418550497,0,0.0,0.0
1133,Chibitabichia Pt IV Road,RR(VR),PWD,2.56732436461583,0,0.0,0.0
