param,value,scenario,severity,policy,unmet_units,capture_rate,truck_hours,truck_hour_budget
depot_mult,0.25,mild_00,mild,none,12355.224,0.0,0.0,120.0
depot_mult,0.25,mild_00,mild,proportional,8826.047127948303,0.2974488337835464,116.77190133100405,120.0
depot_mult,0.25,mild_00,mild,nearest_first,6972.7953333333335,0.45364604491822597,35.54813881102385,120.0
depot_mult,0.25,mild_00,mild,nearest_first_post,5860.699333333334,0.547376586131662,33.71637136937988,120.0
depot_mult,0.25,mild_00,mild,access_opt,5861.716,0.5472908986398445,33.988087984191075,120.0
depot_mult,0.25,mild_01,mild,none,12086.94,0.0,0.0,120.0
depot_mult,0.25,mild_01,mild,proportional,8525.484984302464,0.3071136946151451,118.16498790364648,120.0
depot_mult,0.25,mild_01,mild,nearest_first,6704.511333333334,0.4641410733918013,35.54813881102385,120.0
depot_mult,0.25,mild_01,mild,nearest_first_post,5592.415333333334,0.5600400556396035,33.71637136937988,120.0
depot_mult,0.25,mild_01,mild,access_opt,5593.688,0.5599303102236737,43.55347578783293,120.0
depot_mult,0.25,mild_02,mild,none,10623.372000000003,0.0,0.0,120.0
depot_mult,0.25,mild_02,mild,proportional,7312.268853390881,0.3116809941898976,118.99115558822956,120.0
depot_mult,0.25,mild_02,mild,nearest_first,5412.337666666667,0.4905254502368301,34.9560153444542,120.0
depot_mult,0.25,mild_02,mild,nearest_first_post,4226.065666666666,0.6021916895438977,34.53624986735437,120.0
depot_mult,0.25,mild_02,mild,access_opt,4226.216,0.6021775383559947,40.89008331043368,120.0
depot_mult,0.25,mild_03,mild,none,10578.472000000003,0.0,0.0,120.0
depot_mult,0.25,mild_03,mild,proportional,7373.752419187451,0.3029473047537065,118.02094272947133,120.0
depot_mult,0.25,mild_03,mild,nearest_first,5341.145666666667,0.4950928955839118,34.9560153444542,120.0
depot_mult,0.25,mild_03,mild,nearest_first_post,4195.361666666667,0.603405702953445,31.828854394543658,120.0
depot_mult,0.25,mild_03,mild,access_opt,4195.7080000000005,0.6033729635055045,37.315128428624206,120.0
depot_mult,0.25,mild_04,mild,none,12088.616000000004,-3.009425402454435e-16,0.0,120.0
depot_mult,0.25,mild_04,mild,proportional,8778.529656981611,0.2738184704533909,117.84848246094008,120.0
depot_mult,0.25,mild_04,mild,nearest_first,6867.669666666667,0.43188950110859115,34.968873847745186,120.0
depot_mult,0.25,mild_04,mild,nearest_first_post,5734.401666666667,0.5256362128909821,31.84171289783465,120.0
depot_mult,0.25,mild_04,mild,access_opt,5734.412,0.5256353580922745,42.45558046562724,120.0
depot_mult,0.25,mild_05,mild,none,12188.431999999999,0.0,0.0,120.0
depot_mult,0.25,mild_05,mild,proportional,8670.82456091679,0.300700890704246,116.54224860377947,120.0
depot_mult,0.25,mild_05,mild,nearest_first,6806.003333333333,0.46011418904679197,34.351597480827465,120.0
depot_mult,0.25,mild_05,mild,nearest_first_post,5693.9073333333345,0.5551811524700286,32.5198300391835,120.0
depot_mult,0.25,mild_05,mild,access_opt,5699.18,0.5547304212299713,35.84721492931768,120.0
depot_mult,0.25,mild_06,mild,none,10763.320000000003,0.0,0.0,120.0
depot_mult,0.25,mild_06,mild,proportional,7401.486052195934,0.31234172614063965,117.67298304264976,120.0
depot_mult,0.25,mild_06,mild,nearest_first,5566.505666666667,0.4828263336343559,33.637842798874395,120.0
depot_mult,0.25,mild_06,mild,nearest_first_post,4226.065666666666,0.6073641156570032,33.21807732177457,120.0
depot_mult,0.25,mild_06,mild,access_opt,4226.216,0.6073501484672018,39.571910764853875,120.0
depot_mult,0.25,mild_07,mild,none,12214.296,0.0,0.0,120.0
depot_mult,0.25,mild_07,mild,proportional,8918.532011772517,0.26982840339119696,117.38334122232237,120.0
depot_mult,0.25,mild_07,mild,nearest_first,7427.385666666667,0.39191045749450754,36.90600683543842,120.0
depot_mult,0.25,mild_07,mild,nearest_first_post,6079.489666666667,0.5022644230443845,33.13240956680259,120.0
depot_mult,0.25,mild_07,mild,access_opt,6079.6720000000005,0.5022494951817116,47.34926669462557,120.0
depot_mult,0.25,mild_08,mild,none,12088.616000000004,-3.009425402454435e-16,0.0,120.0
depot_mult,0.25,mild_08,mild,proportional,8778.529656981611,0.2738184704533909,117.84848246094008,120.0
depot_mult,0.25,mild_08,mild,nearest_first,6867.669666666667,0.43188950110859115,34.968873847745186,120.0
depot_mult,0.25,mild_08,mild,nearest_first_post,5734.401666666667,0.5256362128909821,31.84171289783465,120.0
depot_mult,0.25,mild_08,mild,access_opt,5734.412,0.5256353580922745,42.45558046562724,120.0
depot_mult,0.25,mild_09,mild,none,12765.376000000002,0.0,0.0,120.0
depot_mult,0.25,mild_09,mild,proportional,9389.933454949609,0.26442170955641203,119.96482292657676,120.0
depot_mult,0.25,mild_09,mild,nearest_first,7544.429666666666,0.4089927577012487,34.968873847745186,120.0
depot_mult,0.25,mild_09,mild,nearest_first_post,6058.161666666667,0.525422387349447,29.240098695078213,120.0
depot_mult,0.25,mild_09,mild,access_opt,6058.8240000000005,0.5253705022084739,38.67840982909557,120.0
depot_mult,0.25,mild_10,mild,none,10821.000000000004,0.0,0.0,120.0
depot_mult,0.25,mild_10,mild,proportional,7459.166052195934,0.3106768272621818,117.67298304264976,120.0
depot_mult,0.25,mild_10,mild,nearest_first,5566.505666666667,0.4855830637957061,33.637842798874395,120.0
depot_mult,0.25,mild_10,mild,nearest_first_post,4283.745666666667,0.6041266364784527,31.824990749132127,120.0
depot_mult,0.25,mild_10,mild,access_opt,4283.896000000001,0.6041127437390261,39.571910764853875,120.0
depot_mult,0.25,mild_11,mild,none,13226.676000000001,0.0,0.0,120.0
depot_mult,0.25,mild_11,mild,proportional,9589.690767576705,0.28556120915314115,116.27735847667726,120.0
depot_mult,0.25,mild_11,mild,nearest_first,7901.927333333333,0.4180774929011148,34.68081862699022,120.0
depot_mult,0.25,mild_11,mild,nearest_first_post,6732.151333333333,0.5099235213150808,31.70027697765408,120.0
depot_mult,0.25,mild_11,mild,access_opt,6737.795999999999,0.5094803251689349,31.914139941368017,120.0
depot_mult,0.25,mild_12,mild,none,12521.828,0.0,0.0,120.0
depot_mult,0.25,mild_12,mild,proportional,9244.982517161734,0.26169066392209395,119.04598934317687,120.0
depot_mult,0.25,mild_12,mild,nearest_first,7403.217666666666,0.4087750073977484,33.77233251754881,120.0
depot_mult,0.25,mild_12,mild,nearest_first_post,5846.389666666667,0.5331041388951624,28.043557364881842,120.0
depot_mult,0.25,mild_12,mild,access_opt,5846.688000000001,0.5330803138327725,43.526878457268666,120.0
depot_mult,0.25,mild_13,mild,none,10623.372000000003,0.0,0.0,120.0
depot_mult,0.25,mild_13,mild,proportional,7312.268853390881,0.3116809941898976,118.99115558822956,120.0
depot_mult,0.25,mild_13,mild,nearest_first,5412.337666666667,0.4905254502368301,34.9560153444542,120.0
depot_mult,0.25,mild_13,mild,nearest_first_post,4226.065666666666,0.6021916895438977,34.53624986735437,120.0
depot_mult,0.25,mild_13,mild,access_opt,4226.216,0.6021775383559947,40.89008331043368,120.0
depot_mult,0.25,mild_14,mild,none,12096.884000000002,0.0,0.0,120.0
depot_mult,0.25,mild_14,mild,proportional,8725.40161165293,0.2787066808565803,116.65154430101178,120.0
depot_mult,0.25,mild_14,mild,nearest_first,6875.937666666666,0.4315943124967831,34.968873847745186,120.0
depot_mult,0.25,mild_14,mild,nearest_first_post,5742.669666666667,0.5252769501082538,31.84171289783465,120.0
depot_mult,0.25,mild_14,mild,access_opt,5743.0160000000005,0.5252483201459153,46.31097174589643,120.0
depot_mult,0.25,mild_15,mild,none,12251.624000000002,0.0,0.0,120.0
depot_mult,0.25,mild_15,mild,proportional,8965.7062818625,0.2682026250672973,119.92763558078305,120.0
depot_mult,0.25,mild_15,mild,nearest_first,7149.393666666666,0.4164533888187668,33.77233251754881,120.0
depot_mult,0.25,mild_15,mild,nearest_first_post,5929.185666666666,0.5160490016126299,30.645171567638275,120.0
depot_mult,0.25,mild_15,mild,access_opt,5929.472,0.5160256305613037,34.477394140951574,120.0
depot_mult,0.25,mild_16,mild,none,12073.636,0.0,0.0,120.0
depot_mult,0.25,mild_16,mild,proportional,8802.6248782879,0.2709217937092108,116.75928412347508,120.0
depot_mult,0.25,mild_16,mild,nearest_first,6955.0256666666655,0.42394936648192266,33.77233251754881,120.0
depot_mult,0.25,mild_16,mild,nearest_first_post,5751.197666666667,0.5236565300903003,30.645171567638275,120.0
depot_mult,0.25,mild_16,mild,access_opt,5751.272,0.5236503734252052,41.52406103585633,120.0
depot_mult,0.25,mild_17,mild,none,11578.072000000002,0.0,0.0,120.0
depot_mult,0.25,mild_17,mild,proportional,8436.435816723877,0.2713436384983721,118.63833009449765,120.0
depot_mult,0.25,mild_17,mild,nearest_first,6340.745666666666,0.45234874453478396,34.968873847745186,120.0
depot_mult,0.25,mild_17,mild,nearest_first_post,5194.961666666667,0.5513102987555557,31.84171289783465,120.0
depot_mult,0.25,mild_17,mild,access_opt,5195.412,0.5512714033908237,38.93071831981225,120.0
depot_mult,0.25,mild_18,mild,none,10763.320000000003,0.0,0.0,120.0
depot_mult,0.25,mild_18,mild,proportional,7401.486052195934,0.31234172614063965,117.79461425803319,120.0
depot_mult,0.25,mild_18,mild,nearest_first,5566.505666666667,0.4828263336343559,33.759474014257826,120.0
depot_mult,0.25,mild_18,mild,nearest_first_post,4226.065666666666,0.6073641156570032,33.339708537157996,120.0
depot_mult,0.25,mild_18,mild,access_opt,4226.216,0.6073501484672018,39.6935419802373,120.0
depot_mult,0.25,mild_19,mild,none,12271.244000000002,0.0,0.0,120.0
depot_mult,0.25,mild_19,mild,proportional,8708.283635098353,0.3024368690943642,117.28183483878225,120.0
depot_mult,0.25,mild_19,mild,nearest_first,6966.963333333332,0.45024638876910894,35.71591898521309,120.0
depot_mult,0.25,mild_19,mild,nearest_first_post,5800.311333333333,0.549275999560869,31.942321716577258,120.0
depot_mult,0.25,mild_19,mild,access_opt,5802.284000000001,0.549108552531059,34.98391952174632,120.0
depot_mult,0.25,moderate_00,moderate,none,12176.336000000001,2.63399328385122e-16,0.0,120.0
depot_mult,0.25,moderate_00,moderate,proportional,8524.51590131337,0.5288029493202596,94.23809018532,120.0
depot_mult,0.25,moderate_00,moderate,nearest_first,8226.501666666667,0.5719569935945857,43.73150501737855,120.0
depot_mult,0.25,moderate_00,moderate,nearest_first_post,5849.681666666666,0.9161331556282548,31.132764613607588,120.0
depot_mult,0.25,moderate_00,moderate,access_opt,5849.731999999999,0.9161258670942098,34.74088198377077,120.0
depot_mult,0.25,moderate_01,moderate,none,12790.368000000002,-2.9827087212121123e-16,0.0,120.0
depot_mult,0.25,moderate_01,moderate,proportional,9462.915803187303,0.5456227874391479,95.10200380145034,120.0
depot_mult,0.25,moderate_01,moderate,nearest_first,9440.672,0.5492702405595653,40.77878970973875,120.0
depot_mult,0.25,moderate_01,moderate,nearest_first_post,6956.729666666666,0.956577531420016,35.461979184174936,120.0
depot_mult,0.25,moderate_01,moderate,access_opt,6957.312,0.9564820426442925,36.62820445793676,120.0
depot_mult,0.25,moderate_02,moderate,none,12728.044,3.069551831930438e-16,0.0,120.0
depot_mult,0.25,moderate_02,moderate,proportional,9671.460432591903,0.5157996891293861,100.44287376246919,120.0
depot_mult,0.25,moderate_02,moderate,nearest_first,8956.32,0.636479920727814,48.41489191801291,120.0
depot_mult,0.25,moderate_02,moderate,nearest_first_post,7052.433666666668,0.9577614944895121,35.18073941258347,120.0
depot_mult,0.25,moderate_02,moderate,access_opt,7055.156000000001,0.9573020996599343,35.35264462706124,120.0
depot_mult,0.25,moderate_03,moderate,none,10921.796,1.6964089299578204e-16,0.0,120.0
depot_mult,0.25,moderate_03,moderate,proportional,7775.816556739466,0.29339740026013644,117.93705277530034,120.0
depot_mult,0.25,moderate_03,moderate,nearest_first,6194.907333333333,0.44083468157749506,33.23033657672252,120.0
depot_mult,0.25,moderate_03,moderate,nearest_first_post,4090.159333333333,0.637125726239474,37.42785379323726,120.0
depot_mult,0.25,moderate_03,moderate,access_opt,4090.424,0.637101043143689,28.617192259478745,120.0
depot_mult,0.25,moderate_04,moderate,none,11142.488,3.4264412866651246e-16,0.0,120.0
depot_mult,0.25,moderate_04,moderate,proportional,7840.615984394404,0.62197561874197,96.08581645077676,120.0
depot_mult,0.25,moderate_04,moderate,nearest_first,7939.252,0.6033954931203289,41.30937155710843,120.0
depot_mult,0.25,moderate_04,moderate,nearest_first_post,5833.804,1.0,36.66802198673939,120.0
depot_mult,0.25,moderate_04,moderate,access_opt,5833.804,1.0,36.66802198673939,120.0
depot_mult,0.25,moderate_05,moderate,none,10897.560000000001,-1.7002519673552113e-16,0.0,120.0
depot_mult,0.25,moderate_05,moderate,proportional,8244.650692589776,0.24797364186654386,118.4732221977842,120.0
depot_mult,0.25,moderate_05,moderate,nearest_first,6335.053666666667,0.42646814512490633,32.696501040574326,120.0
depot_mult,0.25,moderate_05,moderate,nearest_first_post,5042.115333333333,0.5473221171510028,35.6392006181018,120.0
depot_mult,0.25,moderate_05,moderate,access_opt,5043.148000000001,0.5472255913808031,33.290162862483875,120.0
depot_mult,0.25,moderate_06,moderate,none,13342.320000000002,0.0,0.0,120.0
depot_mult,0.25,moderate_06,moderate,proportional,9568.791333050365,0.42134442710206516,111.16696620322801,120.0
depot_mult,0.25,moderate_06,moderate,nearest_first,8036.631333333333,0.5924222522061005,50.138027541012335,120.0
depot_mult,0.25,moderate_06,moderate,nearest_first_post,6557.623333333334,0.7575652346610653,27.161812912504615,120.0
depot_mult,0.25,moderate_06,moderate,access_opt,6559.232000000001,0.7573856142593439,20.964778798962037,120.0
depot_mult,0.25,moderate_07,moderate,none,9327.624,4.2698720475642955e-16,0.0,120.0
depot_mult,0.25,moderate_07,moderate,proportional,6612.168766108957,0.6374224268157611,73.8127832898987,120.0
depot_mult,0.25,moderate_07,moderate,nearest_first,6802.424000000001,0.5927621608730027,36.77209786010821,120.0
depot_mult,0.25,moderate_07,moderate,nearest_first_post,5067.567999999999,1.0000000000000004,32.34507429486498,120.0
depot_mult,0.25,moderate_07,moderate,access_opt,5067.567999999999,1.0000000000000004,32.34507429486498,120.0
depot_mult,0.25,moderate_08,moderate,none,10482.332000000002,-3.1057077120103594e-16,0.0,120.0
depot_mult,0.25,moderate_08,moderate,proportional,7407.70468933576,0.5249559855419397,98.61382582600424,120.0
depot_mult,0.25,moderate_08,moderate,nearest_first,6580.816000000001,0.666137378596683,47.503439592203655,120.0
depot_mult,0.25,moderate_08,moderate,nearest_first_post,4927.497666666667,0.9484217881832396,36.10431972493449,120.0
depot_mult,0.25,moderate_08,moderate,access_opt,4928.868,0.9481878200912286,33.948761875396166,120.0
depot_mult,0.25,moderate_09,moderate,none,12476.36,0.0,0.0,120.0
depot_mult,0.25,moderate_09,moderate,proportional,9321.843818729738,0.2662099177660948,118.87214610853431,120.0
depot_mult,0.25,moderate_09,moderate,nearest_first,7798.733666666667,0.39474532701105247,35.63457497748214,120.0
depot_mult,0.25,moderate_09,moderate,nearest_first_post,5648.767333333333,0.5761811884578205,33.641185090808456,120.0
depot_mult,0.25,moderate_09,moderate,access_opt,5651.368,0.5759617179527773,36.40525471471782,120.0
depot_mult,0.25,moderate_10,moderate,none,13349.42,0.0,0.0,120.0
depot_mult,0.25,moderate_10,moderate,proportional,9741.604277878487,0.5314220393097866,104.5769113687479,120.0
depot_mult,0.25,moderate_10,moderate,nearest_first,9409.553666666667,0.5803322460817897,44.907658662314724,120.0
depot_mult,0.25,moderate_10,moderate,nearest_first_post,7317.777666666666,0.8884455072118793,35.20058033075612,120.0
depot_mult,0.25,moderate_10,moderate,access_opt,7317.796,0.8884428067587137,42.189731755662095,120.0
depot_mult,0.25,moderate_11,moderate,none,13676.024000000001,2.9162809322307135e-16,0.0,120.0
depot_mult,0.25,moderate_11,moderate,proportional,10333.896084530954,0.5358241171696116,99.59437175381993,120.0
depot_mult,0.25,moderate_11,moderate,nearest_first,9915.640000000001,0.6028807059396927,47.56638990936366,120.0
depot_mult,0.25,moderate_11,moderate,nearest_first_post,7595.685666666667,0.9748256206685738,31.462755920139877,120.0
depot_mult,0.25,moderate_11,moderate,access_opt,7602.652,0.9737087485731146,33.26648399766901,120.0
depot_mult,0.25,moderate_12,moderate,none,11957.860000000002,-2.7431782137384967e-16,0.0,120.0
depot_mult,0.25,moderate_12,moderate,proportional,8679.229819712638,0.49444306074227645,103.43069149124373,120.0
depot_mult,0.25,moderate_12,moderate,nearest_first,7862.873666666666,0.6175559502028568,46.97426664272156,120.0
depot_mult,0.25,moderate_12,moderate,nearest_first_post,6084.245666666667,0.8857869564107098,34.05436045325195,120.0
depot_mult,0.25,moderate_12,moderate,access_opt,6084.264000000001,0.8857841916007285,41.04351187815793,120.0
depot_mult,0.25,moderate_13,moderate,none,11868.396,0.0,0.0,120.0
depot_mult,0.25,moderate_13,moderate,proportional,8788.48657719026,0.5782716347186737,97.23482882052791,120.0
depot_mult,0.25,moderate_13,moderate,nearest_first,8432.088000000002,0.6451876246230794,43.37597953751525,120.0
depot_mult,0.25,moderate_13,moderate,nearest_first_post,6542.336,0.9999999999999998,39.589617826383765,120.0
depot_mult,0.25,moderate_13,moderate,access_opt,6542.336,0.9999999999999998,39.589617826383765,120.0
depot_mult,0.25,moderate_14,moderate,none,13130.58,0.0,0.0,120.0
depot_mult,0.25,moderate_14,moderate,proportional,9384.540206464071,0.5627604645197161,95.90792351893732,120.0
depot_mult,0.25,moderate_14,moderate,nearest_first,9278.872000000001,0.5786347990789212,40.77878970973875,120.0
depot_mult,0.25,moderate_14,moderate,nearest_first_post,7128.533666666666,0.9016760549217934,34.34559247151857,120.0
depot_mult,0.25,moderate_14,moderate,access_opt,7130.036,0.9014503622300101,35.58345157981842,120.0
depot_mult,0.25,moderate_15,moderate,none,10175.612000000001,-4.4146327934761507e-16,0.0,120.0
depot_mult,0.25,moderate_15,moderate,proportional,7549.420766108958,0.6373687455504032,73.8127832898987,120.0
depot_mult,0.25,moderate_15,moderate,nearest_first,7700.84,0.6006197510705363,36.77209786010821,120.0
depot_mult,0.25,moderate_15,moderate,nearest_first_post,6055.248,1.0,32.34507429486498,120.0
depot_mult,0.25,moderate_15,moderate,access_opt,6055.248,1.0,32.34507429486498,120.0
depot_mult,0.25,moderate_16,moderate,none,12197.064,2.9616918694911337e-16,0.0,120.0
depot_mult,0.25,moderate_16,moderate,proportional,8949.004481565984,0.5288514297343903,97.4648134562531,120.0
depot_mult,0.25,moderate_16,moderate,nearest_first,8450.668,0.6099909406544486,45.43683161179682,120.0
depot_mult,0.25,moderate_16,moderate,nearest_first_post,6250.229666666666,0.9682679217322914,33.18272388529012,120.0
depot_mult,0.25,moderate_16,moderate,access_opt,6253.704,0.9677022282342876,35.71305049822458,120.0
depot_mult,0.25,moderate_17,moderate,none,12013.084000000003,-2.8701477078224e-16,0.0,120.0
depot_mult,0.25,moderate_17,moderate,proportional,8494.02998275851,0.5552646321963166,101.33637174868468,120.0
depot_mult,0.25,moderate_17,moderate,nearest_first,8118.024000000001,0.6145938788339337,40.0743649606616,120.0
depot_mult,0.25,moderate_17,moderate,nearest_first_post,6184.9456666666665,0.9196105181085971,36.41220045192539,120.0
depot_mult,0.25,moderate_17,moderate,access_opt,6184.996000000001,0.9196025761106384,40.02031782208857,120.0
depot_mult,0.25,moderate_18,moderate,none,11448.456,0.0,0.0,120.0
depot_mult,0.25,moderate_18,moderate,proportional,8182.055297434401,0.5113473088468199,95.73870220625645,120.0
depot_mult,0.25,moderate_18,moderate,nearest_first,7958.312,0.5463737931742726,44.62831597245584,120.0
depot_mult,0.25,moderate_18,moderate,nearest_first_post,5380.845666666668,0.9498700550254502,32.24915132626395,120.0
depot_mult,0.25,moderate_18,moderate,access_opt,5381.52,0.9497644897361107,29.18858429686749,120.0
depot_mult,0.25,moderate_19,moderate,none,11922.552000000001,-2.217550673029765e-16,0.0,120.0
depot_mult,0.25,moderate_19,moderate,proportional,8387.635498000871,0.43094569175782305,115.71269919561749,120.0
depot_mult,0.25,moderate_19,moderate,nearest_first,6654.212000000001,0.642269322183828,50.76114526787261,120.0
depot_mult,0.25,moderate_19,moderate,nearest_first_post,4711.603333333334,0.879094954471879,35.294020525560484,120.0
depot_mult,0.25,moderate_19,moderate,access_opt,4713.608,0.8788505632782195,37.816840879784294,120.0
depot_mult,0.25,severe_00,severe,none,6763.052,6.811551483293651e-16,0.0,120.0
depot_mult,0.25,severe_00,severe,proportional,4740.525730250268,0.7573733956810743,39.60429588853428,120.0
depot_mult,0.25,severe_00,severe,nearest_first,5414.464000000001,0.505004403755475,19.981128872369947,120.0
depot_mult,0.25,severe_00,severe,nearest_first_post,4092.6040000000003,1.0000000000000004,21.26076243943445,120.0
depot_mult,0.25,severe_00,severe,access_opt,4092.6040000000003,1.0000000000000004,21.26076243943445,120.0
depot_mult,0.25,severe_01,severe,none,8592.872000000001,0.0,0.0,120.0
depot_mult,0.25,severe_01,severe,proportional,6608.364398427827,0.6958672417226214,35.871773298977566,120.0
depot_mult,0.25,severe_01,severe,nearest_first,6721.576000000001,0.6561696135277898,19.357356858100314,120.0
depot_mult,0.25,severe_01,severe,nearest_first_post,5741.024000000001,1.0,19.65135594280663,120.0
depot_mult,0.25,severe_01,severe,access_opt,5741.024000000001,1.0,19.65135594280663,120.0
depot_mult,0.25,severe_02,severe,none,9780.096,0.0,0.0,120.0
depot_mult,0.25,severe_02,severe,proportional,6897.6868766611,0.7514469226695417,68.13368136579155,120.0
depot_mult,0.25,severe_02,severe,nearest_first,7490.104,0.5970031899373586,34.352798036265405,120.0
depot_mult,0.25,severe_02,severe,nearest_first_post,5944.284,1.0,33.25481031229964,120.0
depot_mult,0.25,severe_02,severe,access_opt,5944.284,1.0,33.25481031229964,120.0
depot_mult,0.25,severe_03,severe,none,7062.584000000001,0.0,0.0,120.0
depot_mult,0.25,severe_03,severe,proportional,5312.8971914141275,0.8181504846122175,39.45877580295722,120.0
depot_mult,0.25,severe_03,severe,nearest_first,5916.072,0.5361070014420732,20.8437949058546,120.0
depot_mult,0.25,severe_03,severe,nearest_first_post,4923.996,1.0000000000000002,21.414553680156665,120.0
depot_mult,0.25,severe_03,severe,access_opt,4923.996,1.0000000000000002,21.414553680156665,120.0
depot_mult,0.25,severe_04,severe,none,8277.728000000001,-5.384696961893816e-16,0.0,120.0
depot_mult,0.25,severe_04,severe,proportional,5870.537798529529,0.712592923262284,64.78207468359153,120.0
depot_mult,0.25,severe_04,severe,nearest_first,6492.844000000001,0.5283735811433262,31.001191354065394,120.0
depot_mult,0.25,severe_04,severe,nearest_first_post,4899.656000000001,0.9999999999999994,25.06516585825645,120.0
depot_mult,0.25,severe_04,severe,access_opt,4899.656000000001,0.9999999999999994,25.06516585825645,120.0
depot_mult,0.25,severe_05,severe,none,3936.716,-5.05364676927525e-15,0.0,120.0
depot_mult,0.25,severe_05,severe,proportional,3846.732,0.999999999999994,3.857982843633515,120.0
depot_mult,0.25,severe_05,severe,nearest_first,3932.244,0.04969772403982149,2.3948816399609716,120.0
depot_mult,0.25,severe_05,severe,nearest_first_post,3846.732,0.999999999999994,2.146577805742294,120.0
depot_mult,0.25,severe_05,severe,access_opt,3846.732,0.999999999999994,2.146577805742294,120.0
depot_mult,0.25,severe_06,severe,none,9623.968,0.0,0.0,120.0
depot_mult,0.25,severe_06,severe,proportional,7054.948551785168,0.7137132611906372,63.21046500160769,120.0
depot_mult,0.25,severe_06,severe,nearest_first,7729.380000000001,0.5263457935409022,30.347177282737224,120.0
depot_mult,0.25,severe_06,severe,nearest_first_post,6024.456,1.0000000000000002,25.920153717494003,120.0
depot_mult,0.25,severe_06,severe,access_opt,6024.456,1.0000000000000002,25.920153717494003,120.0
depot_mult,0.25,severe_07,severe,none,9036.912,5.869828465593558e-16,0.0,120.0
depot_mult,0.25,severe_07,severe,proportional,7215.447909450378,0.5877814212068955,65.32562721601998,120.0
depot_mult,0.25,severe_07,severe,nearest_first,7197.612000000001,0.5935370198265183,36.137629506299994,120.0
depot_mult,0.25,severe_07,severe,nearest_first_post,5938.032000000001,1.0000000000000002,31.567020253151725,120.0
depot_mult,0.25,severe_07,severe,access_opt,5938.032000000001,1.0000000000000002,31.567020253151725,120.0
depot_mult,0.25,severe_08,severe,none,7126.8640000000005,-4.255360062045468e-16,0.0,120.0
depot_mult,0.25,severe_08,severe,proportional,5776.3688891682805,0.6318720656006381,25.241222915200897,120.0
depot_mult,0.25,severe_08,severe,nearest_first,6534.428,0.277190014279752,16.641894754659678,120.0
depot_mult,0.25,severe_08,severe,nearest_first_post,4989.572,0.9999999999999998,18.203560165010437,120.0
depot_mult,0.25,severe_08,severe,access_opt,4989.572,0.9999999999999998,18.203560165010437,120.0
depot_mult,0.25,severe_09,severe,none,6805.9000000000015,-1.0431013858854523e-15,0.0,120.0
depot_mult,0.25,severe_09,severe,proportional,5334.145810735612,0.8439789871847382,31.757914512190972,120.0
depot_mult,0.25,severe_09,severe,nearest_first,5940.42,0.49631041593551634,14.229094809589057,120.0
depot_mult,0.25,severe_09,severe,nearest_first_post,5062.072,0.9999999999999998,16.869207929882187,120.0
depot_mult,0.25,severe_09,severe,access_opt,5062.072,0.9999999999999998,16.869207929882187,120.0
depot_mult,0.25,severe_10,severe,none,8973.848,6.316558311812195e-16,0.0,120.0
depot_mult,0.25,severe_10,severe,proportional,7195.785920919746,0.6174435531421348,69.26449876449796,120.0
depot_mult,0.25,severe_10,severe,nearest_first,7084.7080000000005,0.6560160793633821,35.48361543497183,120.0
depot_mult,0.25,severe_10,severe,nearest_first_post,6094.132,1.0000000000000009,26.685686207971415,120.0
depot_mult,0.25,severe_10,severe,access_opt,6094.132,1.0000000000000009,26.685686207971415,120.0
depot_mult,0.25,severe_11,severe,none,7846.1680000000015,0.0,0.0,120.0
depot_mult,0.25,severe_11,severe,proportional,6008.418986501613,0.6699748355086992,58.98476696272651,120.0
depot_mult,0.25,severe_11,severe,nearest_first,6455.052,0.5071490755417773,28.664229406078945,120.0
depot_mult,0.25,severe_11,severe,nearest_first_post,5103.156000000001,1.0000000000000002,31.56048244737034,120.0
depot_mult,0.25,severe_11,severe,access_opt,5103.156000000001,1.0000000000000002,31.56048244737034,120.0
depot_mult,0.25,severe_12,severe,none,7890.628000000001,0.0,0.0,120.0
depot_mult,0.25,severe_12,severe,proportional,5282.714936548549,0.6662765608588949,51.36527234582455,120.0
depot_mult,0.25,severe_12,severe,nearest_first,6005.959999999999,0.48149998978069414,22.931322626884313,120.0
depot_mult,0.25,severe_12,severe,nearest_first_post,3976.468,1.0000000000000004,26.5798993820517,120.0
depot_mult,0.25,severe_12,severe,access_opt,3976.468,1.0000000000000004,26.5798993820517,120.0
depot_mult,0.25,severe_13,severe,none,6975.152,0.0,0.0,120.0
depot_mult,0.25,severe_13,severe,proportional,4999.407609158348,0.7255209263639251,38.80709394551633,120.0
depot_mult,0.25,severe_13,severe,nearest_first,5983.2480000000005,0.3642409981169266,19.18392692935199,120.0
depot_mult,0.25,severe_13,severe,nearest_first_post,4251.9439999999995,1.0000000000000002,19.809546425088328,120.0
depot_mult,0.25,severe_13,severe,access_opt,4251.9439999999995,1.0000000000000002,19.809546425088328,120.0
depot_mult,0.25,severe_14,severe,none,7376.984,0.0,0.0,120.0
depot_mult,0.25,severe_14,severe,proportional,5398.457739285371,0.7756858017135155,38.43493550565713,120.0
depot_mult,0.25,severe_14,severe,nearest_first,6432.7080000000005,0.3702055922342277,17.89417287883712,120.0
depot_mult,0.25,severe_14,severe,nearest_first_post,4826.304,1.0000000000000002,20.534285999130255,120.0
depot_mult,0.25,severe_14,severe,access_opt,4826.304,1.0000000000000002,20.534285999130255,120.0
depot_mult,0.25,severe_15,severe,none,8712.880000000001,0.0,0.0,120.0
depot_mult,0.25,severe_15,severe,proportional,6946.124674996571,0.6297326758553465,65.5892087553475,120.0
depot_mult,0.25,severe_15,severe,nearest_first,7059.696000000001,0.5892519293803313,35.48361543497183,120.0
depot_mult,0.25,severe_15,severe,nearest_first_post,5907.316000000001,1.0,30.71203239391417,120.0
depot_mult,0.25,severe_15,severe,access_opt,5907.316000000001,1.0,30.71203239391417,120.0
depot_mult,0.25,severe_16,severe,none,7073.664000000001,0.0,0.0,120.0
depot_mult,0.25,severe_16,severe,proportional,5607.659002792126,0.6739967767836372,22.987146574792565,120.0
depot_mult,0.25,severe_16,severe,nearest_first,6522.400000000001,0.2534439922541208,13.470222803595664,120.0
depot_mult,0.25,severe_16,severe,nearest_first_post,4898.572,1.0000000000000002,14.176900354708877,120.0
depot_mult,0.25,severe_16,severe,access_opt,4898.572,1.0000000000000002,14.176900354708877,120.0
depot_mult,0.25,severe_17,severe,none,8477.868,-7.106237912862937e-16,0.0,120.0
depot_mult,0.25,severe_17,severe,proportional,6960.20643980488,0.5929041750836888,62.705374759241366,120.0
depot_mult,0.25,severe_17,severe,nearest_first,7175.74,0.5087017737960732,28.709547193443342,120.0
depot_mult,0.25,severe_17,severe,nearest_first_post,5918.16,0.9999999999999994,22.637803292722673,120.0
depot_mult,0.25,severe_17,severe,access_opt,5918.16,0.9999999999999994,22.637803292722673,120.0
depot_mult,0.25,severe_18,severe,none,8882.696,0.0,0.0,120.0
depot_mult,0.25,severe_18,severe,proportional,6976.886881446839,0.6605438763436313,57.63728287952703,120.0
depot_mult,0.25,severe_18,severe,nearest_first,7463.860000000001,0.491761437287797,28.44928516980704,120.0
depot_mult,0.25,severe_18,severe,nearest_first_post,5997.4839999999995,1.0000000000000002,32.20052607033599,120.0
depot_mult,0.25,severe_18,severe,access_opt,5997.4839999999995,1.0000000000000002,32.20052607033599,120.0
depot_mult,0.25,severe_19,severe,none,7178.136,0.0,0.0,120.0
depot_mult,0.25,severe_19,severe,proportional,5272.326881446839,0.6605438763436313,57.63728287952703,120.0
depot_mult,0.25,severe_19,severe,nearest_first,5759.3,0.4917614372877973,28.44928516980704,120.0
depot_mult,0.25,severe_19,severe,nearest_first_post,4292.924,1.0000000000000002,32.20052607033599,120.0
depot_mult,0.25,severe_19,severe,access_opt,4292.924,1.0000000000000002,32.20052607033599,120.0
depot_mult,0.5,mild_00,mild,none,12355.224,0.0,0.0,120.0
depot_mult,0.5,mild_00,mild,proportional,6421.03240849382,0.500150157482893,116.77190133100405,120.0
depot_mult,0.5,mild_00,mild,nearest_first,4459.252,0.6654944617786025,55.606870113574985,120.0
depot_mult,0.5,mild_00,mild,nearest_first_post,2213.1033333333335,0.8548061130861374,52.56804612943274,120.0
depot_mult,0.5,mild_00,mild,access_opt,2213.108,0.8548057197665029,49.51604724437569,120.0
depot_mult,0.5,mild_01,mild,none,12086.94,0.0,0.0,120.0
depot_mult,0.5,mild_01,mild,proportional,6096.650371336631,0.5165585333985397,118.16498790364648,120.0
depot_mult,0.5,mild_01,mild,nearest_first,4119.515333333334,0.6870521220014896,56.99995668621741,120.0
depot_mult,0.5,mild_01,mild,nearest_first_post,1944.8193333333336,0.8745819153811678,53.96113270207518,120.0
depot_mult,0.5,mild_01,mild,access_opt,1945.2720000000002,0.8745428807361093,42.711017332998594,120.0
depot_mult,0.5,mild_02,mild,none,10623.372000000003,0.0,0.0,120.0
depot_mult,0.5,mild_02,mild,proportional,5165.551848815974,0.5137559101934892,118.99115558822956,120.0
depot_mult,0.5,mild_02,mild,nearest_first,2716.171333333334,0.7443211690851707,52.69318017542373,120.0
depot_mult,0.5,mild_02,mild,nearest_first_post,1522.2273333333326,0.8567095896356325,50.88032812568146,120.0
depot_mult,0.5,mild_02,mild,access_opt,1522.2559999999999,0.8567068911829503,46.795945169797925,120.0
depot_mult,0.5,mild_03,mild,none,10578.472000000003,0.0,0.0,120.0
depot_mult,0.5,mild_03,mild,proportional,5319.222980409112,0.4971652824331236,118.02094272947133,120.0
depot_mult,0.5,mild_03,mild,nearest_first,2953.3993333333337,0.7208104031155603,51.05782349512626,120.0
depot_mult,0.5,mild_03,mild,nearest_first_post,1491.5233333333338,0.859003896466963,54.12054920462453,120.0
depot_mult,0.5,mild_03,mild,access_opt,1492.176,0.8589421988355219,49.640619216738,120.0
depot_mult,0.5,mild_04,mild,none,12088.616000000004,-3.009425402454435e-16,0.0,120.0
depot_mult,0.5,mild_04,mild,proportional,6574.668221115226,0.45612730017106784,117.84848246094008,120.0
depot_mult,0.5,mild_04,mild,nearest_first,4171.503333333334,0.6549230008353863,51.07068199841724,120.0
depot_mult,0.5,mild_04,mild,nearest_first_post,3030.563333333335,0.7493043592969338,46.85033785913683,120.0
depot_mult,0.5,mild_04,mild,access_opt,3031.268,0.7492460675399069,47.72929379771698,120.0
depot_mult,0.5,mild_05,mild,none,12188.431999999999,0.0,0.0,120.0
depot_mult,0.5,mild_05,mild,proportional,6309.32331841431,0.5025726286161811,116.54224860377947,120.0
depot_mult,0.5,mild_05,mild,nearest_first,4497.1793333333335,0.6574828395578012,54.33544613100319,120.0
depot_mult,0.5,mild_05,mild,nearest_first_post,2078.087333333334,0.8642776942119359,51.97145325730472,120.0
depot_mult,0.5,mild_05,mild,access_opt,2078.192,0.8642687468349365,53.48655536745084,120.0
depot_mult,0.5,mild_06,mild,none,10763.320000000003,0.0,0.0,120.0
depot_mult,0.5,mild_06,mild,proportional,5191.579011674092,0.5176600703431572,117.67298304264976,120.0
depot_mult,0.5,mild_06,mild,nearest_first,2870.3393333333343,0.7333221224182379,51.37500762984392,120.0
depot_mult,0.5,mild_06,mild,nearest_first_post,1522.2273333333326,0.8585726956614381,49.56215558010165,120.0
depot_mult,0.5,mild_06,mild,access_opt,1522.2559999999999,0.8585700322948684,45.477772624218126,120.0
depot_mult,0.5,mild_07,mild,none,12214.296,0.0,0.0,120.0
depot_mult,0.5,mild_07,mild,proportional,6843.453235617092,0.43971775077195674,117.38334122232237,120.0
depot_mult,0.5,mild_07,mild,nearest_first,4723.547333333334,0.6132771521720668,54.034388391973685,120.0
depot_mult,0.5,mild_07,mild,nearest_first_post,3375.6513333333337,0.7236311177219438,46.74794795546233,120.0
depot_mult,0.5,mild_07,mild,access_opt,3376.3600000000006,0.7235730982776248,52.85368967060312,120.0
depot_mult,0.5,mild_08,mild,none,12088.616000000004,-3.009425402454435e-16,0.0,120.0
depot_mult,0.5,mild_08,mild,proportional,6574.668221115226,0.45612730017106784,117.84848246094008,120.0
depot_mult,0.5,mild_08,mild,nearest_first,4171.503333333334,0.6549230008353863,51.07068199841724,120.0
depot_mult,0.5,mild_08,mild,nearest_first_post,3030.563333333335,0.7493043592969338,46.85033785913683,120.0
depot_mult,0.5,mild_08,mild,access_opt,3031.268,0.7492460675399069,47.72929379771698,120.0
depot_mult,0.5,mild_09,mild,none,12765.376000000002,0.0,0.0,120.0
depot_mult,0.5,mild_09,mild,proportional,7141.598057756376,0.4405493376962516,119.96482292657676,120.0
depot_mult,0.5,mild_09,mild,nearest_first,4840.591333333334,0.6208030743995843,52.09725540428046,120.0
depot_mult,0.5,mild_09,mild,nearest_first_post,3354.3233333333346,0.7372327040477824,42.85563708373795,120.0
depot_mult,0.5,mild_09,mild,access_opt,3354.42,0.7372251314806552,42.58747549230015,120.0
depot_mult,0.5,mild_10,mild,none,10821.000000000004,0.0,0.0,120.0
depot_mult,0.5,mild_10,mild,proportional,5249.259011674091,0.5149007474656604,117.67298304264976,120.0
depot_mult,0.5,mild_10,mild,nearest_first,2870.3393333333343,0.734743615808767,51.37500762984392,120.0
depot_mult,0.5,mild_10,mild,nearest_first_post,1579.9073333333329,0.8539961802667655,49.56215558010165,120.0
depot_mult,0.5,mild_10,mild,access_opt,1580.78,0.8539155346086315,47.99820514457965,120.0
depot_mult,0.5,mild_11,mild,none,13226.676000000001,0.0,0.0,120.0
depot_mult,0.5,mild_11,mild,proportional,7080.752840546309,0.4825527563680872,116.27735847667726,120.0
depot_mult,0.5,mild_11,mild,nearest_first,5567.564,0.6013621568383589,52.9446993120157,120.0
depot_mult,0.5,mild_11,mild,nearest_first_post,3116.3313333333335,0.7938229229610254,52.30067440346747,120.0
depot_mult,0.5,mild_11,mild,access_opt,3116.9800000000005,0.7937719923066968,52.29330761089523,120.0
depot_mult,0.5,mild_12,mild,none,12521.828,0.0,0.0,120.0
depot_mult,0.5,mild_12,mild,proportional,7142.662105891067,0.42958311630769347,119.04598934317687,120.0
depot_mult,0.5,mild_12,mild,nearest_first,4830.6833333333325,0.6142189995475634,48.40617144320302,120.0
depot_mult,0.5,mild_12,mild,nearest_first_post,3142.5513333333333,0.7490341399567753,39.86424513601593,120.0
depot_mult,0.5,mild_12,mild,access_opt,3142.904,0.7490059758048105,40.01742416232646,120.0
depot_mult,0.5,mild_13,mild,none,10623.372000000003,0.0,0.0,120.0
depot_mult,0.5,mild_13,mild,proportional,5165.551848815974,0.5137559101934892,118.99115558822956,120.0
depot_mult,0.5,mild_13,mild,nearest_first,2716.171333333334,0.7443211690851707,52.69318017542373,120.0
depot_mult,0.5,mild_13,mild,nearest_first_post,1522.2273333333326,0.8567095896356325,50.88032812568146,120.0
depot_mult,0.5,mild_13,mild,access_opt,1522.2559999999999,0.8567068911829503,46.795945169797925,120.0
depot_mult,0.5,mild_14,mild,none,12096.884000000002,0.0,0.0,120.0
depot_mult,0.5,mild_14,mild,proportional,6492.014358759449,0.46333168452640794,116.65154430101178,120.0
depot_mult,0.5,mild_14,mild,nearest_first,4179.771333333333,0.6544753728866597,51.07068199841724,120.0
depot_mult,0.5,mild_14,mild,nearest_first_post,3038.8313333333344,0.748792223407835,46.85033785913683,120.0
depot_mult,0.5,mild_14,mild,access_opt,3039.092,0.7487706751589913,50.26118107609532,120.0
depot_mult,0.5,mild_15,mild,none,12251.624000000002,0.0,0.0,120.0
depot_mult,0.5,mild_15,mild,proportional,6852.437216203907,0.4406915184302174,119.92763558078305,120.0
depot_mult,0.5,mild_15,mild,nearest_first,4445.555333333333,0.6371456279319924,49.14212125878767,120.0
depot_mult,0.5,mild_15,mild,nearest_first_post,3225.3473333333345,0.7367412407258552,42.46585933877236,120.0
depot_mult,0.5,mild_15,mild,access_opt,3225.9000000000005,0.7366961310598498,49.59332549306009,120.0
depot_mult,0.5,mild_16,mild,none,12073.636,0.0,0.0,120.0
depot_mult,0.5,mild_16,mild,proportional,6708.9634459979725,0.44432949229229934,116.75928412347508,120.0
depot_mult,0.5,mild_16,mild,nearest_first,4382.491333333333,0.6370197566554654,48.40617144320302,120.0
depot_mult,0.5,mild_16,mild,nearest_first_post,3047.3593333333333,0.7476021860081475,42.46585933877236,120.0
depot_mult,0.5,mild_16,mild,access_opt,3048.0919999999996,0.7475415028248327,51.95925354416681,120.0
depot_mult,0.5,mild_17,mild,none,11578.072000000002,0.0,0.0,120.0
depot_mult,0.5,mild_17,mild,proportional,6254.2499340327095,0.4598193953161884,118.63833009449765,120.0
depot_mult,0.5,mild_17,mild,nearest_first,3644.579333333333,0.6852170781686854,51.07068199841724,120.0
depot_mult,0.5,mild_17,mild,nearest_first_post,2491.1233333333334,0.7848412643026117,46.85033785913683,120.0
depot_mult,0.5,mild_17,mild,access_opt,2491.1520000000005,0.7848387883578545,44.399548527630536,120.0
depot_mult,0.5,mild_18,mild,none,10763.320000000003,0.0,0.0,120.0
depot_mult,0.5,mild_18,mild,proportional,5191.579011674092,0.5176600703431572,117.79461425803319,120.0
depot_mult,0.5,mild_18,mild,nearest_first,2870.3393333333343,0.7333221224182379,51.49663884522735,120.0
depot_mult,0.5,mild_18,mild,nearest_first_post,1522.2273333333326,0.8585726956614381,49.683786795485084,120.0
depot_mult,0.5,mild_18,mild,access_opt,1522.2559999999999,0.8585700322948684,45.59940383960156,120.0
depot_mult,0.5,mild_19,mild,none,12271.244000000002,0.0,0.0,120.0
depot_mult,0.5,mild_19,mild,proportional,6212.146993543949,0.5143179099670356,117.28183483878225,120.0
depot_mult,0.5,mild_19,mild,nearest_first,4415.052,0.6668617857470267,57.06487828917032,120.0
depot_mult,0.5,mild_19,mild,nearest_first_post,2431.047333333334,0.8352712257077312,51.393944934698474,120.0
depot_mult,0.5,mild_19,mild,access_opt,2432.0280000000002,0.8351879831998398,52.36042288781319,120.0
depot_mult,0.5,moderate_00,moderate,none,12176.336000000001,2.63399328385122e-16,0.0,120.0
depot_mult,0.5,moderate_00,moderate,proportional,6911.0623568748115,0.7624395934685262,94.23809018532,120.0
depot_mult,0.5,moderate_00,moderate,nearest_first,8200.400000000001,0.5757366535839896,46.416969147591296,120.0
depot_mult,0.5,moderate_00,moderate,nearest_first_post,5270.512000000001,1.0000000000000004,42.079340995574526,120.0
depot_mult,0.5,moderate_00,moderate,access_opt,5270.512000000001,1.0000000000000004,42.079340995574526,120.0
depot_mult,0.5,moderate_01,moderate,none,12790.368000000002,-2.9827087212121123e-16,0.0,120.0
depot_mult,0.5,moderate_01,moderate,proportional,8011.681682237893,0.7835905656262228,95.10200380145034,120.0
depot_mult,0.5,moderate_01,moderate,nearest_first,9440.672,0.5492702405595653,40.77878970973875,120.0
depot_mult,0.5,moderate_01,moderate,nearest_first_post,6691.92,1.0,40.326274291100546,120.0
depot_mult,0.5,moderate_01,moderate,access_opt,6691.92,1.0,40.326274291100546,120.0
depot_mult,0.5,moderate_02,moderate,none,12728.044,3.069551831930438e-16,0.0,120.0
depot_mult,0.5,moderate_02,moderate,proportional,8625.551845852167,0.6922971779108151,100.44287376246919,120.0
depot_mult,0.5,moderate_02,moderate,nearest_first,8956.32,0.636479920727814,48.41489191801291,120.0
depot_mult,0.5,moderate_02,moderate,nearest_first_post,6802.132,1.0000000000000002,40.04503451950908,120.0
depot_mult,0.5,moderate_02,moderate,access_opt,6802.132,1.0000000000000002,40.04503451950908,120.0
depot_mult,0.5,moderate_03,moderate,none,10921.796,1.6964089299578204e-16,0.0,120.0
depot_mult,0.5,moderate_03,moderate,proportional,5805.533083819291,0.4771481396264326,117.93705277530034,120.0
depot_mult,0.5,moderate_03,moderate,nearest_first,4171.768000000001,0.6295148148935688,59.7621431463317,120.0
depot_mult,0.5,moderate_03,moderate,nearest_first_post,713.3073333333328,0.9520545475277675,49.22533058227619,120.0
depot_mult,0.5,moderate_03,moderate,access_opt,714.0200000000002,0.951988083473878,41.87946460356406,120.0
depot_mult,0.5,moderate_04,moderate,none,11142.488,3.4264412866651246e-16,0.0,120.0
depot_mult,0.5,moderate_04,moderate,proportional,6747.103832122363,0.8279611609727829,96.08581645077676,120.0
depot_mult,0.5,moderate_04,moderate,nearest_first,7890.332,0.6126105829618037,44.05783460632048,120.0
depot_mult,0.5,moderate_04,moderate,nearest_first_post,5833.804,1.0,36.66802198673939,120.0
depot_mult,0.5,moderate_04,moderate,access_opt,5833.804,1.0,36.66802198673939,120.0
depot_mult,0.5,moderate_05,moderate,none,10897.560000000001,-1.7002519673552113e-16,0.0,120.0
depot_mult,0.5,moderate_05,moderate,proportional,6699.962059956644,0.3923593035678163,118.4732221977842,120.0
depot_mult,0.5,moderate_05,moderate,nearest_first,4262.204,0.6202222547921398,70.07838582143314,120.0
depot_mult,0.5,moderate_05,moderate,nearest_first_post,1072.0793333333331,0.9184106735940885,55.39625371228583,120.0
depot_mult,0.5,moderate_05,moderate,access_opt,1073.988,0.9182322660536874,51.374241371759254,120.0
depot_mult,0.5,moderate_06,moderate,none,13342.320000000002,0.0,0.0,120.0
depot_mult,0.5,moderate_06,moderate,proportional,7389.576360526312,0.664671075756526,111.16696620322801,120.0
depot_mult,0.5,moderate_06,moderate,nearest_first,7839.0560000000005,0.6144831063774101,60.371659946661524,120.0
depot_mult,0.5,moderate_06,moderate,nearest_first_post,4386.396000000001,1.0,50.71219836711125,120.0
depot_mult,0.5,moderate_06,moderate,access_opt,4386.396000000001,1.0,50.71219836711125,120.0
depot_mult,0.5,moderate_07,moderate,none,9327.624,4.2698720475642955e-16,0.0,120.0
depot_mult,0.5,moderate_07,moderate,proportional,5786.222309629829,0.8313040228509136,73.8127832898987,120.0
depot_mult,0.5,moderate_07,moderate,nearest_first,6802.424000000001,0.5927621608730027,36.77209786010821,120.0
depot_mult,0.5,moderate_07,moderate,nearest_first_post,5067.567999999999,1.0000000000000004,32.34507429486498,120.0
depot_mult,0.5,moderate_07,moderate,access_opt,5067.567999999999,1.0000000000000004,32.34507429486498,120.0
depot_mult,0.5,moderate_08,moderate,none,10482.332000000002,-3.1057077120103594e-16,0.0,120.0
depot_mult,0.5,moderate_08,moderate,proportional,6204.175917867845,0.7304441857418936,98.61382582600424,120.0
depot_mult,0.5,moderate_08,moderate,nearest_first,6580.816000000001,0.666137378596683,47.503439592203655,120.0
depot_mult,0.5,moderate_08,moderate,nearest_first_post,4625.407999999999,1.0,40.968614831860094,120.0
depot_mult,0.5,moderate_08,moderate,access_opt,4625.407999999999,1.0,40.968614831860094,120.0
depot_mult,0.5,moderate_09,moderate,none,12476.36,0.0,0.0,120.0
depot_mult,0.5,moderate_09,moderate,proportional,7026.726712623779,0.459895066603719,118.87214610853431,120.0
depot_mult,0.5,moderate_09,moderate,nearest_first,5638.444,0.5770523755305182,73.01645975834097,120.0
depot_mult,0.5,moderate_09,moderate,nearest_first_post,2171.1673333333338,0.8696561801285181,53.35276541673681,120.0
depot_mult,0.5,moderate_09,moderate,access_opt,2172.196,0.8695693708515939,52.86894928581012,120.0
depot_mult,0.5,moderate_10,moderate,none,13349.42,0.0,0.0,120.0
depot_mult,0.5,moderate_10,moderate,proportional,7970.308404138314,0.7923293965432362,104.5769113687479,120.0
depot_mult,0.5,moderate_10,moderate,nearest_first,9364.483999999999,0.5869708928464114,50.365373170205,120.0
depot_mult,0.5,moderate_10,moderate,nearest_first_post,6560.436,0.9999999999999999,46.46260407301314,120.0
depot_mult,0.5,moderate_10,moderate,access_opt,6560.436,0.9999999999999999,46.46260407301314,120.0
depot_mult,0.5,moderate_11,moderate,none,13676.024000000001,2.9162809322307135e-16,0.0,120.0
depot_mult,0.5,moderate_11,moderate,proportional,8886.490841414963,0.7678782623714263,99.59437175381993,120.0
depot_mult,0.5,moderate_11,moderate,nearest_first,9915.640000000001,0.6028807059396927,47.56638990936366,120.0
depot_mult,0.5,moderate_11,moderate,nearest_first_post,7438.664000000001,1.0000000000000002,36.32705102706548,120.0
depot_mult,0.5,moderate_11,moderate,access_opt,7438.664000000001,1.0000000000000002,36.32705102706548,120.0
depot_mult,0.5,moderate_12,moderate,none,11957.860000000002,-2.7431782137384967e-16,0.0,120.0
depot_mult,0.5,moderate_12,moderate,proportional,7320.969894221975,0.699279275232414,103.43069149124373,120.0
depot_mult,0.5,moderate_12,moderate,nearest_first,7817.804,0.6243528082526865,52.431981150611826,120.0
depot_mult,0.5,moderate_12,moderate,nearest_first_post,5326.904,1.0000000000000002,45.31638419550898,120.0
depot_mult,0.5,moderate_12,moderate,access_opt,5326.904,1.0000000000000002,45.31638419550898,120.0
depot_mult,0.5,moderate_13,moderate,none,11868.396,0.0,0.0,120.0
depot_mult,0.5,moderate_13,moderate,proportional,7552.951693576843,0.8102507869650654,97.23482882052791,120.0
depot_mult,0.5,moderate_13,moderate,nearest_first,8383.168000000001,0.654372650702395,46.124442586727305,120.0
depot_mult,0.5,moderate_13,moderate,nearest_first_post,6542.336,0.9999999999999998,39.589617826383765,120.0
depot_mult,0.5,moderate_13,moderate,access_opt,6542.336,0.9999999999999998,39.589617826383765,120.0
depot_mult,0.5,moderate_14,moderate,none,13130.58,0.0,0.0,120.0
depot_mult,0.5,moderate_14,moderate,proportional,7648.118047616186,0.8236198772792328,95.90792351893732,120.0
depot_mult,0.5,moderate_14,moderate,nearest_first,9278.872000000001,0.5786347990789212,40.77878970973875,120.0
depot_mult,0.5,moderate_14,moderate,nearest_first_post,6474.036,1.0,43.503515678350055,120.0
depot_mult,0.5,moderate_14,moderate,access_opt,6474.036,1.0,43.503515678350055,120.0
depot_mult,0.5,moderate_15,moderate,none,10175.612000000001,-4.4146327934761507e-16,0.0,120.0
depot_mult,0.5,moderate_15,moderate,proportional,6773.902309629829,0.8255847518253656,73.8127832898987,120.0
depot_mult,0.5,moderate_15,moderate,nearest_first,7700.84,0.6006197510705363,36.77209786010821,120.0
depot_mult,0.5,moderate_15,moderate,nearest_first_post,6055.248,1.0,32.34507429486498,120.0
depot_mult,0.5,moderate_15,moderate,access_opt,6055.248,1.0,32.34507429486498,120.0
depot_mult,0.5,moderate_16,moderate,none,12197.064,2.9616918694911337e-16,0.0,120.0
depot_mult,0.5,moderate_16,moderate,proportional,7557.962506277296,0.75534190297752,97.4648134562531,120.0
depot_mult,0.5,moderate_16,moderate,nearest_first,8450.668,0.6099909406544486,45.43683161179682,120.0
depot_mult,0.5,moderate_16,moderate,nearest_first_post,6055.339999999999,1.0000000000000004,38.047018992215726,120.0
depot_mult,0.5,moderate_16,moderate,access_opt,6055.339999999999,1.0000000000000004,38.047018992215726,120.0
depot_mult,0.5,moderate_17,moderate,none,12013.084000000003,-2.8701477078224e-16,0.0,120.0
depot_mult,0.5,moderate_17,moderate,proportional,6860.032836368365,0.8130898375085578,101.33637174868468,120.0
depot_mult,0.5,moderate_17,moderate,nearest_first,7947.724,0.6414651818601822,50.30242285304498,120.0
depot_mult,0.5,moderate_17,moderate,nearest_first_post,5675.468000000001,1.0,45.88557101904695,120.0
depot_mult,0.5,moderate_17,moderate,access_opt,5675.468000000001,1.0,45.88557101904695,120.0
depot_mult,0.5,moderate_18,moderate,none,11448.456,0.0,0.0,120.0
depot_mult,0.5,moderate_18,moderate,proportional,6874.968579486169,0.7159686448412906,95.73870220625645,120.0
depot_mult,0.5,moderate_18,moderate,nearest_first,7958.312,0.5463737931742726,44.62831597245584,120.0
depot_mult,0.5,moderate_18,moderate,nearest_first_post,5060.624,1.0,37.11344643318956,120.0
depot_mult,0.5,moderate_18,moderate,access_opt,5060.624,1.0,37.11344643318956,120.0
depot_mult,0.5,moderate_19,moderate,none,11922.552000000001,-2.217550673029765e-16,0.0,120.0
depot_mult,0.5,moderate_19,moderate,proportional,6095.882506672347,0.7103359058201903,115.71269919561749,120.0
depot_mult,0.5,moderate_19,moderate,nearest_first,6483.912,0.6630307889015999,60.98920316025599,120.0
depot_mult,0.5,moderate_19,moderate,nearest_first_post,3719.856,0.9999999999999998,50.49004198455262,120.0
depot_mult,0.5,moderate_19,moderate,access_opt,3719.856,0.9999999999999998,50.49004198455262,120.0
depot_mult,0.5,severe_00,severe,none,6763.052,6.811551483293651e-16,0.0,120.0
depot_mult,0.5,severe_00,severe,proportional,4633.619138265921,0.7974066005906426,39.60429588853428,120.0
depot_mult,0.5,severe_00,severe,nearest_first,5414.464000000001,0.505004403755475,19.981128872369947,120.0
depot_mult,0.5,severe_00,severe,nearest_first_post,4092.6040000000003,1.0000000000000004,21.26076243943445,120.0
depot_mult,0.5,severe_00,severe,access_opt,4092.6040000000003,1.0000000000000004,21.26076243943445,120.0
depot_mult,0.5,severe_01,severe,none,8592.872000000001,0.0,0.0,120.0
depot_mult,0.5,severe_01,severe,proportional,5827.458168739406,0.9696918739219607,35.871773298977566,120.0
depot_mult,0.5,severe_01,severe,nearest_first,6721.576000000001,0.6561696135277898,19.357356858100314,120.0
depot_mult,0.5,severe_01,severe,nearest_first_post,5741.024000000001,1.0,19.65135594280663,120.0
depot_mult,0.5,severe_01,severe,access_opt,5741.024000000001,1.0,19.65135594280663,120.0
depot_mult,0.5,severe_02,severe,none,9780.096,0.0,0.0,120.0
depot_mult,0.5,severe_02,severe,proportional,6078.033600802491,0.9651313461654296,68.13368136579155,120.0
depot_mult,0.5,severe_02,severe,nearest_first,7490.104,0.5970031899373586,34.352798036265405,120.0
depot_mult,0.5,severe_02,severe,nearest_first_post,5944.284,1.0,33.25481031229964,120.0
depot_mult,0.5,severe_02,severe,access_opt,5944.284,1.0,33.25481031229964,120.0
depot_mult,0.5,severe_03,severe,none,7062.584000000001,0.0,0.0,120.0
depot_mult,0.5,severe_03,severe,proportional,5176.633289957688,0.8818672460718532,39.45877580295722,120.0
depot_mult,0.5,severe_03,severe,nearest_first,5916.072,0.5361070014420732,20.8437949058546,120.0
depot_mult,0.5,severe_03,severe,nearest_first_post,4923.996,1.0000000000000002,21.414553680156665,120.0
depot_mult,0.5,severe_03,severe,access_opt,4923.996,1.0000000000000002,21.414553680156665,120.0
depot_mult,0.5,severe_04,severe,none,8277.728000000001,-5.384696961893816e-16,0.0,120.0
depot_mult,0.5,severe_04,severe,proportional,5441.016647448003,0.8397427149427236,64.78207468359153,120.0
depot_mult,0.5,severe_04,severe,nearest_first,6492.844000000001,0.5283735811433262,31.001191354065394,120.0
depot_mult,0.5,severe_04,severe,nearest_first_post,4899.656000000001,0.9999999999999994,25.06516585825645,120.0
depot_mult,0.5,severe_04,severe,access_opt,4899.656000000001,0.9999999999999994,25.06516585825645,120.0
depot_mult,0.5,severe_05,severe,none,3936.716,-5.05364676927525e-15,0.0,120.0
depot_mult,0.5,severe_05,severe,proportional,3846.732,0.999999999999994,3.857982843633515,120.0
depot_mult,0.5,severe_05,severe,nearest_first,3932.244,0.04969772403982149,2.3948816399609716,120.0
depot_mult,0.5,severe_05,severe,nearest_first_post,3846.732,0.999999999999994,2.146577805742294,120.0
depot_mult,0.5,severe_05,severe,access_opt,3846.732,0.999999999999994,2.146577805742294,120.0
depot_mult,0.5,severe_06,severe,none,9623.968,0.0,0.0,120.0
depot_mult,0.5,severe_06,severe,proportional,6655.173674721206,0.8247768934452211,63.21046500160769,120.0
depot_mult,0.5,severe_06,severe,nearest_first,7729.380000000001,0.5263457935409022,30.347177282737224,120.0
depot_mult,0.5,severe_06,severe,nearest_first_post,6024.456,1.0000000000000002,25.920153717494003,120.0
depot_mult,0.5,severe_06,severe,access_opt,6024.456,1.0000000000000002,25.920153717494003,120.0
depot_mult,0.5,severe_07,severe,none,9036.912,5.869828465593558e-16,0.0,120.0
depot_mult,0.5,severe_07,severe,proportional,6407.258358255758,0.8485819527520407,65.32562721601998,120.0
depot_mult,0.5,severe_07,severe,nearest_first,7197.612000000001,0.5935370198265183,36.137629506299994,120.0
depot_mult,0.5,severe_07,severe,nearest_first_post,5938.032000000001,1.0000000000000002,31.567020253151725,120.0
depot_mult,0.5,severe_07,severe,access_opt,5938.032000000001,1.0000000000000002,31.567020253151725,120.0
depot_mult,0.5,severe_08,severe,none,7126.8640000000005,-4.255360062045468e-16,0.0,120.0
depot_mult,0.5,severe_08,severe,proportional,5316.43616426579,0.8470662107630638,25.241222915200897,120.0
depot_mult,0.5,severe_08,severe,nearest_first,6534.428,0.277190014279752,16.641894754659678,120.0
depot_mult,0.5,severe_08,severe,nearest_first_post,4989.572,0.9999999999999998,18.203560165010437,120.0
depot_mult,0.5,severe_08,severe,access_opt,4989.572,0.9999999999999998,18.203560165010437,120.0
depot_mult,0.5,severe_09,severe,none,6805.9000000000015,-1.0431013858854523e-15,0.0,120.0
depot_mult,0.5,severe_09,severe,proportional,5214.965372789085,0.9123231346273338,31.757914512190972,120.0
depot_mult,0.5,severe_09,severe,nearest_first,5940.42,0.49631041593551634,14.229094809589057,120.0
depot_mult,0.5,severe_09,severe,nearest_first_post,5062.072,0.9999999999999998,16.869207929882187,120.0
depot_mult,0.5,severe_09,severe,access_opt,5062.072,0.9999999999999998,16.869207929882187,120.0
depot_mult,0.5,severe_10,severe,none,8973.848,6.316558311812195e-16,0.0,120.0
depot_mult,0.5,severe_10,severe,proportional,6366.8812054711825,0.9052860749215614,69.26449876449796,120.0
depot_mult,0.5,severe_10,severe,nearest_first,7084.7080000000005,0.6560160793633821,35.48361543497183,120.0
depot_mult,0.5,severe_10,severe,nearest_first_post,6094.132,1.0000000000000009,26.685686207971415,120.0
depot_mult,0.5,severe_10,severe,access_opt,6094.132,1.0000000000000009,26.685686207971415,120.0
depot_mult,0.5,severe_11,severe,none,7846.1680000000015,0.0,0.0,120.0
depot_mult,0.5,severe_11,severe,proportional,5276.467946234898,0.9368169201465775,58.98476696272651,120.0
depot_mult,0.5,severe_11,severe,nearest_first,6455.052,0.5071490755417773,28.664229406078945,120.0
depot_mult,0.5,severe_11,severe,nearest_first_post,5103.156000000001,1.0000000000000002,31.56048244737034,120.0
depot_mult,0.5,severe_11,severe,access_opt,5103.156000000001,1.0000000000000002,31.56048244737034,120.0
depot_mult,0.5,severe_12,severe,none,7890.628000000001,0.0,0.0,120.0
depot_mult,0.5,severe_12,severe,proportional,4355.354105447306,0.9032011707627422,51.36527234582455,120.0
depot_mult,0.5,severe_12,severe,nearest_first,6005.959999999999,0.48149998978069414,22.931322626884313,120.0
depot_mult,0.5,severe_12,severe,nearest_first_post,3976.468,1.0000000000000004,26.5798993820517,120.0
depot_mult,0.5,severe_12,severe,access_opt,3976.468,1.0000000000000004,26.5798993820517,120.0
depot_mult,0.5,severe_13,severe,none,6975.152,0.0,0.0,120.0
depot_mult,0.5,severe_13,severe,proportional,4876.304728519009,0.7707260229409547,38.80709394551633,120.0
depot_mult,0.5,severe_13,severe,nearest_first,5983.2480000000005,0.3642409981169266,19.18392692935199,120.0
depot_mult,0.5,severe_13,severe,nearest_first_post,4251.9439999999995,1.0000000000000002,19.809546425088328,120.0
depot_mult,0.5,severe_13,severe,access_opt,4251.9439999999995,1.0000000000000002,19.809546425088328,120.0
depot_mult,0.5,severe_14,severe,none,7376.984,0.0,0.0,120.0
depot_mult,0.5,severe_14,severe,proportional,5243.539225564013,0.8364219637257468,38.43493550565713,120.0
depot_mult,0.5,severe_14,severe,nearest_first,6432.7080000000005,0.3702055922342277,17.89417287883712,120.0
depot_mult,0.5,severe_14,severe,nearest_first_post,4826.304,1.0000000000000002,20.534285999130255,120.0
depot_mult,0.5,severe_14,severe,access_opt,4826.304,1.0000000000000002,20.534285999130255,120.0
depot_mult,0.5,severe_15,severe,none,8712.880000000001,0.0,0.0,120.0
depot_mult,0.5,severe_15,severe,proportional,6270.463000699761,0.8705618546931168,65.5892087553475,120.0
depot_mult,0.5,severe_15,severe,nearest_first,7059.696000000001,0.5892519293803313,35.48361543497183,120.0
depot_mult,0.5,severe_15,severe,nearest_first_post,5907.316000000001,1.0,30.71203239391417,120.0
depot_mult,0.5,severe_15,severe,access_opt,5907.316000000001,1.0,30.71203239391417,120.0
depot_mult,0.5,severe_16,severe,none,7073.664000000001,0.0,0.0,120.0
depot_mult,0.5,severe_16,severe,proportional,5012.339742241046,0.9476952045058115,22.987146574792565,120.0
depot_mult,0.5,severe_16,severe,nearest_first,6522.400000000001,0.2534439922541208,13.470222803595664,120.0
depot_mult,0.5,severe_16,severe,nearest_first_post,4898.572,1.0000000000000002,14.176900354708877,120.0
depot_mult,0.5,severe_16,severe,access_opt,4898.572,1.0000000000000002,14.176900354708877,120.0
depot_mult,0.5,severe_17,severe,none,8477.868,-7.106237912862937e-16,0.0,120.0
depot_mult,0.5,severe_17,severe,proportional,6465.621931232917,0.786123287799656,62.705374759241366,120.0
depot_mult,0.5,severe_17,severe,nearest_first,7175.74,0.5087017737960732,28.709547193443342,120.0
depot_mult,0.5,severe_17,severe,nearest_first_post,5918.16,0.9999999999999994,22.637803292722673,120.0
depot_mult,0.5,severe_17,severe,access_opt,5918.16,0.9999999999999994,22.637803292722673,120.0
depot_mult,0.5,severe_18,severe,none,8882.696,0.0,0.0,120.0
depot_mult,0.5,severe_18,severe,proportional,6256.482768541573,0.9102323265875877,57.63728287952703,120.0
depot_mult,0.5,severe_18,severe,nearest_first,7463.860000000001,0.491761437287797,28.44928516980704,120.0
depot_mult,0.5,severe_18,severe,nearest_first_post,5997.4839999999995,1.0000000000000002,32.20052607033599,120.0
depot_mult,0.5,severe_18,severe,access_opt,5997.4839999999995,1.0000000000000002,32.20052607033599,120.0
depot_mult,0.5,severe_19,severe,none,7178.136,0.0,0.0,120.0
depot_mult,0.5,severe_19,severe,proportional,4551.9227685415735,0.9102323265875877,57.63728287952703,120.0
depot_mult,0.5,severe_19,severe,nearest_first,5759.3,0.4917614372877973,28.44928516980704,120.0
depot_mult,0.5,severe_19,severe,nearest_first_post,4292.924,1.0000000000000002,32.20052607033599,120.0
depot_mult,0.5,severe_19,severe,access_opt,4292.924,1.0000000000000002,32.20052607033599,120.0
depot_mult,1.0,mild_00,mild,none,12355.224,0.0,0.0,120.0
depot_mult,1.0,mild_00,mild,proportional,3978.474234273536,0.7060157478770401,116.77190133100405,120.0
depot_mult,1.0,mild_00,mild,nearest_first,4335.852000000001,0.6758949566870798,65.82017951272937,120.0
depot_mult,1.0,mild_00,mild,nearest_first_post,490.404,0.9999999999999999,58.57017947296741,120.0
depot_mult,1.0,mild_00,mild,access_opt,490.404,0.9999999999999999,58.57017947296741,120.0
depot_mult,1.0,mild_01,mild,none,12086.94,0.0,0.0,120.0
depot_mult,1.0,mild_01,mild,proportional,3727.490313465845,0.720857477313411,118.16498790364648,120.0
depot_mult,1.0,mild_01,mild,nearest_first,3943.9360000000006,0.7021927927443159,67.2132660853718,120.0
depot_mult,1.0,mild_01,mild,nearest_first_post,490.404,0.9999999999999999,59.96326604560985,120.0
depot_mult,1.0,mild_01,mild,access_opt,490.404,0.9999999999999999,59.96326604560985,120.0
depot_mult,1.0,mild_02,mild,none,10623.372000000003,0.0,0.0,120.0
depot_mult,1.0,mild_02,mild,proportional,2685.6240877392465,0.7471966445551144,118.99115558822956,120.0
depot_mult,1.0,mild_02,mild,nearest_first,1244.5119999999997,0.8828515089182607,65.35733025058958,120.0
depot_mult,1.0,mild_02,mild,nearest_first_post,0.0,1.0,60.71028451692656,120.0
depot_mult,1.0,mild_02,mild,access_opt,0.0,1.0,60.71028451692656,120.0
depot_mult,1.0,mild_03,mild,none,10578.472000000003,0.0,0.0,120.0
depot_mult,1.0,mild_03,mild,proportional,2956.20943369797,0.7205447598010404,118.02094272947133,120.0
depot_mult,1.0,mild_03,mild,nearest_first,1484.248,0.8596916454474711,69.96602978455957,120.0
depot_mult,1.0,mild_03,mild,nearest_first_post,0.0,1.0,61.52234170069192,120.0
depot_mult,1.0,mild_03,mild,access_opt,0.0,1.0,61.52234170069192,120.0
depot_mult,1.0,mild_04,mild,none,12088.616000000004,-3.009425402454435e-16,0.0,120.0
depot_mult,1.0,mild_04,mild,proportional,4104.162743463193,0.660493579789184,117.84848246094008,120.0
depot_mult,1.0,mild_04,mild,nearest_first,2996.1359999999995,0.7521522728491002,69.02347139338666,120.0
depot_mult,1.0,mild_04,mild,nearest_first_post,0.0,0.9999999999999999,60.57978330951901,120.0
depot_mult,1.0,mild_04,mild,access_opt,0.0,0.9999999999999999,60.57978330951901,120.0
depot_mult,1.0,mild_05,mild,none,12188.431999999999,0.0,0.0,120.0
depot_mult,1.0,mild_05,mild,proportional,3865.5509043344323,0.7114772759704086,116.54224860377947,120.0
depot_mult,1.0,mild_05,mild,nearest_first,4329.272000000001,0.6718363129238533,67.32100590783512,120.0
depot_mult,1.0,mild_05,mild,nearest_first_post,490.404,0.9999999999999999,60.745836978516905,120.0
depot_mult,1.0,mild_05,mild,access_opt,490.404,0.9999999999999999,60.745836978516905,120.0
depot_mult,1.0,mild_06,mild,none,10763.320000000003,0.0,0.0,120.0
depot_mult,1.0,mild_06,mild,proportional,2685.6240877392465,0.750483671605114,117.67298304264976,120.0
depot_mult,1.0,mild_06,mild,nearest_first,1398.6799999999998,0.8700512481279012,64.03915770500977,120.0
depot_mult,1.0,mild_06,mild,nearest_first_post,0.0,1.0000000000000002,59.392111971346765,120.0
depot_mult,1.0,mild_06,mild,access_opt,0.0,1.0000000000000002,59.392111971346765,120.0
depot_mult,1.0,mild_07,mild,none,12214.296,0.0,0.0,120.0
depot_mult,1.0,mild_07,mild,proportional,4702.019711484033,0.6150396460439445,117.38334122232237,120.0
depot_mult,1.0,mild_07,mild,nearest_first,3565.8520000000003,0.7080591464297246,71.98717778694309,120.0
depot_mult,1.0,mild_07,mild,nearest_first_post,0.0,1.0,62.897053384350166,120.0
depot_mult,1.0,mild_07,mild,access_opt,0.0,1.0,62.897053384350166,120.0
depot_mult,1.0,mild_08,mild,none,12088.616000000004,-3.009425402454435e-16,0.0,120.0
depot_mult,1.0,mild_08,mild,proportional,4104.162743463193,0.660493579789184,117.84848246094008,120.0
depot_mult,1.0,mild_08,mild,nearest_first,2996.1359999999995,0.7521522728491002,69.02347139338666,120.0
depot_mult,1.0,mild_08,mild,nearest_first_post,0.0,0.9999999999999999,60.57978330951901,120.0
depot_mult,1.0,mild_08,mild,access_opt,0.0,0.9999999999999999,60.57978330951901,120.0
depot_mult,1.0,mild_09,mild,none,12765.376000000002,0.0,0.0,120.0
depot_mult,1.0,mild_09,mild,proportional,4317.798067618464,0.6617570788656391,119.96482292657676,120.0
depot_mult,1.0,mild_09,mild,nearest_first,3682.8959999999993,0.7114933394833025,70.05004479924986,120.0
depot_mult,1.0,mild_09,mild,nearest_first_post,0.0,1.0,59.00474251262579,120.0
depot_mult,1.0,mild_09,mild,access_opt,0.0,1.0,59.00474251262579,120.0
depot_mult,1.0,mild_10,mild,none,10821.000000000004,0.0,0.0,120.0
depot_mult,1.0,mild_10,mild,proportional,2685.6240877392465,0.7518136874836665,117.67298304264976,120.0
depot_mult,1.0,mild_10,mild,nearest_first,1398.6799999999998,0.8707439238517699,64.03915770500977,120.0
depot_mult,1.0,mild_10,mild,nearest_first_post,0.0,1.0000000000000002,59.392111971346765,120.0
depot_mult,1.0,mild_10,mild,access_opt,0.0,1.0000000000000002,59.392111971346765,120.0
depot_mult,1.0,mild_11,mild,none,13226.676000000001,0.0,0.0,120.0
depot_mult,1.0,mild_11,mild,proportional,4597.905828916967,0.677495751589086,116.27735847667726,120.0
depot_mult,1.0,mild_11,mild,nearest_first,5425.196,0.6125403100687548,65.93025908884762,120.0
depot_mult,1.0,mild_11,mild,nearest_first_post,490.404,0.9999999999999999,63.911268958283266,120.0
depot_mult,1.0,mild_11,mild,access_opt,490.404,0.9999999999999999,63.911268958283266,120.0
depot_mult,1.0,mild_12,mild,none,12521.828,0.0,0.0,120.0
depot_mult,1.0,mild_12,mild,proportional,4448.667447437247,0.6447269961352889,119.04598934317687,120.0
depot_mult,1.0,mild_12,mild,nearest_first,3662.987999999999,0.7074717844710853,69.13121121584996,120.0
depot_mult,1.0,mild_12,mild,nearest_first_post,0.0,1.0,56.36594096407564,120.0
depot_mult,1.0,mild_12,mild,access_opt,0.0,1.0,56.36594096407564,120.0
depot_mult,1.0,mild_13,mild,none,10623.372000000003,0.0,0.0,120.0
depot_mult,1.0,mild_13,mild,proportional,2685.6240877392465,0.7471966445551144,118.99115558822956,120.0
depot_mult,1.0,mild_13,mild,nearest_first,1244.5119999999997,0.8828515089182607,65.35733025058958,120.0
depot_mult,1.0,mild_13,mild,nearest_first_post,0.0,1.0,60.71028451692656,120.0
depot_mult,1.0,mild_13,mild,access_opt,0.0,1.0,60.71028451692656,120.0
depot_mult,1.0,mild_14,mild,none,12096.884000000002,0.0,0.0,120.0
depot_mult,1.0,mild_14,mild,proportional,4014.9903408007244,0.6680971446199927,116.65154430101178,120.0
depot_mult,1.0,mild_14,mild,nearest_first,2890.771999999999,0.7610316838617285,71.44313137189232,120.0
depot_mult,1.0,mild_14,mild,nearest_first_post,0.0,1.0,62.99944328802465,120.0
depot_mult,1.0,mild_14,mild,access_opt,0.0,1.0,62.99944328802465,120.0
depot_mult,1.0,mild_15,mild,none,12251.624000000002,0.0,0.0,120.0
depot_mult,1.0,mild_15,mild,proportional,4318.560209722542,0.6475112026191351,119.92763558078305,120.0
depot_mult,1.0,mild_15,mild,nearest_first,3409.163999999999,0.7217377875782021,67.41124325069971,120.0
depot_mult,1.0,mild_15,mild,nearest_first_post,0.0,1.0,58.96755516683207,120.0
depot_mult,1.0,mild_15,mild,access_opt,0.0,1.0,58.96755516683207,120.0
depot_mult,1.0,mild_16,mild,none,12073.636,0.0,0.0,120.0
depot_mult,1.0,mild_16,mild,proportional,4292.244514040822,0.6444944576728319,116.75928412347508,120.0
depot_mult,1.0,mild_16,mild,nearest_first,3101.1639999999993,0.7431458095970428,71.55087119435561,120.0
depot_mult,1.0,mild_16,mild,nearest_first_post,0.0,1.0,61.38721514533773,120.0
depot_mult,1.0,mild_16,mild,access_opt,0.0,1.0,61.38721514533773,120.0
depot_mult,1.0,mild_17,mild,none,11578.072000000002,0.0,0.0,120.0
depot_mult,1.0,mild_17,mild,proportional,3840.70856620992,0.668277363777845,118.63833009449765,120.0
depot_mult,1.0,mild_17,mild,nearest_first,2355.5799999999995,0.7965481644957814,71.44313137189232,120.0
depot_mult,1.0,mild_17,mild,nearest_first_post,0.0,1.0,62.99944328802465,120.0
depot_mult,1.0,mild_17,mild,access_opt,0.0,1.0,62.99944328802465,120.0
depot_mult,1.0,mild_18,mild,none,10763.320000000003,0.0,0.0,120.0
depot_mult,1.0,mild_18,mild,proportional,2685.6240877392465,0.750483671605114,117.79461425803319,120.0
depot_mult,1.0,mild_18,mild,nearest_first,1398.6799999999998,0.8700512481279012,64.1607889203932,120.0
depot_mult,1.0,mild_18,mild,nearest_first_post,0.0,1.0000000000000002,59.513743186730196,120.0
depot_mult,1.0,mild_18,mild,access_opt,0.0,1.0000000000000002,59.513743186730196,120.0
depot_mult,1.0,mild_19,mild,none,12271.244000000002,0.0,0.0,120.0
depot_mult,1.0,mild_19,mild,proportional,3808.0374114292235,0.7183873635980776,117.28183483878225,120.0
depot_mult,1.0,mild_19,mild,nearest_first,4291.652,0.6773364208324705,64.44399400440396,120.0
depot_mult,1.0,mild_19,mild,nearest_first_post,490.404,1.0,57.64696321324413,120.0
depot_mult,1.0,mild_19,mild,access_opt,490.404,1.0,57.64696321324413,120.0
depot_mult,1.0,moderate_00,moderate,none,12176.336000000001,2.63399328385122e-16,0.0,120.0
depot_mult,1.0,moderate_00,moderate,proportional,5829.002028516987,0.9191276770857492,94.23809018532,120.0
depot_mult,1.0,moderate_00,moderate,nearest_first,8200.400000000001,0.5757366535839896,46.416969147591296,120.0
depot_mult,1.0,moderate_00,moderate,nearest_first_post,5270.512000000001,1.0000000000000004,42.079340995574526,120.0
depot_mult,1.0,moderate_00,moderate,access_opt,5270.512000000001,1.0000000000000004,42.079340995574526,120.0
depot_mult,1.0,moderate_01,moderate,none,12790.368000000002,-2.9827087212121123e-16,0.0,120.0
depot_mult,1.0,moderate_01,moderate,proportional,6799.120000000001,0.9824217571421449,95.10200380145034,120.0
depot_mult,1.0,moderate_01,moderate,nearest_first,9440.672,0.5492702405595653,40.77878970973875,120.0
depot_mult,1.0,moderate_01,moderate,nearest_first_post,6691.92,1.0,40.326274291100546,120.0
depot_mult,1.0,moderate_01,moderate,access_opt,6691.92,1.0,40.326274291100546,120.0
depot_mult,1.0,moderate_02,moderate,none,12728.044,3.069551831930438e-16,0.0,120.0
depot_mult,1.0,moderate_02,moderate,proportional,7526.984328788356,0.8776808820670381,100.44287376246919,120.0
depot_mult,1.0,moderate_02,moderate,nearest_first,8956.32,0.636479920727814,48.41489191801291,120.0
depot_mult,1.0,moderate_02,moderate,nearest_first_post,6802.132,1.0000000000000002,40.04503451950908,120.0
depot_mult,1.0,moderate_02,moderate,access_opt,6802.132,1.0000000000000002,40.04503451950908,120.0
depot_mult,1.0,moderate_03,moderate,none,10921.796,1.6964089299578204e-16,0.0,120.0
depot_mult,1.0,moderate_03,moderate,proportional,2818.115252535076,0.7557579147370884,117.93705277530034,120.0
depot_mult,1.0,moderate_03,moderate,nearest_first,4171.768000000001,0.6295148148935688,59.7621431463317,120.0
depot_mult,1.0,moderate_03,moderate,nearest_first_post,199.208,1.0000000000000002,51.99758095995372,120.0
depot_mult,1.0,moderate_03,moderate,access_opt,199.208,1.0000000000000002,51.99758095995372,120.0
depot_mult,1.0,moderate_04,moderate,none,11142.488,3.4264412866651246e-16,0.0,120.0
depot_mult,1.0,moderate_04,moderate,proportional,5833.804,1.0,96.08581645077676,120.0
depot_mult,1.0,moderate_04,moderate,nearest_first,7890.332,0.6126105829618037,44.05783460632048,120.0
depot_mult,1.0,moderate_04,moderate,nearest_first_post,5833.804,1.0,36.66802198673939,120.0
depot_mult,1.0,moderate_04,moderate,access_opt,5833.804,1.0,36.66802198673939,120.0
depot_mult,1.0,moderate_05,moderate,none,10897.560000000001,-1.7002519673552113e-16,0.0,120.0
depot_mult,1.0,moderate_05,moderate,proportional,4051.876507698434,0.639882057750723,118.4732221977842,120.0
depot_mult,1.0,moderate_05,moderate,nearest_first,4262.204,0.6202222547921398,70.07838582143314,120.0
depot_mult,1.0,moderate_05,moderate,nearest_first_post,199.208,0.9999999999999997,58.16850408996336,120.0
depot_mult,1.0,moderate_05,moderate,access_opt,199.208,0.9999999999999997,58.16850408996336,120.0
depot_mult,1.0,moderate_06,moderate,none,13342.320000000002,0.0,0.0,120.0
depot_mult,1.0,moderate_06,moderate,proportional,4877.483144731892,0.9451662224096709,111.16696620322801,120.0
depot_mult,1.0,moderate_06,moderate,nearest_first,7839.0560000000005,0.6144831063774101,60.371659946661524,120.0
depot_mult,1.0,moderate_06,moderate,nearest_first_post,4386.396000000001,1.0,50.71219836711125,120.0
depot_mult,1.0,moderate_06,moderate,access_opt,4386.396000000001,1.0,50.71219836711125,120.0
depot_mult,1.0,moderate_07,moderate,none,9327.624,4.2698720475642955e-16,0.0,120.0
depot_mult,1.0,moderate_07,moderate,proportional,5505.985391124243,0.8970864723082885,73.8127832898987,120.0
depot_mult,1.0,moderate_07,moderate,nearest_first,6802.424000000001,0.5927621608730027,36.77209786010821,120.0
depot_mult,1.0,moderate_07,moderate,nearest_first_post,5067.567999999999,1.0000000000000004,32.34507429486498,120.0
depot_mult,1.0,moderate_07,moderate,access_opt,5067.567999999999,1.0000000000000004,32.34507429486498,120.0
depot_mult,1.0,moderate_08,moderate,none,10482.332000000002,-3.1057077120103594e-16,0.0,120.0
depot_mult,1.0,moderate_08,moderate,proportional,4803.353894489261,0.9696178583691266,98.61382582600424,120.0
depot_mult,1.0,moderate_08,moderate,nearest_first,6580.816000000001,0.666137378596683,47.503439592203655,120.0
depot_mult,1.0,moderate_08,moderate,nearest_first_post,4625.407999999999,1.0,40.968614831860094,120.0
depot_mult,1.0,moderate_08,moderate,access_opt,4625.407999999999,1.0,40.968614831860094,120.0
depot_mult,1.0,moderate_09,moderate,none,12476.36,0.0,0.0,120.0
depot_mult,1.0,moderate_09,moderate,proportional,4142.783263967214,0.7032713259703076,118.87214610853431,120.0
depot_mult,1.0,moderate_09,moderate,nearest_first,5638.444,0.5770523755305182,73.01645975834097,120.0
depot_mult,1.0,moderate_09,moderate,nearest_first_post,626.628,0.9999999999999999,58.96122662801794,120.0
depot_mult,1.0,moderate_09,moderate,access_opt,626.628,0.9999999999999999,58.96122662801794,120.0
depot_mult,1.0,moderate_10,moderate,none,13349.42,0.0,0.0,120.0
depot_mult,1.0,moderate_10,moderate,proportional,6773.635010246631,0.9685963304307931,104.5769113687479,120.0
depot_mult,1.0,moderate_10,moderate,nearest_first,9364.483999999999,0.5869708928464114,50.365373170205,120.0
depot_mult,1.0,moderate_10,moderate,nearest_first_post,6560.436,0.9999999999999999,46.46260407301314,120.0
depot_mult,1.0,moderate_10,moderate,access_opt,6560.436,0.9999999999999999,46.46260407301314,120.0
depot_mult,1.0,moderate_11,moderate,none,13676.024000000001,2.9162809322307135e-16,0.0,120.0
depot_mult,1.0,moderate_11,moderate,proportional,7610.23001856792,0.9724938085074587,99.59437175381993,120.0
depot_mult,1.0,moderate_11,moderate,nearest_first,9915.640000000001,0.6028807059396927,47.56638990936366,120.0
depot_mult,1.0,moderate_11,moderate,nearest_first_post,7438.664000000001,1.0000000000000002,36.32705102706548,120.0
depot_mult,1.0,moderate_11,moderate,access_opt,7438.664000000001,1.0000000000000002,36.32705102706548,120.0
depot_mult,1.0,moderate_12,moderate,none,11957.860000000002,-2.7431782137384967e-16,0.0,120.0
depot_mult,1.0,moderate_12,moderate,proportional,6183.602546983384,0.8708031621709776,103.43069149124373,120.0
depot_mult,1.0,moderate_12,moderate,nearest_first,7817.804,0.6243528082526865,52.431981150611826,120.0
depot_mult,1.0,moderate_12,moderate,nearest_first_post,5326.904,1.0000000000000002,45.31638419550898,120.0
depot_mult,1.0,moderate_12,moderate,access_opt,5326.904,1.0000000000000002,45.31638419550898,120.0
depot_mult,1.0,moderate_13,moderate,none,11868.396,0.0,0.0,120.0
depot_mult,1.0,moderate_13,moderate,proportional,6649.536,0.9798725511916875,97.23482882052791,120.0
depot_mult,1.0,moderate_13,moderate,nearest_first,8383.168000000001,0.654372650702395,46.124442586727305,120.0
depot_mult,1.0,moderate_13,moderate,nearest_first_post,6542.336,0.9999999999999998,39.589617826383765,120.0
depot_mult,1.0,moderate_13,moderate,access_opt,6542.336,0.9999999999999998,39.589617826383765,120.0
depot_mult,1.0,moderate_14,moderate,none,13130.58,0.0,0.0,120.0
depot_mult,1.0,moderate_14,moderate,proportional,6524.777277389192,0.992377233983702,95.90792351893732,120.0
depot_mult,1.0,moderate_14,moderate,nearest_first,9278.872000000001,0.5786347990789212,40.77878970973875,120.0
depot_mult,1.0,moderate_14,moderate,nearest_first_post,6474.036,1.0,43.503515678350055,120.0
depot_mult,1.0,moderate_14,moderate,access_opt,6474.036,1.0,43.503515678350055,120.0
depot_mult,1.0,moderate_15,moderate,none,10175.612000000001,-4.4146327934761507e-16,0.0,120.0
depot_mult,1.0,moderate_15,moderate,proportional,6493.665391124243,0.8935974124800034,73.8127832898987,120.0
depot_mult,1.0,moderate_15,moderate,nearest_first,7700.84,0.6006197510705363,36.77209786010821,120.0
depot_mult,1.0,moderate_15,moderate,nearest_first_post,6055.248,1.0,32.34507429486498,120.0
depot_mult,1.0,moderate_15,moderate,access_opt,6055.248,1.0,32.34507429486498,120.0
depot_mult,1.0,moderate_16,moderate,none,12197.064,2.9616918694911337e-16,0.0,120.0
depot_mult,1.0,moderate_16,moderate,proportional,6173.82738071063,0.980707797890197,97.4648134562531,120.0
depot_mult,1.0,moderate_16,moderate,nearest_first,8450.668,0.6099909406544486,45.43683161179682,120.0
depot_mult,1.0,moderate_16,moderate,nearest_first_post,6055.339999999999,1.0000000000000004,38.047018992215726,120.0
depot_mult,1.0,moderate_16,moderate,access_opt,6055.339999999999,1.0000000000000004,38.047018992215726,120.0
depot_mult,1.0,moderate_17,moderate,none,12013.084000000003,-2.8701477078224e-16,0.0,120.0
depot_mult,1.0,moderate_17,moderate,proportional,5884.377075415265,0.9670366466798771,101.33637174868468,120.0
depot_mult,1.0,moderate_17,moderate,nearest_first,7947.724,0.6414651818601822,50.30242285304498,120.0
depot_mult,1.0,moderate_17,moderate,nearest_first_post,5675.468000000001,1.0,45.88557101904695,120.0
depot_mult,1.0,moderate_17,moderate,access_opt,5675.468000000001,1.0,45.88557101904695,120.0
depot_mult,1.0,moderate_18,moderate,none,11448.456,0.0,0.0,120.0
depot_mult,1.0,moderate_18,moderate,proportional,5774.1889480777245,0.8882930941080284,95.73870220625645,120.0
depot_mult,1.0,moderate_18,moderate,nearest_first,7958.312,0.5463737931742726,44.62831597245584,120.0
depot_mult,1.0,moderate_18,moderate,nearest_first_post,5060.624,1.0,37.11344643318956,120.0
depot_mult,1.0,moderate_18,moderate,access_opt,5060.624,1.0,37.11344643318956,120.0
depot_mult,1.0,moderate_19,moderate,none,11922.552000000001,-2.217550673029765e-16,0.0,120.0
depot_mult,1.0,moderate_19,moderate,proportional,4593.890024982237,0.8934455177929014,115.71269919561749,120.0
depot_mult,1.0,moderate_19,moderate,nearest_first,6483.912,0.6630307889015999,60.98920316025599,120.0
depot_mult,1.0,moderate_19,moderate,nearest_first_post,3719.856,0.9999999999999998,50.49004198455262,120.0
depot_mult,1.0,moderate_19,moderate,access_opt,3719.856,0.9999999999999998,50.49004198455262,120.0
depot_mult,1.0,severe_00,severe,none,6763.052,6.811551483293651e-16,0.0,120.0
depot_mult,1.0,severe_00,severe,proportional,4514.994276531842,0.8418279342897369,39.60429588853428,120.0
depot_mult,1.0,severe_00,severe,nearest_first,5414.464000000001,0.505004403755475,19.981128872369947,120.0
depot_mult,1.0,severe_00,severe,nearest_first_post,4092.6040000000003,1.0000000000000004,21.26076243943445,120.0
depot_mult,1.0,severe_00,severe,access_opt,4092.6040000000003,1.0000000000000004,21.26076243943445,120.0
depot_mult,1.0,severe_01,severe,none,8592.872000000001,0.0,0.0,120.0
depot_mult,1.0,severe_01,severe,proportional,5741.024000000001,1.0,35.871773298977566,120.0
depot_mult,1.0,severe_01,severe,nearest_first,6721.576000000001,0.6561696135277898,19.357356858100314,120.0
depot_mult,1.0,severe_01,severe,nearest_first_post,5741.024000000001,1.0,19.65135594280663,120.0
depot_mult,1.0,severe_01,severe,access_opt,5741.024000000001,1.0,19.65135594280663,120.0
depot_mult,1.0,severe_02,severe,none,9780.096,0.0,0.0,120.0
depot_mult,1.0,severe_02,severe,proportional,5944.284,1.0,68.13368136579155,120.0
depot_mult,1.0,severe_02,severe,nearest_first,7490.104,0.5970031899373586,34.352798036265405,120.0
depot_mult,1.0,severe_02,severe,nearest_first_post,5944.284,1.0,33.25481031229964,120.0
depot_mult,1.0,severe_02,severe,access_opt,5944.284,1.0,33.25481031229964,120.0
depot_mult,1.0,severe_03,severe,none,7062.584000000001,0.0,0.0,120.0
depot_mult,1.0,severe_03,severe,proportional,5103.1,0.9162512835571883,39.45877580295722,120.0
depot_mult,1.0,severe_03,severe,nearest_first,5916.072,0.5361070014420732,20.8437949058546,120.0
depot_mult,1.0,severe_03,severe,nearest_first_post,4923.996,1.0000000000000002,21.414553680156665,120.0
depot_mult,1.0,severe_03,severe,access_opt,4923.996,1.0000000000000002,21.414553680156665,120.0
depot_mult,1.0,severe_04,severe,none,8277.728000000001,-5.384696961893816e-16,0.0,120.0
depot_mult,1.0,severe_04,severe,proportional,5100.6473494424135,0.9405011647346727,64.78207468359153,120.0
depot_mult,1.0,severe_04,severe,nearest_first,6492.844000000001,0.5283735811433262,31.001191354065394,120.0
depot_mult,1.0,severe_04,severe,nearest_first_post,4899.656000000001,0.9999999999999994,25.06516585825645,120.0
depot_mult,1.0,severe_04,severe,access_opt,4899.656000000001,0.9999999999999994,25.06516585825645,120.0
depot_mult,1.0,severe_05,severe,none,3936.716,-5.05364676927525e-15,0.0,120.0
depot_mult,1.0,severe_05,severe,proportional,3846.732,0.999999999999994,3.857982843633515,120.0
depot_mult,1.0,severe_05,severe,nearest_first,3932.244,0.04969772403982149,2.3948816399609716,120.0
depot_mult,1.0,severe_05,severe,nearest_first_post,3846.732,0.999999999999994,2.146577805742294,120.0
depot_mult,1.0,severe_05,severe,access_opt,3846.732,0.999999999999994,2.146577805742294,120.0
depot_mult,1.0,severe_06,severe,none,9623.968,0.0,0.0,120.0
depot_mult,1.0,severe_06,severe,proportional,6332.647349442413,0.9143796855122551,63.21046500160769,120.0
depot_mult,1.0,severe_06,severe,nearest_first,7729.380000000001,0.5263457935409022,30.347177282737224,120.0
depot_mult,1.0,severe_06,severe,nearest_first_post,6024.456,1.0000000000000002,25.920153717494003,120.0
depot_mult,1.0,severe_06,severe,access_opt,6024.456,1.0000000000000002,25.920153717494003,120.0
depot_mult,1.0,severe_07,severe,none,9036.912,5.869828465593558e-16,0.0,120.0
depot_mult,1.0,severe_07,severe,proportional,6158.729384325033,0.9287815648476124,65.32562721601998,120.0
depot_mult,1.0,severe_07,severe,nearest_first,7197.612000000001,0.5935370198265183,36.137629506299994,120.0
depot_mult,1.0,severe_07,severe,nearest_first_post,5938.032000000001,1.0000000000000002,31.567020253151725,120.0
depot_mult,1.0,severe_07,severe,access_opt,5938.032000000001,1.0000000000000002,31.567020253151725,120.0
depot_mult,1.0,severe_08,severe,none,7126.8640000000005,-4.255360062045468e-16,0.0,120.0
depot_mult,1.0,severe_08,severe,proportional,5096.771999999999,0.9498430724486877,25.241222915200897,120.0
depot_mult,1.0,severe_08,severe,nearest_first,6534.428,0.277190014279752,16.641894754659678,120.0
depot_mult,1.0,severe_08,severe,nearest_first_post,4989.572,0.9999999999999998,18.203560165010437,120.0
depot_mult,1.0,severe_08,severe,access_opt,4989.572,0.9999999999999998,18.203560165010437,120.0
depot_mult,1.0,severe_09,severe,none,6805.9000000000015,-1.0431013858854523e-15,0.0,120.0
depot_mult,1.0,severe_09,severe,proportional,5104.098745578171,0.9758997185627419,31.757914512190972,120.0
depot_mult,1.0,severe_09,severe,nearest_first,5940.42,0.49631041593551634,14.229094809589057,120.0
depot_mult,1.0,severe_09,severe,nearest_first_post,5062.072,0.9999999999999998,16.869207929882187,120.0
depot_mult,1.0,severe_09,severe,access_opt,5062.072,0.9999999999999998,16.869207929882187,120.0
depot_mult,1.0,severe_10,severe,none,8973.848,6.316558311812195e-16,0.0,120.0
depot_mult,1.0,severe_10,severe,proportional,6094.132,1.0000000000000009,69.26449876449796,120.0
depot_mult,1.0,severe_10,severe,nearest_first,7084.7080000000005,0.6560160793633821,35.48361543497183,120.0
depot_mult,1.0,severe_10,severe,nearest_first_post,6094.132,1.0000000000000009,26.685686207971415,120.0
depot_mult,1.0,severe_10,severe,access_opt,6094.132,1.0000000000000009,26.685686207971415,120.0
depot_mult,1.0,severe_11,severe,none,7846.1680000000015,0.0,0.0,120.0
depot_mult,1.0,severe_11,severe,proportional,5199.302308947731,0.9649486371376684,58.98476696272651,120.0
depot_mult,1.0,severe_11,severe,nearest_first,6455.052,0.5071490755417773,28.664229406078945,120.0
depot_mult,1.0,severe_11,severe,nearest_first_post,5103.156000000001,1.0000000000000002,31.56048244737034,120.0
depot_mult,1.0,severe_11,severe,access_opt,5103.156000000001,1.0000000000000002,31.56048244737034,120.0
depot_mult,1.0,severe_12,severe,none,7890.628000000001,0.0,0.0,120.0
depot_mult,1.0,severe_12,severe,proportional,4083.6680000000006,0.9726122590798538,51.36527234582455,120.0
depot_mult,1.0,severe_12,severe,nearest_first,6005.959999999999,0.48149998978069414,22.931322626884313,120.0
depot_mult,1.0,severe_12,severe,nearest_first_post,3976.468,1.0000000000000004,26.5798993820517,120.0
depot_mult,1.0,severe_12,severe,access_opt,3976.468,1.0000000000000004,26.5798993820517,120.0
depot_mult,1.0,severe_13,severe,none,6975.152,0.0,0.0,120.0
depot_mult,1.0,severe_13,severe,proportional,4767.917457038016,0.8105273423704629,38.80709394551633,120.0
depot_mult,1.0,severe_13,severe,nearest_first,5983.2480000000005,0.3642409981169266,19.18392692935199,120.0
depot_mult,1.0,severe_13,severe,nearest_first_post,4251.9439999999995,1.0000000000000002,19.809546425088328,120.0
depot_mult,1.0,severe_13,severe,access_opt,4251.9439999999995,1.0000000000000002,19.809546425088328,120.0
depot_mult,1.0,severe_14,severe,none,7376.984,0.0,0.0,120.0
depot_mult,1.0,severe_14,severe,proportional,5155.262451128026,0.8710310775448015,38.43493550565713,120.0
depot_mult,1.0,severe_14,severe,nearest_first,6432.7080000000005,0.3702055922342277,17.89417287883712,120.0
depot_mult,1.0,severe_14,severe,nearest_first_post,4826.304,1.0000000000000002,20.534285999130255,120.0
depot_mult,1.0,severe_14,severe,access_opt,4826.304,1.0000000000000002,20.534285999130255,120.0
depot_mult,1.0,severe_15,severe,none,8712.880000000001,0.0,0.0,120.0
depot_mult,1.0,severe_15,severe,proportional,6020.813384325033,0.9595456085389488,65.5892087553475,120.0
depot_mult,1.0,severe_15,severe,nearest_first,7059.696000000001,0.5892519293803313,35.48361543497183,120.0
depot_mult,1.0,severe_15,severe,nearest_first_post,5907.316000000001,1.0,30.71203239391417,120.0
depot_mult,1.0,severe_15,severe,access_opt,5907.316000000001,1.0,30.71203239391417,120.0
depot_mult,1.0,severe_16,severe,none,7073.664000000001,0.0,0.0,120.0
depot_mult,1.0,severe_16,severe,proportional,4898.572,1.0000000000000002,22.987146574792565,120.0
depot_mult,1.0,severe_16,severe,nearest_first,6522.400000000001,0.2534439922541208,13.470222803595664,120.0
depot_mult,1.0,severe_16,severe,nearest_first_post,4898.572,1.0000000000000002,14.176900354708877,120.0
depot_mult,1.0,severe_16,severe,access_opt,4898.572,1.0000000000000002,14.176900354708877,120.0
depot_mult,1.0,severe_17,severe,none,8477.868,-7.106237912862937e-16,0.0,120.0
depot_mult,1.0,severe_17,severe,proportional,6119.1513494424125,0.921478797799431,62.705374759241366,120.0
depot_mult,1.0,severe_17,severe,nearest_first,7175.74,0.5087017737960732,28.709547193443342,120.0
depot_mult,1.0,severe_17,severe,nearest_first_post,5918.16,0.9999999999999994,22.637803292722673,120.0
depot_mult,1.0,severe_17,severe,access_opt,5918.16,0.9999999999999994,22.637803292722673,120.0
depot_mult,1.0,severe_18,severe,none,8882.696,0.0,0.0,120.0
depot_mult,1.0,severe_18,severe,proportional,6200.8303089477295,0.9295211897955057,57.63728287952703,120.0
depot_mult,1.0,severe_18,severe,nearest_first,7463.860000000001,0.491761437287797,28.44928516980704,120.0
depot_mult,1.0,severe_18,severe,nearest_first_post,5997.4839999999995,1.0000000000000002,32.20052607033599,120.0
depot_mult,1.0,severe_18,severe,access_opt,5997.4839999999995,1.0000000000000002,32.20052607033599,120.0
depot_mult,1.0,severe_19,severe,none,7178.136,0.0,0.0,120.0
depot_mult,1.0,severe_19,severe,proportional,4496.270308947731,0.9295211897955054,57.63728287952703,120.0
depot_mult,1.0,severe_19,severe,nearest_first,5759.3,0.4917614372877973,28.44928516980704,120.0
depot_mult,1.0,severe_19,severe,nearest_first_post,4292.924,1.0000000000000002,32.20052607033599,120.0
depot_mult,1.0,severe_19,severe,access_opt,4292.924,1.0000000000000002,32.20052607033599,120.0
depot_mult,1.5,mild_00,mild,none,12355.224,0.0,0.0,120.0
depot_mult,1.5,mild_00,mild,proportional,2874.1781414079815,0.799088891242515,116.77190133100405,120.0
depot_mult,1.5,mild_00,mild,nearest_first,4335.852000000001,0.6758949566870798,65.82017951272937,120.0
depot_mult,1.5,mild_00,mild,nearest_first_post,490.404,0.9999999999999999,58.57017947296741,120.0
depot_mult,1.5,mild_00,mild,access_opt,490.404,0.9999999999999999,58.57017947296741,120.0
depot_mult,1.5,mild_01,mild,none,12086.94,0.0,0.0,120.0
depot_mult,1.5,mild_01,mild,proportional,2793.6172277418427,0.8013878258350732,118.16498790364648,120.0
depot_mult,1.5,mild_01,mild,nearest_first,3943.9360000000006,0.7021927927443159,67.2132660853718,120.0
depot_mult,1.5,mild_01,mild,nearest_first_post,490.404,0.9999999999999999,59.96326604560985,120.0
depot_mult,1.5,mild_01,mild,access_opt,490.404,0.9999999999999999,59.96326604560985,120.0
depot_mult,1.5,mild_02,mild,none,10623.372000000003,0.0,0.0,120.0
depot_mult,1.5,mild_02,mild,proportional,1326.8644308645794,0.8750995041061747,118.99115558822956,120.0
depot_mult,1.5,mild_02,mild,nearest_first,1244.5119999999997,0.8828515089182607,65.35733025058958,120.0
depot_mult,1.5,mild_02,mild,nearest_first_post,0.0,1.0,60.71028451692656,120.0
depot_mult,1.5,mild_02,mild,access_opt,0.0,1.0,60.71028451692656,120.0
depot_mult,1.5,mild_03,mild,none,10578.472000000003,0.0,0.0,120.0
depot_mult,1.5,mild_03,mild,proportional,1802.1337320966536,0.8296413950808157,118.02094272947133,120.0
depot_mult,1.5,mild_03,mild,nearest_first,1484.248,0.8596916454474711,69.96602978455957,120.0
depot_mult,1.5,mild_03,mild,nearest_first_post,0.0,1.0,61.52234170069192,120.0
depot_mult,1.5,mild_03,mild,access_opt,0.0,1.0,61.52234170069192,120.0
depot_mult,1.5,mild_04,mild,none,12088.616000000004,-3.009425402454435e-16,0.0,120.0
depot_mult,1.5,mild_04,mild,proportional,2749.2668244121405,0.7725738972590294,117.84848246094008,120.0
depot_mult,1.5,mild_04,mild,nearest_first,2996.1359999999995,0.7521522728491002,69.02347139338666,120.0
depot_mult,1.5,mild_04,mild,nearest_first_post,0.0,0.9999999999999999,60.57978330951901,120.0
depot_mult,1.5,mild_04,mild,access_opt,0.0,0.9999999999999999,60.57978330951901,120.0
depot_mult,1.5,mild_05,mild,none,12188.431999999999,0.0,0.0,120.0
depot_mult,1.5,mild_05,mild,proportional,2708.5733792649544,0.8103809138373618,116.54224860377947,120.0
depot_mult,1.5,mild_05,mild,nearest_first,4329.272000000001,0.6718363129238533,67.32100590783512,120.0
depot_mult,1.5,mild_05,mild,nearest_first_post,490.404,0.9999999999999999,60.745836978516905,120.0
depot_mult,1.5,mild_05,mild,access_opt,490.404,0.9999999999999999,60.745836978516905,120.0
depot_mult,1.5,mild_06,mild,none,10763.320000000003,0.0,0.0,120.0
depot_mult,1.5,mild_06,mild,proportional,1326.8644308645794,0.8767234988029179,117.67298304264976,120.0
depot_mult,1.5,mild_06,mild,nearest_first,1398.6799999999998,0.8700512481279012,64.03915770500977,120.0
depot_mult,1.5,mild_06,mild,nearest_first_post,0.0,1.0000000000000002,59.392111971346765,120.0
depot_mult,1.5,mild_06,mild,access_opt,0.0,1.0000000000000002,59.392111971346765,120.0
depot_mult,1.5,mild_07,mild,none,12214.296,0.0,0.0,120.0
depot_mult,1.5,mild_07,mild,proportional,3243.7547071735175,0.7344296628169551,117.38334122232237,120.0
depot_mult,1.5,mild_07,mild,nearest_first,3565.8520000000003,0.7080591464297246,71.98717778694309,120.0
depot_mult,1.5,mild_07,mild,nearest_first_post,0.0,1.0,62.897053384350166,120.0
depot_mult,1.5,mild_07,mild,access_opt,0.0,1.0,62.897053384350166,120.0
depot_mult,1.5,mild_08,mild,none,12088.616000000004,-3.009425402454435e-16,0.0,120.0
depot_mult,1.5,mild_08,mild,proportional,2749.2668244121405,0.7725738972590294,117.84848246094008,120.0
depot_mult,1.5,mild_08,mild,nearest_first,2996.1359999999995,0.7521522728491002,69.02347139338666,120.0
depot_mult,1.5,mild_08,mild,nearest_first_post,0.0,0.9999999999999999,60.57978330951901,120.0
depot_mult,1.5,mild_08,mild,access_opt,0.0,0.9999999999999999,60.57978330951901,120.0
depot_mult,1.5,mild_09,mild,none,12765.376000000002,0.0,0.0,120.0
depot_mult,1.5,mild_09,mild,proportional,2821.492241375165,0.7789730407177067,119.96482292657676,120.0
depot_mult,1.5,mild_09,mild,nearest_first,3682.8959999999993,0.7114933394833025,70.05004479924986,120.0
depot_mult,1.5,mild_09,mild,nearest_first_post,0.0,1.0,59.00474251262579,120.0
depot_mult,1.5,mild_09,mild,access_opt,0.0,1.0,59.00474251262579,120.0
depot_mult,1.5,mild_10,mild,none,10821.000000000004,0.0,0.0,120.0
depot_mult,1.5,mild_10,mild,proportional,1326.8644308645794,0.8773806089211184,117.67298304264976,120.0
depot_mult,1.5,mild_10,mild,nearest_first,1398.6799999999998,0.8707439238517699,64.03915770500977,120.0
depot_mult,1.5,mild_10,mild,nearest_first_post,0.0,1.0000000000000002,59.392111971346765,120.0
depot_mult,1.5,mild_10,mild,access_opt,0.0,1.0000000000000002,59.392111971346765,120.0
depot_mult,1.5,mild_11,mild,none,13226.676000000001,0.0,0.0,120.0
depot_mult,1.5,mild_11,mild,proportional,3192.624389880679,0.7878327041161904,116.27735847667726,120.0
depot_mult,1.5,mild_11,mild,nearest_first,5425.196,0.6125403100687548,65.93025908884762,120.0
depot_mult,1.5,mild_11,mild,nearest_first_post,490.404,0.9999999999999999,63.911268958283266,120.0
depot_mult,1.5,mild_11,mild,access_opt,490.404,0.9999999999999999,63.911268958283266,120.0
depot_mult,1.5,mild_12,mild,none,12521.828,0.0,0.0,120.0
depot_mult,1.5,mild_12,mild,proportional,3001.220370706507,0.7603209075618585,119.04598934317687,120.0
depot_mult,1.5,mild_12,mild,nearest_first,3662.987999999999,0.7074717844710853,69.13121121584996,120.0
depot_mult,1.5,mild_12,mild,nearest_first_post,0.0,1.0,56.36594096407564,120.0
depot_mult,1.5,mild_12,mild,access_opt,0.0,1.0,56.36594096407564,120.0
depot_mult,1.5,mild_13,mild,none,10623.372000000003,0.0,0.0,120.0
depot_mult,1.5,mild_13,mild,proportional,1326.8644308645794,0.8750995041061747,118.99115558822956,120.0
depot_mult,1.5,mild_13,mild,nearest_first,1244.5119999999997,0.8828515089182607,65.35733025058958,120.0
depot_mult,1.5,mild_13,mild,nearest_first_post,0.0,1.0,60.71028451692656,120.0
depot_mult,1.5,mild_13,mild,access_opt,0.0,1.0,60.71028451692656,120.0
depot_mult,1.5,mild_14,mild,none,12096.884000000002,0.0,0.0,120.0
depot_mult,1.5,mild_14,mild,proportional,2664.5743372555835,0.7797305209130232,116.65154430101178,120.0
depot_mult,1.5,mild_14,mild,nearest_first,2890.771999999999,0.7610316838617285,71.44313137189232,120.0
depot_mult,1.5,mild_14,mild,nearest_first_post,0.0,1.0,62.99944328802465,120.0
depot_mult,1.5,mild_14,mild,access_opt,0.0,1.0,62.99944328802465,120.0
depot_mult,1.5,mild_15,mild,none,12251.624000000002,0.0,0.0,120.0
depot_mult,1.5,mild_15,mild,proportional,2844.199109851614,0.7678512571189245,119.92763558078305,120.0
depot_mult,1.5,mild_15,mild,nearest_first,3409.163999999999,0.7217377875782021,67.41124325069971,120.0
depot_mult,1.5,mild_15,mild,nearest_first_post,0.0,1.0,58.96755516683207,120.0
depot_mult,1.5,mild_15,mild,access_opt,0.0,1.0,58.96755516683207,120.0
depot_mult,1.5,mild_16,mild,none,12073.636,0.0,0.0,120.0
depot_mult,1.5,mild_16,mild,proportional,2850.412246607103,0.7639143463818933,116.75928412347508,120.0
depot_mult,1.5,mild_16,mild,nearest_first,3101.1639999999993,0.7431458095970428,71.55087119435561,120.0
depot_mult,1.5,mild_16,mild,nearest_first_post,0.0,1.0,61.38721514533773,120.0
depot_mult,1.5,mild_16,mild,access_opt,0.0,1.0,61.38721514533773,120.0
depot_mult,1.5,mild_17,mild,none,11578.072000000002,0.0,0.0,120.0
depot_mult,1.5,mild_17,mild,proportional,2508.448430864579,0.7833448927537695,118.63833009449765,120.0
depot_mult,1.5,mild_17,mild,nearest_first,2355.5799999999995,0.7965481644957814,71.44313137189232,120.0
depot_mult,1.5,mild_17,mild,nearest_first_post,0.0,1.0,62.99944328802465,120.0
depot_mult,1.5,mild_17,mild,access_opt,0.0,1.0,62.99944328802465,120.0
depot_mult,1.5,mild_18,mild,none,10763.320000000003,0.0,0.0,120.0
depot_mult,1.5,mild_18,mild,proportional,1326.8644308645794,0.8767234988029179,117.79461425803319,120.0
depot_mult,1.5,mild_18,mild,nearest_first,1398.6799999999998,0.8700512481279012,64.1607889203932,120.0
depot_mult,1.5,mild_18,mild,nearest_first_post,0.0,1.0000000000000002,59.513743186730196,120.0
depot_mult,1.5,mild_18,mild,access_opt,0.0,1.0000000000000002,59.513743186730196,120.0
depot_mult,1.5,mild_19,mild,none,12271.244000000002,0.0,0.0,120.0
depot_mult,1.5,mild_19,mild,proportional,2639.130077323216,0.8176084152468571,117.28183483878225,120.0
depot_mult,1.5,mild_19,mild,nearest_first,4291.652,0.6773364208324705,64.44399400440396,120.0
depot_mult,1.5,mild_19,mild,nearest_first_post,490.404,1.0,57.64696321324413,120.0
depot_mult,1.5,mild_19,mild,access_opt,490.404,1.0,57.64696321324413,120.0
depot_mult,1.5,moderate_00,moderate,none,12176.336000000001,2.63399328385122e-16,0.0,120.0
depot_mult,1.5,moderate_00,moderate,proportional,5445.321984635084,0.974686585607296,94.23809018532,120.0
depot_mult,1.5,moderate_00,moderate,nearest_first,8200.400000000001,0.5757366535839896,46.416969147591296,120.0
depot_mult,1.5,moderate_00,moderate,nearest_first_post,5270.512000000001,1.0000000000000004,42.079340995574526,120.0
depot_mult,1.5,moderate_00,moderate,access_opt,5270.512000000001,1.0000000000000004,42.079340995574526,120.0
depot_mult,1.5,moderate_01,moderate,none,12790.368000000002,-2.9827087212121123e-16,0.0,120.0
depot_mult,1.5,moderate_01,moderate,proportional,6799.120000000001,0.9824217571421449,95.10200380145034,120.0
depot_mult,1.5,moderate_01,moderate,nearest_first,9440.672,0.5492702405595653,40.77878970973875,120.0
depot_mult,1.5,moderate_01,moderate,nearest_first_post,6691.92,1.0,40.326274291100546,120.0
depot_mult,1.5,moderate_01,moderate,access_opt,6691.92,1.0,40.326274291100546,120.0
depot_mult,1.5,moderate_02,moderate,none,12728.044,3.069551831930438e-16,0.0,120.0
depot_mult,1.5,moderate_02,moderate,proportional,7187.339422116587,0.9349960947586489,100.44287376246919,120.0
depot_mult,1.5,moderate_02,moderate,nearest_first,8956.32,0.636479920727814,48.41489191801291,120.0
depot_mult,1.5,moderate_02,moderate,nearest_first_post,6802.132,1.0000000000000002,40.04503451950908,120.0
depot_mult,1.5,moderate_02,moderate,access_opt,6802.132,1.0000000000000002,40.04503451950908,120.0
depot_mult,1.5,moderate_03,moderate,none,10921.796,1.6964089299578204e-16,0.0,120.0
depot_mult,1.5,moderate_03,moderate,proportional,1390.8931916522713,0.8888621672629529,117.93705277530034,120.0
depot_mult,1.5,moderate_03,moderate,nearest_first,4171.768000000001,0.6295148148935688,59.7621431463317,120.0
depot_mult,1.5,moderate_03,moderate,nearest_first_post,199.208,1.0000000000000002,51.99758095995372,120.0
depot_mult,1.5,moderate_03,moderate,access_opt,199.208,1.0000000000000002,51.99758095995372,120.0
depot_mult,1.5,moderate_04,moderate,none,11142.488,3.4264412866651246e-16,0.0,120.0
depot_mult,1.5,moderate_04,moderate,proportional,5833.804,1.0,96.08581645077676,120.0
depot_mult,1.5,moderate_04,moderate,nearest_first,7890.332,0.6126105829618037,44.05783460632048,120.0
depot_mult,1.5,moderate_04,moderate,nearest_first_post,5833.804,1.0,36.66802198673939,120.0
depot_mult,1.5,moderate_04,moderate,access_opt,5833.804,1.0,36.66802198673939,120.0
depot_mult,1.5,moderate_05,moderate,none,10897.560000000001,-1.7002519673552113e-16,0.0,120.0
depot_mult,1.5,moderate_05,moderate,proportional,2324.9638756236623,0.8013006231591872,118.4732221977842,120.0
depot_mult,1.5,moderate_05,moderate,nearest_first,4262.204,0.6202222547921398,70.07838582143314,120.0
depot_mult,1.5,moderate_05,moderate,nearest_first_post,199.208,0.9999999999999997,58.16850408996336,120.0
depot_mult,1.5,moderate_05,moderate,access_opt,199.208,0.9999999999999997,58.16850408996336,120.0
depot_mult,1.5,moderate_06,moderate,none,13342.320000000002,0.0,0.0,120.0
depot_mult,1.5,moderate_06,moderate,proportional,4386.396000000001,1.0,111.16696620322801,120.0
depot_mult,1.5,moderate_06,moderate,nearest_first,7839.0560000000005,0.6144831063774101,60.371659946661524,120.0
depot_mult,1.5,moderate_06,moderate,nearest_first_post,4386.396000000001,1.0,50.71219836711125,120.0
depot_mult,1.5,moderate_06,moderate,access_opt,4386.396000000001,1.0,50.71219836711125,120.0
depot_mult,1.5,moderate_07,moderate,none,9327.624,4.2698720475642955e-16,0.0,120.0
depot_mult,1.5,moderate_07,moderate,proportional,5248.572086686364,0.9575113363095784,73.8127832898987,120.0
depot_mult,1.5,moderate_07,moderate,nearest_first,6802.424000000001,0.5927621608730027,36.77209786010821,120.0
depot_mult,1.5,moderate_07,moderate,nearest_first_post,5067.567999999999,1.0000000000000004,32.34507429486498,120.0
depot_mult,1.5,moderate_07,moderate,access_opt,5067.567999999999,1.0000000000000004,32.34507429486498,120.0
depot_mult,1.5,moderate_08,moderate,none,10482.332000000002,-3.1057077120103594e-16,0.0,120.0
depot_mult,1.5,moderate_08,moderate,proportional,4732.608,0.9816968770637965,98.61382582600424,120.0
depot_mult,1.5,moderate_08,moderate,nearest_first,6580.816000000001,0.666137378596683,47.503439592203655,120.0
depot_mult,1.5,moderate_08,moderate,nearest_first_post,4625.407999999999,1.0,40.968614831860094,120.0
depot_mult,1.5,moderate_08,moderate,access_opt,4625.407999999999,1.0,40.968614831860094,120.0
depot_mult,1.5,moderate_09,moderate,none,12476.36,0.0,0.0,120.0
depot_mult,1.5,moderate_09,moderate,proportional,2512.75090837167,0.8408299100459258,118.87214610853431,120.0
depot_mult,1.5,moderate_09,moderate,nearest_first,5638.444,0.5770523755305182,73.01645975834097,120.0
depot_mult,1.5,moderate_09,moderate,nearest_first_post,626.628,0.9999999999999999,58.96122662801794,120.0
depot_mult,1.5,moderate_09,moderate,access_opt,626.628,0.9999999999999999,58.96122662801794,120.0
depot_mult,1.5,moderate_10,moderate,none,13349.42,0.0,0.0,120.0
depot_mult,1.5,moderate_10,moderate,proportional,6667.636,0.9842097138540904,104.5769113687479,120.0
depot_mult,1.5,moderate_10,moderate,nearest_first,9364.483999999999,0.5869708928464114,50.365373170205,120.0
depot_mult,1.5,moderate_10,moderate,nearest_first_post,6560.436,0.9999999999999999,46.46260407301314,120.0
depot_mult,1.5,moderate_10,moderate,access_opt,6560.436,0.9999999999999999,46.46260407301314,120.0
depot_mult,1.5,moderate_11,moderate,none,13676.024000000001,2.9162809322307135e-16,0.0,120.0
depot_mult,1.5,moderate_11,moderate,proportional,7438.664000000001,1.0000000000000002,99.59437175381993,120.0
depot_mult,1.5,moderate_11,moderate,nearest_first,9915.640000000001,0.6028807059396927,47.56638990936366,120.0
depot_mult,1.5,moderate_11,moderate,nearest_first_post,7438.664000000001,1.0000000000000002,36.32705102706548,120.0
depot_mult,1.5,moderate_11,moderate,access_opt,7438.664000000001,1.0000000000000002,36.32705102706548,120.0
depot_mult,1.5,moderate_12,moderate,none,11957.860000000002,-2.7431782137384967e-16,0.0,120.0
depot_mult,1.5,moderate_12,moderate,proportional,5875.013305105129,0.9173408321356487,103.43069149124373,120.0
depot_mult,1.5,moderate_12,moderate,nearest_first,7817.804,0.6243528082526865,52.431981150611826,120.0
depot_mult,1.5,moderate_12,moderate,nearest_first_post,5326.904,1.0000000000000002,45.31638419550898,120.0
depot_mult,1.5,moderate_12,moderate,access_opt,5326.904,1.0000000000000002,45.31638419550898,120.0
depot_mult,1.5,moderate_13,moderate,none,11868.396,0.0,0.0,120.0
depot_mult,1.5,moderate_13,moderate,proportional,6649.536,0.9798725511916875,97.23482882052791,120.0
depot_mult,1.5,moderate_13,moderate,nearest_first,8383.168000000001,0.654372650702395,46.124442586727305,120.0
depot_mult,1.5,moderate_13,moderate,nearest_first_post,6542.336,0.9999999999999998,39.589617826383765,120.0
depot_mult,1.5,moderate_13,moderate,access_opt,6542.336,0.9999999999999998,39.589617826383765,120.0
depot_mult,1.5,moderate_14,moderate,none,13130.58,0.0,0.0,120.0
depot_mult,1.5,moderate_14,moderate,proportional,6474.036,1.0,95.90792351893732,120.0
depot_mult,1.5,moderate_14,moderate,nearest_first,9278.872000000001,0.5786347990789212,40.77878970973875,120.0
depot_mult,1.5,moderate_14,moderate,nearest_first_post,6474.036,1.0,43.503515678350055,120.0
depot_mult,1.5,moderate_14,moderate,access_opt,6474.036,1.0,43.503515678350055,120.0
depot_mult,1.5,moderate_15,moderate,none,10175.612000000001,-4.4146327934761507e-16,0.0,120.0
depot_mult,1.5,moderate_15,moderate,proportional,6236.252086686364,0.9560708503699273,73.8127832898987,120.0
depot_mult,1.5,moderate_15,moderate,nearest_first,7700.84,0.6006197510705363,36.77209786010821,120.0
depot_mult,1.5,moderate_15,moderate,nearest_first_post,6055.248,1.0,32.34507429486498,120.0
depot_mult,1.5,moderate_15,moderate,access_opt,6055.248,1.0,32.34507429486498,120.0
depot_mult,1.5,moderate_16,moderate,none,12197.064,2.9616918694911337e-16,0.0,120.0
depot_mult,1.5,moderate_16,moderate,proportional,6055.339999999999,1.0000000000000004,97.4648134562531,120.0
depot_mult,1.5,moderate_16,moderate,nearest_first,8450.668,0.6099909406544486,45.43683161179682,120.0
depot_mult,1.5,moderate_16,moderate,nearest_first_post,6055.339999999999,1.0000000000000004,38.047018992215726,120.0
depot_mult,1.5,moderate_16,moderate,access_opt,6055.339999999999,1.0000000000000004,38.047018992215726,120.0
depot_mult,1.5,moderate_17,moderate,none,12013.084000000003,-2.8701477078224e-16,0.0,120.0
depot_mult,1.5,moderate_17,moderate,proportional,5675.468000000001,1.0,101.33637174868468,120.0
depot_mult,1.5,moderate_17,moderate,nearest_first,7947.724,0.6414651818601822,50.30242285304498,120.0
depot_mult,1.5,moderate_17,moderate,nearest_first_post,5675.468000000001,1.0,45.88557101904695,120.0
depot_mult,1.5,moderate_17,moderate,access_opt,5675.468000000001,1.0,45.88557101904695,120.0
depot_mult,1.5,moderate_18,moderate,none,11448.456,0.0,0.0,120.0
depot_mult,1.5,moderate_18,moderate,proportional,5553.031422116588,0.9229147820236054,95.73870220625645,120.0
depot_mult,1.5,moderate_18,moderate,nearest_first,7958.312,0.5463737931742726,44.62831597245584,120.0
depot_mult,1.5,moderate_18,moderate,nearest_first_post,5060.624,1.0,37.11344643318956,120.0
depot_mult,1.5,moderate_18,moderate,access_opt,5060.624,1.0,37.11344643318956,120.0
depot_mult,1.5,moderate_19,moderate,none,11922.552000000001,-2.217550673029765e-16,0.0,120.0
depot_mult,1.5,moderate_19,moderate,proportional,4113.361821001637,0.9520272577453025,115.71269919561749,120.0
depot_mult,1.5,moderate_19,moderate,nearest_first,6483.912,0.6630307889015999,60.98920316025599,120.0
depot_mult,1.5,moderate_19,moderate,nearest_first_post,3719.856,0.9999999999999998,50.49004198455262,120.0
depot_mult,1.5,moderate_19,moderate,access_opt,3719.856,0.9999999999999998,50.49004198455262,120.0
depot_mult,1.5,severe_00,severe,none,6763.052,6.811551483293651e-16,0.0,120.0
depot_mult,1.5,severe_00,severe,proportional,4396.369414797763,0.8862492679888312,39.60429588853428,120.0
depot_mult,1.5,severe_00,severe,nearest_first,5414.464000000001,0.505004403755475,19.981128872369947,120.0
depot_mult,1.5,severe_00,severe,nearest_first_post,4092.6040000000003,1.0000000000000004,21.26076243943445,120.0
depot_mult,1.5,severe_00,severe,access_opt,4092.6040000000003,1.0000000000000004,21.26076243943445,120.0
depot_mult,1.5,severe_01,severe,none,8592.872000000001,0.0,0.0,120.0
depot_mult,1.5,severe_01,severe,proportional,5741.024000000001,1.0,35.871773298977566,120.0
depot_mult,1.5,severe_01,severe,nearest_first,6721.576000000001,0.6561696135277898,19.357356858100314,120.0
depot_mult,1.5,severe_01,severe,nearest_first_post,5741.024000000001,1.0,19.65135594280663,120.0
depot_mult,1.5,severe_01,severe,access_opt,5741.024000000001,1.0,19.65135594280663,120.0
depot_mult,1.5,severe_02,severe,none,9780.096,0.0,0.0,120.0
depot_mult,1.5,severe_02,severe,proportional,5944.284,1.0,68.13368136579155,120.0
depot_mult,1.5,severe_02,severe,nearest_first,7490.104,0.5970031899373586,34.352798036265405,120.0
depot_mult,1.5,severe_02,severe,nearest_first_post,5944.284,1.0,33.25481031229964,120.0
depot_mult,1.5,severe_02,severe,access_opt,5944.284,1.0,33.25481031229964,120.0
depot_mult,1.5,severe_03,severe,none,7062.584000000001,0.0,0.0,120.0
depot_mult,1.5,severe_03,severe,proportional,5103.1,0.9162512835571883,39.45877580295722,120.0
depot_mult,1.5,severe_03,severe,nearest_first,5916.072,0.5361070014420732,20.8437949058546,120.0
depot_mult,1.5,severe_03,severe,nearest_first_post,4923.996,1.0000000000000002,21.414553680156665,120.0
depot_mult,1.5,severe_03,severe,access_opt,4923.996,1.0000000000000002,21.414553680156665,120.0
depot_mult,1.5,severe_04,severe,none,8277.728000000001,-5.384696961893816e-16,0.0,120.0
depot_mult,1.5,severe_04,severe,proportional,4899.656000000001,0.9999999999999994,64.78207468359153,120.0
depot_mult,1.5,severe_04,severe,nearest_first,6492.844000000001,0.5283735811433262,31.001191354065394,120.0
depot_mult,1.5,severe_04,severe,nearest_first_post,4899.656000000001,0.9999999999999994,25.06516585825645,120.0
depot_mult,1.5,severe_04,severe,access_opt,4899.656000000001,0.9999999999999994,25.06516585825645,120.0
depot_mult,1.5,severe_05,severe,none,3936.716,-5.05364676927525e-15,0.0,120.0
depot_mult,1.5,severe_05,severe,proportional,3846.732,0.999999999999994,3.857982843633515,120.0
depot_mult,1.5,severe_05,severe,nearest_first,3932.244,0.04969772403982149,2.3948816399609716,120.0
depot_mult,1.5,severe_05,severe,nearest_first_post,3846.732,0.999999999999994,2.146577805742294,120.0
depot_mult,1.5,severe_05,severe,access_opt,3846.732,0.999999999999994,2.146577805742294,120.0
depot_mult,1.5,severe_06,severe,none,9623.968,0.0,0.0,120.0
depot_mult,1.5,severe_06,severe,proportional,6131.656,0.9702181851317626,63.21046500160769,120.0
depot_mult,1.5,severe_06,severe,nearest_first,7729.380000000001,0.5263457935409022,30.347177282737224,120.0
depot_mult,1.5,severe_06,severe,nearest_first_post,6024.456,1.0000000000000002,25.920153717494003,120.0
depot_mult,1.5,severe_06,severe,access_opt,6024.456,1.0000000000000002,25.920153717494003,120.0
depot_mult,1.5,severe_07,severe,none,9036.912,5.869828465593558e-16,0.0,120.0
depot_mult,1.5,severe_07,severe,proportional,6134.5760764875495,0.9365757704436611,65.32562721601998,120.0
depot_mult,1.5,severe_07,severe,nearest_first,7197.612000000001,0.5935370198265183,36.137629506299994,120.0
depot_mult,1.5,severe_07,severe,nearest_first_post,5938.032000000001,1.0000000000000002,31.567020253151725,120.0
depot_mult,1.5,severe_07,severe,access_opt,5938.032000000001,1.0000000000000002,31.567020253151725,120.0
depot_mult,1.5,severe_08,severe,none,7126.8640000000005,-4.255360062045468e-16,0.0,120.0
depot_mult,1.5,severe_08,severe,proportional,5096.771999999999,0.9498430724486877,25.241222915200897,120.0
depot_mult,1.5,severe_08,severe,nearest_first,6534.428,0.277190014279752,16.641894754659678,120.0
depot_mult,1.5,severe_08,severe,nearest_first_post,4989.572,0.9999999999999998,18.203560165010437,120.0
depot_mult,1.5,severe_08,severe,access_opt,4989.572,0.9999999999999998,18.203560165010437,120.0
depot_mult,1.5,severe_09,severe,none,6805.9000000000015,-1.0431013858854523e-15,0.0,120.0
depot_mult,1.5,severe_09,severe,proportional,5062.072,0.9999999999999998,31.757914512190972,120.0
depot_mult,1.5,severe_09,severe,nearest_first,5940.42,0.49631041593551634,14.229094809589057,120.0
depot_mult,1.5,severe_09,severe,nearest_first_post,5062.072,0.9999999999999998,16.869207929882187,120.0
depot_mult,1.5,severe_09,severe,access_opt,5062.072,0.9999999999999998,16.869207929882187,120.0
depot_mult,1.5,severe_10,severe,none,8973.848,6.316558311812195e-16,0.0,120.0
depot_mult,1.5,severe_10,severe,proportional,6094.132,1.0000000000000009,69.26449876449796,120.0
depot_mult,1.5,severe_10,severe,nearest_first,7084.7080000000005,0.6560160793633821,35.48361543497183,120.0
depot_mult,1.5,severe_10,severe,nearest_first_post,6094.132,1.0000000000000009,26.685686207971415,120.0
depot_mult,1.5,severe_10,severe,access_opt,6094.132,1.0000000000000009,26.685686207971415,120.0
depot_mult,1.5,severe_11,severe,none,7846.1680000000015,0.0,0.0,120.0
depot_mult,1.5,severe_11,severe,proportional,5166.4734634215965,0.9769168113659017,58.98476696272651,120.0
depot_mult,1.5,severe_11,severe,nearest_first,6455.052,0.5071490755417773,28.664229406078945,120.0
depot_mult,1.5,severe_11,severe,nearest_first_post,5103.156000000001,1.0000000000000002,31.56048244737034,120.0
depot_mult,1.5,severe_11,severe,access_opt,5103.156000000001,1.0000000000000002,31.56048244737034,120.0
depot_mult,1.5,severe_12,severe,none,7890.628000000001,0.0,0.0,120.0
depot_mult,1.5,severe_12,severe,proportional,4083.6680000000006,0.9726122590798538,51.36527234582455,120.0
depot_mult,1.5,severe_12,severe,nearest_first,6005.959999999999,0.48149998978069414,22.931322626884313,120.0
depot_mult,1.5,severe_12,severe,nearest_first_post,3976.468,1.0000000000000004,26.5798993820517,120.0
depot_mult,1.5,severe_12,severe,access_opt,3976.468,1.0000000000000004,26.5798993820517,120.0
depot_mult,1.5,severe_13,severe,none,6975.152,0.0,0.0,120.0
depot_mult,1.5,severe_13,severe,proportional,4659.530185557025,0.8503286617999708,38.80709394551633,120.0
depot_mult,1.5,severe_13,severe,nearest_first,5983.2480000000005,0.3642409981169266,19.18392692935199,120.0
depot_mult,1.5,severe_13,severe,nearest_first_post,4251.9439999999995,1.0000000000000002,19.809546425088328,120.0
depot_mult,1.5,severe_13,severe,access_opt,4251.9439999999995,1.0000000000000002,19.809546425088328,120.0
depot_mult,1.5,severe_14,severe,none,7376.984,0.0,0.0,120.0
depot_mult,1.5,severe_14,severe,proportional,5066.985676692039,0.9056401913638564,38.43493550565713,120.0
depot_mult,1.5,severe_14,severe,nearest_first,6432.7080000000005,0.3702055922342277,17.89417287883712,120.0
depot_mult,1.5,severe_14,severe,nearest_first_post,4826.304,1.0000000000000002,20.534285999130255,120.0
depot_mult,1.5,severe_14,severe,access_opt,4826.304,1.0000000000000002,20.534285999130255,120.0
depot_mult,1.5,severe_15,severe,none,8712.880000000001,0.0,0.0,120.0
depot_mult,1.5,severe_15,severe,proportional,5996.66007648755,0.96815468244975,65.5892087553475,120.0
depot_mult,1.5,severe_15,severe,nearest_first,7059.696000000001,0.5892519293803313,35.48361543497183,120.0
depot_mult,1.5,severe_15,severe,nearest_first_post,5907.316000000001,1.0,30.71203239391417,120.0
depot_mult,1.5,severe_15,severe,access_opt,5907.316000000001,1.0,30.71203239391417,120.0
depot_mult,1.5,severe_16,severe,none,7073.664000000001,0.0,0.0,120.0
depot_mult,1.5,severe_16,severe,proportional,4898.572,1.0000000000000002,22.987146574792565,120.0
depot_mult,1.5,severe_16,severe,nearest_first,6522.400000000001,0.2534439922541208,13.470222803595664,120.0
depot_mult,1.5,severe_16,severe,nearest_first_post,4898.572,1.0000000000000002,14.176900354708877,120.0
depot_mult,1.5,severe_16,severe,access_opt,4898.572,1.0000000000000002,14.176900354708877,120.0
depot_mult,1.5,severe_17,severe,none,8477.868,-7.106237912862937e-16,0.0,120.0
depot_mult,1.5,severe_17,severe,proportional,5918.16,0.9999999999999994,62.705374759241366,120.0
depot_mult,1.5,severe_17,severe,nearest_first,7175.74,0.5087017737960732,28.709547193443342,120.0
depot_mult,1.5,severe_17,severe,nearest_first_post,5918.16,0.9999999999999994,22.637803292722673,120.0
depot_mult,1.5,severe_17,severe,access_opt,5918.16,0.9999999999999994,22.637803292722673,120.0
depot_mult,1.5,severe_18,severe,none,8882.696,0.0,0.0,120.0
depot_mult,1.5,severe_18,severe,proportional,6168.001463421595,0.9408995029059927,57.63728287952703,120.0
depot_mult,1.5,severe_18,severe,nearest_first,7463.860000000001,0.491761437287797,28.44928516980704,120.0
depot_mult,1.5,severe_18,severe,nearest_first_post,5997.4839999999995,1.0000000000000002,32.20052607033599,120.0
depot_mult,1.5,severe_18,severe,access_opt,5997.4839999999995,1.0000000000000002,32.20052607033599,120.0
depot_mult,1.5,severe_19,severe,none,7178.136,0.0,0.0,120.0
depot_mult,1.5,severe_19,severe,proportional,4463.4414634215955,0.9408995029059927,57.63728287952703,120.0
depot_mult,1.5,severe_19,severe,nearest_first,5759.3,0.4917614372877973,28.44928516980704,120.0
depot_mult,1.5,severe_19,severe,nearest_first_post,4292.924,1.0000000000000002,32.20052607033599,120.0
depot_mult,1.5,severe_19,severe,access_opt,4292.924,1.0000000000000002,32.20052607033599,120.0
depot_mult,2.0,mild_00,mild,none,12355.224,0.0,0.0,120.0
depot_mult,2.0,mild_00,mild,proportional,1818.1767630905933,0.888091621862734,116.77190133100405,120.0
depot_mult,2.0,mild_00,mild,nearest_first,4335.852000000001,0.6758949566870798,65.82017951272937,120.0
depot_mult,2.0,mild_00,mild,nearest_first_post,490.404,0.9999999999999999,58.57017947296741,120.0
depot_mult,2.0,mild_00,mild,access_opt,490.404,0.9999999999999999,58.57017947296741,120.0
depot_mult,2.0,mild_01,mild,none,12086.94,0.0,0.0,120.0
depot_mult,2.0,mild_01,mild,proportional,1874.6054042163885,0.8806366483735841,118.16498790364648,120.0
depot_mult,2.0,mild_01,mild,nearest_first,3943.9360000000006,0.7021927927443159,67.2132660853718,120.0
depot_mult,2.0,mild_01,mild,nearest_first_post,490.404,0.9999999999999999,59.96326604560985,120.0
depot_mult,2.0,mild_01,mild,access_opt,490.404,0.9999999999999999,59.96326604560985,120.0
depot_mult,2.0,mild_02,mild,none,10623.372000000003,0.0,0.0,120.0
depot_mult,2.0,mild_02,mild,proportional,524.8828219587257,0.9505916933005146,118.99115558822956,120.0
depot_mult,2.0,mild_02,mild,nearest_first,1244.5119999999997,0.8828515089182607,65.35733025058958,120.0
depot_mult,2.0,mild_02,mild,nearest_first_post,0.0,1.0,60.71028451692656,120.0
depot_mult,2.0,mild_02,mild,access_opt,0.0,1.0,60.71028451692656,120.0
depot_mult,2.0,mild_03,mild,none,10578.472000000003,0.0,0.0,120.0
depot_mult,2.0,mild_03,mild,proportional,1155.4360536252939,0.8907747684518811,118.02094272947133,120.0
depot_mult,2.0,mild_03,mild,nearest_first,1484.248,0.8596916454474711,69.96602978455957,120.0
depot_mult,2.0,mild_03,mild,nearest_first_post,0.0,1.0,61.52234170069192,120.0
depot_mult,2.0,mild_03,mild,access_opt,0.0,1.0,61.52234170069192,120.0
depot_mult,2.0,mild_04,mild,none,12088.616000000004,-3.009425402454435e-16,0.0,120.0
depot_mult,2.0,mild_04,mild,proportional,1500.1053520890018,0.8759076016568809,117.84848246094008,120.0
depot_mult,2.0,mild_04,mild,nearest_first,2996.1359999999995,0.7521522728491002,69.02347139338666,120.0
depot_mult,2.0,mild_04,mild,nearest_first_post,0.0,0.9999999999999999,60.57978330951901,120.0
depot_mult,2.0,mild_04,mild,access_opt,0.0,0.9999999999999999,60.57978330951901,120.0
depot_mult,2.0,mild_05,mild,none,12188.431999999999,0.0,0.0,120.0
depot_mult,2.0,mild_05,mild,proportional,1713.31146165969,0.8954603748888538,116.54224860377947,120.0
depot_mult,2.0,mild_05,mild,nearest_first,4329.272000000001,0.6718363129238533,67.32100590783512,120.0
depot_mult,2.0,mild_05,mild,nearest_first_post,490.404,0.9999999999999999,60.745836978516905,120.0
depot_mult,2.0,mild_05,mild,access_opt,490.404,0.9999999999999999,60.745836978516905,120.0
depot_mult,2.0,mild_06,mild,none,10763.320000000003,0.0,0.0,120.0
depot_mult,2.0,mild_06,mild,proportional,524.8828219587257,0.9512341153139809,117.67298304264976,120.0
depot_mult,2.0,mild_06,mild,nearest_first,1398.6799999999998,0.8700512481279012,64.03915770500977,120.0
depot_mult,2.0,mild_06,mild,nearest_first_post,0.0,1.0000000000000002,59.392111971346765,120.0
depot_mult,2.0,mild_06,mild,access_opt,0.0,1.0000000000000002,59.392111971346765,120.0
depot_mult,2.0,mild_07,mild,none,12214.296,0.0,0.0,120.0
depot_mult,2.0,mild_07,mild,proportional,1891.6860213733703,0.8451252514779918,117.38334122232237,120.0
depot_mult,2.0,mild_07,mild,nearest_first,3565.8520000000003,0.7080591464297246,71.98717778694309,120.0
depot_mult,2.0,mild_07,mild,nearest_first_post,0.0,1.0,62.897053384350166,120.0
depot_mult,2.0,mild_07,mild,access_opt,0.0,1.0,62.897053384350166,120.0
depot_mult,2.0,mild_08,mild,none,12088.616000000004,-3.009425402454435e-16,0.0,120.0
depot_mult,2.0,mild_08,mild,proportional,1500.1053520890018,0.8759076016568809,117.84848246094008,120.0
depot_mult,2.0,mild_08,mild,nearest_first,2996.1359999999995,0.7521522728491002,69.02347139338666,120.0
depot_mult,2.0,mild_08,mild,nearest_first_post,0.0,0.9999999999999999,60.57978330951901,120.0
depot_mult,2.0,mild_08,mild,access_opt,0.0,0.9999999999999999,60.57978330951901,120.0
depot_mult,2.0,mild_09,mild,none,12765.376000000002,0.0,0.0,120.0
depot_mult,2.0,mild_09,mild,proportional,1431.3827336422341,0.8878699120462856,119.96482292657676,120.0
depot_mult,2.0,mild_09,mild,nearest_first,3682.8959999999993,0.7114933394833025,70.05004479924986,120.0
depot_mult,2.0,mild_09,mild,nearest_first_post,0.0,1.0,59.00474251262579,120.0
depot_mult,2.0,mild_09,mild,access_opt,0.0,1.0,59.00474251262579,120.0
depot_mult,2.0,mild_10,mild,none,10821.000000000004,0.0,0.0,120.0
depot_mult,2.0,mild_10,mild,proportional,524.8828219587257,0.9514940558212066,117.67298304264976,120.0
depot_mult,2.0,mild_10,mild,nearest_first,1398.6799999999998,0.8707439238517699,64.03915770500977,120.0
depot_mult,2.0,mild_10,mild,nearest_first_post,0.0,1.0000000000000002,59.392111971346765,120.0
depot_mult,2.0,mild_10,mild,access_opt,0.0,1.0000000000000002,59.392111971346765,120.0
depot_mult,2.0,mild_11,mild,none,13226.676000000001,0.0,0.0,120.0
depot_mult,2.0,mild_11,mild,proportional,2166.821158388166,0.8683745794383029,116.27735847667726,120.0
depot_mult,2.0,mild_11,mild,nearest_first,5425.196,0.6125403100687548,65.93025908884762,120.0
depot_mult,2.0,mild_11,mild,nearest_first_post,490.404,0.9999999999999999,63.911268958283266,120.0
depot_mult,2.0,mild_11,mild,access_opt,490.404,0.9999999999999999,63.911268958283266,120.0
depot_mult,2.0,mild_12,mild,none,12521.828,0.0,0.0,120.0
depot_mult,2.0,mild_12,mild,proportional,1678.1751676057863,0.8659800176455238,119.04598934317687,120.0
depot_mult,2.0,mild_12,mild,nearest_first,3662.987999999999,0.7074717844710853,69.13121121584996,120.0
depot_mult,2.0,mild_12,mild,nearest_first_post,0.0,1.0,56.36594096407564,120.0
depot_mult,2.0,mild_12,mild,access_opt,0.0,1.0,56.36594096407564,120.0
depot_mult,2.0,mild_13,mild,none,10623.372000000003,0.0,0.0,120.0
depot_mult,2.0,mild_13,mild,proportional,524.8828219587257,0.9505916933005146,118.99115558822956,120.0
depot_mult,2.0,mild_13,mild,nearest_first,1244.5119999999997,0.8828515089182607,65.35733025058958,120.0
depot_mult,2.0,mild_13,mild,nearest_first_post,0.0,1.0,60.71028451692656,120.0
depot_mult,2.0,mild_13,mild,access_opt,0.0,1.0,60.71028451692656,120.0
depot_mult,2.0,mild_14,mild,none,12096.884000000002,0.0,0.0,120.0
depot_mult,2.0,mild_14,mild,proportional,1415.1597453422305,0.8830145229678791,116.65154430101178,120.0
depot_mult,2.0,mild_14,mild,nearest_first,2890.771999999999,0.7610316838617285,71.44313137189232,120.0
depot_mult,2.0,mild_14,mild,nearest_first_post,0.0,1.0,62.99944328802465,120.0
depot_mult,2.0,mild_14,mild,access_opt,0.0,1.0,62.99944328802465,120.0
depot_mult,2.0,mild_15,mild,none,12251.624000000002,0.0,0.0,120.0
depot_mult,2.0,mild_15,mild,proportional,1481.4772047309352,0.8790791159824252,119.92763558078305,120.0
depot_mult,2.0,mild_15,mild,nearest_first,3409.163999999999,0.7217377875782021,67.41124325069971,120.0
depot_mult,2.0,mild_15,mild,nearest_first_post,0.0,1.0,58.96755516683207,120.0
depot_mult,2.0,mild_15,mild,access_opt,0.0,1.0,58.96755516683207,120.0
depot_mult,2.0,mild_16,mild,none,12073.636,0.0,0.0,120.0
depot_mult,2.0,mild_16,mild,proportional,1545.989662142804,0.8719532655992939,116.75928412347508,120.0
depot_mult,2.0,mild_16,mild,nearest_first,3101.1639999999993,0.7431458095970428,71.55087119435561,120.0
depot_mult,2.0,mild_16,mild,nearest_first_post,0.0,1.0,61.38721514533773,120.0
depot_mult,2.0,mild_16,mild,access_opt,0.0,1.0,61.38721514533773,120.0
depot_mult,2.0,mild_17,mild,none,11578.072000000002,0.0,0.0,120.0
depot_mult,2.0,mild_17,mild,proportional,1453.2102275115967,0.874485991492228,118.63833009449765,120.0
depot_mult,2.0,mild_17,mild,nearest_first,2355.5799999999995,0.7965481644957814,71.44313137189232,120.0
depot_mult,2.0,mild_17,mild,nearest_first_post,0.0,1.0,62.99944328802465,120.0
depot_mult,2.0,mild_17,mild,access_opt,0.0,1.0,62.99944328802465,120.0
depot_mult,2.0,mild_18,mild,none,10763.320000000003,0.0,0.0,120.0
depot_mult,2.0,mild_18,mild,proportional,524.8828219587257,0.9512341153139809,117.79461425803319,120.0
depot_mult,2.0,mild_18,mild,nearest_first,1398.6799999999998,0.8700512481279012,64.1607889203932,120.0
depot_mult,2.0,mild_18,mild,nearest_first_post,0.0,1.0000000000000002,59.513743186730196,120.0
depot_mult,2.0,mild_18,mild,access_opt,0.0,1.0000000000000002,59.513743186730196,120.0
depot_mult,2.0,mild_19,mild,none,12271.244000000002,0.0,0.0,120.0
depot_mult,2.0,mild_19,mild,proportional,1614.3411373925378,0.9045961801202175,117.28183483878225,120.0
depot_mult,2.0,mild_19,mild,nearest_first,4291.652,0.6773364208324705,64.44399400440396,120.0
depot_mult,2.0,mild_19,mild,nearest_first_post,490.404,1.0,57.64696321324413,120.0
depot_mult,2.0,mild_19,mild,access_opt,490.404,1.0,57.64696321324413,120.0
depot_mult,2.0,moderate_00,moderate,none,12176.336000000001,2.63399328385122e-16,0.0,120.0
depot_mult,2.0,moderate_00,moderate,proportional,5270.512000000001,1.0000000000000004,94.23809018532,120.0
depot_mult,2.0,moderate_00,moderate,nearest_first,8200.400000000001,0.5757366535839896,46.416969147591296,120.0
depot_mult,2.0,moderate_00,moderate,nearest_first_post,5270.512000000001,1.0000000000000004,42.079340995574526,120.0
depot_mult,2.0,moderate_00,moderate,access_opt,5270.512000000001,1.0000000000000004,42.079340995574526,120.0
depot_mult,2.0,moderate_01,moderate,none,12790.368000000002,-2.9827087212121123e-16,0.0,120.0
depot_mult,2.0,moderate_01,moderate,proportional,6799.120000000001,0.9824217571421449,95.10200380145034,120.0
depot_mult,2.0,moderate_01,moderate,nearest_first,9440.672,0.5492702405595653,40.77878970973875,120.0
depot_mult,2.0,moderate_01,moderate,nearest_first_post,6691.92,1.0,40.326274291100546,120.0
depot_mult,2.0,moderate_01,moderate,access_opt,6691.92,1.0,40.326274291100546,120.0
depot_mult,2.0,moderate_02,moderate,none,12728.044,3.069551831930438e-16,0.0,120.0
depot_mult,2.0,moderate_02,moderate,proportional,6966.181896155449,0.9723165149675784,100.44287376246919,120.0
depot_mult,2.0,moderate_02,moderate,nearest_first,8956.32,0.636479920727814,48.41489191801291,120.0
depot_mult,2.0,moderate_02,moderate,nearest_first_post,6802.132,1.0000000000000002,40.04503451950908,120.0
depot_mult,2.0,moderate_02,moderate,access_opt,6802.132,1.0000000000000002,40.04503451950908,120.0
depot_mult,2.0,moderate_03,moderate,none,10921.796,1.6964089299578204e-16,0.0,120.0
depot_mult,2.0,moderate_03,moderate,proportional,553.9229724067673,0.9669189031223839,117.93705277530034,120.0
depot_mult,2.0,moderate_03,moderate,nearest_first,4171.768000000001,0.6295148148935688,59.7621431463317,120.0
depot_mult,2.0,moderate_03,moderate,nearest_first_post,199.208,1.0000000000000002,51.99758095995372,120.0
depot_mult,2.0,moderate_03,moderate,access_opt,199.208,1.0000000000000002,51.99758095995372,120.0
depot_mult,2.0,moderate_04,moderate,none,11142.488,3.4264412866651246e-16,0.0,120.0
depot_mult,2.0,moderate_04,moderate,proportional,5833.804,1.0,96.08581645077676,120.0
depot_mult,2.0,moderate_04,moderate,nearest_first,7890.332,0.6126105829618037,44.05783460632048,120.0
depot_mult,2.0,moderate_04,moderate,nearest_first_post,5833.804,1.0,36.66802198673939,120.0
depot_mult,2.0,moderate_04,moderate,access_opt,5833.804,1.0,36.66802198673939,120.0
depot_mult,2.0,moderate_05,moderate,none,10897.560000000001,-1.7002519673552113e-16,0.0,120.0
depot_mult,2.0,moderate_05,moderate,proportional,1342.5398916750512,0.8931300922165345,118.4732221977842,120.0
depot_mult,2.0,moderate_05,moderate,nearest_first,4262.204,0.6202222547921398,70.07838582143314,120.0
depot_mult,2.0,moderate_05,moderate,nearest_first_post,199.208,0.9999999999999997,58.16850408996336,120.0
depot_mult,2.0,moderate_05,moderate,access_opt,199.208,0.9999999999999997,58.16850408996336,120.0
depot_mult,2.0,moderate_06,moderate,none,13342.320000000002,0.0,0.0,120.0
depot_mult,2.0,moderate_06,moderate,proportional,4386.396000000001,1.0,111.16696620322801,120.0
depot_mult,2.0,moderate_06,moderate,nearest_first,7839.0560000000005,0.6144831063774101,60.371659946661524,120.0
depot_mult,2.0,moderate_06,moderate,nearest_first_post,4386.396000000001,1.0,50.71219836711125,120.0
depot_mult,2.0,moderate_06,moderate,access_opt,4386.396000000001,1.0,50.71219836711125,120.0
depot_mult,2.0,moderate_07,moderate,none,9327.624,4.2698720475642955e-16,0.0,120.0
depot_mult,2.0,moderate_07,moderate,proportional,5174.767999999999,0.9748360115453886,73.8127832898987,120.0
depot_mult,2.0,moderate_07,moderate,nearest_first,6802.424000000001,0.5927621608730027,36.77209786010821,120.0
depot_mult,2.0,moderate_07,moderate,nearest_first_post,5067.567999999999,1.0000000000000004,32.34507429486498,120.0
depot_mult,2.0,moderate_07,moderate,access_opt,5067.567999999999,1.0000000000000004,32.34507429486498,120.0
depot_mult,2.0,moderate_08,moderate,none,10482.332000000002,-3.1057077120103594e-16,0.0,120.0
depot_mult,2.0,moderate_08,moderate,proportional,4732.608,0.9816968770637965,98.61382582600424,120.0
depot_mult,2.0,moderate_08,moderate,nearest_first,6580.816000000001,0.666137378596683,47.503439592203655,120.0
depot_mult,2.0,moderate_08,moderate,nearest_first_post,4625.407999999999,1.0,40.968614831860094,120.0
depot_mult,2.0,moderate_08,moderate,access_opt,4625.407999999999,1.0,40.968614831860094,120.0
depot_mult,2.0,moderate_09,moderate,none,12476.36,0.0,0.0,120.0
depot_mult,2.0,moderate_09,moderate,proportional,1613.213792004088,0.9167419320534769,118.87214610853431,120.0
depot_mult,2.0,moderate_09,moderate,nearest_first,5638.444,0.5770523755305182,73.01645975834097,120.0
depot_mult,2.0,moderate_09,moderate,nearest_first_post,626.628,0.9999999999999999,58.96122662801794,120.0
depot_mult,2.0,moderate_09,moderate,access_opt,626.628,0.9999999999999999,58.96122662801794,120.0
depot_mult,2.0,moderate_10,moderate,none,13349.42,0.0,0.0,120.0
depot_mult,2.0,moderate_10,moderate,proportional,6667.636,0.9842097138540904,104.5769113687479,120.0
depot_mult,2.0,moderate_10,moderate,nearest_first,9364.483999999999,0.5869708928464114,50.365373170205,120.0
depot_mult,2.0,moderate_10,moderate,nearest_first_post,6560.436,0.9999999999999999,46.46260407301314,120.0
depot_mult,2.0,moderate_10,moderate,access_opt,6560.436,0.9999999999999999,46.46260407301314,120.0
depot_mult,2.0,moderate_11,moderate,none,13676.024000000001,2.9162809322307135e-16,0.0,120.0
depot_mult,2.0,moderate_11,moderate,proportional,7438.664000000001,1.0000000000000002,99.59437175381993,120.0
depot_mult,2.0,moderate_11,moderate,nearest_first,9915.640000000001,0.6028807059396927,47.56638990936366,120.0
depot_mult,2.0,moderate_11,moderate,nearest_first_post,7438.664000000001,1.0000000000000002,36.32705102706548,120.0
depot_mult,2.0,moderate_11,moderate,access_opt,7438.664000000001,1.0000000000000002,36.32705102706548,120.0
depot_mult,2.0,moderate_12,moderate,none,11957.860000000002,-2.7431782137384967e-16,0.0,120.0
depot_mult,2.0,moderate_12,moderate,proportional,5672.423073473505,0.9478930227446083,103.43069149124373,120.0
depot_mult,2.0,moderate_12,moderate,nearest_first,7817.804,0.6243528082526865,52.431981150611826,120.0
depot_mult,2.0,moderate_12,moderate,nearest_first_post,5326.904,1.0000000000000002,45.31638419550898,120.0
depot_mult,2.0,moderate_12,moderate,access_opt,5326.904,1.0000000000000002,45.31638419550898,120.0
depot_mult,2.0,moderate_13,moderate,none,11868.396,0.0,0.0,120.0
depot_mult,2.0,moderate_13,moderate,proportional,6649.536,0.9798725511916875,97.23482882052791,120.0
depot_mult,2.0,moderate_13,moderate,nearest_first,8383.168000000001,0.654372650702395,46.124442586727305,120.0
depot_mult,2.0,moderate_13,moderate,nearest_first_post,6542.336,0.9999999999999998,39.589617826383765,120.0
depot_mult,2.0,moderate_13,moderate,access_opt,6542.336,0.9999999999999998,39.589617826383765,120.0
depot_mult,2.0,moderate_14,moderate,none,13130.58,0.0,0.0,120.0
depot_mult,2.0,moderate_14,moderate,proportional,6474.036,1.0,95.90792351893732,120.0
depot_mult,2.0,moderate_14,moderate,nearest_first,9278.872000000001,0.5786347990789212,40.77878970973875,120.0
depot_mult,2.0,moderate_14,moderate,nearest_first_post,6474.036,1.0,43.503515678350055,120.0
depot_mult,2.0,moderate_14,moderate,access_opt,6474.036,1.0,43.503515678350055,120.0
depot_mult,2.0,moderate_15,moderate,none,10175.612000000001,-4.4146327934761507e-16,0.0,120.0
depot_mult,2.0,moderate_15,moderate,proportional,6162.447999999999,0.9739828811240949,73.8127832898987,120.0
depot_mult,2.0,moderate_15,moderate,nearest_first,7700.84,0.6006197510705363,36.77209786010821,120.0
depot_mult,2.0,moderate_15,moderate,nearest_first_post,6055.248,1.0,32.34507429486498,120.0
depot_mult,2.0,moderate_15,moderate,access_opt,6055.248,1.0,32.34507429486498,120.0
depot_mult,2.0,moderate_16,moderate,none,12197.064,2.9616918694911337e-16,0.0,120.0
depot_mult,2.0,moderate_16,moderate,proportional,6055.339999999999,1.0000000000000004,97.4648134562531,120.0
depot_mult,2.0,moderate_16,moderate,nearest_first,8450.668,0.6099909406544486,45.43683161179682,120.0
depot_mult,2.0,moderate_16,moderate,nearest_first_post,6055.339999999999,1.0000000000000004,38.047018992215726,120.0
depot_mult,2.0,moderate_16,moderate,access_opt,6055.339999999999,1.0000000000000004,38.047018992215726,120.0
depot_mult,2.0,moderate_17,moderate,none,12013.084000000003,-2.8701477078224e-16,0.0,120.0
depot_mult,2.0,moderate_17,moderate,proportional,5675.468000000001,1.0,101.33637174868468,120.0
depot_mult,2.0,moderate_17,moderate,nearest_first,7947.724,0.6414651818601822,50.30242285304498,120.0
depot_mult,2.0,moderate_17,moderate,nearest_first_post,5675.468000000001,1.0,45.88557101904695,120.0
depot_mult,2.0,moderate_17,moderate,access_opt,5675.468000000001,1.0,45.88557101904695,120.0
depot_mult,2.0,moderate_18,moderate,none,11448.456,0.0,0.0,120.0
depot_mult,2.0,moderate_18,moderate,proportional,5331.87389615545,0.9575364699391827,95.73870220625645,120.0
depot_mult,2.0,moderate_18,moderate,nearest_first,7958.312,0.5463737931742726,44.62831597245584,120.0
depot_mult,2.0,moderate_18,moderate,nearest_first_post,5060.624,1.0,37.11344643318956,120.0
depot_mult,2.0,moderate_18,moderate,access_opt,5060.624,1.0,37.11344643318956,120.0
depot_mult,2.0,moderate_19,moderate,none,11922.552000000001,-2.217550673029765e-16,0.0,120.0
depot_mult,2.0,moderate_19,moderate,proportional,3954.6560000000004,0.9713752649129015,115.71269919561749,120.0
depot_mult,2.0,moderate_19,moderate,nearest_first,6483.912,0.6630307889015999,60.98920316025599,120.0
depot_mult,2.0,moderate_19,moderate,nearest_first_post,3719.856,0.9999999999999998,50.49004198455262,120.0
depot_mult,2.0,moderate_19,moderate,access_opt,3719.856,0.9999999999999998,50.49004198455262,120.0
depot_mult,2.0,severe_00,severe,none,6763.052,6.811551483293651e-16,0.0,120.0
depot_mult,2.0,severe_00,severe,proportional,4327.064,0.9122019975674497,39.60429588853428,120.0
depot_mult,2.0,severe_00,severe,nearest_first,5414.464000000001,0.505004403755475,19.981128872369947,120.0
depot_mult,2.0,severe_00,severe,nearest_first_post,4092.6040000000003,1.0000000000000004,21.26076243943445,120.0
depot_mult,2.0,severe_00,severe,access_opt,4092.6040000000003,1.0000000000000004,21.26076243943445,120.0
depot_mult,2.0,severe_01,severe,none,8592.872000000001,0.0,0.0,120.0
depot_mult,2.0,severe_01,severe,proportional,5741.024000000001,1.0,35.871773298977566,120.0
depot_mult,2.0,severe_01,severe,nearest_first,6721.576000000001,0.6561696135277898,19.357356858100314,120.0
depot_mult,2.0,severe_01,severe,nearest_first_post,5741.024000000001,1.0,19.65135594280663,120.0
depot_mult,2.0,severe_01,severe,access_opt,5741.024000000001,1.0,19.65135594280663,120.0
depot_mult,2.0,severe_02,severe,none,9780.096,0.0,0.0,120.0
depot_mult,2.0,severe_02,severe,proportional,5944.284,1.0,68.13368136579155,120.0
depot_mult,2.0,severe_02,severe,nearest_first,7490.104,0.5970031899373586,34.352798036265405,120.0
depot_mult,2.0,severe_02,severe,nearest_first_post,5944.284,1.0,33.25481031229964,120.0
depot_mult,2.0,severe_02,severe,access_opt,5944.284,1.0,33.25481031229964,120.0
depot_mult,2.0,severe_03,severe,none,7062.584000000001,0.0,0.0,120.0
depot_mult,2.0,severe_03,severe,proportional,5103.1,0.9162512835571883,39.45877580295722,120.0
depot_mult,2.0,severe_03,severe,nearest_first,5916.072,0.5361070014420732,20.8437949058546,120.0
depot_mult,2.0,severe_03,severe,nearest_first_post,4923.996,1.0000000000000002,21.414553680156665,120.0
depot_mult,2.0,severe_03,severe,access_opt,4923.996,1.0000000000000002,21.414553680156665,120.0
depot_mult,2.0,severe_04,severe,none,8277.728000000001,-5.384696961893816e-16,0.0,120.0
depot_mult,2.0,severe_04,severe,proportional,4899.656000000001,0.9999999999999994,64.78207468359153,120.0
depot_mult,2.0,severe_04,severe,nearest_first,6492.844000000001,0.5283735811433262,31.001191354065394,120.0
depot_mult,2.0,severe_04,severe,nearest_first_post,4899.656000000001,0.9999999999999994,25.06516585825645,120.0
depot_mult,2.0,severe_04,severe,access_opt,4899.656000000001,0.9999999999999994,25.06516585825645,120.0
depot_mult,2.0,severe_05,severe,none,3936.716,-5.05364676927525e-15,0.0,120.0
depot_mult,2.0,severe_05,severe,proportional,3846.732,0.999999999999994,3.857982843633515,120.0
depot_mult,2.0,severe_05,severe,nearest_first,3932.244,0.04969772403982149,2.3948816399609716,120.0
depot_mult,2.0,severe_05,severe,nearest_first_post,3846.732,0.999999999999994,2.146577805742294,120.0
depot_mult,2.0,severe_05,severe,access_opt,3846.732,0.999999999999994,2.146577805742294,120.0
depot_mult,2.0,severe_06,severe,none,9623.968,0.0,0.0,120.0
depot_mult,2.0,severe_06,severe,proportional,6131.656,0.9702181851317626,63.21046500160769,120.0
depot_mult,2.0,severe_06,severe,nearest_first,7729.380000000001,0.5263457935409022,30.347177282737224,120.0
depot_mult,2.0,severe_06,severe,nearest_first_post,6024.456,1.0000000000000002,25.920153717494003,120.0
depot_mult,2.0,severe_06,severe,access_opt,6024.456,1.0000000000000002,25.920153717494003,120.0
depot_mult,2.0,severe_07,severe,none,9036.912,5.869828465593558e-16,0.0,120.0
depot_mult,2.0,severe_07,severe,proportional,6110.422768650066,0.9443699760397097,65.32562721601998,120.0
depot_mult,2.0,severe_07,severe,nearest_first,7197.612000000001,0.5935370198265183,36.137629506299994,120.0
depot_mult,2.0,severe_07,severe,nearest_first_post,5938.032000000001,1.0000000000000002,31.567020253151725,120.0
depot_mult,2.0,severe_07,severe,access_opt,5938.032000000001,1.0000000000000002,31.567020253151725,120.0
depot_mult,2.0,severe_08,severe,none,7126.8640000000005,-4.255360062045468e-16,0.0,120.0
depot_mult,2.0,severe_08,severe,proportional,5096.771999999999,0.9498430724486877,25.241222915200897,120.0
depot_mult,2.0,severe_08,severe,nearest_first,6534.428,0.277190014279752,16.641894754659678,120.0
depot_mult,2.0,severe_08,severe,nearest_first_post,4989.572,0.9999999999999998,18.203560165010437,120.0
depot_mult,2.0,severe_08,severe,access_opt,4989.572,0.9999999999999998,18.203560165010437,120.0
depot_mult,2.0,severe_09,severe,none,6805.9000000000015,-1.0431013858854523e-15,0.0,120.0
depot_mult,2.0,severe_09,severe,proportional,5062.072,0.9999999999999998,31.757914512190972,120.0
depot_mult,2.0,severe_09,severe,nearest_first,5940.42,0.49631041593551634,14.229094809589057,120.0
depot_mult,2.0,severe_09,severe,nearest_first_post,5062.072,0.9999999999999998,16.869207929882187,120.0
depot_mult,2.0,severe_09,severe,access_opt,5062.072,0.9999999999999998,16.869207929882187,120.0
depot_mult,2.0,severe_10,severe,none,8973.848,6.316558311812195e-16,0.0,120.0
depot_mult,2.0,severe_10,severe,proportional,6094.132,1.0000000000000009,69.26449876449796,120.0
depot_mult,2.0,severe_10,severe,nearest_first,7084.7080000000005,0.6560160793633821,35.48361543497183,120.0
depot_mult,2.0,severe_10,severe,nearest_first_post,6094.132,1.0000000000000009,26.685686207971415,120.0
depot_mult,2.0,severe_10,severe,access_opt,6094.132,1.0000000000000009,26.685686207971415,120.0
depot_mult,2.0,severe_11,severe,none,7846.1680000000015,0.0,0.0,120.0
depot_mult,2.0,severe_11,severe,proportional,5133.644617895461,0.9888849855941353,58.98476696272651,120.0
depot_mult,2.0,severe_11,severe,nearest_first,6455.052,0.5071490755417773,28.664229406078945,120.0
depot_mult,2.0,severe_11,severe,nearest_first_post,5103.156000000001,1.0000000000000002,31.56048244737034,120.0
depot_mult,2.0,severe_11,severe,access_opt,5103.156000000001,1.0000000000000002,31.56048244737034,120.0
depot_mult,2.0,severe_12,severe,none,7890.628000000001,0.0,0.0,120.0
depot_mult,2.0,severe_12,severe,proportional,4083.6680000000006,0.9726122590798538,51.36527234582455,120.0
depot_mult,2.0,severe_12,severe,nearest_first,6005.959999999999,0.48149998978069414,22.931322626884313,120.0
depot_mult,2.0,severe_12,severe,nearest_first_post,3976.468,1.0000000000000004,26.5798993820517,120.0
depot_mult,2.0,severe_12,severe,access_opt,3976.468,1.0000000000000004,26.5798993820517,120.0
depot_mult,2.0,severe_13,severe,none,6975.152,0.0,0.0,120.0
depot_mult,2.0,severe_13,severe,proportional,4551.142914076034,0.8901299812294787,38.80709394551633,120.0
depot_mult,2.0,severe_13,severe,nearest_first,5983.2480000000005,0.3642409981169266,19.18392692935199,120.0
depot_mult,2.0,severe_13,severe,nearest_first_post,4251.9439999999995,1.0000000000000002,19.809546425088328,120.0
depot_mult,2.0,severe_13,severe,access_opt,4251.9439999999995,1.0000000000000002,19.809546425088328,120.0
depot_mult,2.0,severe_14,severe,none,7376.984,0.0,0.0,120.0
depot_mult,2.0,severe_14,severe,proportional,4978.708902256052,0.9402493051829114,38.43493550565713,120.0
depot_mult,2.0,severe_14,severe,nearest_first,6432.7080000000005,0.3702055922342277,17.89417287883712,120.0
depot_mult,2.0,severe_14,severe,nearest_first_post,4826.304,1.0000000000000002,20.534285999130255,120.0
depot_mult,2.0,severe_14,severe,access_opt,4826.304,1.0000000000000002,20.534285999130255,120.0
depot_mult,2.0,severe_15,severe,none,8712.880000000001,0.0,0.0,120.0
depot_mult,2.0,severe_15,severe,proportional,5972.506768650067,0.9767637563605513,65.5892087553475,120.0
depot_mult,2.0,severe_15,severe,nearest_first,7059.696000000001,0.5892519293803313,35.48361543497183,120.0
depot_mult,2.0,severe_15,severe,nearest_first_post,5907.316000000001,1.0,30.71203239391417,120.0
depot_mult,2.0,severe_15,severe,access_opt,5907.316000000001,1.0,30.71203239391417,120.0
depot_mult,2.0,severe_16,severe,none,7073.664000000001,0.0,0.0,120.0
depot_mult,2.0,severe_16,severe,proportional,4898.572,1.0000000000000002,22.987146574792565,120.0
depot_mult,2.0,severe_16,severe,nearest_first,6522.400000000001,0.2534439922541208,13.470222803595664,120.0
depot_mult,2.0,severe_16,severe,nearest_first_post,4898.572,1.0000000000000002,14.176900354708877,120.0
depot_mult,2.0,severe_16,severe,access_opt,4898.572,1.0000000000000002,14.176900354708877,120.0
depot_mult,2.0,severe_17,severe,none,8477.868,-7.106237912862937e-16,0.0,120.0
depot_mult,2.0,severe_17,severe,proportional,5918.16,0.9999999999999994,62.705374759241366,120.0
depot_mult,2.0,severe_17,severe,nearest_first,7175.74,0.5087017737960732,28.709547193443342,120.0
depot_mult,2.0,severe_17,severe,nearest_first_post,5918.16,0.9999999999999994,22.637803292722673,120.0
depot_mult,2.0,severe_17,severe,access_opt,5918.16,0.9999999999999994,22.637803292722673,120.0
depot_mult,2.0,severe_18,severe,none,8882.696,0.0,0.0,120.0
depot_mult,2.0,severe_18,severe,proportional,6135.1726178954605,0.9522778160164798,57.63728287952703,120.0
depot_mult,2.0,severe_18,severe,nearest_first,7463.860000000001,0.491761437287797,28.44928516980704,120.0
depot_mult,2.0,severe_18,severe,nearest_first_post,5997.4839999999995,1.0000000000000002,32.20052607033599,120.0
depot_mult,2.0,severe_18,severe,access_opt,5997.4839999999995,1.0000000000000002,32.20052607033599,120.0
depot_mult,2.0,severe_19,severe,none,7178.136,0.0,0.0,120.0
depot_mult,2.0,severe_19,severe,proportional,4430.612617895461,0.9522778160164798,57.63728287952703,120.0
depot_mult,2.0,severe_19,severe,nearest_first,5759.3,0.4917614372877973,28.44928516980704,120.0
depot_mult,2.0,severe_19,severe,nearest_first_post,4292.924,1.0000000000000002,32.20052607033599,120.0
depot_mult,2.0,severe_19,severe,access_opt,4292.924,1.0000000000000002,32.20052607033599,120.0
horizon,7.0,mild_00,mild,none,2831.206,0.0,0.0,120.0
horizon,7.0,mild_00,mild,proportional,412.85458265646145,0.8874671073303153,116.77190133100405,120.0
horizon,7.0,mild_00,mild,nearest_first,1488.6680000000001,0.49267377222198566,27.595456063747335,120.0
horizon,7.0,mild_00,mild,nearest_first_post,106.202,0.9999999999999998,25.982817507118764,120.0
horizon,7.0,mild_00,mild,access_opt,106.202,0.9999999999999998,25.982817507118764,120.0
horizon,7.0,mild_01,mild,none,2821.542,0.0,0.0,120.0
horizon,7.0,mild_01,mild,proportional,422.39460396010764,0.8835532183961832,118.16498790364648,120.0
horizon,7.0,mild_01,mild,nearest_first,1479.0040000000004,0.49442721721773314,27.595456063747335,120.0
horizon,7.0,mild_01,mild,nearest_first_post,106.202,1.0,22.602932737056364,120.0
horizon,7.0,mild_01,mild,access_opt,106.202,1.0,22.602932737056364,120.0
horizon,7.0,mild_02,mild,none,2077.198,0.0,0.0,120.0
horizon,7.0,mild_02,mild,proportional,220.54708025858352,0.893824719521883,118.99115558822956,120.0
horizon,7.0,mild_02,mild,nearest_first,553.116,0.7337201364530488,24.67454140102949,120.0
horizon,7.0,mild_02,mild,nearest_first_post,0.0,1.0,24.160216320218545,120.0
horizon,7.0,mild_02,mild,access_opt,0.0,1.0,24.160216320218545,120.0
horizon,7.0,mild_03,mild,none,2065.556,0.0,0.0,120.0
horizon,7.0,mild_03,mild,proportional,359.76508025858357,0.8258265182553348,118.02094272947133,120.0
horizon,7.0,mild_03,mild,nearest_first,659.318,0.6808036189771665,25.907898650616456,120.0
horizon,7.0,mild_03,mild,nearest_first_post,0.0,1.0,27.201345924608,120.0
horizon,7.0,mild_03,mild,access_opt,0.0,1.0,27.201345924608,120.0
horizon,7.0,mild_04,mild,none,2905.1299999999997,1.5653253069104108e-16,0.0,120.0
horizon,7.0,mild_04,mild,proportional,175.87381225723917,0.9394609493354037,117.84848246094008,120.0
horizon,7.0,mild_04,mild,nearest_first,1366.9360000000001,0.5294751009421266,23.488238672110807,120.0
horizon,7.0,mild_04,mild,nearest_first_post,0.0,1.0000000000000002,25.39357356980551,120.0
horizon,7.0,mild_04,mild,access_opt,0.0,1.0000000000000002,25.39357356980551,120.0
horizon,7.0,mild_05,mild,none,2861.598,0.0,0.0,120.0
horizon,7.0,mild_05,mild,proportional,398.57565316831244,0.8938905140428771,116.54224860377947,120.0
horizon,7.0,mild_05,mild,nearest_first,1538.656,0.4801277202986431,26.39891473355096,120.0
horizon,7.0,mild_05,mild,nearest_first_post,106.202,0.9999999999999999,22.05677007321748,120.0
horizon,7.0,mild_05,mild,access_opt,106.202,0.9999999999999999,22.05677007321748,120.0
horizon,7.0,mild_06,mild,none,2107.358,0.0,0.0,120.0
horizon,7.0,mild_06,mild,proportional,220.54708025858352,0.8953442745567751,117.67298304264976,120.0
horizon,7.0,mild_06,mild,nearest_first,576.398,0.7264831129784308,23.356368855449684,120.0
horizon,7.0,mild_06,mild,nearest_first_post,0.0,1.0,22.84204377463874,120.0
horizon,7.0,mild_06,mild,access_opt,0.0,1.0,22.84204377463874,120.0
horizon,7.0,mild_07,mild,none,2710.674,0.0,0.0,120.0
horizon,7.0,mild_07,mild,proportional,385.8592007580592,0.8576519342576573,117.38334122232237,120.0
horizon,7.0,mild_07,mild,nearest_first,1254.4640000000004,0.537213253972997,27.21627608265621,120.0
horizon,7.0,mild_07,mild,nearest_first_post,0.0,1.0,28.022006158907057,120.0
horizon,7.0,mild_07,mild,access_opt,0.0,1.0,28.022006158907057,120.0
horizon,7.0,mild_08,mild,none,2905.1299999999997,1.5653253069104108e-16,0.0,120.0
horizon,7.0,mild_08,mild,proportional,175.87381225723917,0.9394609493354037,117.84848246094008,120.0
horizon,7.0,mild_08,mild,nearest_first,1366.9360000000001,0.5294751009421266,23.488238672110807,120.0
horizon,7.0,mild_08,mild,nearest_first_post,0.0,1.0000000000000002,25.39357356980551,120.0
horizon,7.0,mild_08,mild,access_opt,0.0,1.0000000000000002,25.39357356980551,120.0
horizon,7.0,mild_09,mild,none,3047.388,0.0,0.0,120.0
horizon,7.0,mild_09,mild,proportional,187.77823021298514,0.9383805966903508,119.96482292657676,120.0
horizon,7.0,mild_09,mild,nearest_first,1509.194,0.504758173229008,25.907898650616456,120.0
horizon,7.0,mild_09,mild,nearest_first_post,0.0,1.0,28.773458339867915,120.0
horizon,7.0,mild_09,mild,access_opt,0.0,1.0,28.773458339867915,120.0
horizon,7.0,mild_10,mild,none,2107.358,0.0,0.0,120.0
horizon,7.0,mild_10,mild,proportional,220.54708025858352,0.8953442745567751,117.67298304264976,120.0
horizon,7.0,mild_10,mild,nearest_first,576.398,0.7264831129784308,23.356368855449684,120.0
horizon,7.0,mild_10,mild,nearest_first_post,0.0,1.0,22.84204377463874,120.0
horizon,7.0,mild_10,mild,access_opt,0.0,1.0,22.84204377463874,120.0
horizon,7.0,mild_11,mild,none,3230.2239999999997,0.0,0.0,120.0
horizon,7.0,mild_11,mild,proportional,535.9105791940831,0.8624502070746993,116.27735847667726,120.0
horizon,7.0,mild_11,mild,nearest_first,1907.2819999999997,0.4234739704137807,26.39891473355096,120.0
horizon,7.0,mild_11,mild,nearest_first_post,106.202,1.0,23.641804225754232,120.0
horizon,7.0,mild_11,mild,access_opt,106.202,1.0,23.641804225754232,120.0
horizon,7.0,mild_12,mild,none,3068.066,0.0,0.0,120.0
horizon,7.0,mild_12,mild,proportional,207.20025971039095,0.9324655142000234,119.04598934317687,120.0
horizon,7.0,mild_12,mild,nearest_first,1537.1059999999998,0.4989983918207757,22.291697341914432,120.0
horizon,7.0,mild_12,mild,nearest_first_post,0.0,1.0,24.197032239609136,120.0
horizon,7.0,mild_12,mild,access_opt,0.0,1.0,24.197032239609136,120.0
horizon,7.0,mild_13,mild,none,2077.198,0.0,0.0,120.0
horizon,7.0,mild_13,mild,proportional,220.54708025858352,0.893824719521883,118.99115558822956,120.0
horizon,7.0,mild_13,mild,nearest_first,553.116,0.7337201364530488,24.67454140102949,120.0
horizon,7.0,mild_13,mild,nearest_first_post,0.0,1.0,24.160216320218545,120.0
horizon,7.0,mild_13,mild,access_opt,0.0,1.0,24.160216320218545,120.0
horizon,7.0,mild_14,mild,none,2833.3099999999995,0.0,0.0,120.0
horizon,7.0,mild_14,mild,proportional,183.0943247056021,0.9353779414516583,116.65154430101178,120.0
horizon,7.0,mild_14,mild,nearest_first,1295.116,0.5428964709121133,25.907898650616456,120.0
horizon,7.0,mild_14,mild,nearest_first_post,0.0,1.0,25.39357356980551,120.0
horizon,7.0,mild_14,mild,access_opt,0.0,1.0,25.39357356980551,120.0
horizon,7.0,mild_15,mild,none,2937.7459999999996,1.5479464558422144e-16,0.0,120.0
horizon,7.0,mild_15,mild,proportional,167.69743446091692,0.9429162921297768,119.92763558078305,120.0
horizon,7.0,mild_15,mild,nearest_first,1414.9759999999997,0.5183463784820065,22.291697341914432,120.0
horizon,7.0,mild_15,mild,nearest_first_post,0.0,1.0000000000000002,25.782066392145893,120.0
horizon,7.0,mild_15,mild,access_opt,0.0,1.0000000000000002,25.782066392145893,120.0
horizon,7.0,mild_16,mild,none,2782.844,0.0,0.0,120.0
horizon,7.0,mild_16,mild,proportional,213.73274804968392,0.9231962883835086,116.75928412347508,120.0
horizon,7.0,mild_16,mild,nearest_first,1251.8839999999996,0.5501422285977945,24.711357320420078,120.0
horizon,7.0,mild_16,mild,nearest_first_post,0.0,1.0000000000000002,24.197032239609136,120.0
horizon,7.0,mild_16,mild,access_opt,0.0,1.0000000000000002,24.197032239609136,120.0
horizon,7.0,mild_17,mild,none,2650.2459999999996,0.0,0.0,120.0
horizon,7.0,mild_17,mild,proportional,220.54708025858352,0.9167824117992882,118.63833009449765,120.0
horizon,7.0,mild_17,mild,nearest_first,1103.8619999999996,0.5834869668702454,25.907898650616456,120.0
horizon,7.0,mild_17,mild,nearest_first_post,0.0,1.0,25.39357356980551,120.0
horizon,7.0,mild_17,mild,access_opt,0.0,1.0,25.39357356980551,120.0
horizon,7.0,mild_18,mild,none,2107.358,0.0,0.0,120.0
horizon,7.0,mild_18,mild,proportional,220.54708025858352,0.8953442745567751,117.79461425803319,120.0
horizon,7.0,mild_18,mild,nearest_first,576.398,0.7264831129784308,23.47800007083311,120.0
horizon,7.0,mild_18,mild,nearest_first_post,0.0,1.0,22.96367499002217,120.0
horizon,7.0,mild_18,mild,access_opt,0.0,1.0,22.96367499002217,120.0
horizon,7.0,mild_19,mild,none,2711.5939999999996,0.0,0.0,120.0
horizon,7.0,mild_19,mild,proportional,378.19466974154625,0.8956039360904053,117.28183483878225,120.0
horizon,7.0,mild_19,mild,nearest_first,1388.652,0.5077708076174332,23.877549290884424,120.0
horizon,7.0,mild_19,mild,nearest_first_post,106.202,1.0,23.641804225754232,120.0
horizon,7.0,mild_19,mild,access_opt,106.202,1.0,23.641804225754232,120.0
horizon,7.0,moderate_00,moderate,none,2962.156,6.156340843094828e-16,0.0,120.0
horizon,7.0,moderate_00,moderate,proportional,1484.826,1.0000000000000007,94.23809018532,120.0
horizon,7.0,moderate_00,moderate,nearest_first,2140.888,0.5559137091915828,7.173536921455975,120.0
horizon,7.0,moderate_00,moderate,nearest_first_post,1484.826,1.0000000000000007,17.559643109761524,120.0
horizon,7.0,moderate_00,moderate,access_opt,1484.826,1.0000000000000007,17.559643109761524,120.0
horizon,7.0,moderate_01,moderate,none,3021.1899999999996,7.030551979024393e-16,0.0,120.0
horizon,7.0,moderate_01,moderate,proportional,1727.558,1.0000000000000004,95.10200380145034,120.0
horizon,7.0,moderate_01,moderate,nearest_first,2199.9220000000005,0.6348544253698116,7.173536921455975,120.0
horizon,7.0,moderate_01,moderate,nearest_first_post,1727.558,1.0000000000000004,14.26558368827778,120.0
horizon,7.0,moderate_01,moderate,access_opt,1727.558,1.0000000000000004,14.26558368827778,120.0
horizon,7.0,moderate_02,moderate,none,3180.924,0.0,0.0,120.0
horizon,7.0,moderate_02,moderate,proportional,1719.578,1.0,100.44287376246919,120.0
horizon,7.0,moderate_02,moderate,nearest_first,2370.4360000000006,0.5546174554143916,9.240144901862799,120.0
horizon,7.0,moderate_02,moderate,nearest_first_post,1719.578,1.0,12.40586970020529,120.0
horizon,7.0,moderate_02,moderate,access_opt,1719.578,1.0,12.40586970020529,120.0
horizon,7.0,moderate_03,moderate,none,2829.9300000000003,0.0,0.0,120.0
horizon,7.0,moderate_03,moderate,proportional,116.99416639538485,0.9699747055521246,117.93705277530034,120.0
horizon,7.0,moderate_03,moderate,nearest_first,1587.3080000000002,0.4442832350225999,21.462309998486827,120.0
horizon,7.0,moderate_03,moderate,nearest_first_post,33.016000000000005,1.0,20.0568191730184,120.0
horizon,7.0,moderate_03,moderate,access_opt,33.016000000000005,1.0,20.0568191730184,120.0
horizon,7.0,moderate_04,moderate,none,2599.09,0.0,0.0,120.0
horizon,7.0,moderate_04,moderate,proportional,1457.292,1.0000000000000002,96.08581645077676,120.0
horizon,7.0,moderate_04,moderate,nearest_first,1884.0839999999998,0.6262105906648989,10.111610858363797,120.0
horizon,7.0,moderate_04,moderate,nearest_first_post,1457.292,1.0000000000000002,12.474462153318761,120.0
horizon,7.0,moderate_04,moderate,access_opt,1457.292,1.0000000000000002,12.474462153318761,120.0
horizon,7.0,moderate_05,moderate,none,2765.3900000000003,0.0,0.0,120.0
horizon,7.0,moderate_05,moderate,proportional,117.84677395485373,0.968953454411858,118.4732221977842,120.0
horizon,7.0,moderate_05,moderate,nearest_first,1522.7679999999998,0.4547774206605685,26.238227896245743,120.0
horizon,7.0,moderate_05,moderate,nearest_first_post,33.016000000000005,0.9999999999999999,20.37099609661023,120.0
horizon,7.0,moderate_05,moderate,access_opt,33.016000000000005,0.9999999999999999,20.37099609661023,120.0
horizon,7.0,moderate_06,moderate,none,3627.6620000000003,0.0,0.0,120.0
horizon,7.0,moderate_06,moderate,proportional,1363.1640000000002,1.0000000000000002,111.16696620322801,120.0
horizon,7.0,moderate_06,moderate,nearest_first,2445.1100000000006,0.5222137533351763,22.399972570713405,120.0
horizon,7.0,moderate_06,moderate,nearest_first_post,1363.1640000000002,1.0000000000000002,19.36659874182245,120.0
horizon,7.0,moderate_06,moderate,access_opt,1363.1640000000002,1.0000000000000002,19.36659874182245,120.0
horizon,7.0,moderate_07,moderate,none,2312.3500000000004,0.0,0.0,120.0
horizon,7.0,moderate_07,moderate,proportional,1356.1419999999998,1.0000000000000004,73.8127832898987,120.0
horizon,7.0,moderate_07,moderate,nearest_first,1657.14,0.6852170239111158,7.173536921455975,120.0
horizon,7.0,moderate_07,moderate,nearest_first_post,1356.1419999999998,1.0000000000000004,11.75185562887712,120.0
horizon,7.0,moderate_07,moderate,access_opt,1356.1419999999998,1.0000000000000004,11.75185562887712,120.0
horizon,7.0,moderate_08,moderate,none,2703.624,0.0,0.0,120.0
horizon,7.0,moderate_08,moderate,proportional,1159.368,0.9999999999999999,98.61382582600424,120.0
horizon,7.0,moderate_08,moderate,nearest_first,1819.7360000000003,0.5723714202826471,12.178218838770619,120.0
horizon,7.0,moderate_08,moderate,nearest_first_post,1159.368,0.9999999999999999,12.474462153318761,120.0
horizon,7.0,moderate_08,moderate,access_opt,1159.368,0.9999999999999999,12.474462153318761,120.0
horizon,7.0,moderate_09,moderate,none,3319.5520000000006,0.0,0.0,120.0
horizon,7.0,moderate_09,moderate,proportional,178.94996995108824,0.9847499716386522,118.87214610853431,120.0
horizon,7.0,moderate_09,moderate,nearest_first,2014.3100000000002,0.4092645327818119,29.176301833153563,120.0
horizon,7.0,moderate_09,moderate,nearest_first_post,130.31400000000002,1.0000000000000002,20.12541162613187,120.0
horizon,7.0,moderate_09,moderate,access_opt,130.31400000000002,1.0000000000000002,20.12541162613187,120.0
horizon,7.0,moderate_10,moderate,none,2892.446,0.0,0.0,120.0
horizon,7.0,moderate_10,moderate,proportional,1624.224,1.0,104.5769113687479,120.0
horizon,7.0,moderate_10,moderate,nearest_first,2071.178,0.647574320584251,7.173536921455975,120.0
horizon,7.0,moderate_10,moderate,nearest_first_post,1624.224,1.0,14.26558368827778,120.0
horizon,7.0,moderate_10,moderate,access_opt,1624.224,1.0,14.26558368827778,120.0
horizon,7.0,moderate_11,moderate,none,3588.29,0.0,0.0,120.0
horizon,7.0,moderate_11,moderate,proportional,2052.848,1.0000000000000002,99.59437175381993,120.0
horizon,7.0,moderate_11,moderate,nearest_first,2715.1820000000007,0.5686362623921968,10.111610858363797,120.0
horizon,7.0,moderate_11,moderate,nearest_first_post,2052.848,1.0000000000000002,13.990829767274612,120.0
horizon,7.0,moderate_11,moderate,access_opt,2052.848,1.0000000000000002,13.990829767274612,120.0
horizon,7.0,moderate_12,moderate,none,3002.2560000000003,0.0,0.0,120.0
horizon,7.0,moderate_12,moderate,proportional,1513.022,1.0,103.43069149124373,120.0
horizon,7.0,moderate_12,moderate,nearest_first,2180.9880000000003,0.551470084620684,9.240144901862799,120.0
horizon,7.0,moderate_12,moderate,nearest_first_post,1513.022,1.0,12.40586970020529,120.0
horizon,7.0,moderate_12,moderate,access_opt,1513.022,1.0,12.40586970020529,120.0
horizon,7.0,moderate_13,moderate,none,2993.2880000000005,0.0,0.0,120.0
horizon,7.0,moderate_13,moderate,proportional,1701.1019999999999,1.0000000000000004,97.23482882052791,120.0
horizon,7.0,moderate_13,moderate,nearest_first,2239.9080000000004,0.5830275208058283,12.178218838770619,120.0
horizon,7.0,moderate_13,moderate,nearest_first_post,1701.1019999999999,1.0000000000000004,12.474462153318761,120.0
horizon,7.0,moderate_13,moderate,access_opt,1701.1019999999999,1.0000000000000004,12.474462153318761,120.0
horizon,7.0,moderate_14,moderate,none,2864.25,0.0,0.0,120.0
horizon,7.0,moderate_14,moderate,proportional,1596.028,1.0,95.90792351893732,120.0
horizon,7.0,moderate_14,moderate,nearest_first,2042.982,0.647574320584251,7.173536921455975,120.0
horizon,7.0,moderate_14,moderate,nearest_first_post,1596.028,1.0,14.26558368827778,120.0
horizon,7.0,moderate_14,moderate,access_opt,1596.028,1.0,14.26558368827778,120.0
horizon,7.0,moderate_15,moderate,none,2371.0379999999996,4.884535785262462e-16,0.0,120.0
horizon,7.0,moderate_15,moderate,proportional,1440.044,0.9999999999999998,73.8127832898987,120.0
horizon,7.0,moderate_15,moderate,nearest_first,1741.0420000000001,0.6766917939320767,7.173536921455975,120.0
horizon,7.0,moderate_15,moderate,nearest_first_post,1440.044,0.9999999999999998,11.75185562887712,120.0
horizon,7.0,moderate_15,moderate,access_opt,1440.044,0.9999999999999998,11.75185562887712,120.0
horizon,7.0,moderate_16,moderate,none,3022.5959999999995,5.867753181140294e-16,0.0,120.0
horizon,7.0,moderate_16,moderate,proportional,1472.6079999999997,1.0000000000000004,97.4648134562531,120.0
horizon,7.0,moderate_16,moderate,nearest_first,2138.7079999999996,0.5702547374560324,10.111610858363797,120.0
horizon,7.0,moderate_16,moderate,nearest_first_post,1472.6079999999997,1.0000000000000004,13.990829767274612,120.0
horizon,7.0,moderate_16,moderate,access_opt,1472.6079999999997,1.0000000000000004,13.990829767274612,120.0
horizon,7.0,moderate_17,moderate,none,2980.8820000000005,-3.475115437064426e-16,0.0,120.0
horizon,7.0,moderate_17,moderate,proportional,1672.3,1.0,101.33637174868468,120.0
horizon,7.0,moderate_17,moderate,nearest_first,2159.6140000000005,0.627601480075379,9.240144901862799,120.0
horizon,7.0,moderate_17,moderate,nearest_first_post,1672.3,1.0,16.38662186992231,120.0
horizon,7.0,moderate_17,moderate,access_opt,1672.3,1.0,16.38662186992231,120.0
horizon,7.0,moderate_18,moderate,none,2846.96,6.199361600221175e-16,0.0,120.0
horizon,7.0,moderate_18,moderate,proportional,1379.882,1.0000000000000004,95.73870220625645,120.0
horizon,7.0,moderate_18,moderate,nearest_first,2036.4720000000002,0.5524505172867432,7.173536921455975,120.0
horizon,7.0,moderate_18,moderate,nearest_first_post,1379.882,1.0000000000000004,13.92223731416114,120.0
horizon,7.0,moderate_18,moderate,access_opt,1379.882,1.0000000000000004,13.92223731416114,120.0
horizon,7.0,moderate_19,moderate,none,2965.2620000000006,-2.349668646409696e-16,0.0,120.0
horizon,7.0,moderate_19,moderate,proportional,1029.8940000000002,0.9999999999999999,115.71269919561749,120.0
horizon,7.0,moderate_19,moderate,nearest_first,1782.71,0.6110217798372196,19.9269252090738,120.0
horizon,7.0,moderate_19,moderate,nearest_first_post,1029.8940000000002,0.9999999999999999,18.083493226114044,120.0
horizon,7.0,moderate_19,moderate,access_opt,1029.8940000000002,0.9999999999999999,18.083493226114044,120.0
horizon,7.0,severe_00,severe,none,1515.8600000000001,4.011759228524406e-16,0.0,120.0
horizon,7.0,severe_00,severe,proportional,949.0920000000001,1.0000000000000004,39.60429588853428,120.0
horizon,7.0,severe_00,severe,nearest_first,1159.6960000000001,0.6284123309714031,9.52924486579293,120.0
horizon,7.0,severe_00,severe,nearest_first_post,949.0920000000001,1.0000000000000004,6.739152262859904,120.0
horizon,7.0,severe_00,severe,access_opt,949.0920000000001,1.0000000000000004,6.739152262859904,120.0
horizon,7.0,severe_01,severe,none,2185.4880000000003,0.0,0.0,120.0
horizon,7.0,severe_01,severe,proportional,1173.452,1.0000000000000002,35.871773298977566,120.0
horizon,7.0,severe_01,severe,nearest_first,1494.7960000000003,0.6824776984217953,8.484178671745578,120.0
horizon,7.0,severe_01,severe,nearest_first_post,1173.452,1.0000000000000002,10.193015895372376,120.0
horizon,7.0,severe_01,severe,access_opt,1173.452,1.0000000000000002,10.193015895372376,120.0
horizon,7.0,severe_02,severe,none,2377.978,0.0,0.0,120.0
horizon,7.0,severe_02,severe,proportional,1440.044,1.0,68.13368136579155,120.0
horizon,7.0,severe_02,severe,nearest_first,1769.9640000000002,0.6482481709800475,10.111610858363797,120.0
horizon,7.0,severe_02,severe,nearest_first_post,1440.044,1.0,15.871386622883165,120.0
horizon,7.0,severe_02,severe,access_opt,1440.044,1.0,15.871386622883165,120.0
horizon,7.0,severe_03,severe,none,2067.2200000000003,0.0,0.0,120.0
horizon,7.0,severe_03,severe,proportional,1738.704,0.9013575951798244,39.45877580295722,120.0
horizon,7.0,severe_03,severe,nearest_first,1812.0939999999998,0.6999956100398399,9.569258408280197,120.0
horizon,7.0,severe_03,severe,nearest_first_post,1702.752,1.0000000000000007,6.80483541744607,120.0
horizon,7.0,severe_03,severe,access_opt,1702.752,1.0000000000000007,6.80483541744607,120.0
horizon,7.0,severe_04,severe,none,2432.4680000000008,-1.2449826724956856e-15,0.0,120.0
horizon,7.0,severe_04,severe,proportional,1701.9400000000003,0.9999999999999993,64.78207468359153,120.0
horizon,7.0,severe_04,severe,nearest_first,2002.9380000000003,0.5879719873844664,7.173536921455975,120.0
horizon,7.0,severe_04,severe,nearest_first_post,1701.9400000000003,0.9999999999999993,11.75185562887712,120.0
horizon,7.0,severe_04,severe,access_opt,1701.9400000000003,0.9999999999999993,11.75185562887712,120.0
horizon,7.0,severe_05,severe,none,811.8120000000001,,0.0,120.0
horizon,7.0,severe_05,severe,proportional,811.8120000000001,,3.857982843633515,120.0
horizon,7.0,severe_05,severe,nearest_first,811.8120000000001,,0.5157896956046489,120.0
horizon,7.0,severe_05,severe,nearest_first_post,811.8120000000001,,0.0,120.0
horizon,7.0,severe_05,severe,access_opt,811.8120000000001,,0.0,120.0
horizon,7.0,severe_06,severe,none,2184.068,0.0,0.0,120.0
horizon,7.0,severe_06,severe,proportional,1428.6200000000003,0.9999999999999997,63.21046500160769,120.0
horizon,7.0,severe_06,severe,nearest_first,1729.6180000000002,0.6015635755207506,6.519522850127808,120.0
horizon,7.0,severe_06,severe,nearest_first_post,1428.6200000000003,0.9999999999999997,11.75185562887712,120.0
horizon,7.0,severe_06,severe,access_opt,1428.6200000000003,0.9999999999999997,11.75185562887712,120.0
horizon,7.0,severe_07,severe,none,2327.1220000000003,0.0,0.0,120.0
horizon,7.0,severe_07,severe,proportional,1408.4880000000003,1.0,65.32562721601998,120.0
horizon,7.0,severe_07,severe,nearest_first,1746.2460000000003,0.63232582290662,8.484178671745578,120.0
horizon,7.0,severe_07,severe,nearest_first_post,1408.4880000000003,1.0,14.219362081315133,120.0
horizon,7.0,severe_07,severe,access_opt,1408.4880000000003,1.0,14.219362081315133,120.0
horizon,7.0,severe_08,severe,none,2223.7500000000005,-8.667599682960593e-16,0.0,120.0
horizon,7.0,severe_08,severe,proportional,1699.098,1.0,25.241222915200897,120.0
horizon,7.0,severe_08,severe,nearest_first,2089.78,0.2553502130936312,7.488684533455189,120.0
horizon,7.0,severe_08,severe,nearest_first_post,1699.098,1.0,9.549345361140492,120.0
horizon,7.0,severe_08,severe,access_opt,1699.098,1.0,9.549345361140492,120.0
horizon,7.0,severe_09,severe,none,2005.3120000000001,0.0,0.0,120.0
horizon,7.0,severe_09,severe,proportional,1584.3400000000001,0.9999999999999999,31.757914512190972,120.0
horizon,7.0,severe_09,severe,nearest_first,1714.2340000000002,0.691442661269633,5.546104734837757,120.0
horizon,7.0,severe_09,severe,nearest_first_post,1584.3400000000001,0.9999999999999999,6.827260348995953,120.0
horizon,7.0,severe_09,severe,access_opt,1584.3400000000001,0.9999999999999999,6.827260348995953,120.0
horizon,7.0,severe_10,severe,none,2352.0640000000003,0.0,0.0,120.0
horizon,7.0,severe_10,severe,proportional,1419.912,1.0000000000000002,69.26449876449796,120.0
horizon,7.0,severe_10,severe,nearest_first,1746.268,0.6498897175567936,7.830164600417412,120.0
horizon,7.0,severe_10,severe,nearest_first_post,1419.912,1.0000000000000002,10.193015895372376,120.0
horizon,7.0,severe_10,severe,access_opt,1419.912,1.0000000000000002,10.193015895372376,120.0
horizon,7.0,severe_11,severe,none,2458.2440000000006,-5.624218985129763e-16,0.0,120.0
horizon,7.0,severe_11,severe,proportional,1649.6920000000002,0.9999999999999997,58.98476696272651,120.0
horizon,7.0,severe_11,severe,nearest_first,1983.8100000000002,0.5867699294541352,8.555826750502877,120.0
horizon,7.0,severe_11,severe,nearest_first_post,1649.6920000000002,0.9999999999999997,14.291010160072432,120.0
horizon,7.0,severe_11,severe,access_opt,1649.6920000000002,0.9999999999999997,14.291010160072432,120.0
horizon,7.0,severe_12,severe,none,1657.48,0.0,0.0,120.0
horizon,7.0,severe_12,severe,proportional,966.3400000000001,0.9999999999999999,51.36527234582455,120.0
horizon,7.0,severe_12,severe,nearest_first,1099.74,0.8069855600891281,5.546104734837757,120.0
horizon,7.0,severe_12,severe,nearest_first_post,966.3400000000001,0.9999999999999999,9.854066133890537,120.0
horizon,7.0,severe_12,severe,access_opt,966.3400000000001,0.9999999999999999,9.854066133890537,120.0
horizon,7.0,severe_13,severe,none,1548.5,0.0,0.0,120.0
horizon,7.0,severe_13,severe,proportional,974.0694570380168,0.9466554762063006,38.80709394551633,120.0
horizon,7.0,severe_13,severe,nearest_first,1257.422,0.47969347396176665,8.555826750502877,120.0
horizon,7.0,severe_13,severe,nearest_first_post,941.7,1.0,8.772370453093771,120.0
horizon,7.0,severe_13,severe,access_opt,941.7,1.0,8.772370453093771,120.0
horizon,7.0,severe_14,severe,none,2313.1639999999998,0.0,0.0,120.0
horizon,7.0,severe_14,severe,proportional,1778.954451128026,0.8751622656041719,38.43493550565713,120.0
horizon,7.0,severe_14,severe,nearest_first,2022.086,0.47685497663872883,5.546104734837757,120.0
horizon,7.0,severe_14,severe,nearest_first_post,1702.752,0.9999999999999997,8.772370453093771,120.0
horizon,7.0,severe_14,severe,access_opt,1702.752,0.9999999999999997,8.772370453093771,120.0
horizon,7.0,severe_15,severe,none,2259.46,0.0,0.0,120.0
horizon,7.0,severe_15,severe,proportional,1408.4880000000003,0.9999999999999998,65.5892087553475,120.0
horizon,7.0,severe_15,severe,nearest_first,1746.2460000000003,0.6030915235753934,7.830164600417412,120.0
horizon,7.0,severe_15,severe,nearest_first_post,1408.4880000000003,0.9999999999999998,14.219362081315133,120.0
horizon,7.0,severe_15,severe,access_opt,1408.4880000000003,0.9999999999999998,14.219362081315133,120.0
horizon,7.0,severe_16,severe,none,2316.8360000000002,0.0,0.0,120.0
horizon,7.0,severe_16,severe,proportional,1699.098,1.0000000000000004,22.987146574792565,120.0
horizon,7.0,severe_16,severe,nearest_first,2182.866,0.21687187772162347,4.317012582391178,120.0
horizon,7.0,severe_16,severe,nearest_first_post,1699.098,1.0000000000000004,9.549345361140492,120.0
horizon,7.0,severe_16,severe,access_opt,1699.098,1.0000000000000004,9.549345361140492,120.0
horizon,7.0,severe_17,severe,none,1882.3239999999998,3.0973457746880777e-16,0.0,120.0
horizon,7.0,severe_17,severe,proportional,1148.232,1.0,62.705374759241366,120.0
horizon,7.0,severe_17,severe,nearest_first,1445.59,0.5949308805980723,4.89209066350959,120.0
horizon,7.0,severe_17,severe,nearest_first_post,1148.232,1.0,10.124423442258903,120.0
horizon,7.0,severe_17,severe,access_opt,1148.232,1.0,10.124423442258903,120.0
horizon,7.0,severe_18,severe,none,2013.946,2.752534652094929e-16,0.0,120.0
horizon,7.0,severe_18,severe,proportional,1187.894,1.0000000000000002,57.63728287952703,120.0
horizon,7.0,severe_18,severe,nearest_first,1525.652,0.5911177504563878,8.484178671745578,120.0
horizon,7.0,severe_18,severe,nearest_first_post,1187.894,1.0000000000000002,14.219362081315133,120.0
horizon,7.0,severe_18,severe,access_opt,1187.894,1.0000000000000002,14.219362081315133,120.0
horizon,7.0,severe_19,severe,none,1755.166,0.0,0.0,120.0
horizon,7.0,severe_19,severe,proportional,929.114,0.9999999999999999,57.63728287952703,120.0
horizon,7.0,severe_19,severe,nearest_first,1266.872,0.5911177504563876,8.484178671745578,120.0
horizon,7.0,severe_19,severe,nearest_first_post,929.114,0.9999999999999999,14.219362081315133,120.0
horizon,7.0,severe_19,severe,access_opt,929.114,0.9999999999999999,14.219362081315133,120.0
horizon,14.0,mild_00,mild,none,12355.224,0.0,0.0,120.0
horizon,14.0,mild_00,mild,proportional,3978.474234273536,0.7060157478770401,116.77190133100405,120.0
horizon,14.0,mild_00,mild,nearest_first,4335.852000000001,0.6758949566870798,65.82017951272937,120.0
horizon,14.0,mild_00,mild,nearest_first_post,490.404,0.9999999999999999,58.57017947296741,120.0
horizon,14.0,mild_00,mild,access_opt,490.404,0.9999999999999999,58.57017947296741,120.0
horizon,14.0,mild_01,mild,none,12086.94,0.0,0.0,120.0
horizon,14.0,mild_01,mild,proportional,3727.490313465845,0.720857477313411,118.16498790364648,120.0
horizon,14.0,mild_01,mild,nearest_first,3943.9360000000006,0.7021927927443159,67.2132660853718,120.0
horizon,14.0,mild_01,mild,nearest_first_post,490.404,0.9999999999999999,59.96326604560985,120.0
horizon,14.0,mild_01,mild,access_opt,490.404,0.9999999999999999,59.96326604560985,120.0
horizon,14.0,mild_02,mild,none,10623.372000000003,0.0,0.0,120.0
horizon,14.0,mild_02,mild,proportional,2685.6240877392465,0.7471966445551144,118.99115558822956,120.0
horizon,14.0,mild_02,mild,nearest_first,1244.5119999999997,0.8828515089182607,65.35733025058958,120.0
horizon,14.0,mild_02,mild,nearest_first_post,0.0,1.0,60.71028451692656,120.0
horizon,14.0,mild_02,mild,access_opt,0.0,1.0,60.71028451692656,120.0
horizon,14.0,mild_03,mild,none,10578.472000000003,0.0,0.0,120.0
horizon,14.0,mild_03,mild,proportional,2956.20943369797,0.7205447598010404,118.02094272947133,120.0
horizon,14.0,mild_03,mild,nearest_first,1484.248,0.8596916454474711,69.96602978455957,120.0
horizon,14.0,mild_03,mild,nearest_first_post,0.0,1.0,61.52234170069192,120.0
horizon,14.0,mild_03,mild,access_opt,0.0,1.0,61.52234170069192,120.0
horizon,14.0,mild_04,mild,none,12088.616000000004,-3.009425402454435e-16,0.0,120.0
horizon,14.0,mild_04,mild,proportional,4104.162743463193,0.660493579789184,117.84848246094008,120.0
horizon,14.0,mild_04,mild,nearest_first,2996.1359999999995,0.7521522728491002,69.02347139338666,120.0
horizon,14.0,mild_04,mild,nearest_first_post,0.0,0.9999999999999999,60.57978330951901,120.0
horizon,14.0,mild_04,mild,access_opt,0.0,0.9999999999999999,60.57978330951901,120.0
horizon,14.0,mild_05,mild,none,12188.431999999999,0.0,0.0,120.0
horizon,14.0,mild_05,mild,proportional,3865.5509043344323,0.7114772759704086,116.54224860377947,120.0
horizon,14.0,mild_05,mild,nearest_first,4329.272000000001,0.6718363129238533,67.32100590783512,120.0
horizon,14.0,mild_05,mild,nearest_first_post,490.404,0.9999999999999999,60.745836978516905,120.0
horizon,14.0,mild_05,mild,access_opt,490.404,0.9999999999999999,60.745836978516905,120.0
horizon,14.0,mild_06,mild,none,10763.320000000003,0.0,0.0,120.0
horizon,14.0,mild_06,mild,proportional,2685.6240877392465,0.750483671605114,117.67298304264976,120.0
horizon,14.0,mild_06,mild,nearest_first,1398.6799999999998,0.8700512481279012,64.03915770500977,120.0
horizon,14.0,mild_06,mild,nearest_first_post,0.0,1.0000000000000002,59.392111971346765,120.0
horizon,14.0,mild_06,mild,access_opt,0.0,1.0000000000000002,59.392111971346765,120.0
horizon,14.0,mild_07,mild,none,12214.296,0.0,0.0,120.0
horizon,14.0,mild_07,mild,proportional,4702.019711484033,0.6150396460439445,117.38334122232237,120.0
horizon,14.0,mild_07,mild,nearest_first,3565.8520000000003,0.7080591464297246,71.98717778694309,120.0
horizon,14.0,mild_07,mild,nearest_first_post,0.0,1.0,62.897053384350166,120.0
horizon,14.0,mild_07,mild,access_opt,0.0,1.0,62.897053384350166,120.0
horizon,14.0,mild_08,mild,none,12088.616000000004,-3.009425402454435e-16,0.0,120.0
horizon,14.0,mild_08,mild,proportional,4104.162743463193,0.660493579789184,117.84848246094008,120.0
horizon,14.0,mild_08,mild,nearest_first,2996.1359999999995,0.7521522728491002,69.02347139338666,120.0
horizon,14.0,mild_08,mild,nearest_first_post,0.0,0.9999999999999999,60.57978330951901,120.0
horizon,14.0,mild_08,mild,access_opt,0.0,0.9999999999999999,60.57978330951901,120.0
horizon,14.0,mild_09,mild,none,12765.376000000002,0.0,0.0,120.0
horizon,14.0,mild_09,mild,proportional,4317.798067618464,0.6617570788656391,119.96482292657676,120.0
horizon,14.0,mild_09,mild,nearest_first,3682.8959999999993,0.7114933394833025,70.05004479924986,120.0
horizon,14.0,mild_09,mild,nearest_first_post,0.0,1.0,59.00474251262579,120.0
horizon,14.0,mild_09,mild,access_opt,0.0,1.0,59.00474251262579,120.0
horizon,14.0,mild_10,mild,none,10821.000000000004,0.0,0.0,120.0
horizon,14.0,mild_10,mild,proportional,2685.6240877392465,0.7518136874836665,117.67298304264976,120.0
horizon,14.0,mild_10,mild,nearest_first,1398.6799999999998,0.8707439238517699,64.03915770500977,120.0
horizon,14.0,mild_10,mild,nearest_first_post,0.0,1.0000000000000002,59.392111971346765,120.0
horizon,14.0,mild_10,mild,access_opt,0.0,1.0000000000000002,59.392111971346765,120.0
horizon,14.0,mild_11,mild,none,13226.676000000001,0.0,0.0,120.0
horizon,14.0,mild_11,mild,proportional,4597.905828916967,0.677495751589086,116.27735847667726,120.0
horizon,14.0,mild_11,mild,nearest_first,5425.196,0.6125403100687548,65.93025908884762,120.0
horizon,14.0,mild_11,mild,nearest_first_post,490.404,0.9999999999999999,63.911268958283266,120.0
horizon,14.0,mild_11,mild,access_opt,490.404,0.9999999999999999,63.911268958283266,120.0
horizon,14.0,mild_12,mild,none,12521.828,0.0,0.0,120.0
horizon,14.0,mild_12,mild,proportional,4448.667447437247,0.6447269961352889,119.04598934317687,120.0
horizon,14.0,mild_12,mild,nearest_first,3662.987999999999,0.7074717844710853,69.13121121584996,120.0
horizon,14.0,mild_12,mild,nearest_first_post,0.0,1.0,56.36594096407564,120.0
horizon,14.0,mild_12,mild,access_opt,0.0,1.0,56.36594096407564,120.0
horizon,14.0,mild_13,mild,none,10623.372000000003,0.0,0.0,120.0
horizon,14.0,mild_13,mild,proportional,2685.6240877392465,0.7471966445551144,118.99115558822956,120.0
horizon,14.0,mild_13,mild,nearest_first,1244.5119999999997,0.8828515089182607,65.35733025058958,120.0
horizon,14.0,mild_13,mild,nearest_first_post,0.0,1.0,60.71028451692656,120.0
horizon,14.0,mild_13,mild,access_opt,0.0,1.0,60.71028451692656,120.0
horizon,14.0,mild_14,mild,none,12096.884000000002,0.0,0.0,120.0
horizon,14.0,mild_14,mild,proportional,4014.9903408007244,0.6680971446199927,116.65154430101178,120.0
horizon,14.0,mild_14,mild,nearest_first,2890.771999999999,0.7610316838617285,71.44313137189232,120.0
horizon,14.0,mild_14,mild,nearest_first_post,0.0,1.0,62.99944328802465,120.0
horizon,14.0,mild_14,mild,access_opt,0.0,1.0,62.99944328802465,120.0
horizon,14.0,mild_15,mild,none,12251.624000000002,0.0,0.0,120.0
horizon,14.0,mild_15,mild,proportional,4318.560209722542,0.6475112026191351,119.92763558078305,120.0
horizon,14.0,mild_15,mild,nearest_first,3409.163999999999,0.7217377875782021,67.41124325069971,120.0
horizon,14.0,mild_15,mild,nearest_first_post,0.0,1.0,58.96755516683207,120.0
horizon,14.0,mild_15,mild,access_opt,0.0,1.0,58.96755516683207,120.0
horizon,14.0,mild_16,mild,none,12073.636,0.0,0.0,120.0
horizon,14.0,mild_16,mild,proportional,4292.244514040822,0.6444944576728319,116.75928412347508,120.0
horizon,14.0,mild_16,mild,nearest_first,3101.1639999999993,0.7431458095970428,71.55087119435561,120.0
horizon,14.0,mild_16,mild,nearest_first_post,0.0,1.0,61.38721514533773,120.0
horizon,14.0,mild_16,mild,access_opt,0.0,1.0,61.38721514533773,120.0
horizon,14.0,mild_17,mild,none,11578.072000000002,0.0,0.0,120.0
horizon,14.0,mild_17,mild,proportional,3840.70856620992,0.668277363777845,118.63833009449765,120.0
horizon,14.0,mild_17,mild,nearest_first,2355.5799999999995,0.7965481644957814,71.44313137189232,120.0
horizon,14.0,mild_17,mild,nearest_first_post,0.0,1.0,62.99944328802465,120.0
horizon,14.0,mild_17,mild,access_opt,0.0,1.0,62.99944328802465,120.0
horizon,14.0,mild_18,mild,none,10763.320000000003,0.0,0.0,120.0
horizon,14.0,mild_18,mild,proportional,2685.6240877392465,0.750483671605114,117.79461425803319,120.0
horizon,14.0,mild_18,mild,nearest_first,1398.6799999999998,0.8700512481279012,64.1607889203932,120.0
horizon,14.0,mild_18,mild,nearest_first_post,0.0,1.0000000000000002,59.513743186730196,120.0
horizon,14.0,mild_18,mild,access_opt,0.0,1.0000000000000002,59.513743186730196,120.0
horizon,14.0,mild_19,mild,none,12271.244000000002,0.0,0.0,120.0
horizon,14.0,mild_19,mild,proportional,3808.0374114292235,0.7183873635980776,117.28183483878225,120.0
horizon,14.0,mild_19,mild,nearest_first,4291.652,0.6773364208324705,64.44399400440396,120.0
horizon,14.0,mild_19,mild,nearest_first_post,490.404,1.0,57.64696321324413,120.0
horizon,14.0,mild_19,mild,access_opt,490.404,1.0,57.64696321324413,120.0
horizon,14.0,moderate_00,moderate,none,12176.336000000001,2.63399328385122e-16,0.0,120.0
horizon,14.0,moderate_00,moderate,proportional,5829.002028516987,0.9191276770857492,94.23809018532,120.0
horizon,14.0,moderate_00,moderate,nearest_first,8200.400000000001,0.5757366535839896,46.416969147591296,120.0
horizon,14.0,moderate_00,moderate,nearest_first_post,5270.512000000001,1.0000000000000004,42.079340995574526,120.0
horizon,14.0,moderate_00,moderate,access_opt,5270.512000000001,1.0000000000000004,42.079340995574526,120.0
horizon,14.0,moderate_01,moderate,none,12790.368000000002,-2.9827087212121123e-16,0.0,120.0
horizon,14.0,moderate_01,moderate,proportional,6799.120000000001,0.9824217571421449,95.10200380145034,120.0
horizon,14.0,moderate_01,moderate,nearest_first,9440.672,0.5492702405595653,40.77878970973875,120.0
horizon,14.0,moderate_01,moderate,nearest_first_post,6691.92,1.0,40.326274291100546,120.0
horizon,14.0,moderate_01,moderate,access_opt,6691.92,1.0,40.326274291100546,120.0
horizon,14.0,moderate_02,moderate,none,12728.044,3.069551831930438e-16,0.0,120.0
horizon,14.0,moderate_02,moderate,proportional,7526.984328788356,0.8776808820670381,100.44287376246919,120.0
horizon,14.0,moderate_02,moderate,nearest_first,8956.32,0.636479920727814,48.41489191801291,120.0
horizon,14.0,moderate_02,moderate,nearest_first_post,6802.132,1.0000000000000002,40.04503451950908,120.0
horizon,14.0,moderate_02,moderate,access_opt,6802.132,1.0000000000000002,40.04503451950908,120.0
horizon,14.0,moderate_03,moderate,none,10921.796,1.6964089299578204e-16,0.0,120.0
horizon,14.0,moderate_03,moderate,proportional,2818.115252535076,0.7557579147370884,117.93705277530034,120.0
horizon,14.0,moderate_03,moderate,nearest_first,4171.768000000001,0.6295148148935688,59.7621431463317,120.0
horizon,14.0,moderate_03,moderate,nearest_first_post,199.208,1.0000000000000002,51.99758095995372,120.0
horizon,14.0,moderate_03,moderate,access_opt,199.208,1.0000000000000002,51.99758095995372,120.0
horizon,14.0,moderate_04,moderate,none,11142.488,3.4264412866651246e-16,0.0,120.0
horizon,14.0,moderate_04,moderate,proportional,5833.804,1.0,96.08581645077676,120.0
horizon,14.0,moderate_04,moderate,nearest_first,7890.332,0.6126105829618037,44.05783460632048,120.0
horizon,14.0,moderate_04,moderate,nearest_first_post,5833.804,1.0,36.66802198673939,120.0
horizon,14.0,moderate_04,moderate,access_opt,5833.804,1.0,36.66802198673939,120.0
horizon,14.0,moderate_05,moderate,none,10897.560000000001,-1.7002519673552113e-16,0.0,120.0
horizon,14.0,moderate_05,moderate,proportional,4051.876507698434,0.639882057750723,118.4732221977842,120.0
horizon,14.0,moderate_05,moderate,nearest_first,4262.204,0.6202222547921398,70.07838582143314,120.0
horizon,14.0,moderate_05,moderate,nearest_first_post,199.208,0.9999999999999997,58.16850408996336,120.0
horizon,14.0,moderate_05,moderate,access_opt,199.208,0.9999999999999997,58.16850408996336,120.0
horizon,14.0,moderate_06,moderate,none,13342.320000000002,0.0,0.0,120.0
horizon,14.0,moderate_06,moderate,proportional,4877.483144731892,0.9451662224096709,111.16696620322801,120.0
horizon,14.0,moderate_06,moderate,nearest_first,7839.0560000000005,0.6144831063774101,60.371659946661524,120.0
horizon,14.0,moderate_06,moderate,nearest_first_post,4386.396000000001,1.0,50.71219836711125,120.0
horizon,14.0,moderate_06,moderate,access_opt,4386.396000000001,1.0,50.71219836711125,120.0
horizon,14.0,moderate_07,moderate,none,9327.624,4.2698720475642955e-16,0.0,120.0
horizon,14.0,moderate_07,moderate,proportional,5505.985391124243,0.8970864723082885,73.8127832898987,120.0
horizon,14.0,moderate_07,moderate,nearest_first,6802.424000000001,0.5927621608730027,36.77209786010821,120.0
horizon,14.0,moderate_07,moderate,nearest_first_post,5067.567999999999,1.0000000000000004,32.34507429486498,120.0
horizon,14.0,moderate_07,moderate,access_opt,5067.567999999999,1.0000000000000004,32.34507429486498,120.0
horizon,14.0,moderate_08,moderate,none,10482.332000000002,-3.1057077120103594e-16,0.0,120.0
horizon,14.0,moderate_08,moderate,proportional,4803.353894489261,0.9696178583691266,98.61382582600424,120.0
horizon,14.0,moderate_08,moderate,nearest_first,6580.816000000001,0.666137378596683,47.503439592203655,120.0
horizon,14.0,moderate_08,moderate,nearest_first_post,4625.407999999999,1.0,40.968614831860094,120.0
horizon,14.0,moderate_08,moderate,access_opt,4625.407999999999,1.0,40.968614831860094,120.0
horizon,14.0,moderate_09,moderate,none,12476.36,0.0,0.0,120.0
horizon,14.0,moderate_09,moderate,proportional,4142.783263967214,0.7032713259703076,118.87214610853431,120.0
horizon,14.0,moderate_09,moderate,nearest_first,5638.444,0.5770523755305182,73.01645975834097,120.0
horizon,14.0,moderate_09,moderate,nearest_first_post,626.628,0.9999999999999999,58.96122662801794,120.0
horizon,14.0,moderate_09,moderate,access_opt,626.628,0.9999999999999999,58.96122662801794,120.0
horizon,14.0,moderate_10,moderate,none,13349.42,0.0,0.0,120.0
horizon,14.0,moderate_10,moderate,proportional,6773.635010246631,0.9685963304307931,104.5769113687479,120.0
horizon,14.0,moderate_10,moderate,nearest_first,9364.483999999999,0.5869708928464114,50.365373170205,120.0
horizon,14.0,moderate_10,moderate,nearest_first_post,6560.436,0.9999999999999999,46.46260407301314,120.0
horizon,14.0,moderate_10,moderate,access_opt,6560.436,0.9999999999999999,46.46260407301314,120.0
horizon,14.0,moderate_11,moderate,none,13676.024000000001,2.9162809322307135e-16,0.0,120.0
horizon,14.0,moderate_11,moderate,proportional,7610.23001856792,0.9724938085074587,99.59437175381993,120.0
horizon,14.0,moderate_11,moderate,nearest_first,9915.640000000001,0.6028807059396927,47.56638990936366,120.0
horizon,14.0,moderate_11,moderate,nearest_first_post,7438.664000000001,1.0000000000000002,36.32705102706548,120.0
horizon,14.0,moderate_11,moderate,access_opt,7438.664000000001,1.0000000000000002,36.32705102706548,120.0
horizon,14.0,moderate_12,moderate,none,11957.860000000002,-2.7431782137384967e-16,0.0,120.0
horizon,14.0,moderate_12,moderate,proportional,6183.602546983384,0.8708031621709776,103.43069149124373,120.0
horizon,14.0,moderate_12,moderate,nearest_first,7817.804,0.6243528082526865,52.431981150611826,120.0
horizon,14.0,moderate_12,moderate,nearest_first_post,5326.904,1.0000000000000002,45.31638419550898,120.0
horizon,14.0,moderate_12,moderate,access_opt,5326.904,1.0000000000000002,45.31638419550898,120.0
horizon,14.0,moderate_13,moderate,none,11868.396,0.0,0.0,120.0
horizon,14.0,moderate_13,moderate,proportional,6649.536,0.9798725511916875,97.23482882052791,120.0
horizon,14.0,moderate_13,moderate,nearest_first,8383.168000000001,0.654372650702395,46.124442586727305,120.0
horizon,14.0,moderate_13,moderate,nearest_first_post,6542.336,0.9999999999999998,39.589617826383765,120.0
horizon,14.0,moderate_13,moderate,access_opt,6542.336,0.9999999999999998,39.589617826383765,120.0
horizon,14.0,moderate_14,moderate,none,13130.58,0.0,0.0,120.0
horizon,14.0,moderate_14,moderate,proportional,6524.777277389192,0.992377233983702,95.90792351893732,120.0
horizon,14.0,moderate_14,moderate,nearest_first,9278.872000000001,0.5786347990789212,40.77878970973875,120.0
horizon,14.0,moderate_14,moderate,nearest_first_post,6474.036,1.0,43.503515678350055,120.0
horizon,14.0,moderate_14,moderate,access_opt,6474.036,1.0,43.503515678350055,120.0
horizon,14.0,moderate_15,moderate,none,10175.612000000001,-4.4146327934761507e-16,0.0,120.0
horizon,14.0,moderate_15,moderate,proportional,6493.665391124243,0.8935974124800034,73.8127832898987,120.0
horizon,14.0,moderate_15,moderate,nearest_first,7700.84,0.6006197510705363,36.77209786010821,120.0
horizon,14.0,moderate_15,moderate,nearest_first_post,6055.248,1.0,32.34507429486498,120.0
horizon,14.0,moderate_15,moderate,access_opt,6055.248,1.0,32.34507429486498,120.0
horizon,14.0,moderate_16,moderate,none,12197.064,2.9616918694911337e-16,0.0,120.0
horizon,14.0,moderate_16,moderate,proportional,6173.82738071063,0.980707797890197,97.4648134562531,120.0
horizon,14.0,moderate_16,moderate,nearest_first,8450.668,0.6099909406544486,45.43683161179682,120.0
horizon,14.0,moderate_16,moderate,nearest_first_post,6055.339999999999,1.0000000000000004,38.047018992215726,120.0
horizon,14.0,moderate_16,moderate,access_opt,6055.339999999999,1.0000000000000004,38.047018992215726,120.0
horizon,14.0,moderate_17,moderate,none,12013.084000000003,-2.8701477078224e-16,0.0,120.0
horizon,14.0,moderate_17,moderate,proportional,5884.377075415265,0.9670366466798771,101.33637174868468,120.0
horizon,14.0,moderate_17,moderate,nearest_first,7947.724,0.6414651818601822,50.30242285304498,120.0
horizon,14.0,moderate_17,moderate,nearest_first_post,5675.468000000001,1.0,45.88557101904695,120.0
horizon,14.0,moderate_17,moderate,access_opt,5675.468000000001,1.0,45.88557101904695,120.0
horizon,14.0,moderate_18,moderate,none,11448.456,0.0,0.0,120.0
horizon,14.0,moderate_18,moderate,proportional,5774.1889480777245,0.8882930941080284,95.73870220625645,120.0
horizon,14.0,moderate_18,moderate,nearest_first,7958.312,0.5463737931742726,44.62831597245584,120.0
horizon,14.0,moderate_18,moderate,nearest_first_post,5060.624,1.0,37.11344643318956,120.0
horizon,14.0,moderate_18,moderate,access_opt,5060.624,1.0,37.11344643318956,120.0
horizon,14.0,moderate_19,moderate,none,11922.552000000001,-2.217550673029765e-16,0.0,120.0
horizon,14.0,moderate_19,moderate,proportional,4593.890024982237,0.8934455177929014,115.71269919561749,120.0
horizon,14.0,moderate_19,moderate,nearest_first,6483.912,0.6630307889015999,60.98920316025599,120.0
horizon,14.0,moderate_19,moderate,nearest_first_post,3719.856,0.9999999999999998,50.49004198455262,120.0
horizon,14.0,moderate_19,moderate,access_opt,3719.856,0.9999999999999998,50.49004198455262,120.0
horizon,14.0,severe_00,severe,none,6763.052,6.811551483293651e-16,0.0,120.0
horizon,14.0,severe_00,severe,proportional,4514.994276531842,0.8418279342897369,39.60429588853428,120.0
horizon,14.0,severe_00,severe,nearest_first,5414.464000000001,0.505004403755475,19.981128872369947,120.0
horizon,14.0,severe_00,severe,nearest_first_post,4092.6040000000003,1.0000000000000004,21.26076243943445,120.0
horizon,14.0,severe_00,severe,access_opt,4092.6040000000003,1.0000000000000004,21.26076243943445,120.0
horizon,14.0,severe_01,severe,none,8592.872000000001,0.0,0.0,120.0
horizon,14.0,severe_01,severe,proportional,5741.024000000001,1.0,35.871773298977566,120.0
horizon,14.0,severe_01,severe,nearest_first,6721.576000000001,0.6561696135277898,19.357356858100314,120.0
horizon,14.0,severe_01,severe,nearest_first_post,5741.024000000001,1.0,19.65135594280663,120.0
horizon,14.0,severe_01,severe,access_opt,5741.024000000001,1.0,19.65135594280663,120.0
horizon,14.0,severe_02,severe,none,9780.096,0.0,0.0,120.0
horizon,14.0,severe_02,severe,proportional,5944.284,1.0,68.13368136579155,120.0
horizon,14.0,severe_02,severe,nearest_first,7490.104,0.5970031899373586,34.352798036265405,120.0
horizon,14.0,severe_02,severe,nearest_first_post,5944.284,1.0,33.25481031229964,120.0
horizon,14.0,severe_02,severe,access_opt,5944.284,1.0,33.25481031229964,120.0
horizon,14.0,severe_03,severe,none,7062.584000000001,0.0,0.0,120.0
horizon,14.0,severe_03,severe,proportional,5103.1,0.9162512835571883,39.45877580295722,120.0
horizon,14.0,severe_03,severe,nearest_first,5916.072,0.5361070014420732,20.8437949058546,120.0
horizon,14.0,severe_03,severe,nearest_first_post,4923.996,1.0000000000000002,21.414553680156665,120.0
horizon,14.0,severe_03,severe,access_opt,4923.996,1.0000000000000002,21.414553680156665,120.0
horizon,14.0,severe_04,severe,none,8277.728000000001,-5.384696961893816e-16,0.0,120.0
horizon,14.0,severe_04,severe,proportional,5100.6473494424135,0.9405011647346727,64.78207468359153,120.0
horizon,14.0,severe_04,severe,nearest_first,6492.844000000001,0.5283735811433262,31.001191354065394,120.0
horizon,14.0,severe_04,severe,nearest_first_post,4899.656000000001,0.9999999999999994,25.06516585825645,120.0
horizon,14.0,severe_04,severe,access_opt,4899.656000000001,0.9999999999999994,25.06516585825645,120.0
horizon,14.0,severe_05,severe,none,3936.716,-5.05364676927525e-15,0.0,120.0
horizon,14.0,severe_05,severe,proportional,3846.732,0.999999999999994,3.857982843633515,120.0
horizon,14.0,severe_05,severe,nearest_first,3932.244,0.04969772403982149,2.3948816399609716,120.0
horizon,14.0,severe_05,severe,nearest_first_post,3846.732,0.999999999999994,2.146577805742294,120.0
horizon,14.0,severe_05,severe,access_opt,3846.732,0.999999999999994,2.146577805742294,120.0
horizon,14.0,severe_06,severe,none,9623.968,0.0,0.0,120.0
horizon,14.0,severe_06,severe,proportional,6332.647349442413,0.9143796855122551,63.21046500160769,120.0
horizon,14.0,severe_06,severe,nearest_first,7729.380000000001,0.5263457935409022,30.347177282737224,120.0
horizon,14.0,severe_06,severe,nearest_first_post,6024.456,1.0000000000000002,25.920153717494003,120.0
horizon,14.0,severe_06,severe,access_opt,6024.456,1.0000000000000002,25.920153717494003,120.0
horizon,14.0,severe_07,severe,none,9036.912,5.869828465593558e-16,0.0,120.0
horizon,14.0,severe_07,severe,proportional,6158.729384325033,0.9287815648476124,65.32562721601998,120.0
horizon,14.0,severe_07,severe,nearest_first,7197.612000000001,0.5935370198265183,36.137629506299994,120.0
horizon,14.0,severe_07,severe,nearest_first_post,5938.032000000001,1.0000000000000002,31.567020253151725,120.0
horizon,14.0,severe_07,severe,access_opt,5938.032000000001,1.0000000000000002,31.567020253151725,120.0
horizon,14.0,severe_08,severe,none,7126.8640000000005,-4.255360062045468e-16,0.0,120.0
horizon,14.0,severe_08,severe,proportional,5096.771999999999,0.9498430724486877,25.241222915200897,120.0
horizon,14.0,severe_08,severe,nearest_first,6534.428,0.277190014279752,16.641894754659678,120.0
horizon,14.0,severe_08,severe,nearest_first_post,4989.572,0.9999999999999998,18.203560165010437,120.0
horizon,14.0,severe_08,severe,access_opt,4989.572,0.9999999999999998,18.203560165010437,120.0
horizon,14.0,severe_09,severe,none,6805.9000000000015,-1.0431013858854523e-15,0.0,120.0
horizon,14.0,severe_09,severe,proportional,5104.098745578171,0.9758997185627419,31.757914512190972,120.0
horizon,14.0,severe_09,severe,nearest_first,5940.42,0.49631041593551634,14.229094809589057,120.0
horizon,14.0,severe_09,severe,nearest_first_post,5062.072,0.9999999999999998,16.869207929882187,120.0
horizon,14.0,severe_09,severe,access_opt,5062.072,0.9999999999999998,16.869207929882187,120.0
horizon,14.0,severe_10,severe,none,8973.848,6.316558311812195e-16,0.0,120.0
horizon,14.0,severe_10,severe,proportional,6094.132,1.0000000000000009,69.26449876449796,120.0
horizon,14.0,severe_10,severe,nearest_first,7084.7080000000005,0.6560160793633821,35.48361543497183,120.0
horizon,14.0,severe_10,severe,nearest_first_post,6094.132,1.0000000000000009,26.685686207971415,120.0
horizon,14.0,severe_10,severe,access_opt,6094.132,1.0000000000000009,26.685686207971415,120.0
horizon,14.0,severe_11,severe,none,7846.1680000000015,0.0,0.0,120.0
horizon,14.0,severe_11,severe,proportional,5199.302308947731,0.9649486371376684,58.98476696272651,120.0
horizon,14.0,severe_11,severe,nearest_first,6455.052,0.5071490755417773,28.664229406078945,120.0
horizon,14.0,severe_11,severe,nearest_first_post,5103.156000000001,1.0000000000000002,31.56048244737034,120.0
horizon,14.0,severe_11,severe,access_opt,5103.156000000001,1.0000000000000002,31.56048244737034,120.0
horizon,14.0,severe_12,severe,none,7890.628000000001,0.0,0.0,120.0
horizon,14.0,severe_12,severe,proportional,4083.6680000000006,0.9726122590798538,51.36527234582455,120.0
horizon,14.0,severe_12,severe,nearest_first,6005.959999999999,0.48149998978069414,22.931322626884313,120.0
horizon,14.0,severe_12,severe,nearest_first_post,3976.468,1.0000000000000004,26.5798993820517,120.0
horizon,14.0,severe_12,severe,access_opt,3976.468,1.0000000000000004,26.5798993820517,120.0
horizon,14.0,severe_13,severe,none,6975.152,0.0,0.0,120.0
horizon,14.0,severe_13,severe,proportional,4767.917457038016,0.8105273423704629,38.80709394551633,120.0
horizon,14.0,severe_13,severe,nearest_first,5983.2480000000005,0.3642409981169266,19.18392692935199,120.0
horizon,14.0,severe_13,severe,nearest_first_post,4251.9439999999995,1.0000000000000002,19.809546425088328,120.0
horizon,14.0,severe_13,severe,access_opt,4251.9439999999995,1.0000000000000002,19.809546425088328,120.0
horizon,14.0,severe_14,severe,none,7376.984,0.0,0.0,120.0
horizon,14.0,severe_14,severe,proportional,5155.262451128026,0.8710310775448015,38.43493550565713,120.0
horizon,14.0,severe_14,severe,nearest_first,6432.7080000000005,0.3702055922342277,17.89417287883712,120.0
horizon,14.0,severe_14,severe,nearest_first_post,4826.304,1.0000000000000002,20.534285999130255,120.0
horizon,14.0,severe_14,severe,access_opt,4826.304,1.0000000000000002,20.534285999130255,120.0
horizon,14.0,severe_15,severe,none,8712.880000000001,0.0,0.0,120.0
horizon,14.0,severe_15,severe,proportional,6020.813384325033,0.9595456085389488,65.5892087553475,120.0
horizon,14.0,severe_15,severe,nearest_first,7059.696000000001,0.5892519293803313,35.48361543497183,120.0
horizon,14.0,severe_15,severe,nearest_first_post,5907.316000000001,1.0,30.71203239391417,120.0
horizon,14.0,severe_15,severe,access_opt,5907.316000000001,1.0,30.71203239391417,120.0
horizon,14.0,severe_16,severe,none,7073.664000000001,0.0,0.0,120.0
horizon,14.0,severe_16,severe,proportional,4898.572,1.0000000000000002,22.987146574792565,120.0
horizon,14.0,severe_16,severe,nearest_first,6522.400000000001,0.2534439922541208,13.470222803595664,120.0
horizon,14.0,severe_16,severe,nearest_first_post,4898.572,1.0000000000000002,14.176900354708877,120.0
horizon,14.0,severe_16,severe,access_opt,4898.572,1.0000000000000002,14.176900354708877,120.0
horizon,14.0,severe_17,severe,none,8477.868,-7.106237912862937e-16,0.0,120.0
horizon,14.0,severe_17,severe,proportional,6119.1513494424125,0.921478797799431,62.705374759241366,120.0
horizon,14.0,severe_17,severe,nearest_first,7175.74,0.5087017737960732,28.709547193443342,120.0
horizon,14.0,severe_17,severe,nearest_first_post,5918.16,0.9999999999999994,22.637803292722673,120.0
horizon,14.0,severe_17,severe,access_opt,5918.16,0.9999999999999994,22.637803292722673,120.0
horizon,14.0,severe_18,severe,none,8882.696,0.0,0.0,120.0
horizon,14.0,severe_18,severe,proportional,6200.8303089477295,0.9295211897955057,57.63728287952703,120.0
horizon,14.0,severe_18,severe,nearest_first,7463.860000000001,0.491761437287797,28.44928516980704,120.0
horizon,14.0,severe_18,severe,nearest_first_post,5997.4839999999995,1.0000000000000002,32.20052607033599,120.0
horizon,14.0,severe_18,severe,access_opt,5997.4839999999995,1.0000000000000002,32.20052607033599,120.0
horizon,14.0,severe_19,severe,none,7178.136,0.0,0.0,120.0
horizon,14.0,severe_19,severe,proportional,4496.270308947731,0.9295211897955054,57.63728287952703,120.0
horizon,14.0,severe_19,severe,nearest_first,5759.3,0.4917614372877973,28.44928516980704,120.0
horizon,14.0,severe_19,severe,nearest_first_post,4292.924,1.0000000000000002,32.20052607033599,120.0
horizon,14.0,severe_19,severe,access_opt,4292.924,1.0000000000000002,32.20052607033599,120.0
horizon,21.0,mild_00,mild,none,27340.105999999996,1.375936480793779e-16,0.0,120.0
horizon,21.0,mild_00,mild,proportional,11392.747057169696,0.603152302563701,116.77190133100405,120.0
horizon,21.0,mild_00,mild,nearest_first,10492.968666666664,0.6371832295638709,64.24762586905726,120.0
horizon,21.0,mild_00,mild,nearest_first_post,6450.560666666666,0.7900729777561945,57.72417275889568,120.0
horizon,21.0,mild_00,mild,access_opt,6451.610000000001,0.7900332904438045,66.33762329157082,120.0
horizon,21.0,mild_01,mild,none,27129.18,0.0,0.0,120.0
horizon,21.0,mild_01,mild,proportional,11072.475961902031,0.6121715084058172,118.16498790364648,120.0
horizon,21.0,mild_01,mild,nearest_first,9919.689999999999,0.6561221672391735,63.233220352161545,120.0
horizon,21.0,mild_01,mild,nearest_first_post,6239.634666666665,0.7964264924031816,61.43392250025666,120.0
horizon,21.0,mild_01,mild,access_opt,6240.542,0.7963918997735874,66.28001910813444,120.0
horizon,21.0,mild_02,mild,none,25900.73,0.0,0.0,120.0
horizon,21.0,mild_02,mild,proportional,10635.117568950012,0.5893892732386302,118.99115558822956,120.0
horizon,21.0,mild_02,mild,nearest_first,8731.006666666666,0.6629049966287952,65.21381998915493,120.0
horizon,21.0,mild_02,mild,nearest_first_post,6640.882666666665,0.7436024904832156,62.104149766163005,120.0
horizon,21.0,mild_02,mild,access_opt,6642.15,0.7435535600734035,71.47549381527509,120.0
horizon,21.0,mild_03,mild,none,25874.275999999998,0.0,0.0,120.0
horizon,21.0,mild_03,mild,proportional,10974.815832136286,0.5758406599614116,118.02094272947133,120.0
horizon,21.0,mild_03,mild,nearest_first,8901.496666666666,0.6559711789938908,59.62529527589122,120.0
horizon,21.0,mild_03,mild,nearest_first_post,6635.722666666667,0.7435397741499445,56.38698266832869,120.0
horizon,21.0,mild_03,mild,access_opt,6636.41,0.7435132097995708,65.25082587768212,120.0
horizon,21.0,mild_04,mild,none,27528.62,1.321526036209484e-16,0.0,120.0
horizon,21.0,mild_04,mild,proportional,12597.286574912458,0.5423930958067474,117.84848246094008,120.0
horizon,21.0,mild_04,mild,nearest_first,10343.068666666666,0.6242794347603815,59.638153779182204,120.0
horizon,21.0,mild_04,mild,nearest_first_post,8333.410666666665,0.6972819317980101,58.269533517218875,120.0
horizon,21.0,mild_04,mild,access_opt,8334.152,0.697255002248569,65.48598424919356,120.0
horizon,21.0,mild_05,mild,none,27859.19,0.0,0.0,120.0
horizon,21.0,mild_05,mild,proportional,11712.807016143066,0.5989213507932953,116.54224860377947,120.0
horizon,21.0,mild_05,mild,nearest_first,11527.688,0.605788011352306,60.56870979694733,120.0
horizon,21.0,mild_05,mild,nearest_first_post,7060.808666666666,0.7714789532075446,58.73222502996435,120.0
horizon,21.0,mild_05,mild,access_opt,7062.646,0.7714108005963402,69.6432587272292,120.0
horizon,21.0,mild_06,mild,none,26067.152,0.0,0.0,120.0
horizon,21.0,mild_06,mild,proportional,10606.92754676173,0.5930921971544214,117.67298304264976,120.0
horizon,21.0,mild_06,mild,nearest_first,8962.258666666665,0.6561857364906352,63.89564744357513,120.0
horizon,21.0,mild_06,mild,nearest_first_post,6640.882666666665,0.7452394236751807,60.7859772205832,120.0
horizon,21.0,mild_06,mild,access_opt,6642.15,0.7451908056545649,70.15732126969529,120.0
horizon,21.0,mild_07,mild,none,27299.098,0.0,0.0,120.0
horizon,21.0,mild_07,mild,proportional,12566.711092009175,0.5396657028005405,117.38334122232237,120.0
horizon,21.0,mild_07,mild,nearest_first,11141.254666666662,0.5918819491154375,62.52015891033094,120.0
horizon,21.0,mild_07,mild,nearest_first_post,8499.462666666665,0.6886540842240773,58.38290234232811,120.0
horizon,21.0,mild_07,mild,access_opt,8499.678,0.68864619629557,62.926894007298316,120.0
horizon,21.0,mild_08,mild,none,27528.62,1.321526036209484e-16,0.0,120.0
horizon,21.0,mild_08,mild,proportional,12597.286574912458,0.5423930958067474,117.84848246094008,120.0
horizon,21.0,mild_08,mild,nearest_first,10343.068666666666,0.6242794347603815,59.638153779182204,120.0
horizon,21.0,mild_08,mild,nearest_first_post,8333.410666666665,0.6972819317980101,58.269533517218875,120.0
horizon,21.0,mild_08,mild,access_opt,8334.152,0.697255002248569,65.48598424919356,120.0
horizon,21.0,mild_09,mild,none,28175.897999999997,0.0,0.0,120.0
horizon,21.0,mild_09,mild,proportional,13220.238579193314,0.5307961939955448,119.96482292657676,120.0
horizon,21.0,mild_09,mild,nearest_first,11085.150666666663,0.6065732965576938,57.98141171988128,120.0
horizon,21.0,mild_09,mild,nearest_first_post,8627.688666666665,0.6937918831667169,52.40514039622081,120.0
horizon,21.0,mild_09,mild,access_opt,8628.658,0.6937574802407361,52.70106342034973,120.0
horizon,21.0,mild_10,mild,none,26153.672000000002,0.0,0.0,120.0
horizon,21.0,mild_10,mild,proportional,10693.44754676173,0.5911301653258583,117.67298304264976,120.0
horizon,21.0,mild_10,mild,nearest_first,8962.258666666665,0.6573231220967112,63.89564744357513,120.0
horizon,21.0,mild_10,mild,nearest_first_post,6727.402666666665,0.7427740675700657,60.7859772205832,120.0
horizon,21.0,mild_10,mild,access_opt,6728.650000000001,0.7427263750956271,66.59151494656594,120.0
horizon,21.0,mild_11,mild,none,29949.721999999998,1.2523319765837042e-16,0.0,120.0
horizon,21.0,mild_11,mild,proportional,12953.818168623035,0.5850642614378013,116.27735847667726,120.0
horizon,21.0,mild_11,mild,nearest_first,13645.018666666665,0.5612704866020812,61.58545506749798,120.0
horizon,21.0,mild_11,mild,nearest_first_post,9151.340666666665,0.7159601357253955,60.107140788527126,120.0
horizon,21.0,mild_11,mild,access_opt,9152.735999999999,0.7159121029950256,60.80928408721816,120.0
horizon,21.0,mild_12,mild,none,27722.364000000005,-2.624580506259648e-16,0.0,120.0
horizon,21.0,mild_12,mild,proportional,13250.547313243056,0.5220267898782708,119.04598934317687,120.0
horizon,21.0,mild_12,mild,nearest_first,11060.248666666665,0.6010351546258224,54.37202902121155,120.0
horizon,21.0,mild_12,mild,nearest_first_post,8265.318666666666,0.7018537572529286,49.41374844849879,120.0
horizon,21.0,mild_12,mild,access_opt,8265.894,0.7018330038520523,56.1545104986847,120.0
horizon,21.0,mild_13,mild,none,25900.73,0.0,0.0,120.0
horizon,21.0,mild_13,mild,proportional,10635.117568950012,0.5893892732386302,118.99115558822956,120.0
horizon,21.0,mild_13,mild,nearest_first,8731.006666666666,0.6629049966287952,65.21381998915493,120.0
horizon,21.0,mild_13,mild,nearest_first_post,6640.882666666665,0.7436024904832156,62.104149766163005,120.0
horizon,21.0,mild_13,mild,access_opt,6642.15,0.7435535600734035,71.47549381527509,120.0
horizon,21.0,mild_14,mild,none,27541.16,0.0,0.0,120.0
horizon,21.0,mild_14,mild,proportional,12649.71125224881,0.5406979498231443,116.65154430101178,120.0
horizon,21.0,mild_14,mild,nearest_first,10355.608666666665,0.6239951887768466,59.638153779182204,120.0
horizon,21.0,mild_14,mild,nearest_first_post,8345.950666666664,0.696964446426125,56.399841171619684,120.0
horizon,21.0,mild_14,mild,access_opt,8347.253999999999,0.6969171233165198,60.44870787102251,120.0
horizon,21.0,mild_15,mild,none,27414.862,0.0,0.0,120.0
horizon,21.0,mild_15,mild,proportional,12642.95617754804,0.5388283852186437,119.92763558078305,120.0
horizon,21.0,mild_15,mild,nearest_first,10562.646666666664,0.6147109306380362,57.591633974915695,120.0
horizon,21.0,mild_15,mild,nearest_first_post,8310.816666666664,0.6968499543544422,53.885054996854414,120.0
horizon,21.0,mild_15,mild,access_opt,8311.016,0.696842683359121,55.45281168752322,120.0
horizon,21.0,mild_16,mild,none,27339.076,1.3306882818906216e-16,0.0,120.0
horizon,21.0,mild_16,mild,proportional,12934.431356340992,0.5268884962922307,116.75928412347508,120.0
horizon,21.0,mild_16,mild,nearest_first,10570.648666666664,0.6133501854025111,56.973643223968,120.0
horizon,21.0,mild_16,mild,nearest_first_post,8235.030666666666,0.6987816754792056,52.01536265125522,120.0
horizon,21.0,mild_16,mild,access_opt,8235.148,0.6987773836979716,56.83105090522384,120.0
horizon,21.0,mild_17,mild,none,26954.0,0.0,0.0,120.0
horizon,21.0,mild_17,mild,proportional,12407.547911418904,0.5396769343541254,118.63833009449765,120.0
horizon,21.0,mild_17,mild,nearest_first,9518.590666666665,0.6468579555291732,59.638153779182204,120.0
horizon,21.0,mild_17,mild,nearest_first_post,7715.446666666667,0.713755039449927,56.399841171619684,120.0
horizon,21.0,mild_17,mild,access_opt,7716.622000000001,0.7137114342954662,71.82212812992236,120.0
horizon,21.0,mild_18,mild,none,26067.152,0.0,0.0,120.0
horizon,21.0,mild_18,mild,proportional,10606.92754676173,0.5930921971544214,117.79461425803319,120.0
horizon,21.0,mild_18,mild,nearest_first,8962.258666666665,0.6561857364906352,64.01727865895856,120.0
horizon,21.0,mild_18,mild,nearest_first_post,6640.882666666665,0.7452394236751807,60.90760843596662,120.0
horizon,21.0,mild_18,mild,access_opt,6642.15,0.7451908056545649,70.2789524850787,120.0
horizon,21.0,mild_19,mild,none,28145.954,0.0,0.0,120.0
horizon,21.0,mild_19,mild,proportional,11757.734725696952,0.6014937484943791,117.28183483878225,120.0
horizon,21.0,mild_19,mild,nearest_first,11169.300666666662,0.6230909337640974,62.620555425720845,120.0
horizon,21.0,mild_19,mild,nearest_first_post,7669.490666666666,0.7515438059574148,62.06794434411004,120.0
horizon,21.0,mild_19,mild,access_opt,7669.6140000000005,0.7515392792771367,67.16024626173368,120.0
horizon,21.0,moderate_00,moderate,none,25349.1,0.0,0.0,120.0
horizon,21.0,moderate_00,moderate,proportional,12439.290713749622,0.8600279667273099,94.23809018532,120.0
horizon,21.0,moderate_00,moderate,nearest_first,15530.083999999999,0.6541249509190578,60.42344989950517,120.0
horizon,21.0,moderate_00,moderate,nearest_first_post,10338.182,0.9999999999999999,54.57758035385316,120.0
horizon,21.0,moderate_00,moderate,access_opt,10338.182,0.9999999999999999,54.57758035385316,120.0
horizon,21.0,moderate_01,moderate,none,26480.604,0.0,0.0,120.0
horizon,21.0,moderate_01,moderate,proportional,14037.795364475789,0.8839921734282635,95.10200380145034,120.0
horizon,21.0,moderate_01,moderate,nearest_first,17617.155999999995,0.6296985585086357,57.99809831956363,120.0
horizon,21.0,moderate_01,moderate,nearest_first_post,12404.904,0.9999999999999999,53.68991329252162,120.0
horizon,21.0,moderate_01,moderate,access_opt,12404.904,0.9999999999999999,53.68991329252162,120.0
horizon,21.0,moderate_02,moderate,none,26778.834000000003,0.0,0.0,120.0
horizon,21.0,moderate_02,moderate,proportional,15371.427562741235,0.8272106147535097,100.44287376246919,120.0
horizon,21.0,moderate_02,moderate,nearest_first,16971.852,0.7111554807585211,62.42137266992678,120.0
horizon,21.0,moderate_02,moderate,nearest_first_post,12988.626,1.0000000000000002,56.575503124274775,120.0
horizon,21.0,moderate_02,moderate,access_opt,12988.626,1.0000000000000002,56.575503124274775,120.0
horizon,21.0,moderate_03,moderate,none,23439.498,0.0,0.0,120.0
horizon,21.0,moderate_03,moderate,proportional,9469.76172008639,0.6133972654309915,117.93705277530034,120.0
horizon,21.0,moderate_03,moderate,nearest_first,8078.484000000001,0.6744868903069547,70.45613750857292,120.0
horizon,21.0,moderate_03,moderate,nearest_first_post,1799.6486666666651,0.9501843226984253,65.86261416124839,120.0
horizon,21.0,moderate_03,moderate,access_opt,1800.0079999999994,0.950168544728131,64.54830526108012,120.0
horizon,21.0,moderate_04,moderate,none,23601.904000000002,0.0,0.0,120.0
horizon,21.0,moderate_04,moderate,proportional,11844.388386855533,0.937090383703589,96.08581645077676,120.0
horizon,21.0,moderate_04,moderate,nearest_first,14955.957999999999,0.6890939481775163,58.064315358234374,120.0
horizon,21.0,moderate_04,moderate,nearest_first_post,11055.072,1.0000000000000002,51.21054200147784,120.0
horizon,21.0,moderate_04,moderate,access_opt,11055.072,1.0000000000000002,51.21054200147784,120.0
horizon,21.0,moderate_05,moderate,none,23201.636000000002,0.0,0.0,120.0
horizon,21.0,moderate_05,moderate,proportional,11504.08553933236,0.5196364404445519,118.4732221977842,120.0
horizon,21.0,moderate_05,moderate,nearest_first,8306.776666666665,0.6616694418990255,78.81377144346034,120.0
horizon,21.0,moderate_05,moderate,nearest_first_post,2139.7866666666655,0.935623612272764,74.49034030864547,120.0
horizon,21.0,moderate_05,moderate,access_opt,2142.206,0.9355161390230601,77.07505151509686,120.0
horizon,21.0,moderate_06,moderate,none,27115.458000000002,0.0,0.0,120.0
horizon,21.0,moderate_06,moderate,proportional,12550.916721052625,0.7704660140491815,111.16696620322801,120.0
horizon,21.0,moderate_06,moderate,nearest_first,14249.666000000001,0.6806019695350312,76.67209837050105,120.0
horizon,21.0,moderate_06,moderate,nearest_first_post,8211.910000000002,1.0,67.84553974457734,120.0
horizon,21.0,moderate_06,moderate,access_opt,8211.910000000002,1.0,67.84553974457734,120.0
horizon,21.0,moderate_07,moderate,none,19842.08,0.0,0.0,120.0
horizon,21.0,moderate_07,moderate,proportional,11524.261391124244,0.8731831409701633,73.8127832898987,120.0
horizon,21.0,moderate_07,moderate,nearest_first,13515.604,0.6641371307445484,48.847801807071185,120.0
horizon,21.0,moderate_07,moderate,nearest_first_post,10316.222000000002,1.0,44.931284485284046,120.0
horizon,21.0,moderate_07,moderate,access_opt,10316.222000000002,1.0,44.931284485284046,120.0
horizon,21.0,moderate_08,moderate,none,23105.034,5.329453572676288e-16,0.0,120.0
horizon,21.0,moderate_08,moderate,proportional,11330.964367085853,0.8624206021727359,98.61382582600424,120.0
horizon,21.0,moderate_08,moderate,nearest_first,13060.168,0.7357608417948795,61.50992034411753,120.0
horizon,21.0,moderate_08,moderate,nearest_first_post,9452.682,1.0000000000000004,53.46685419013873,120.0
horizon,21.0,moderate_08,moderate,access_opt,9452.682,1.0000000000000004,53.46685419013873,120.0
horizon,21.0,moderate_09,moderate,none,26889.26,1.4234473933316826e-16,0.0,120.0
horizon,21.0,moderate_09,moderate,proportional,12465.971283269972,0.5643461332726244,118.87214610853431,120.0
horizon,21.0,moderate_09,moderate,nearest_first,11250.228666666664,0.6119150101223951,78.56818697298199,120.0
horizon,21.0,moderate_09,moderate,nearest_first_post,5309.992666666665,0.8443411428280619,68.91847133698532,120.0
horizon,21.0,moderate_09,moderate,access_opt,5310.344,0.8443273960597588,72.27771074008582,120.0
horizon,21.0,moderate_10,moderate,none,27775.386,0.0,0.0,120.0
horizon,21.0,moderate_10,moderate,proportional,14447.444808276628,0.8739453621560428,104.5769113687479,120.0
horizon,21.0,moderate_10,moderate,nearest_first,17640.773999999998,0.6645510380966583,67.58468178002988,120.0
horizon,21.0,moderate_10,moderate,nearest_first_post,12525.072,0.9999999999999999,61.41764644867923,120.0
horizon,21.0,moderate_10,moderate,access_opt,12525.072,0.9999999999999999,61.41764644867923,120.0
horizon,21.0,moderate_11,moderate,none,27343.842000000004,0.0,0.0,120.0
horizon,21.0,moderate_11,moderate,proportional,15301.355333529535,0.8820592406415897,99.59437175381993,120.0
horizon,21.0,moderate_11,moderate,nearest_first,17999.154,0.6844573408797797,61.57287066127754,120.0
horizon,21.0,moderate_11,moderate,nearest_first_post,13691.146,1.0000000000000002,53.7229192749736,120.0
horizon,21.0,moderate_11,moderate,access_opt,13691.146,1.0000000000000002,53.7229192749736,120.0
horizon,21.0,moderate_12,moderate,none,25527.557999999997,2.4200319189911967e-16,0.0,120.0
horizon,21.0,moderate_12,moderate,proportional,13211.002319794115,0.819313675495503,103.43069149124373,120.0
horizon,21.0,moderate_12,moderate,nearest_first,15070.578000000001,0.6956122264077443,66.43846190252572,120.0
horizon,21.0,moderate_12,moderate,nearest_first_post,10494.786,1.0,60.27142657117506,120.0
horizon,21.0,moderate_12,moderate,access_opt,10494.786,1.0,60.27142657117506,120.0
horizon,21.0,moderate_13,moderate,none,24672.13,2.8121216654688257e-16,0.0,120.0
horizon,21.0,moderate_13,moderate,proportional,12823.896776687194,0.9158567191170978,97.23482882052791,120.0
horizon,21.0,moderate_13,moderate,nearest_first,15443.195999999998,0.7133874776837759,60.130923338641196,120.0
horizon,21.0,moderate_13,moderate,nearest_first_post,11735.354,1.0000000000000004,54.132137841122216,120.0
horizon,21.0,moderate_13,moderate,access_opt,11735.354,1.0000000000000004,54.132137841122216,120.0
horizon,21.0,moderate_14,moderate,none,27071.292,0.0,0.0,120.0
horizon,21.0,moderate_14,moderate,proportional,13476.098095232375,0.9122856045174925,95.90792351893732,120.0
horizon,21.0,moderate_14,moderate,nearest_first,17425.521999999997,0.6472652892726141,57.99809831956363,120.0
horizon,21.0,moderate_14,moderate,nearest_first_post,12168.948,1.0000000000000002,56.867154679771126,120.0
horizon,21.0,moderate_14,moderate,access_opt,12168.948,1.0000000000000002,56.867154679771126,120.0
horizon,21.0,moderate_15,moderate,none,21215.918,0.0,0.0,120.0
horizon,21.0,moderate_15,moderate,proportional,13145.017391124244,0.869808470458453,73.8127832898987,120.0
horizon,21.0,moderate_15,moderate,nearest_first,15002.464,0.6696297206361935,48.847801807071185,120.0
horizon,21.0,moderate_15,moderate,nearest_first_post,11936.978000000001,1.0,44.931284485284046,120.0
horizon,21.0,moderate_15,moderate,access_opt,11936.978000000001,1.0,44.931284485284046,120.0
horizon,21.0,moderate_16,moderate,none,24870.412,0.0,0.0,120.0
horizon,21.0,moderate_16,moderate,proportional,12779.077012554593,0.8791746724614585,97.4648134562531,120.0
horizon,21.0,moderate_16,moderate,nearest_first,15254.225999999999,0.6992037840037253,59.44331236371071,120.0
horizon,21.0,moderate_16,moderate,nearest_first_post,11117.36,1.0,50.54525835049436,120.0
horizon,21.0,moderate_16,moderate,access_opt,11117.36,1.0,50.54525835049436,120.0
horizon,21.0,moderate_17,moderate,none,25540.592,0.0,0.0,120.0
horizon,21.0,moderate_17,moderate,proportional,12428.346204086894,0.909608565970782,101.33637174868468,120.0
horizon,21.0,moderate_17,moderate,nearest_first,15312.844,0.7095082975252203,67.52173146286987,120.0
horizon,21.0,moderate_17,moderate,nearest_first_post,11125.33,1.0000000000000002,60.84061339471304,120.0
horizon,21.0,moderate_17,moderate,access_opt,11125.33,1.0000000000000002,60.84061339471304,120.0
horizon,21.0,moderate_18,moderate,none,24382.106,5.0762698033467195e-16,0.0,120.0
horizon,21.0,moderate_18,moderate,proportional,12540.302710900662,0.826175627197812,95.73870220625645,120.0
horizon,21.0,moderate_18,moderate,nearest_first,15414.297999999999,0.6256635259099181,58.634796724369714,120.0
horizon,21.0,moderate_18,moderate,nearest_first_post,10048.830000000002,1.0000000000000004,50.47708543461063,120.0
horizon,21.0,moderate_18,moderate,access_opt,10048.830000000002,1.0000000000000004,50.47708543461063,120.0
horizon,21.0,moderate_19,moderate,none,25044.665999999997,4.0967593151049156e-16,0.0,120.0
horizon,21.0,moderate_19,moderate,proportional,10421.851353137487,0.8233438853575541,115.71269919561749,120.0
horizon,21.0,moderate_19,moderate,nearest_first,12581.728,0.7017310992239089,84.13928573567932,120.0
horizon,21.0,moderate_19,moderate,nearest_first_post,7284.39,1.0000000000000004,74.12639132677432,120.0
horizon,21.0,moderate_19,moderate,access_opt,7284.39,1.0000000000000004,74.12639132677432,120.0
horizon,21.0,severe_00,severe,none,14370.036000000002,-3.130703418503402e-16,0.0,120.0
horizon,21.0,severe_00,severe,proportional,9442.584276531841,0.8480747565159386,39.60429588853428,120.0
horizon,21.0,severe_00,severe,nearest_first,10971.75,0.5848866176192677,28.02460357284586,120.0
horizon,21.0,severe_00,severe,nearest_first_post,8559.874,1.0,30.239766074078595,120.0
horizon,21.0,severe_00,severe,access_opt,8559.874,1.0,30.239766074078595,120.0
horizon,21.0,severe_01,severe,none,18024.86,0.0,0.0,120.0
horizon,21.0,severe_01,severe,proportional,11681.601999999999,1.0000000000000002,35.871773298977566,120.0
horizon,21.0,severe_01,severe,nearest_first,13414.527999999998,0.7268082111747626,27.400831558576222,120.0
horizon,21.0,severe_01,severe,nearest_first_post,11681.601999999999,1.0000000000000002,24.91909153561034,120.0
horizon,21.0,severe_01,severe,access_opt,11681.601999999999,1.0000000000000002,24.91909153561034,120.0
horizon,21.0,severe_02,severe,none,19959.030000000002,-4.2737123188557015e-16,0.0,120.0
horizon,21.0,severe_02,severe,proportional,11446.574,0.9999999999999998,68.13368136579155,120.0
horizon,21.0,severe_02,severe,nearest_first,14255.433999999997,0.670029425115384,46.428501983228365,120.0
horizon,21.0,severe_02,severe,nearest_first_post,11446.574,0.9999999999999998,41.15754437450651,120.0
horizon,21.0,severe_02,severe,access_opt,11446.574,0.9999999999999998,41.15754437450651,120.0
horizon,21.0,severe_03,severe,none,14187.444000000001,0.0,0.0,120.0
horizon,21.0,severe_03,severe,proportional,9607.546579915377,0.9067767877533734,39.45877580295722,120.0
horizon,21.0,severe_03,severe,nearest_first,11092.272,0.6128150624937634,28.887269606330506,120.0
horizon,21.0,severe_03,severe,nearest_first_post,9136.7,1.0000000000000002,31.572438328118203,120.0
horizon,21.0,severe_03,severe,access_opt,9136.7,1.0000000000000002,31.572438328118203,120.0
horizon,21.0,severe_04,severe,none,17253.244000000002,0.0,0.0,120.0
horizon,21.0,severe_04,severe,proportional,10445.665349442414,0.8964308900336722,64.78207468359153,120.0
horizon,21.0,severe_04,severe,nearest_first,12359.916000000001,0.6443598523694474,43.076895301028365,120.0
horizon,21.0,severe_04,severe,nearest_first_post,9659.152000000002,1.0000000000000002,35.464308916296396,120.0
horizon,21.0,severe_04,severe,access_opt,9659.152000000002,1.0000000000000002,35.464308916296396,120.0
horizon,21.0,severe_05,severe,none,7922.18,-3.6899929476822416e-15,0.0,120.0
horizon,21.0,severe_05,severe,proportional,7675.704,0.9999999999999987,3.857982843633515,120.0
horizon,21.0,severe_05,severe,nearest_first,7819.134,0.4180772164429777,3.3127461677044354,120.0
horizon,21.0,severe_05,severe,nearest_first_post,7675.704,0.9999999999999987,2.146577805742294,120.0
horizon,21.0,severe_05,severe,access_opt,7675.704,0.9999999999999987,2.146577805742294,120.0
horizon,21.0,severe_06,severe,none,19604.008,0.0,0.0,120.0
horizon,21.0,severe_06,severe,proportional,12625.069349442412,0.8662223499690185,63.21046500160769,120.0
horizon,21.0,severe_06,severe,nearest_first,14546.124,0.6277820143899182,42.422881229700195,120.0
horizon,21.0,severe_06,severe,nearest_first_post,11547.256000000001,1.0000000000000002,36.31929677553394,120.0
horizon,21.0,severe_06,severe,access_opt,11547.256000000001,1.0000000000000002,36.31929677553394,120.0
horizon,21.0,severe_07,severe,none,19069.12,0.0,0.0,120.0
horizon,21.0,severe_07,severe,proportional,12348.255488376102,0.9172702099164759,65.32562721601998,120.0
horizon,21.0,severe_07,severe,nearest_first,14028.102,0.6880031030316791,44.538043444112496,120.0
horizon,21.0,severe_07,severe,nearest_first_post,11742.092,0.9999999999999998,40.11619063408388,120.0
horizon,21.0,severe_07,severe,access_opt,11742.092,0.9999999999999998,40.11619063408388,120.0
horizon,21.0,severe_08,severe,none,14623.256000000001,0.0,0.0,120.0
horizon,21.0,severe_08,severe,proportional,10542.09725257672,0.918356686443972,25.241222915200897,120.0
horizon,21.0,severe_08,severe,nearest_first,12789.56,0.4126247192831655,18.55327642859766,120.0
horizon,21.0,severe_08,severe,nearest_first_post,10179.276,1.0000000000000004,20.637792306709756,120.0
horizon,21.0,severe_08,severe,access_opt,10179.276,1.0000000000000004,20.637792306709756,120.0
horizon,21.0,severe_09,severe,none,14255.626000000002,0.0,0.0,120.0
horizon,21.0,severe_09,severe,proportional,10372.170745578173,0.9571379764541171,31.757914512190972,120.0
horizon,21.0,severe_09,severe,nearest_first,11865.14,0.5891724721629479,22.27256951006496,120.0
horizon,21.0,severe_09,severe,nearest_first_post,10198.264,1.0000000000000007,24.157611094049372,120.0
horizon,21.0,severe_09,severe,access_opt,10198.264,1.0000000000000007,24.157611094049372,120.0
horizon,21.0,severe_10,severe,none,18728.816000000003,-5.393683048690672e-16,0.0,120.0
horizon,21.0,severe_10,severe,proportional,12129.397897918945,0.9784325702785654,69.26449876449796,120.0
horizon,21.0,severe_10,severe,nearest_first,13708.432,0.7443242941913932,47.55931938193479,120.0
horizon,21.0,severe_10,severe,nearest_first_post,11983.928,0.9999999999999998,38.910146598054034,120.0
horizon,21.0,severe_10,severe,access_opt,11983.928,0.9999999999999998,38.910146598054034,120.0
horizon,21.0,severe_11,severe,none,16075.602,0.0,0.0,120.0
horizon,21.0,severe_11,severe,proportional,10222.59030894773,0.9595793288454034,58.98476696272651,120.0
horizon,21.0,severe_11,severe,nearest_first,12270.564000000002,0.6238217182878761,37.13629142264874,120.0
horizon,21.0,severe_11,severe,nearest_first_post,9976.042000000001,0.9999999999999997,33.99471458906966,120.0
horizon,21.0,severe_11,severe,access_opt,9976.042000000001,0.9999999999999997,33.99471458906966,120.0
horizon,21.0,severe_12,severe,none,16382.636,0.0,0.0,120.0
horizon,21.0,severe_12,severe,proportional,8122.744621006276,0.9390034631032408,51.36527234582455,120.0
horizon,21.0,severe_12,severe,nearest_first,11315.81,0.5760084415929891,32.90557413231114,120.0
horizon,21.0,severe_12,severe,nearest_first_post,7586.192000000001,0.9999999999999998,33.0164567588577,120.0
horizon,21.0,severe_12,severe,access_opt,7586.192000000001,0.9999999999999998,33.0164567588577,120.0
horizon,21.0,severe_13,severe,none,14849.914,3.0476154633221056e-16,0.0,120.0
horizon,21.0,severe_13,severe,proportional,9894.195457038019,0.8303030481629899,38.80709394551633,120.0
horizon,21.0,severe_13,severe,nearest_first,11907.39,0.493003512066383,27.227401629827902,120.0
horizon,21.0,severe_13,severe,nearest_first_post,8881.348000000002,1.0000000000000002,28.788550059732472,120.0
horizon,21.0,severe_13,severe,access_opt,8881.348000000002,1.0000000000000002,28.788550059732472,120.0
horizon,21.0,severe_14,severe,none,14723.555999999999,6.370493842389269e-16,0.0,120.0
horizon,21.0,severe_14,severe,proportional,9594.600451128026,0.898135516300535,38.43493550565713,120.0
horizon,21.0,severe_14,severe,nearest_first,11733.474,0.5235956551507971,25.937647579313023,120.0
horizon,21.0,severe_14,severe,nearest_first_post,9012.886,1.0000000000000002,26.643808149980046,120.0
horizon,21.0,severe_14,severe,access_opt,9012.886,1.0000000000000002,26.643808149980046,120.0
horizon,21.0,severe_15,severe,none,18132.842,0.0,0.0,120.0
horizon,21.0,severe_15,severe,proportional,11877.9094883761,0.9520740844348743,65.5892087553475,120.0
horizon,21.0,severe_15,severe,nearest_first,13467.598,0.7101048495265303,43.884029372784326,120.0
horizon,21.0,severe_15,severe,nearest_first_post,11563.046,1.0,38.08232176152894,120.0
horizon,21.0,severe_15,severe,access_opt,11563.046,1.0,38.08232176152894,120.0
horizon,21.0,severe_16,severe,none,14474.970000000001,0.0,0.0,120.0
horizon,21.0,severe_16,severe,proportional,10283.585484482093,0.9752667754504541,22.987146574792565,120.0
horizon,21.0,severe_16,severe,nearest_first,12775.532000000001,0.39543148861711436,15.381604477533646,120.0
horizon,21.0,severe_16,severe,nearest_first_post,10177.29,1.0,16.611132496408196,120.0
horizon,21.0,severe_16,severe,access_opt,10177.29,1.0,16.611132496408196,120.0
horizon,21.0,severe_17,severe,none,17346.616,0.0,0.0,120.0
horizon,21.0,severe_17,severe,proportional,12479.221349442414,0.8608903170263096,62.705374759241366,120.0
horizon,21.0,severe_17,severe,nearest_first,13890.060000000001,0.611356958761975,40.85689921916361,120.0
horizon,21.0,severe_17,severe,nearest_first_post,11692.708000000002,1.0,33.10859442951992,120.0
horizon,21.0,severe_17,severe,access_opt,11692.708000000002,1.0,33.10859442951992,120.0
horizon,21.0,severe_18,severe,none,18205.158,5.646089628845374e-16,0.0,120.0
horizon,21.0,severe_18,severe,proportional,12299.646308947733,0.9165267331100962,57.63728287952703,120.0
horizon,21.0,severe_18,severe,nearest_first,14358.539999999999,0.5969894589158458,36.84969910761954,120.0
horizon,21.0,severe_18,severe,nearest_first_post,11761.798,1.0000000000000002,34.63475821203531,120.0
horizon,21.0,severe_18,severe,access_opt,11761.798,1.0000000000000002,34.63475821203531,120.0
horizon,21.0,severe_19,severe,none,15450.158,0.0,0.0,120.0
horizon,21.0,severe_19,severe,proportional,9544.646308947733,0.9165267331100957,57.63728287952703,120.0
horizon,21.0,severe_19,severe,nearest_first,11603.539999999999,0.5969894589158452,36.84969910761954,120.0
horizon,21.0,severe_19,severe,nearest_first_post,9006.798,0.9999999999999997,34.63475821203531,120.0
horizon,21.0,severe_19,severe,access_opt,9006.798,0.9999999999999997,34.63475821203531,120.0
horizon,28.0,mild_00,mild,none,45768.024,0.0,0.0,120.0
horizon,28.0,mild_00,mild,proportional,24555.29148629928,0.47866361592783513,116.77190133100405,120.0
horizon,28.0,mild_00,mild,nearest_first,23628.749333333333,0.49957096565101655,55.23505450480112,120.0
horizon,28.0,mild_00,mild,nearest_first_post,20640.901333333335,0.5669915172748604,45.62577804438587,120.0
horizon,28.0,mild_00,mild,access_opt,20642.68,0.5669513818035039,68.89739306091798,120.0
horizon,28.0,mild_01,mild,none,45614.456,-1.647523106710355e-16,0.0,120.0
horizon,28.0,mild_01,mild,proportional,24341.29049255415,0.4816964801728596,118.16498790364648,120.0
horizon,28.0,mild_01,mild,nearest_first,23475.181333333334,0.5013081234563247,55.23505450480112,120.0
horizon,28.0,mild_01,mild,nearest_first_post,20487.333333333336,0.5689631165220144,45.62577804438587,120.0
horizon,28.0,mild_01,mild,access_opt,20489.136,0.5689222980463647,70.01652670510654,120.0
horizon,28.0,mild_02,mild,none,44148.344,0.0,0.0,120.0
horizon,28.0,mild_02,mild,proportional,24221.246405636615,0.451366818976571,118.99115558822956,120.0
horizon,28.0,mild_02,mild,nearest_first,21678.782666666673,0.5089559267122981,54.62382136666434,120.0
horizon,28.0,mild_02,mild,nearest_first_post,19212.654666666673,0.5648159607828852,51.38550875910181,120.0
horizon,28.0,mild_02,mild,access_opt,19213.224000000002,0.5648030648669403,68.82436834775406,120.0
horizon,28.0,mild_03,mild,none,43897.872,0.0,0.0,120.0
horizon,28.0,mild_03,mild,proportional,23918.023706447613,0.45514389156614216,118.02094272947133,120.0
horizon,28.0,mild_03,mild,nearest_first,21375.726666666673,0.5130577931735125,54.62382136666434,120.0
horizon,28.0,mild_03,mild,nearest_first_post,18990.57466666667,0.5673919075925441,51.38550875910181,120.0
horizon,28.0,mild_03,mild,access_opt,18992.448000000004,0.5673492327828555,67.19053092083472,120.0
horizon,28.0,mild_04,mild,none,45828.48,-1.5876497789547952e-16,0.0,120.0
horizon,28.0,mild_04,mild,proportional,25836.875047448793,0.4362266641300606,117.84848246094008,120.0
horizon,28.0,mild_04,mild,nearest_first,23643.17466666667,0.4840942866386431,54.63667986995534,120.0
horizon,28.0,mild_04,mild,nearest_first_post,20978.97466666667,0.5422284425172584,51.39836726239281,120.0
horizon,28.0,mild_04,mild,access_opt,20980.992000000002,0.54218442331057,72.30932151934934,120.0
horizon,28.0,mild_05,mild,none,46894.623999999996,0.0,0.0,120.0
horizon,28.0,mild_05,mild,proportional,25608.982212356874,0.46840127960341343,116.54224860377947,120.0
horizon,28.0,mild_05,mild,nearest_first,24778.950666666664,0.48666654226221634,54.038513174604745,120.0
horizon,28.0,mild_05,mild,nearest_first_post,21767.501333333334,0.5529350031931454,44.42923671418949,120.0
horizon,28.0,mild_05,mild,access_opt,21768.488000000005,0.5529132910956751,56.61558536551657,120.0
horizon,28.0,mild_06,mild,none,44341.24,0.0,0.0,120.0
horizon,28.0,mild_06,mild,proportional,24500.372248560954,0.4474585679480106,117.67298304264976,120.0
horizon,28.0,mild_06,mild,nearest_first,21987.118666666673,0.5041383897548496,53.30564882108453,120.0
horizon,28.0,mild_06,mild,nearest_first_post,19212.654666666673,0.5667091252597656,50.067336213522005,120.0
horizon,28.0,mild_06,mild,access_opt,19213.224000000002,0.5666962854444304,67.50619580217425,120.0
horizon,28.0,mild_07,mild,none,45378.08,0.0,0.0,120.0
horizon,28.0,mild_07,mild,proportional,25429.761878461355,0.4396025156097095,117.38334122232237,120.0
horizon,28.0,mild_07,mild,nearest_first,24750.046666666665,0.45458144842913883,58.54308019122561,120.0
horizon,28.0,mild_07,mild,nearest_first_post,20907.542666666668,0.5392589843671952,57.005983017227734,120.0
horizon,28.0,mild_07,mild,access_opt,20908.368000000002,0.5392407964373989,73.32292992208842,120.0
horizon,28.0,mild_08,mild,none,45828.48,-1.5876497789547952e-16,0.0,120.0
horizon,28.0,mild_08,mild,proportional,25836.875047448793,0.4362266641300606,117.84848246094008,120.0
horizon,28.0,mild_08,mild,nearest_first,23643.17466666667,0.4840942866386431,54.63667986995534,120.0
horizon,28.0,mild_08,mild,nearest_first_post,20978.97466666667,0.5422284425172584,51.39836726239281,120.0
horizon,28.0,mild_08,mild,access_opt,20980.992000000002,0.54218442331057,72.30932151934934,120.0
horizon,28.0,mild_09,mild,none,46281.016,-1.572125731678714e-16,0.0,120.0
horizon,28.0,mild_09,mild,proportional,26403.929852388388,0.429486814801378,119.96482292657676,120.0
horizon,28.0,mild_09,mild,nearest_first,24355.126666666667,0.4737555747119582,52.0350656671989,120.0
horizon,28.0,mild_09,mild,nearest_first_post,21078.51066666667,0.5445538475934352,48.79675305963637,120.0
horizon,28.0,mild_09,mild,access_opt,21079.336,0.5445360145075467,65.11369996449707,120.0
horizon,28.0,mild_10,mild,none,44456.6,0.0,0.0,120.0
horizon,28.0,mild_10,mild,proportional,24615.732248560955,0.4462974620515074,117.67298304264976,120.0
horizon,28.0,mild_10,mild,nearest_first,21987.118666666673,0.5054250962361793,53.30564882108453,120.0
horizon,28.0,mild_10,mild,nearest_first_post,19328.014666666673,0.5652385772491222,50.067336213522005,120.0
horizon,28.0,mild_10,mild,access_opt,19328.736,0.5652223516868137,74.25396952513562,120.0
horizon,28.0,mild_11,mild,none,49341.12,-1.5193166522801463e-16,0.0,120.0
horizon,28.0,mild_11,mild,proportional,27964.134536563826,0.4463798679480655,116.27735847667726,120.0
horizon,28.0,mild_11,mild,nearest_first,27340.806666666664,0.4593957823167662,54.367734320767504,120.0
horizon,28.0,mild_11,mild,nearest_first_post,24213.997333333333,0.5246877169396078,44.75845786035225,120.0
horizon,28.0,mild_11,mild,access_opt,24216.496000000003,0.5246355414587094,66.0460039877609,120.0
horizon,28.0,mild_12,mild,none,45789.64,0.0,0.0,120.0
horizon,28.0,mild_12,mild,proportional,26619.748156361115,0.4186512897598427,119.04598934317687,120.0
horizon,28.0,mild_12,mild,nearest_first,23942.622666666666,0.4771170363718372,50.838524337002525,120.0
horizon,28.0,mild_12,mild,nearest_first_post,20737.686666666665,0.5471096373182522,47.60021172943999,120.0
horizon,28.0,mild_12,mild,access_opt,20739.712,0.5470654060612837,71.62182081804863,120.0
horizon,28.0,mild_13,mild,none,44114.664,0.0,0.0,120.0
horizon,28.0,mild_13,mild,proportional,24221.246405636615,0.4509479567692816,118.99115558822956,120.0
horizon,28.0,mild_13,mild,nearest_first,21645.102666666673,0.5093444967263794,54.62382136666434,120.0
horizon,28.0,mild_13,mild,nearest_first_post,19178.974666666672,0.565247177975408,51.38550875910181,120.0
horizon,28.0,mild_13,mild,access_opt,19179.896,0.5652262930076947,65.12741653611316,120.0
horizon,28.0,mild_14,mild,none,45680.03200000001,0.0,0.0,120.0
horizon,28.0,mild_14,mild,proportional,25643.233405799063,0.43863363743267386,116.65154430101178,120.0
horizon,28.0,mild_14,mild,nearest_first,23494.72666666667,0.48566746479803985,54.63667986995534,120.0
horizon,28.0,mild_14,mild,nearest_first_post,20830.526666666672,0.5439905412792472,51.39836726239281,120.0
horizon,28.0,mild_14,mild,access_opt,20830.872000000003,0.543982981447999,62.786765736763435,120.0
horizon,28.0,mild_15,mild,none,45520.136,-1.5984041906604642e-16,0.0,120.0
horizon,28.0,mild_15,mild,proportional,25603.179826623782,0.4375416666895769,119.92763558078305,120.0
horizon,28.0,mild_15,mild,nearest_first,23823.62266666667,0.47663551210245336,53.44013853975896,120.0
horizon,28.0,mild_15,mild,nearest_first_post,20821.18266666667,0.5425940145111456,50.20182593219643,120.0
horizon,28.0,mild_15,mild,access_opt,20821.312,0.5425911732776895,75.66546013212658,120.0
horizon,28.0,mild_16,mild,none,45081.272,0.0,0.0,120.0
horizon,28.0,mild_16,mild,proportional,25893.73155223055,0.42562109711033547,116.75928412347508,120.0
horizon,28.0,mild_16,mild,nearest_first,22974.838666666663,0.49036844686488296,53.44013853975896,120.0
horizon,28.0,mild_16,mild,nearest_first_post,20382.318666666666,0.547876140968989,50.20182593219643,120.0
horizon,28.0,mild_16,mild,access_opt,20383.872,0.5478416846800596,67.69234107283626,120.0
horizon,28.0,mild_17,mild,none,44724.504,0.0,0.0,120.0
horizon,28.0,mild_17,mild,proportional,25352.023481511496,0.4331513775644891,118.63833009449765,120.0
horizon,28.0,mild_17,mild,nearest_first,22202.35866666667,0.5035750722542016,54.63667986995534,120.0
horizon,28.0,mild_17,mild,nearest_first_post,19817.20666666667,0.5569049426089405,51.39836726239281,120.0
horizon,28.0,mild_17,mild,access_opt,19818.232000000004,0.5568820170705526,64.81154313029622,120.0
horizon,28.0,mild_18,mild,none,44341.24,0.0,0.0,120.0
horizon,28.0,mild_18,mild,proportional,24500.372248560954,0.4474585679480106,117.79461425803319,120.0
horizon,28.0,mild_18,mild,nearest_first,21987.118666666673,0.5041383897548496,53.42728003646796,120.0
horizon,28.0,mild_18,mild,nearest_first_post,19212.654666666673,0.5667091252597656,50.188967428905435,120.0
horizon,28.0,mild_18,mild,access_opt,19213.224000000002,0.5666962854444304,67.62782701755768,120.0
horizon,28.0,mild_19,mild,none,47558.144,0.0,0.0,120.0
horizon,28.0,mild_19,mild,proportional,26140.124161705542,0.4645316558422329,117.28183483878225,120.0
horizon,28.0,mild_19,mild,nearest_first,25575.165333333334,0.47678494825711787,55.40283467899036,120.0
horizon,28.0,mild_19,mild,nearest_first_post,22599.133333333335,0.5413315815704223,45.7935582185751,120.0
horizon,28.0,mild_19,mild,access_opt,22601.120000000003,0.5412884931073785,65.8489348051307,120.0
horizon,28.0,moderate_00,moderate,none,41025.856,0.0,0.0,120.0
horizon,28.0,moderate_00,moderate,proportional,22989.818925194402,0.761617860958052,94.23809018532,120.0
horizon,28.0,moderate_00,moderate,nearest_first,24629.568000000003,0.6923752564057519,71.85439449660586,120.0
horizon,28.0,moderate_00,moderate,nearest_first_post,17867.158666666666,0.9779353109795261,61.39716531516909,120.0
horizon,28.0,moderate_00,moderate,access_opt,17892.872,0.9768494996202897,58.83704560982167,120.0
horizon,28.0,moderate_01,moderate,none,42544.424,0.0,0.0,120.0
horizon,28.0,moderate_01,moderate,proportional,24130.936527019985,0.7976471860291162,95.10200380145034,120.0
horizon,28.0,moderate_01,moderate,nearest_first,27456.544,0.6535864019678442,73.60644062758433,120.0
horizon,28.0,moderate_01,moderate,nearest_first_post,20008.03066666667,0.9762458497857516,63.67632785718217,120.0
horizon,28.0,moderate_01,moderate,access_opt,20037.512,0.9749687585987495,61.26883576764403,120.0
horizon,28.0,moderate_02,moderate,none,42433.816000000006,-3.2820935287453817e-16,0.0,120.0
horizon,28.0,moderate_02,moderate,proportional,25555.73208012146,0.7613492676629867,100.44287376246919,120.0
horizon,28.0,moderate_02,moderate,nearest_first,25938.528,0.7440818222202814,78.0297149779475,120.0
horizon,28.0,moderate_02,moderate,nearest_first_post,20265.167999999998,0.9999999999999999,63.3950880855907,120.0
horizon,28.0,moderate_02,moderate,access_opt,20265.167999999998,0.9999999999999999,63.3950880855907,120.0
horizon,28.0,moderate_03,moderate,none,39581.76,0.0,0.0,120.0
horizon,28.0,moderate_03,moderate,proportional,20671.07231490973,0.5015802701117164,117.93705277530034,120.0
horizon,28.0,moderate_03,moderate,nearest_first,20809.14266666667,0.49791814182310484,51.1831589273885,120.0
horizon,28.0,moderate_03,moderate,nearest_first_post,14417.109333333334,0.6674581320807952,51.93346856558081,120.0
horizon,28.0,moderate_03,moderate,access_opt,14419.264000000001,0.6674009824780591,55.42771957590484,120.0
horizon,28.0,moderate_04,moderate,none,37982.367999999995,0.0,0.0,120.0
horizon,28.0,moderate_04,moderate,proportional,19990.26066584705,0.8624622236011504,96.08581645077676,120.0
horizon,28.0,moderate_04,moderate,nearest_first,23225.768,0.7073662808043664,73.67265766625508,120.0
horizon,28.0,moderate_04,moderate,nearest_first_post,17121.04,0.9999999999999994,62.88755703661537,120.0
horizon,28.0,moderate_04,moderate,access_opt,17121.04,0.9999999999999994,62.88755703661537,120.0
horizon,28.0,moderate_05,moderate,none,39796.816,0.0,0.0,120.0
horizon,28.0,moderate_05,moderate,proportional,22676.016429785388,0.4522651075964155,118.4732221977842,120.0
horizon,28.0,moderate_05,moderate,nearest_first,21538.73466666667,0.4823076798988889,51.114473717403285,120.0
horizon,28.0,moderate_05,moderate,nearest_first_post,16584.549333333332,0.6131780375386461,53.653436530731064,120.0
horizon,28.0,moderate_05,moderate,access_opt,16586.088,0.6131373919342921,62.304610447643434,120.0
horizon,28.0,moderate_06,moderate,none,43090.088,-2.446675089805008e-16,0.0,120.0
horizon,28.0,moderate_06,moderate,proportional,24044.35862376425,0.6404478159846071,111.16696620322801,120.0
horizon,28.0,moderate_06,moderate,nearest_first,23273.45466666667,0.6663708849258827,75.77553599462648,120.0
horizon,28.0,moderate_06,moderate,nearest_first_post,18156.229333333336,0.8384470351164706,53.72992518179774,120.0
horizon,28.0,moderate_06,moderate,access_opt,18157.976000000002,0.8383883002247885,55.55223476300787,120.0
horizon,28.0,moderate_07,moderate,none,32299.848000000005,-2.3548788137165516e-16,0.0,120.0
horizon,28.0,moderate_07,moderate,proportional,19017.408323365526,0.8597778449946348,73.8127832898987,120.0
horizon,28.0,moderate_07,moderate,nearest_first,21364.504,0.7078493655901394,57.61879869103203,120.0
horizon,28.0,moderate_07,moderate,nearest_first_post,16851.16,1.0,49.508750407700184,120.0
horizon,28.0,moderate_07,moderate,access_opt,16851.16,1.0,49.508750407700184,120.0
horizon,28.0,moderate_08,moderate,none,38135.632,0.0,0.0,120.0
horizon,28.0,moderate_08,moderate,proportional,20826.37890093605,0.7851343077158921,98.61382582600424,120.0
horizon,28.0,moderate_08,moderate,nearest_first,21283.528000000002,0.7643983788250072,77.11826265213824,120.0
horizon,28.0,moderate_08,moderate,nearest_first_post,16254.758666666668,0.9924994590156417,67.18814988173607,120.0
horizon,28.0,moderate_08,moderate,access_opt,16335.064000000002,0.9888568713238614,65.70874970975274,120.0
horizon,28.0,moderate_09,moderate,none,44238.831999999995,1.7556606182527384e-16,0.0,120.0
horizon,28.0,moderate_09,moderate,proportional,24987.450655866563,0.46452843550070305,118.87214610853431,120.0
horizon,28.0,moderate_09,moderate,nearest_first,24975.398666666668,0.464819245369752,54.05254765431111,120.0
horizon,28.0,moderate_09,moderate,nearest_first_post,19219.181333333334,0.6037145580985812,56.591510467638884,120.0
horizon,28.0,moderate_09,moderate,access_opt,19219.776,0.603700209020384,66.08755717555485,120.0
horizon,28.0,moderate_10,moderate,none,44123.424,0.0,0.0,120.0
horizon,28.0,moderate_10,moderate,proportional,25456.61134766841,0.7626475937212307,104.5769113687479,120.0
horizon,28.0,moderate_10,moderate,nearest_first,27086.36,0.6960629061679511,80.33856091301189,120.0
horizon,28.0,moderate_10,moderate,nearest_first_post,20800.45466666667,0.9528786071723392,63.008178014930174,120.0
horizon,28.0,moderate_10,moderate,access_opt,20802.271999999997,0.952804358562281,64.40965083776551,120.0
horizon,28.0,moderate_11,moderate,none,43201.512,0.0,0.0,120.0
horizon,28.0,moderate_11,moderate,proportional,25381.415401629773,0.8001859635736052,99.59437175381993,120.0
horizon,28.0,moderate_11,moderate,nearest_first,27570.536000000004,0.7018866324944507,77.18121296929824,120.0
horizon,28.0,moderate_11,moderate,nearest_first_post,20931.568,1.0,58.31651844801442,120.0
horizon,28.0,moderate_11,moderate,access_opt,20931.568,1.0,58.31651844801442,120.0
horizon,28.0,moderate_12,moderate,none,41780.344000000005,0.0,0.0,120.0
horizon,28.0,moderate_12,moderate,proportional,24050.53089285874,0.7326589455724642,103.43069149124373,120.0
horizon,28.0,moderate_12,moderate,nearest_first,24300.456000000002,0.7223311511189261,79.19234103550774,120.0
horizon,28.0,moderate_12,moderate,nearest_first_post,18734.430666666667,0.9523391171987872,61.86195813742601,120.0
horizon,28.0,moderate_12,moderate,access_opt,18736.248,0.9522640185208876,63.26343096026134,120.0
horizon,28.0,moderate_13,moderate,none,39583.984,0.0,0.0,120.0
horizon,28.0,moderate_13,moderate,proportional,21683.41357647185,0.8287715507779161,97.23482882052791,120.0
horizon,28.0,moderate_13,moderate,nearest_first,23919.4,0.7252484846464543,75.7392656466619,120.0
horizon,28.0,moderate_13,moderate,nearest_first_post,17985.064000000002,0.9999999999999997,65.80915287625973,120.0
horizon,28.0,moderate_13,moderate,access_opt,17985.064000000002,0.9999999999999997,65.80915287625973,120.0
horizon,28.0,moderate_14,moderate,none,43577.776,0.0,0.0,120.0
horizon,28.0,moderate_14,moderate,proportional,24144.742232940636,0.7987104326887718,95.90792351893732,120.0
horizon,28.0,moderate_14,moderate,nearest_first,27216.232,0.6724701888723096,73.52422783022318,120.0
horizon,28.0,moderate_14,moderate,nearest_first_post,20313.998666666666,0.9561565055981283,60.36453698055716,120.0
horizon,28.0,moderate_14,moderate,access_opt,20333.487999999998,0.9553554812163425,61.34193982596129,120.0
horizon,28.0,moderate_15,moderate,none,33920.208,0.0,0.0,120.0
horizon,28.0,moderate_15,moderate,proportional,20966.992323365528,0.856724529165483,73.8127832898987,120.0
horizon,28.0,moderate_15,moderate,nearest_first,23135.56,0.713295656512691,57.61879869103203,120.0
horizon,28.0,moderate_15,moderate,nearest_first_post,18800.744,1.0,49.508750407700184,120.0
horizon,28.0,moderate_15,moderate,access_opt,18800.744,1.0,49.508750407700184,120.0
horizon,28.0,moderate_16,moderate,none,39098.272,0.0,0.0,120.0
horizon,28.0,moderate_16,moderate,proportional,21651.487233175427,0.794377736296693,97.4648134562531,120.0
horizon,28.0,moderate_16,moderate,nearest_first,22948.408,0.735327028864037,75.05165467173141,120.0
horizon,28.0,moderate_16,moderate,nearest_first_post,17135.44,0.9999999999999999,64.2665540420917,120.0
horizon,28.0,moderate_16,moderate,access_opt,17135.44,0.9999999999999999,64.2665540420917,120.0
horizon,28.0,moderate_17,moderate,none,41264.840000000004,0.0,0.0,120.0
horizon,28.0,moderate_17,moderate,proportional,23127.675604945525,0.7796458940821934,101.33637174868468,120.0
horizon,28.0,moderate_17,moderate,nearest_first,24116.184000000005,0.7371537770851092,76.180425682293,120.0
horizon,28.0,moderate_17,moderate,nearest_first_post,18184.46266666667,0.9921353211479785,68.39656911863716,120.0
horizon,28.0,moderate_17,moderate,access_opt,18205.152000000002,0.9912459674743124,68.58345188802201,120.0
horizon,28.0,moderate_18,moderate,none,40296.984,0.0,0.0,120.0
horizon,28.0,moderate_18,moderate,proportional,22400.451546850734,0.7677448831321335,95.73870220625645,120.0
horizon,28.0,moderate_18,moderate,nearest_first,25187.624,0.648177732628873,74.24313903239042,120.0
horizon,28.0,moderate_18,moderate,nearest_first_post,17645.646666666667,0.9717216661547374,60.463499999271185,120.0
horizon,28.0,moderate_18,moderate,access_opt,17653.792,0.9713722388003354,59.19548539910212,120.0
horizon,28.0,moderate_19,moderate,none,41257.064,2.526679478695143e-16,0.0,120.0
horizon,28.0,moderate_19,moderate,proportional,21444.417736851054,0.6880222423802929,115.71269919561749,120.0
horizon,28.0,moderate_19,moderate,nearest_first,20504.744000000002,0.7206537456609341,96.7416988780502,120.0
horizon,28.0,moderate_19,moderate,nearest_first_post,12787.357333333333,0.9886509434704843,88.49554745744052,120.0
horizon,28.0,moderate_19,moderate,access_opt,12801.880000000001,0.9881466232725344,89.54363079258864,120.0
horizon,28.0,severe_00,severe,none,23671.024,0.0,0.0,120.0
horizon,28.0,severe_00,severe,proportional,15198.542276531844,0.8631726723443622,39.60429588853428,120.0
horizon,28.0,severe_00,severe,nearest_first,17697.960000000003,0.6085331055578147,32.61820274588668,120.0
horizon,28.0,severe_00,severe,nearest_first_post,13855.512000000002,0.9999999999999997,32.82928340646749,120.0
horizon,28.0,severe_00,severe,access_opt,13855.512000000002,0.9999999999999997,32.82928340646749,120.0
horizon,28.0,severe_01,severe,none,28793.488000000005,0.0,0.0,120.0
horizon,28.0,severe_01,severe,proportional,18774.07633747881,0.9688753870431122,35.871773298977566,120.0
horizon,28.0,severe_01,severe,nearest_first,20858.032,0.7673572323735559,31.994430731617044,120.0
horizon,28.0,severe_01,severe,nearest_first_post,18452.208000000002,1.0000000000000004,32.00909970448424,120.0
horizon,28.0,severe_01,severe,access_opt,18452.208000000002,1.0000000000000004,32.00909970448424,120.0
horizon,28.0,severe_02,severe,none,32193.303999999996,5.145557040333754e-16,0.0,120.0
horizon,28.0,severe_02,severe,proportional,18597.249935042164,0.9615129090131957,68.13368136579155,120.0
horizon,28.0,severe_02,severe,nearest_first,22311.104000000003,0.6988691589525293,51.0221011562692,120.0
horizon,28.0,severe_02,severe,nearest_first_post,18053.032,1.0000000000000002,46.44584829643409,120.0
horizon,28.0,severe_02,severe,access_opt,18053.032,1.0000000000000002,46.44584829643409,120.0
horizon,28.0,severe_03,severe,none,23435.424000000003,0.0,0.0,120.0
horizon,28.0,severe_03,severe,proportional,15456.372765656515,0.9026484495162099,39.45877580295722,120.0
horizon,28.0,severe_03,severe,nearest_first,17838.456000000002,0.6331698266889907,33.48086877937133,120.0
horizon,28.0,severe_03,severe,nearest_first_post,14595.824,1.0000000000000004,32.98307464718971,120.0
horizon,28.0,severe_03,severe,access_opt,14595.824,1.0000000000000004,32.98307464718971,120.0
horizon,28.0,severe_04,severe,none,29073.408000000007,-2.812930530179188e-16,0.0,120.0
horizon,28.0,severe_04,severe,proportional,17679.792028333195,0.8809685794035692,64.78207468359153,120.0
horizon,28.0,severe_04,severe,nearest_first,20280.984,0.6798411759757325,47.67049447406919,120.0
horizon,28.0,severe_04,severe,nearest_first_post,16140.352000000003,1.0,42.08605549517236,120.0
horizon,28.0,severe_04,severe,access_opt,16140.352000000003,1.0,42.08605549517236,120.0
horizon,28.0,severe_05,severe,none,12480.408,4.085706913500782e-15,0.0,120.0
horizon,28.0,severe_05,severe,proportional,12035.199999999999,1.0000000000000053,3.857982843633515,120.0
horizon,28.0,severe_05,severe,nearest_first,12226.44,0.570447970386877,3.857982843633515,120.0
horizon,28.0,severe_05,severe,nearest_first_post,12035.199999999999,1.0000000000000053,2.691814481671374,120.0
horizon,28.0,severe_05,severe,access_opt,12035.199999999999,1.0000000000000053,2.691814481671374,120.0
horizon,28.0,severe_06,severe,none,31648.76,5.335478302591891e-16,0.0,120.0
horizon,28.0,severe_06,severe,proportional,19928.176007715465,0.8594734178032762,63.21046500160769,120.0
horizon,28.0,severe_06,severe,nearest_first,22636.928,0.6608399423448204,47.01648040274102,120.0
horizon,28.0,severe_06,severe,nearest_first_post,18011.824,1.0000000000000002,42.94104335440991,120.0
horizon,28.0,severe_06,severe,access_opt,18011.824,1.0000000000000002,42.94104335440991,120.0
horizon,28.0,severe_07,severe,none,30685.360000000004,0.0,0.0,120.0
horizon,28.0,severe_07,severe,proportional,20243.448420617387,0.865234384167205,65.32562721601998,120.0
horizon,28.0,severe_07,severe,nearest_first,21836.960000000003,0.733193330230992,49.13164261715332,120.0
horizon,28.0,severe_07,severe,nearest_first_post,18617.056,1.0000000000000002,48.571324159356095,120.0
horizon,28.0,severe_07,severe,access_opt,18617.056,1.0000000000000002,48.571324159356095,120.0
horizon,28.0,severe_08,severe,none,23670.256,0.0,0.0,120.0
horizon,28.0,severe_08,severe,proportional,17994.41632853158,0.820733694104146,25.241222915200897,120.0
horizon,28.0,severe_08,severe,nearest_first,20387.311999999998,0.4747179118186681,23.146875601638477,120.0
horizon,28.0,severe_08,severe,nearest_first_post,16754.688,1.0000000000000004,22.36190999595623,120.0
horizon,28.0,severe_08,severe,access_opt,16754.688,1.0000000000000004,22.36190999595623,120.0
horizon,28.0,severe_09,severe,none,23208.104000000003,0.0,0.0,120.0
horizon,28.0,severe_09,severe,proportional,16385.46674557817,0.9571031765817847,31.757914512190972,120.0
horizon,28.0,severe_09,severe,nearest_first,18850.384000000002,0.6113160496625903,26.866168683105784,120.0
horizon,28.0,severe_09,severe,nearest_first_post,16079.68,1.0000000000000004,25.568247413120886,120.0
horizon,28.0,severe_09,severe,access_opt,16079.68,1.0000000000000004,25.568247413120886,120.0
horizon,28.0,severe_10,severe,none,30234.288000000004,-3.220937033494144e-16,0.0,120.0
horizon,28.0,severe_10,severe,proportional,19775.46682926344,0.9259868246029811,69.26449876449796,120.0
horizon,28.0,severe_10,severe,nearest_first,21277.4,0.7930110040174294,52.15291855497563,120.0
horizon,28.0,severe_10,severe,nearest_first_post,18939.504,0.9999999999999999,47.36528012332626,120.0
horizon,28.0,severe_10,severe,access_opt,18939.504,0.9999999999999999,47.36528012332626,120.0
horizon,28.0,severe_11,severe,none,26222.952000000005,-7.528854860489202e-16,0.0,120.0
horizon,28.0,severe_11,severe,proportional,17261.713964250703,0.9272712145811977,58.98476696272651,120.0
horizon,28.0,severe_11,severe,nearest_first,19664.552000000003,0.6786356426922905,41.72989059568957,120.0
horizon,28.0,severe_11,severe,nearest_first_post,16558.856000000003,0.9999999999999992,38.58831376211048,120.0
horizon,28.0,severe_11,severe,access_opt,16558.856000000003,0.9999999999999992,38.58831376211048,120.0
horizon,28.0,severe_12,severe,none,26844.368000000002,0.0,0.0,120.0
horizon,28.0,severe_12,severe,proportional,13852.758548437934,0.8829756638530534,51.36527234582455,120.0
horizon,28.0,severe_12,severe,nearest_first,17955.664,0.6041214019291208,41.81404472937752,120.0
horizon,28.0,severe_12,severe,nearest_first_post,12130.928,1.0000000000000002,39.05544587212973,120.0
horizon,28.0,severe_12,severe,access_opt,12130.928,1.0000000000000002,39.05544587212973,120.0
horizon,28.0,severe_13,severe,none,23629.488,0.0,0.0,120.0
horizon,28.0,severe_13,severe,proportional,15193.825457038018,0.8481987767352153,38.80709394551633,120.0
horizon,28.0,severe_13,severe,nearest_first,18345.44,0.5313065840393897,31.821000802868724,120.0
horizon,28.0,severe_13,severe,nearest_first_post,13684.104000000001,0.9999999999999998,31.378067392121373,120.0
horizon,28.0,severe_13,severe,access_opt,13684.104000000001,0.9999999999999998,31.378067392121373,120.0
horizon,28.0,severe_14,severe,none,24292.52,0.0,0.0,120.0
horizon,28.0,severe_14,severe,proportional,15993.244404492089,0.9063898851501497,38.43493550565713,120.0
horizon,28.0,severe_14,severe,nearest_first,18865.728,0.5926769536700419,30.53124675235385,120.0
horizon,28.0,severe_14,severe,nearest_first_post,15136.112000000001,1.0,29.28552144988219,120.0
horizon,28.0,severe_14,severe,access_opt,15136.112000000001,1.0,29.28552144988219,120.0
horizon,28.0,severe_15,severe,none,29267.704000000005,-3.326907621435316e-16,0.0,120.0
horizon,28.0,severe_15,severe,proportional,19488.4464197206,0.894306654903788,65.5892087553475,120.0
horizon,28.0,severe_15,severe,nearest_first,20948.392,0.7607955946292169,48.477628545825155,120.0
horizon,28.0,severe_15,severe,nearest_first_post,18332.688000000002,0.9999999999999999,47.71633630011854,120.0
horizon,28.0,severe_15,severe,access_opt,18332.688000000002,0.9999999999999999,47.71633630011854,120.0
horizon,28.0,severe_16,severe,none,23103.688,0.0,0.0,120.0
horizon,28.0,severe_16,severe,proportional,16957.845325762093,0.9332856313214644,22.987146574792565,120.0
horizon,28.0,severe_16,severe,nearest_first,20048.087999999996,0.46401245951508024,19.97520365057447,120.0
horizon,28.0,severe_16,severe,nearest_first_post,16518.519999999997,1.0000000000000002,18.335250185654665,120.0
horizon,28.0,severe_16,severe,access_opt,16518.519999999997,1.0000000000000002,18.335250185654665,120.0
horizon,28.0,severe_17,severe,none,27615.896,0.0,0.0,120.0
horizon,28.0,severe_17,severe,proportional,19895.50828078691,0.8314208440105693,62.705374759241366,120.0
horizon,28.0,severe_17,severe,nearest_first,21325.168,0.6774585128911141,45.45049839220444,120.0
horizon,28.0,severe_17,severe,nearest_first_post,18330.12,1.0,38.93658944401075,120.0
horizon,28.0,severe_17,severe,access_opt,18330.12,1.0,38.93658944401075,120.0
horizon,28.0,severe_18,severe,none,28631.736,0.0,0.0,120.0
horizon,28.0,severe_18,severe,proportional,19565.971312969923,0.8879737733410225,57.63728287952703,120.0
horizon,28.0,severe_18,severe,nearest_first,22017.896,0.6478125854596543,41.443298280660365,120.0
horizon,28.0,severe_18,severe,nearest_first_post,18422.24,0.9999999999999997,39.22835738507613,120.0
horizon,28.0,severe_18,severe,access_opt,18422.24,0.9999999999999997,39.22835738507613,120.0
horizon,28.0,severe_19,severe,none,25876.736,0.0,0.0,120.0
horizon,28.0,severe_19,severe,proportional,16810.971312969927,0.8879737733410221,57.63728287952703,120.0
horizon,28.0,severe_19,severe,nearest_first,19262.896,0.6478125854596543,41.443298280660365,120.0
horizon,28.0,severe_19,severe,nearest_first_post,15667.240000000002,0.9999999999999997,39.22835738507613,120.0
horizon,28.0,severe_19,severe,access_opt,15667.240000000002,0.9999999999999997,39.22835738507613,120.0
trucks,1.0,mild_00,mild,none,12355.224,0.0,0.0,30.0
trucks,1.0,mild_00,mild,proportional,8925.615027900523,0.2890569744926157,29.380723546969765,30.0
trucks,1.0,mild_00,mild,nearest_first,8086.692000000001,0.3597637385143642,28.808598838378956,30.0
trucks,1.0,mild_00,mild,nearest_first_post,6290.812,0.5111254953720326,28.927838701709355,30.0
trucks,1.0,mild_00,mild,access_opt,1554.0,0.910357173560155,29.943576848469437,30.0
trucks,1.0,mild_01,mild,none,12086.94,0.0,0.0,30.0
trucks,1.0,mild_01,mild,proportional,8606.530154907556,0.3001249549945298,29.09102906954005,30.0
trucks,1.0,mild_01,mild,nearest_first,7797.188000000001,0.3699166716681601,28.087060614546374,30.0
trucks,1.0,mild_01,mild,nearest_first_post,6393.224,0.490984204248579,28.206300477876773,30.0
trucks,1.0,mild_01,mild,access_opt,1543.6680000000001,0.9091742568642911,29.81680198825509,30.0
trucks,1.0,mild_02,mild,none,10623.372000000003,0.0,0.0,30.0
trucks,1.0,mild_02,mild,proportional,7157.965149170165,0.326205921324212,29.907950924463634,30.0
trucks,1.0,mild_02,mild,nearest_first,5679.4,0.465386319899181,29.250659304211926,30.0
trucks,1.0,mild_02,mild,nearest_first_post,5052.564,0.524391690322056,28.074505659275754,30.0
trucks,1.0,mild_02,mild,access_opt,1368.7320000000004,0.8711584231447417,29.874092023009684,30.0
trucks,1.0,mild_03,mild,none,10578.472000000003,0.0,0.0,30.0
trucks,1.0,mild_03,mild,proportional,7004.038449183638,0.3378969619446329,29.907950924463634,30.0
trucks,1.0,mild_03,mild,nearest_first,5570.332,0.4734275422764272,29.431841661323684,30.0
trucks,1.0,mild_03,mild,nearest_first_post,4933.92,0.5335885938914431,28.255688016387513,30.0
trucks,1.0,mild_03,mild,access_opt,1373.5400000000004,0.8701570510372386,29.942872675145395,30.0
trucks,1.0,mild_04,mild,none,12088.616000000004,-3.009425402454435e-16,0.0,30.0
trucks,1.0,mild_04,mild,proportional,8313.22986465093,0.3123092118526281,29.907950924463634,30.0
trucks,1.0,mild_04,mild,nearest_first,7096.856,0.41293064483146785,29.444700164614677,30.0
trucks,1.0,mild_04,mild,nearest_first_post,6374.932000000001,0.47264997084860655,28.26854651967851,30.0
trucks,1.0,mild_04,mild,access_opt,992.3880000000001,0.917907227758744,29.824079418792344,30.0
trucks,1.0,mild_05,mild,none,12188.431999999999,0.0,0.0,30.0
trucks,1.0,mild_05,mild,proportional,8796.526480989995,0.2899553257190019,29.904150181923633,30.0
trucks,1.0,mild_05,mild,nearest_first,7884.26,0.3679399638981885,29.660167239269583,30.0
trucks,1.0,mild_05,mild,nearest_first_post,6111.396,0.5194923452055337,28.059439137449736,30.0
trucks,1.0,mild_05,mild,access_opt,1356.2360000000003,0.925984789915018,29.361036047113966,30.0
trucks,1.0,mild_06,mild,none,10763.320000000003,0.0,0.0,30.0
trucks,1.0,mild_06,mild,proportional,7157.965149170165,0.334966799354645,28.71140959426726,30.0
trucks,1.0,mild_06,mild,nearest_first,5833.567999999999,0.45801407000813904,28.05411797401555,30.0
trucks,1.0,mild_06,mild,nearest_first_post,4864.092000000001,0.5480862782115558,28.87932549715836,30.0
trucks,1.0,mild_06,mild,access_opt,1300.0440000000003,0.8792153350453208,29.93620395460734,30.0
trucks,1.0,mild_07,mild,none,12214.296,0.0,0.0,30.0
trucks,1.0,mild_07,mild,proportional,9181.184585662282,0.2483247019998302,28.682760747373813,30.0
trucks,1.0,mild_07,mild,nearest_first,7855.312000000001,0.3568755825141293,29.969509414442804,30.0
trucks,1.0,mild_07,mild,nearest_first_post,6420.032,0.4743837876534186,28.146919450781347,30.0
trucks,1.0,mild_07,mild,access_opt,1271.4,0.8959088595855218,29.74719807439916,30.0
trucks,1.0,mild_08,mild,none,12088.616000000004,-3.009425402454435e-16,0.0,30.0
trucks,1.0,mild_08,mild,proportional,8313.22986465093,0.3123092118526281,29.907950924463634,30.0
trucks,1.0,mild_08,mild,nearest_first,7096.856,0.41293064483146785,29.444700164614677,30.0
trucks,1.0,mild_08,mild,nearest_first_post,6374.932000000001,0.47264997084860655,28.26854651967851,30.0
trucks,1.0,mild_08,mild,access_opt,992.3880000000001,0.917907227758744,29.824079418792344,30.0
trucks,1.0,mild_09,mild,none,12765.376000000002,0.0,0.0,30.0
trucks,1.0,mild_09,mild,proportional,9080.788328543287,0.2886391808166649,28.514864351821195,30.0
trucks,1.0,mild_09,mild,nearest_first,7897.2480000000005,0.38135406273971095,28.05161359197224,30.0
trucks,1.0,mild_09,mild,nearest_first_post,6642.72,0.4796298988764609,28.99008474351109,30.0
trucks,1.0,mild_09,mild,access_opt,1096.78,0.9140816533723722,29.93998470077141,30.0
trucks,1.0,mild_10,mild,none,10821.000000000004,0.0,0.0,30.0
trucks,1.0,mild_10,mild,proportional,7157.965149170165,0.338511676446709,28.71140959426726,30.0
trucks,1.0,mild_10,mild,nearest_first,5833.567999999999,0.46090305886701816,28.05411797401555,30.0
trucks,1.0,mild_10,mild,nearest_first_post,4864.092000000001,0.5504951483227061,28.87932549715836,30.0
trucks,1.0,mild_10,mild,access_opt,1300.0440000000003,0.8798591627391186,29.93620395460734,30.0
trucks,1.0,mild_11,mild,none,13226.676000000001,0.0,0.0,30.0
trucks,1.0,mild_11,mild,proportional,9943.88350690013,0.25775144352286683,28.18418221677339,30.0
trucks,1.0,mild_11,mild,nearest_first,8980.184000000001,0.3334171883263799,27.940199274119337,30.0
trucks,1.0,mild_11,mild,nearest_first_post,7263.348,0.4682161310625276,28.059439137449736,30.0
trucks,1.0,mild_11,mild,access_opt,1605.6600000000003,0.9124346590587888,29.44938439017898,30.0
trucks,1.0,mild_12,mild,none,12521.828,0.0,0.0,30.0
trucks,1.0,mild_12,mild,proportional,8918.106356223112,0.2877951720608914,28.881962465435375,30.0
trucks,1.0,mild_12,mild,nearest_first,7653.915999999999,0.3887541020368592,28.894814405875483,30.0
trucks,1.0,mild_12,mild,nearest_first_post,6370.168000000001,0.49127491609052604,28.12168517925147,30.0
trucks,1.0,mild_12,mild,access_opt,841.2120000000001,0.9328203517888922,29.996681638188942,30.0
trucks,1.0,mild_13,mild,none,10623.372000000003,0.0,0.0,30.0
trucks,1.0,mild_13,mild,proportional,7157.965149170165,0.326205921324212,29.907950924463634,30.0
trucks,1.0,mild_13,mild,nearest_first,5679.4,0.465386319899181,29.250659304211926,30.0
trucks,1.0,mild_13,mild,nearest_first_post,5052.564,0.524391690322056,28.074505659275754,30.0
trucks,1.0,mild_13,mild,access_opt,1368.7320000000004,0.8711584231447417,29.874092023009684,30.0
trucks,1.0,mild_14,mild,none,12096.884000000002,0.0,0.0,30.0
trucks,1.0,mild_14,mild,proportional,8306.069055248932,0.3133711908579985,29.907950924463634,30.0
trucks,1.0,mild_14,mild,nearest_first,7105.124,0.41264841425279447,29.444700164614677,30.0
trucks,1.0,mild_14,mild,nearest_first_post,6344.924,0.4754910438092984,28.26854651967851,30.0
trucks,1.0,mild_14,mild,access_opt,1106.0200000000002,0.9085698432753426,29.824079418792344,30.0
trucks,1.0,mild_15,mild,none,12251.624000000002,0.0,0.0,30.0
trucks,1.0,mild_15,mild,proportional,8587.098118947313,0.2991053170626758,28.881962465435375,30.0
trucks,1.0,mild_15,mild,nearest_first,7211.619999999999,0.4113743614724058,29.297838824187643,30.0
trucks,1.0,mild_15,mild,nearest_first_post,6076.668,0.504011223328434,28.12168517925147,30.0
trucks,1.0,mild_15,mild,access_opt,849.8320000000001,0.9306351549802704,29.996681638188942,30.0
trucks,1.0,mild_16,mild,none,12073.636,0.0,0.0,30.0
trucks,1.0,mild_16,mild,proportional,8490.584496636886,0.29676656670477014,28.881962465435375,30.0
trucks,1.0,mild_16,mild,nearest_first,7205.724,0.4031852542183647,28.894814405875483,30.0
trucks,1.0,mild_16,mild,nearest_first_post,5921.976,0.509511799096809,28.12168517925147,30.0
trucks,1.0,mild_16,mild,access_opt,963.464,0.9202010065567655,29.996681638188942,30.0
trucks,1.0,mild_17,mild,none,11578.072000000002,0.0,0.0,30.0
trucks,1.0,mild_17,mild,proportional,8003.638449183638,0.3087244189547589,29.907950924463634,30.0
trucks,1.0,mild_17,mild,nearest_first,6569.932,0.4325538828917285,29.444700164614677,30.0
trucks,1.0,mild_17,mild,nearest_first_post,5933.5199999999995,0.487520892943143,28.26854651967851,30.0
trucks,1.0,mild_17,mild,access_opt,1082.8440000000003,0.9064745840240067,29.89005499580153,30.0
trucks,1.0,mild_18,mild,none,10763.320000000003,0.0,0.0,30.0
trucks,1.0,mild_18,mild,proportional,7157.965149170165,0.334966799354645,28.71140959426726,30.0
trucks,1.0,mild_18,mild,nearest_first,5833.567999999999,0.45801407000813904,28.05411797401555,30.0
trucks,1.0,mild_18,mild,nearest_first_post,4941.088000000001,0.5409327233604503,28.956290268906482,30.0
trucks,1.0,mild_18,mild,access_opt,1316.2720000000004,0.8777076218118575,29.960693746687753,30.0
trucks,1.0,mild_19,mild,none,12271.244000000002,0.0,0.0,30.0
trucks,1.0,mild_19,mild,proportional,9031.040231949042,0.27504013024970714,29.548503721159,30.0
trucks,1.0,mild_19,mild,nearest_first,7876.647999999999,0.37302908790884204,29.30452077850495,30.0
trucks,1.0,mild_19,mild,nearest_first_post,6208.884,0.5145948845752936,29.615792776541184,30.0
trucks,1.0,mild_19,mild,access_opt,1567.8320000000003,0.9085440426998415,29.815643946266395,30.0
trucks,1.0,moderate_00,moderate,none,12176.336000000001,2.63399328385122e-16,0.0,30.0
trucks,1.0,moderate_00,moderate,proportional,7355.214038760265,0.6981240705294167,29.9099738638923,30.0
trucks,1.0,moderate_00,moderate,nearest_first,8253.496000000001,0.5680480707298654,29.424576032274924,30.0
trucks,1.0,moderate_00,moderate,nearest_first_post,6849.7080000000005,0.771324030267786,27.489285928800165,30.0
trucks,1.0,moderate_00,moderate,access_opt,5448.74,0.9741916388254325,29.60859338585653,30.0
trucks,1.0,moderate_01,moderate,none,12790.368000000002,-2.9827087212121123e-16,0.0,30.0
trucks,1.0,moderate_01,moderate,proportional,8115.268,0.7666048804548304,29.673586553367816,30.0
trucks,1.0,moderate_01,moderate,nearest_first,9493.768,0.5405637631082532,27.635922857139462,30.0
trucks,1.0,moderate_01,moderate,nearest_first_post,7620.799999999999,0.8476858374458552,29.4251020966966,30.0
trucks,1.0,moderate_01,moderate,access_opt,6884.023999999999,0.9684995264368903,29.991956751621093,30.0
trucks,1.0,moderate_02,moderate,none,12728.044,3.069551831930438e-16,0.0,30.0
trucks,1.0,moderate_02,moderate,proportional,8667.06738071063,0.6852914149399064,29.451093616926453,30.0
trucks,1.0,moderate_02,moderate,nearest_first,9262.008,0.5848949495031316,27.785093007096147,30.0
trucks,1.0,moderate_02,moderate,nearest_first_post,8156.5,0.7714498629071781,29.48720869922177,30.0
trucks,1.0,moderate_02,moderate,access_opt,6941.4,0.9764984697714043,29.199024066739987,30.0
trucks,1.0,moderate_03,moderate,none,10921.796,1.6964089299578204e-16,0.0,30.0
trucks,1.0,moderate_03,moderate,proportional,7437.447750601306,0.3249540362269534,29.49370148882144,30.0
trucks,1.0,moderate_03,moderate,nearest_first,5877.952000000001,0.4703942742181273,29.71088470232162,30.0
trucks,1.0,moderate_03,moderate,nearest_first_post,3411.0480000000007,0.7004603739321142,28.504762643442806,30.0
trucks,1.0,moderate_03,moderate,access_opt,963.3920000000003,0.9287313846246823,29.828926056477236,30.0
trucks,1.0,moderate_04,moderate,none,11142.488,3.4264412866651246e-16,0.0,30.0
trucks,1.0,moderate_04,moderate,proportional,7340.655999999999,0.7161533818927631,28.18369007448534,30.0
trucks,1.0,moderate_04,moderate,nearest_first,8196.02,0.5550279504298994,27.27756195812081,30.0
trucks,1.0,moderate_04,moderate,nearest_first_post,6139.491999999999,0.9424173674680958,28.979677650246444,30.0
trucks,1.0,moderate_04,moderate,access_opt,5965.843999999999,0.9751275457344986,29.45759336289708,30.0
trucks,1.0,moderate_05,moderate,none,10897.560000000001,-1.7002519673552113e-16,0.0,30.0
trucks,1.0,moderate_05,moderate,proportional,8206.426952662592,0.25154650429686803,28.959865952673248,30.0
trucks,1.0,moderate_05,moderate,nearest_first,6861.944,0.3772184725273573,28.974934886736975,30.0
trucks,1.0,moderate_05,moderate,nearest_first_post,2850.5200000000004,0.7521756621954482,29.185970943573995,30.0
trucks,1.0,moderate_05,moderate,access_opt,1041.6840000000002,0.9212517965383825,29.807057256499526,30.0
trucks,1.0,moderate_06,moderate,none,13342.320000000002,0.0,0.0,30.0
trucks,1.0,moderate_06,moderate,proportional,8623.75577776715,0.5268651478320775,28.629324491441018,30.0
trucks,1.0,moderate_06,moderate,nearest_first,9419.480000000001,0.438016222558387,29.397864665378773,30.0
trucks,1.0,moderate_06,moderate,nearest_first_post,7313.484,0.6731673917733112,27.3788889665938,30.0
trucks,1.0,moderate_06,moderate,access_opt,4802.26,0.9535654835838268,29.597104615880706,30.0
trucks,1.0,moderate_07,moderate,none,9327.624,4.2698720475642955e-16,0.0,30.0
trucks,1.0,moderate_07,moderate,proportional,6326.5,0.7044799411087557,29.043874549185286,30.0
trucks,1.0,moderate_07,moderate,nearest_first,6802.424000000001,0.5927621608730027,27.680169548401484,30.0
trucks,1.0,moderate_07,moderate,nearest_first_post,5120.663999999999,0.987536314076623,28.294135753972416,30.0
trucks,1.0,moderate_07,moderate,access_opt,5074.139999999999,0.9984572972749658,29.888271277477532,30.0
trucks,1.0,moderate_08,moderate,none,10482.332000000002,-3.1057077120103594e-16,0.0,30.0
trucks,1.0,moderate_08,moderate,proportional,6429.025894489261,0.692053730850996,28.533498006270776,30.0
trucks,1.0,moderate_08,moderate,nearest_first,7156.744000000001,0.5678045335742787,27.785093007096147,30.0
trucks,1.0,moderate_08,moderate,nearest_first_post,6054.752,0.7559565396443593,27.719904038273132,30.0
trucks,1.0,moderate_08,moderate,access_opt,4825.176,0.9658919938179152,28.89389110109218,30.0
trucks,1.0,moderate_09,moderate,none,12476.36,0.0,0.0,30.0
trucks,1.0,moderate_09,moderate,proportional,9639.575607670697,0.23939650215965252,28.959865952673248,30.0
trucks,1.0,moderate_09,moderate,nearest_first,8595.864000000001,0.32747542307285926,28.974934886736975,30.0
trucks,1.0,moderate_09,moderate,nearest_first_post,4084.2039999999997,0.7082148355760282,29.653520754766387,30.0
trucks,1.0,moderate_09,moderate,access_opt,1410.1440000000005,0.9338790109345931,29.703927970791028,30.0
trucks,1.0,moderate_10,moderate,none,13349.42,0.0,0.0,30.0
trucks,1.0,moderate_10,moderate,proportional,8450.05901024663,0.7216633578387236,27.711728880785344,30.0
trucks,1.0,moderate_10,moderate,nearest_first,9731.268,0.5329445466361387,29.735574259288242,30.0
trucks,1.0,moderate_10,moderate,nearest_first_post,7844.619999999999,0.8108429773880745,28.659721148327794,30.0
trucks,1.0,moderate_10,moderate,access_opt,6874.200000000001,0.9537833643443552,29.3238069093691,30.0
trucks,1.0,moderate_11,moderate,none,13676.024000000001,2.9162809322307135e-16,0.0,30.0
trucks,1.0,moderate_11,moderate,proportional,9195.557277389193,0.7183274209939478,28.12132068875684,30.0
trucks,1.0,moderate_11,moderate,nearest_first,10221.328000000001,0.5538715097413011,26.9365909984469,30.0
trucks,1.0,moderate_11,moderate,nearest_first_post,7744.351999999999,0.9509908038016089,28.63870669057253,30.0
trucks,1.0,moderate_11,moderate,access_opt,7540.68,0.983644362358434,29.86862039663476,30.0
trucks,1.0,moderate_12,moderate,none,11957.860000000002,-2.7431782137384967e-16,0.0,30.0
trucks,1.0,moderate_12,moderate,proportional,7450.499010246631,0.6797452719869307,29.778336861192166,30.0
trucks,1.0,moderate_12,moderate,nearest_first,8203.556,0.566178391170142,29.029931862017534,30.0
trucks,1.0,moderate_12,moderate,nearest_first_post,6864.028,0.7681896848659531,27.954078751057086,30.0
trucks,1.0,moderate_12,moderate,access_opt,5629.523999999999,0.9543625383730494,28.893983857963924,30.0
trucks,1.0,moderate_13,moderate,none,11868.396,0.0,0.0,30.0
trucks,1.0,moderate_13,moderate,proportional,8182.456,0.6920575434749139,29.33270244423649,30.0
trucks,1.0,moderate_13,moderate,nearest_first,8688.856000000002,0.5969778785819158,29.34416993852763,30.0
trucks,1.0,moderate_13,moderate,nearest_first_post,7783.2080000000005,0.7670187718501105,28.963199552982992,30.0
trucks,1.0,moderate_13,moderate,access_opt,6777.952,0.9557616699774316,29.630726153329384,30.0
trucks,1.0,moderate_14,moderate,none,13130.58,0.0,0.0,30.0
trucks,1.0,moderate_14,moderate,proportional,8152.637277389193,0.7478269087698973,28.12132068875684,30.0
trucks,1.0,moderate_14,moderate,nearest_first,9331.968,0.5706582875438064,27.635922857139462,30.0
trucks,1.0,moderate_14,moderate,nearest_first_post,7537.108,0.8402967065191786,28.57011423745905,30.0
trucks,1.0,moderate_14,moderate,access_opt,6757.688,0.9573874971757116,29.853365718482532,30.0
trucks,1.0,moderate_15,moderate,none,10175.612000000001,-4.4146327934761507e-16,0.0,30.0
trucks,1.0,moderate_15,moderate,proportional,7314.18,0.6944609748070799,29.043874549185286,30.0
trucks,1.0,moderate_15,moderate,nearest_first,7700.84,0.6006197510705363,27.680169548401484,30.0
trucks,1.0,moderate_15,moderate,nearest_first_post,6108.343999999999,0.987113759852285,28.294135753972416,30.0
trucks,1.0,moderate_15,moderate,access_opt,6061.82,0.9984049952868241,29.888271277477532,30.0
trucks,1.0,moderate_16,moderate,none,12197.064,2.9616918694911337e-16,0.0,30.0
trucks,1.0,moderate_16,moderate,proportional,7780.69138071063,0.7190770245112564,29.841288653907085,30.0
trucks,1.0,moderate_16,moderate,nearest_first,8756.356,0.5602185966025178,28.656558963597146,30.0
trucks,1.0,moderate_16,moderate,nearest_first_post,7296.2119999999995,0.7979603121208316,27.42060071881495,30.0
trucks,1.0,moderate_16,moderate,access_opt,6145.687999999999,0.9852894724673402,29.60850062898479,30.0
trucks,1.0,moderate_17,moderate,none,12013.084000000003,-2.8701477078224e-16,0.0,30.0
trucks,1.0,moderate_17,moderate,proportional,8004.985075415265,0.6324300690645719,27.645557052504973,30.0
trucks,1.0,moderate_17,moderate,nearest_first,8343.444000000001,0.5790252991030065,28.064435696955037,30.0
trucks,1.0,moderate_17,moderate,nearest_first_post,7132.244000000001,0.7701381718299121,28.082688094361604,30.0
trucks,1.0,moderate_17,moderate,access_opt,5978.088,0.9522501836652775,29.463170681501897,30.0
trucks,1.0,moderate_18,moderate,none,11448.456,0.0,0.0,30.0
trucks,1.0,moderate_18,moderate,proportional,6717.9439999999995,0.7405504715840994,29.673586553367816,30.0
trucks,1.0,moderate_18,moderate,nearest_first,8011.407999999999,0.5380617398829526,27.635922857139462,30.0
trucks,1.0,moderate_18,moderate,nearest_first_post,5366.312,0.9521452661873386,29.4251020966966,30.0
trucks,1.0,moderate_18,moderate,access_opt,5181.084000000001,0.9811422717441535,28.724238997807923,30.0
trucks,1.0,moderate_19,moderate,none,11922.552000000001,-2.217550673029765e-16,0.0,30.0
trucks,1.0,moderate_19,moderate,proportional,7263.116810981147,0.5680370440424528,27.941800367053116,30.0
trucks,1.0,moderate_19,moderate,nearest_first,8408.032000000001,0.4284591309979058,28.68329184676096,30.0
trucks,1.0,moderate_19,moderate,nearest_first_post,5685.436,0.7603739063351852,28.954154050862606,30.0
trucks,1.0,moderate_19,moderate,access_opt,4196.776,0.941858140299238,29.573704033135822,30.0
trucks,1.0,severe_00,severe,none,6763.052,6.811551483293651e-16,0.0,30.0
trucks,1.0,severe_00,severe,proportional,4569.774276531842,0.8213145223079272,28.892937677775937,30.0
trucks,1.0,severe_00,severe,nearest_first,5414.464000000001,0.505004403755475,19.981128872369947,30.0
trucks,1.0,severe_00,severe,nearest_first_post,4092.6040000000003,1.0000000000000004,21.26076243943445,30.0
trucks,1.0,severe_00,severe,access_opt,4092.6040000000003,1.0000000000000004,21.26076243943445,30.0
trucks,1.0,severe_01,severe,none,8592.872000000001,0.0,0.0,30.0
trucks,1.0,severe_01,severe,proportional,6580.280000000001,0.7057150310956266,29.258409352919273,30.0
trucks,1.0,severe_01,severe,nearest_first,6721.576000000001,0.6561696135277898,19.357356858100314,30.0
trucks,1.0,severe_01,severe,nearest_first_post,5741.024000000001,1.0,19.65135594280663,30.0
trucks,1.0,severe_01,severe,access_opt,5741.024000000001,1.0,19.65135594280663,30.0
trucks,1.0,severe_02,severe,none,9780.096,0.0,0.0,30.0
trucks,1.0,severe_02,severe,proportional,7131.956,0.6903727294246953,28.241502194690714,30.0
trucks,1.0,severe_02,severe,nearest_first,7490.104,0.5970031899373586,29.550490631748833,30.0
trucks,1.0,severe_02,severe,nearest_first_post,6078.412,0.9650326971186282,29.203871771407073,30.0
trucks,1.0,severe_02,severe,access_opt,6038.24,0.9755055774370589,29.579520303149174,30.0
trucks,1.0,severe_03,severe,none,7062.584000000001,0.0,0.0,30.0
trucks,1.0,severe_03,severe,proportional,5157.879999999999,0.8906362515828207,28.747417592198865,30.0
trucks,1.0,severe_03,severe,nearest_first,5916.072,0.5361070014420732,20.8437949058546,30.0
trucks,1.0,severe_03,severe,nearest_first_post,4923.996,1.0000000000000002,21.414553680156665,30.0
trucks,1.0,severe_03,severe,access_opt,4923.996,1.0000000000000002,21.414553680156665,30.0
trucks,1.0,severe_04,severe,none,8277.728000000001,-5.384696961893816e-16,0.0,30.0
trucks,1.0,severe_04,severe,proportional,5883.884,0.7086420893337972,28.241502194690714,30.0
trucks,1.0,severe_04,severe,nearest_first,6492.844000000001,0.5283735811433262,26.198883949548822,30.0
trucks,1.0,severe_04,severe,nearest_first_post,4899.656000000001,0.9999999999999994,25.06516585825645,30.0
trucks,1.0,severe_04,severe,access_opt,4899.656000000001,0.9999999999999994,25.06516585825645,30.0
trucks,1.0,severe_05,severe,none,3936.716,-5.05364676927525e-15,0.0,30.0
trucks,1.0,severe_05,severe,proportional,3846.732,0.999999999999994,3.857982843633515,30.0
trucks,1.0,severe_05,severe,nearest_first,3932.244,0.04969772403982149,2.3948816399609716,30.0
trucks,1.0,severe_05,severe,nearest_first_post,3846.732,0.999999999999994,2.146577805742294,30.0
trucks,1.0,severe_05,severe,access_opt,3846.732,0.999999999999994,2.146577805742294,30.0
trucks,1.0,severe_06,severe,none,9623.968,0.0,0.0,30.0
trucks,1.0,severe_06,severe,proportional,6470.831349442413,0.8759900371376976,29.539373996501222,30.0
trucks,1.0,severe_06,severe,nearest_first,7729.380000000001,0.5263457935409022,25.54486987822066,30.0
trucks,1.0,severe_06,severe,nearest_first_post,6024.456,1.0000000000000002,25.920153717494003,30.0
trucks,1.0,severe_06,severe,access_opt,6024.456,1.0000000000000002,25.920153717494003,30.0
trucks,1.0,severe_07,severe,none,9036.912,5.869828465593558e-16,0.0,30.0
trucks,1.0,severe_07,severe,proportional,7298.388000000001,0.5610168835192073,28.3408137422636,30.0
trucks,1.0,severe_07,severe,nearest_first,7197.612000000001,0.5935370198265183,27.045701194593267,30.0
trucks,1.0,severe_07,severe,nearest_first_post,5991.128000000001,0.9828660677406035,27.516081712259158,30.0
trucks,1.0,severe_07,severe,access_opt,5944.604000000001,0.9978792337876913,29.110217235764267,30.0
trucks,1.0,severe_08,severe,none,7126.8640000000005,-4.255360062045468e-16,0.0,30.0
trucks,1.0,severe_08,severe,proportional,5096.771999999999,0.9498430724486877,25.241222915200897,30.0
trucks,1.0,severe_08,severe,nearest_first,6534.428,0.277190014279752,16.641894754659678,30.0
trucks,1.0,severe_08,severe,nearest_first_post,4989.572,0.9999999999999998,18.203560165010437,30.0
trucks,1.0,severe_08,severe,access_opt,4989.572,0.9999999999999998,18.203560165010437,30.0
trucks,1.0,severe_09,severe,none,6805.9000000000015,-1.0431013858854523e-15,0.0,30.0
trucks,1.0,severe_09,severe,proportional,5104.098745578171,0.9758997185627419,27.731568326248215,30.0
trucks,1.0,severe_09,severe,nearest_first,5940.42,0.49631041593551634,14.229094809589057,30.0
trucks,1.0,severe_09,severe,nearest_first_post,5062.072,0.9999999999999998,16.869207929882187,30.0
trucks,1.0,severe_09,severe,access_opt,5062.072,0.9999999999999998,16.869207929882187,30.0
trucks,1.0,severe_10,severe,none,8973.848,6.316558311812195e-16,0.0,30.0
trucks,1.0,severe_10,severe,proportional,7185.4839999999995,0.6210209617892883,28.604395281591106,30.0
trucks,1.0,severe_10,severe,nearest_first,7084.7080000000005,0.6560160793633821,26.3916871232651,30.0
trucks,1.0,severe_10,severe,nearest_first_post,6094.132,1.0000000000000009,26.685686207971415,30.0
trucks,1.0,severe_10,severe,access_opt,6094.132,1.0000000000000009,26.685686207971415,30.0
trucks,1.0,severe_11,severe,none,7846.1680000000015,0.0,0.0,30.0
trucks,1.0,severe_11,severe,proportional,6320.528,0.5561915150207148,29.258409352919273,30.0
trucks,1.0,severe_11,severe,nearest_first,6455.052,0.5071490755417773,28.664229406078945,30.0
trucks,1.0,severe_11,severe,nearest_first_post,5109.928,0.9975311810520703,27.199213461422886,30.0
trucks,1.0,severe_11,severe,access_opt,5109.728000000001,0.9976040936022155,29.10367942998289,30.0
trucks,1.0,severe_12,severe,none,7890.628000000001,0.0,0.0,30.0
trucks,1.0,severe_12,severe,proportional,4557.572,0.8515380056001801,28.269494778805203,30.0
trucks,1.0,severe_12,severe,nearest_first,6005.959999999999,0.48149998978069414,22.931322626884313,30.0
trucks,1.0,severe_12,severe,nearest_first_post,3976.468,1.0000000000000004,26.5798993820517,30.0
trucks,1.0,severe_12,severe,access_opt,3976.468,1.0000000000000004,26.5798993820517,30.0
trucks,1.0,severe_13,severe,none,6975.152,0.0,0.0,30.0
trucks,1.0,severe_13,severe,proportional,4822.697457038017,0.7904113615125921,28.09573573475798,30.0
trucks,1.0,severe_13,severe,nearest_first,5983.2480000000005,0.3642409981169266,19.18392692935199,30.0
trucks,1.0,severe_13,severe,nearest_first_post,4251.9439999999995,1.0000000000000002,19.809546425088328,30.0
trucks,1.0,severe_13,severe,access_opt,4251.9439999999995,1.0000000000000002,19.809546425088328,30.0
trucks,1.0,severe_14,severe,none,7376.984,0.0,0.0,30.0
trucks,1.0,severe_14,severe,proportional,5346.778451128026,0.7959467862969775,27.863817826769548,30.0
trucks,1.0,severe_14,severe,nearest_first,6432.7080000000005,0.3702055922342277,17.89417287883712,30.0
trucks,1.0,severe_14,severe,nearest_first_post,4826.304,1.0000000000000002,20.534285999130255,30.0
trucks,1.0,severe_14,severe,access_opt,4826.304,1.0000000000000002,20.534285999130255,30.0
trucks,1.0,severe_15,severe,none,8712.880000000001,0.0,0.0,30.0
trucks,1.0,severe_15,severe,proportional,7109.68,0.5714359037968838,28.604395281591106,30.0
trucks,1.0,severe_15,severe,nearest_first,7059.696000000001,0.5892519293803313,26.3916871232651,30.0
trucks,1.0,severe_15,severe,nearest_first_post,5960.412,0.9810747500324357,26.661093853021605,30.0
trucks,1.0,severe_15,severe,access_opt,5913.888000000001,0.9976575120011519,28.25522937652672,30.0
trucks,1.0,severe_16,severe,none,7073.664000000001,0.0,0.0,30.0
trucks,1.0,severe_16,severe,proportional,4898.572,1.0000000000000002,22.987146574792565,30.0
trucks,1.0,severe_16,severe,nearest_first,6522.400000000001,0.2534439922541208,13.470222803595664,30.0
trucks,1.0,severe_16,severe,nearest_first_post,4898.572,1.0000000000000002,14.176900354708877,30.0
trucks,1.0,severe_16,severe,access_opt,4898.572,1.0000000000000002,14.176900354708877,30.0
trucks,1.0,severe_17,severe,none,8477.868,-7.106237912862937e-16,0.0,30.0
trucks,1.0,severe_17,severe,proportional,6257.335349442414,0.8674945152171986,28.604395281591106,30.0
trucks,1.0,severe_17,severe,nearest_first,7175.74,0.5087017737960732,28.709547193443342,30.0
trucks,1.0,severe_17,severe,nearest_first_post,5918.16,0.9999999999999994,22.637803292722673,30.0
trucks,1.0,severe_17,severe,access_opt,5918.16,0.9999999999999994,22.637803292722673,30.0
trucks,1.0,severe_18,severe,none,8882.696,0.0,0.0,30.0
trucks,1.0,severe_18,severe,proportional,7329.335999999999,0.5383867805901267,28.3408137422636,30.0
trucks,1.0,severe_18,severe,nearest_first,7463.860000000001,0.491761437287797,28.44928516980704,30.0
trucks,1.0,severe_18,severe,nearest_first_post,6004.255999999999,0.9976528587847273,27.910905163145834,30.0
trucks,1.0,severe_18,severe,access_opt,6004.056,0.9977221777810436,29.74372305294854,30.0
trucks,1.0,severe_19,severe,none,7178.136,0.0,0.0,30.0
trucks,1.0,severe_19,severe,proportional,5624.776,0.5383867805901267,28.3408137422636,30.0
trucks,1.0,severe_19,severe,nearest_first,5759.3,0.4917614372877973,28.44928516980704,30.0
trucks,1.0,severe_19,severe,nearest_first_post,4299.696,0.9976528587847273,27.910905163145834,30.0
trucks,1.0,severe_19,severe,access_opt,4299.496,0.9977221777810436,29.74372305294854,30.0
trucks,2.0,mild_00,mild,none,12355.224,0.0,0.0,60.0
trucks,2.0,mild_00,mild,proportional,7657.678280447127,0.3959222069574484,59.05777417916425,60.0
trucks,2.0,mild_00,mild,nearest_first,4459.252,0.6654944617786025,58.44106379749573,60.0
trucks,2.0,mild_00,mild,nearest_first_post,490.404,0.9999999999999999,58.57017947296741,60.0
trucks,2.0,mild_00,mild,access_opt,490.404,0.9999999999999999,58.57017947296741,60.0
trucks,2.0,mild_01,mild,none,12086.94,0.0,0.0,60.0
trucks,2.0,mild_01,mild,proportional,7572.227649878839,0.3893155982201203,58.32786836834428,60.0
trucks,2.0,mild_01,mild,nearest_first,4067.3360000000002,0.6915516840546176,59.834150370138175,60.0
trucks,2.0,mild_01,mild,nearest_first_post,490.404,0.9999999999999999,59.96326604560985,60.0
trucks,2.0,mild_01,mild,access_opt,490.404,0.9999999999999999,59.96326604560985,60.0
trucks,2.0,mild_02,mild,none,10623.372000000003,0.0,0.0,60.0
trucks,2.0,mild_02,mild,proportional,6208.121970712965,0.415616626179243,59.881310938313135,60.0
trucks,2.0,mild_02,mild,nearest_first,1244.5119999999997,0.8828515089182607,59.2848239591063,60.0
trucks,2.0,mild_02,mild,nearest_first_post,127.98400000000004,0.987952601113846,58.10130476386942,60.0
trucks,2.0,mild_02,mild,access_opt,4.472000000000008,0.9995790413815877,59.48157123892774,60.0
trucks,2.0,mild_03,mild,none,10578.472000000003,0.0,0.0,60.0
trucks,2.0,mild_03,mild,proportional,6062.978449183638,0.42685687978531905,58.69786869052103,60.0
trucks,2.0,mild_03,mild,nearest_first,1867.8919999999998,0.8234251600798301,58.76759493828755,60.0
trucks,2.0,mild_03,mild,nearest_first_post,490.404,0.9536413198427901,57.499611641331775,60.0
trucks,2.0,mild_03,mild,access_opt,8.620000000000005,0.9991851375132438,58.92072749793549,60.0
trucks,2.0,mild_04,mild,none,12088.616000000004,-3.009425402454435e-16,0.0,60.0
trucks,2.0,mild_04,mild,proportional,7372.1698646509285,0.390156005894229,58.80344989385009,60.0
trucks,2.0,mild_04,mild,nearest_first,3076.228,0.7455268659373412,59.739855899780146,60.0
trucks,2.0,mild_04,mild,nearest_first_post,80.09199999999998,0.9933745930882408,55.092810166117125,60.0
trucks,2.0,mild_04,mild,access_opt,4.472000000000008,0.999630065178677,59.35107003152017,60.0
trucks,2.0,mild_05,mild,none,12188.431999999999,0.0,0.0,60.0
trucks,2.0,mild_05,mild,proportional,7588.144230151275,0.39325327053830983,58.17990620475838,60.0
trucks,2.0,mild_05,mild,nearest_first,4452.6720000000005,0.6612875264104342,59.941890192601484,60.0
trucks,2.0,mild_05,mild,nearest_first_post,644.436,0.9868326524778364,57.26506907764878,60.0
trucks,2.0,mild_05,mild,access_opt,494.876,0.9996177133445054,59.51712370051808,60.0
trucks,2.0,mild_06,mild,none,10763.320000000003,0.0,0.0,60.0
trucks,2.0,mild_06,mild,proportional,6208.121970712965,0.4232149587011292,58.68476960811676,60.0
trucks,2.0,mild_06,mild,nearest_first,1398.6799999999998,0.8700512481279012,57.966651413526506,60.0
trucks,2.0,mild_06,mild,nearest_first_post,0.0,1.0000000000000002,59.392111971346765,60.0
trucks,2.0,mild_06,mild,access_opt,0.0,1.0000000000000002,59.392111971346765,60.0
trucks,2.0,mild_07,mild,none,12214.296,0.0,0.0,60.0
trucks,2.0,mild_07,mild,proportional,8097.701124042137,0.3370308756196725,59.17200604749784,60.0
trucks,2.0,mild_07,mild,nearest_first,3769.3439999999996,0.6913989967166344,59.324499856629345,60.0
trucks,2.0,mild_07,mild,nearest_first_post,80.09199999999998,0.9934427657557996,57.410080240948275,60.0
trucks,2.0,mild_07,mild,access_opt,13.092000000000013,0.998928141253495,59.06672590359489,60.0
trucks,2.0,mild_08,mild,none,12088.616000000004,-3.009425402454435e-16,0.0,60.0
trucks,2.0,mild_08,mild,proportional,7372.1698646509285,0.390156005894229,58.80344989385009,60.0
trucks,2.0,mild_08,mild,nearest_first,3076.228,0.7455268659373412,59.739855899780146,60.0
trucks,2.0,mild_08,mild,nearest_first_post,80.09199999999998,0.9933745930882408,55.092810166117125,60.0
trucks,2.0,mild_08,mild,access_opt,4.472000000000008,0.999630065178677,59.35107003152017,60.0
trucks,2.0,mild_09,mild,none,12765.376000000002,0.0,0.0,60.0
trucks,2.0,mild_09,mild,proportional,8055.5228565280895,0.3689553009227391,59.51209118465447,60.0
trucks,2.0,mild_09,mild,nearest_first,3886.3879999999995,0.6955524067602867,57.38736686893611,60.0
trucks,2.0,mild_09,mild,nearest_first_post,0.0,1.0,59.00474251262579,60.0
trucks,2.0,mild_09,mild,access_opt,0.0,1.0,59.00474251262579,60.0
trucks,2.0,mild_10,mild,none,10821.000000000004,0.0,0.0,60.0
trucks,2.0,mild_10,mild,proportional,6208.121970712965,0.426289439911934,58.68476960811676,60.0
trucks,2.0,mild_10,mild,nearest_first,1398.6799999999998,0.8707439238517699,57.966651413526506,60.0
trucks,2.0,mild_10,mild,nearest_first_post,0.0,1.0000000000000002,59.392111971346765,60.0
trucks,2.0,mild_10,mild,access_opt,0.0,1.0000000000000002,59.392111971346765,60.0
trucks,2.0,mild_11,mild,none,13226.676000000001,0.0,0.0,60.0
trucks,2.0,mild_11,mild,proportional,8206.5020958772,0.3941635279242466,58.713741740906585,60.0
trucks,2.0,mild_11,mild,nearest_first,5548.596,0.6028514466399587,58.55114337361399,60.0
trucks,2.0,mild_11,mild,nearest_first_post,1116.996,0.9508025582368214,57.594290223811534,60.0
trucks,2.0,mild_11,mild,access_opt,513.8439999999999,0.9981595870439952,59.91030530260691,60.0
trucks,2.0,mild_12,mild,none,12521.828,0.0,0.0,60.0
trucks,2.0,mild_12,mild,proportional,7960.974352891225,0.3642322548360171,58.24066720208269,60.0
trucks,2.0,mild_12,mild,nearest_first,3743.079999999999,0.7010755937551609,59.847595722243454,60.0
trucks,2.0,mild_12,mild,nearest_first_post,0.0,1.0,56.36594096407564,60.0
trucks,2.0,mild_12,mild,access_opt,0.0,1.0,56.36594096407564,60.0
trucks,2.0,mild_13,mild,none,10623.372000000003,0.0,0.0,60.0
trucks,2.0,mild_13,mild,proportional,6208.121970712965,0.415616626179243,59.881310938313135,60.0
trucks,2.0,mild_13,mild,nearest_first,1244.5119999999997,0.8828515089182607,59.2848239591063,60.0
trucks,2.0,mild_13,mild,nearest_first_post,127.98400000000004,0.987952601113846,58.10130476386942,60.0
trucks,2.0,mild_13,mild,access_opt,4.472000000000008,0.9995790413815877,59.48157123892774,60.0
trucks,2.0,mild_14,mild,none,12096.884000000002,0.0,0.0,60.0
trucks,2.0,mild_14,mild,proportional,7365.009055248931,0.39116477803301,58.80344989385009,60.0
trucks,2.0,mild_14,mild,nearest_first,3094.263999999999,0.7442098312259587,58.78045344157855,60.0
trucks,2.0,mild_14,mild,nearest_first_post,80.09199999999998,0.993379121433255,57.51247014462277,60.0
trucks,2.0,mild_14,mild,access_opt,13.092000000000013,0.9989177378240545,59.16911580726939,60.0
trucks,2.0,mild_15,mild,none,12251.624000000002,0.0,0.0,60.0
trucks,2.0,mild_15,mild,proportional,7523.076609892788,0.3859527022790785,58.63532403340747,60.0
trucks,2.0,mild_15,mild,nearest_first,3489.2559999999994,0.7152005317825622,58.127627757093215,60.0
trucks,2.0,mild_15,mild,nearest_first_post,0.0,1.0,58.96755516683207,60.0
trucks,2.0,mild_15,mild,access_opt,0.0,1.0,58.96755516683207,60.0
trucks,2.0,mild_16,mild,none,12073.636,0.0,0.0,60.0
trucks,2.0,mild_16,mild,proportional,7536.576040200479,0.37578240389220957,58.24066720208269,60.0
trucks,2.0,mild_16,mild,nearest_first,3304.6559999999986,0.7262915661860272,58.88819326404186,60.0
trucks,2.0,mild_16,mild,nearest_first_post,80.09199999999998,0.9933663728142872,55.90024200193584,60.0
trucks,2.0,mild_16,mild,access_opt,8.620000000000005,0.9992860477158662,58.78560094258129,60.0
trucks,2.0,mild_17,mild,none,11578.072000000002,0.0,0.0,60.0
trucks,2.0,mild_17,mild,proportional,7174.054449183638,0.3803757267027155,58.69905124421785,60.0
trucks,2.0,mild_17,mild,nearest_first,2559.071999999999,0.7789725266866541,58.78045344157855,60.0
trucks,2.0,mild_17,mild,nearest_first_post,80.09199999999998,0.9930824406688782,57.51247014462277,60.0
trucks,2.0,mild_17,mild,access_opt,13.092000000000013,0.9988692417874063,59.16911580726939,60.0
trucks,2.0,mild_18,mild,none,10763.320000000003,0.0,0.0,60.0
trucks,2.0,mild_18,mild,proportional,6208.121970712965,0.4232149587011292,58.68476960811676,60.0
trucks,2.0,mild_18,mild,nearest_first,1398.6799999999998,0.8700512481279012,58.08828262890994,60.0
trucks,2.0,mild_18,mild,nearest_first_post,0.0,1.0000000000000002,59.513743186730196,60.0
trucks,2.0,mild_18,mild,access_opt,0.0,1.0000000000000002,59.513743186730196,60.0
trucks,2.0,mild_19,mild,none,12271.244000000002,0.0,0.0,60.0
trucks,2.0,mild_19,mild,proportional,7698.012231949042,0.3881923333184187,59.95812170569144,60.0
trucks,2.0,mild_19,mild,nearest_first,4415.052,0.6668617857470267,57.06487828917032,60.0
trucks,2.0,mild_19,mild,nearest_first_post,490.404,1.0,57.64696321324413,60.0
trucks,2.0,mild_19,mild,access_opt,490.404,1.0,57.64696321324413,60.0
trucks,2.0,moderate_00,moderate,none,12176.336000000001,2.63399328385122e-16,0.0,60.0
trucks,2.0,moderate_00,moderate,proportional,5984.790028516987,0.8965687471159149,59.62815191095234,60.0
trucks,2.0,moderate_00,moderate,nearest_first,8200.400000000001,0.5757366535839896,46.416969147591296,60.0
trucks,2.0,moderate_00,moderate,nearest_first_post,5270.512000000001,1.0000000000000004,42.079340995574526,60.0
trucks,2.0,moderate_00,moderate,access_opt,5270.512000000001,1.0000000000000004,42.079340995574526,60.0
trucks,2.0,moderate_01,moderate,none,12790.368000000002,-2.9827087212121123e-16,0.0,60.0
trucks,2.0,moderate_01,moderate,proportional,6852.216,0.9737152796908328,56.28520472035511,60.0
trucks,2.0,moderate_01,moderate,nearest_first,9440.672,0.5492702405595653,40.77878970973875,60.0
trucks,2.0,moderate_01,moderate,nearest_first_post,6691.92,1.0,40.326274291100546,60.0
trucks,2.0,moderate_01,moderate,access_opt,6691.92,1.0,40.326274291100546,60.0
trucks,2.0,moderate_02,moderate,none,12728.044,3.069551831930438e-16,0.0,60.0
trucks,2.0,moderate_02,moderate,proportional,7580.0803287883555,0.8687209110111062,57.776548418656866,60.0
trucks,2.0,moderate_02,moderate,nearest_first,8956.32,0.636479920727814,48.41489191801291,60.0
trucks,2.0,moderate_02,moderate,nearest_first_post,6802.132,1.0000000000000002,40.04503451950908,60.0
trucks,2.0,moderate_02,moderate,access_opt,6802.132,1.0000000000000002,40.04503451950908,60.0
trucks,2.0,moderate_03,moderate,none,10921.796,1.6964089299578204e-16,0.0,60.0
trucks,2.0,moderate_03,moderate,proportional,5533.920557991243,0.5024790136493875,59.78347507982716,60.0
trucks,2.0,moderate_03,moderate,nearest_first,4171.768000000001,0.6295148148935688,59.7621431463317,60.0
trucks,2.0,moderate_03,moderate,nearest_first_post,199.208,1.0000000000000002,51.99758095995372,60.0
trucks,2.0,moderate_03,moderate,access_opt,199.208,1.0000000000000002,51.99758095995372,60.0
trucks,2.0,moderate_04,moderate,none,11142.488,3.4264412866651246e-16,0.0,60.0
trucks,2.0,moderate_04,moderate,proportional,5886.9,0.9899982745252873,57.269017369681535,60.0
trucks,2.0,moderate_04,moderate,nearest_first,7890.332,0.6126105829618037,44.05783460632048,60.0
trucks,2.0,moderate_04,moderate,nearest_first_post,5833.804,1.0,36.66802198673939,60.0
trucks,2.0,moderate_04,moderate,access_opt,5833.804,1.0,36.66802198673939,60.0
trucks,2.0,moderate_05,moderate,none,10897.560000000001,-1.7002519673552113e-16,0.0,60.0
trucks,2.0,moderate_05,moderate,proportional,5666.627237604111,0.48894752784315637,58.81546260655225,60.0
trucks,2.0,moderate_05,moderate,nearest_first,4466.996,0.6010798672543208,56.91089548767103,60.0
trucks,2.0,moderate_05,moderate,nearest_first_post,199.208,0.9999999999999997,58.16850408996336,60.0
trucks,2.0,moderate_05,moderate,access_opt,199.208,0.9999999999999997,58.16850408996336,60.0
trucks,2.0,moderate_06,moderate,none,13342.320000000002,0.0,0.0,60.0
trucks,2.0,moderate_06,moderate,proportional,7491.92932646796,0.6532425547081508,59.913862249492475,60.0
trucks,2.0,moderate_06,moderate,nearest_first,7952.688000000002,0.6017951916519165,55.5957420489026,60.0
trucks,2.0,moderate_06,moderate,nearest_first_post,4386.396000000001,1.0,50.71219836711125,60.0
trucks,2.0,moderate_06,moderate,access_opt,4386.396000000001,1.0,50.71219836711125,60.0
trucks,2.0,moderate_07,moderate,none,9327.624,4.2698720475642955e-16,0.0,60.0
trucks,2.0,moderate_07,moderate,proportional,5505.985391124243,0.8970864723082885,59.80258442916306,60.0
trucks,2.0,moderate_07,moderate,nearest_first,6802.424000000001,0.5927621608730027,36.77209786010821,60.0
trucks,2.0,moderate_07,moderate,nearest_first_post,5067.567999999999,1.0000000000000004,32.34507429486498,60.0
trucks,2.0,moderate_07,moderate,access_opt,5067.567999999999,1.0000000000000004,32.34507429486498,60.0
trucks,2.0,moderate_08,moderate,none,10482.332000000002,-3.1057077120103594e-16,0.0,60.0
trucks,2.0,moderate_08,moderate,proportional,4856.449894489261,0.960552348896919,59.79702674490901,60.0
trucks,2.0,moderate_08,moderate,nearest_first,6580.816000000001,0.666137378596683,47.503439592203655,60.0
trucks,2.0,moderate_08,moderate,nearest_first_post,4625.407999999999,1.0,40.968614831860094,60.0
trucks,2.0,moderate_08,moderate,access_opt,4625.407999999999,1.0,40.968614831860094,60.0
trucks,2.0,moderate_09,moderate,none,12476.36,0.0,0.0,60.0
trucks,2.0,moderate_09,moderate,proportional,7000.7989496195,0.4620831129666477,58.81546260655225,60.0
trucks,2.0,moderate_09,moderate,nearest_first,5843.236,0.559769959354355,59.848969424578854,60.0
trucks,2.0,moderate_09,moderate,nearest_first_post,626.628,0.9999999999999999,58.96122662801794,60.0
trucks,2.0,moderate_09,moderate,access_opt,626.628,0.9999999999999999,58.96122662801794,60.0
trucks,2.0,moderate_10,moderate,none,13349.42,0.0,0.0,60.0
trucks,2.0,moderate_10,moderate,proportional,6929.42301024663,0.9456491560082287,58.346971908953805,60.0
trucks,2.0,moderate_10,moderate,nearest_first,9364.483999999999,0.5869708928464114,50.365373170205,60.0
trucks,2.0,moderate_10,moderate,nearest_first_post,6560.436,0.9999999999999999,46.46260407301314,60.0
trucks,2.0,moderate_10,moderate,access_opt,6560.436,0.9999999999999999,46.46260407301314,60.0
trucks,2.0,moderate_11,moderate,none,13676.024000000001,2.9162809322307135e-16,0.0,60.0
trucks,2.0,moderate_11,moderate,proportional,7663.326018567919,0.9639812326740934,56.928046410007624,60.0
trucks,2.0,moderate_11,moderate,nearest_first,9915.640000000001,0.6028807059396927,47.56638990936366,60.0
trucks,2.0,moderate_11,moderate,nearest_first_post,7438.664000000001,1.0000000000000002,36.32705102706548,60.0
trucks,2.0,moderate_11,moderate,access_opt,7438.664000000001,1.0000000000000002,36.32705102706548,60.0
trucks,2.0,moderate_12,moderate,none,11957.860000000002,-2.7431782137384967e-16,0.0,60.0
trucks,2.0,moderate_12,moderate,proportional,6339.390546983384,0.8473091139522894,57.20075203144963,60.0
trucks,2.0,moderate_12,moderate,nearest_first,7817.804,0.6243528082526865,52.431981150611826,60.0
trucks,2.0,moderate_12,moderate,nearest_first_post,5326.904,1.0000000000000002,45.31638419550898,60.0
trucks,2.0,moderate_12,moderate,access_opt,5326.904,1.0000000000000002,45.31638419550898,60.0
trucks,2.0,moderate_13,moderate,none,11868.396,0.0,0.0,60.0
trucks,2.0,moderate_13,moderate,proportional,6702.632,0.9699034558378989,58.41802973943268,60.0
trucks,2.0,moderate_13,moderate,nearest_first,8383.168000000001,0.654372650702395,46.124442586727305,60.0
trucks,2.0,moderate_13,moderate,nearest_first_post,6542.336,0.9999999999999998,39.589617826383765,60.0
trucks,2.0,moderate_13,moderate,access_opt,6542.336,0.9999999999999998,39.589617826383765,60.0
trucks,2.0,moderate_14,moderate,none,13130.58,0.0,0.0,60.0
trucks,2.0,moderate_14,moderate,proportional,6680.5652773891925,0.9689734977506057,57.20280033101079,60.0
trucks,2.0,moderate_14,moderate,nearest_first,9278.872000000001,0.5786347990789212,40.77878970973875,60.0
trucks,2.0,moderate_14,moderate,nearest_first_post,6474.036,1.0,43.503515678350055,60.0
trucks,2.0,moderate_14,moderate,access_opt,6474.036,1.0,43.503515678350055,60.0
trucks,2.0,moderate_15,moderate,none,10175.612000000001,-4.4146327934761507e-16,0.0,60.0
trucks,2.0,moderate_15,moderate,proportional,6493.665391124243,0.8935974124800034,59.80258442916306,60.0
trucks,2.0,moderate_15,moderate,nearest_first,7700.84,0.6006197510705363,36.77209786010821,60.0
trucks,2.0,moderate_15,moderate,nearest_first_post,6055.248,1.0,32.34507429486498,60.0
trucks,2.0,moderate_15,moderate,access_opt,6055.248,1.0,32.34507429486498,60.0
trucks,2.0,moderate_16,moderate,none,12197.064,2.9616918694911337e-16,0.0,60.0
trucks,2.0,moderate_16,moderate,proportional,6226.92338071063,0.9720626682816375,58.648014375157864,60.0
trucks,2.0,moderate_16,moderate,nearest_first,8450.668,0.6099909406544486,45.43683161179682,60.0
trucks,2.0,moderate_16,moderate,nearest_first_post,6055.339999999999,1.0000000000000004,38.047018992215726,60.0
trucks,2.0,moderate_16,moderate,access_opt,6055.339999999999,1.0000000000000004,38.047018992215726,60.0
trucks,2.0,moderate_17,moderate,none,12013.084000000003,-2.8701477078224e-16,0.0,60.0
trucks,2.0,moderate_17,moderate,proportional,6645.977075415265,0.8468652762465785,59.41373766956615,60.0
trucks,2.0,moderate_17,moderate,nearest_first,7947.724,0.6414651818601822,50.30242285304498,60.0
trucks,2.0,moderate_17,moderate,nearest_first_post,5675.468000000001,1.0,45.88557101904695,60.0
trucks,2.0,moderate_17,moderate,access_opt,5675.468000000001,1.0,45.88557101904695,60.0
trucks,2.0,moderate_18,moderate,none,11448.456,0.0,0.0,60.0
trucks,2.0,moderate_18,moderate,proportional,5827.284948077726,0.879981040816708,56.92190312516121,60.0
trucks,2.0,moderate_18,moderate,nearest_first,7958.312,0.5463737931742726,44.62831597245584,60.0
trucks,2.0,moderate_18,moderate,nearest_first_post,5060.624,1.0,37.11344643318956,60.0
trucks,2.0,moderate_18,moderate,access_opt,5060.624,1.0,37.11344643318956,60.0
trucks,2.0,moderate_19,moderate,none,11922.552000000001,-2.217550673029765e-16,0.0,60.0
trucks,2.0,moderate_19,moderate,proportional,6324.670024982238,0.682444159215185,57.072375768156164,60.0
trucks,2.0,moderate_19,moderate,nearest_first,6718.712000000001,0.6344060538145017,55.26655226838542,60.0
trucks,2.0,moderate_19,moderate,nearest_first_post,3719.856,0.9999999999999998,50.49004198455262,60.0
trucks,2.0,moderate_19,moderate,access_opt,3719.856,0.9999999999999998,50.49004198455262,60.0
trucks,2.0,severe_00,severe,none,6763.052,6.811551483293651e-16,0.0,60.0
trucks,2.0,severe_00,severe,proportional,4514.994276531842,0.8418279342897369,39.60429588853428,60.0
trucks,2.0,severe_00,severe,nearest_first,5414.464000000001,0.505004403755475,19.981128872369947,60.0
trucks,2.0,severe_00,severe,nearest_first_post,4092.6040000000003,1.0000000000000004,21.26076243943445,60.0
trucks,2.0,severe_00,severe,access_opt,4092.6040000000003,1.0000000000000004,21.26076243943445,60.0
trucks,2.0,severe_01,severe,none,8592.872000000001,0.0,0.0,60.0
trucks,2.0,severe_01,severe,proportional,5741.024000000001,1.0,35.871773298977566,60.0
trucks,2.0,severe_01,severe,nearest_first,6721.576000000001,0.6561696135277898,19.357356858100314,60.0
trucks,2.0,severe_01,severe,nearest_first_post,5741.024000000001,1.0,19.65135594280663,60.0
trucks,2.0,severe_01,severe,access_opt,5741.024000000001,1.0,19.65135594280663,60.0
trucks,2.0,severe_02,severe,none,9780.096,0.0,0.0,60.0
trucks,2.0,severe_02,severe,proportional,5944.284,1.0,58.50055473990873,60.0
trucks,2.0,severe_02,severe,nearest_first,7490.104,0.5970031899373586,34.352798036265405,60.0
trucks,2.0,severe_02,severe,nearest_first_post,5944.284,1.0,33.25481031229964,60.0
trucks,2.0,severe_02,severe,access_opt,5944.284,1.0,33.25481031229964,60.0
trucks,2.0,severe_03,severe,none,7062.584000000001,0.0,0.0,60.0
trucks,2.0,severe_03,severe,proportional,5103.1,0.9162512835571883,39.45877580295722,60.0
trucks,2.0,severe_03,severe,nearest_first,5916.072,0.5361070014420732,20.8437949058546,60.0
trucks,2.0,severe_03,severe,nearest_first_post,4923.996,1.0000000000000002,21.414553680156665,60.0
trucks,2.0,severe_03,severe,access_opt,4923.996,1.0000000000000002,21.414553680156665,60.0
trucks,2.0,severe_04,severe,none,8277.728000000001,-5.384696961893816e-16,0.0,60.0
trucks,2.0,severe_04,severe,proportional,5100.6473494424135,0.9405011647346727,59.95125546222529,60.0
trucks,2.0,severe_04,severe,nearest_first,6492.844000000001,0.5283735811433262,31.001191354065394,60.0
trucks,2.0,severe_04,severe,nearest_first_post,4899.656000000001,0.9999999999999994,25.06516585825645,60.0
trucks,2.0,severe_04,severe,access_opt,4899.656000000001,0.9999999999999994,25.06516585825645,60.0
trucks,2.0,severe_05,severe,none,3936.716,-5.05364676927525e-15,0.0,60.0
trucks,2.0,severe_05,severe,proportional,3846.732,0.999999999999994,3.857982843633515,60.0
trucks,2.0,severe_05,severe,nearest_first,3932.244,0.04969772403982149,2.3948816399609716,60.0
trucks,2.0,severe_05,severe,nearest_first_post,3846.732,0.999999999999994,2.146577805742294,60.0
trucks,2.0,severe_05,severe,access_opt,3846.732,0.999999999999994,2.146577805742294,60.0
trucks,2.0,severe_06,severe,none,9623.968,0.0,0.0,60.0
trucks,2.0,severe_06,severe,proportional,6332.647349442413,0.9143796855122551,58.37964578024145,60.0
trucks,2.0,severe_06,severe,nearest_first,7729.380000000001,0.5263457935409022,30.347177282737224,60.0
trucks,2.0,severe_06,severe,nearest_first_post,6024.456,1.0000000000000002,25.920153717494003,60.0
trucks,2.0,severe_06,severe,access_opt,6024.456,1.0000000000000002,25.920153717494003,60.0
trucks,2.0,severe_07,severe,none,9036.912,5.869828465593558e-16,0.0,60.0
trucks,2.0,severe_07,severe,proportional,6158.729384325033,0.9287815648476124,55.69250059013718,60.0
trucks,2.0,severe_07,severe,nearest_first,7197.612000000001,0.5935370198265183,36.137629506299994,60.0
trucks,2.0,severe_07,severe,nearest_first_post,5938.032000000001,1.0000000000000002,31.567020253151725,60.0
trucks,2.0,severe_07,severe,access_opt,5938.032000000001,1.0000000000000002,31.567020253151725,60.0
trucks,2.0,severe_08,severe,none,7126.8640000000005,-4.255360062045468e-16,0.0,60.0
trucks,2.0,severe_08,severe,proportional,5096.771999999999,0.9498430724486877,25.241222915200897,60.0
trucks,2.0,severe_08,severe,nearest_first,6534.428,0.277190014279752,16.641894754659678,60.0
trucks,2.0,severe_08,severe,nearest_first_post,4989.572,0.9999999999999998,18.203560165010437,60.0
trucks,2.0,severe_08,severe,access_opt,4989.572,0.9999999999999998,18.203560165010437,60.0
trucks,2.0,severe_09,severe,none,6805.9000000000015,-1.0431013858854523e-15,0.0,60.0
trucks,2.0,severe_09,severe,proportional,5104.098745578171,0.9758997185627419,31.757914512190972,60.0
trucks,2.0,severe_09,severe,nearest_first,5940.42,0.49631041593551634,14.229094809589057,60.0
trucks,2.0,severe_09,severe,nearest_first_post,5062.072,0.9999999999999998,16.869207929882187,60.0
trucks,2.0,severe_09,severe,access_opt,5062.072,0.9999999999999998,16.869207929882187,60.0
trucks,2.0,severe_10,severe,none,8973.848,6.316558311812195e-16,0.0,60.0
trucks,2.0,severe_10,severe,proportional,6094.132,1.0000000000000009,59.63137213861517,60.0
trucks,2.0,severe_10,severe,nearest_first,7084.7080000000005,0.6560160793633821,35.48361543497183,60.0
trucks,2.0,severe_10,severe,nearest_first_post,6094.132,1.0000000000000009,26.685686207971415,60.0
trucks,2.0,severe_10,severe,access_opt,6094.132,1.0000000000000009,26.685686207971415,60.0
trucks,2.0,severe_11,severe,none,7846.1680000000015,0.0,0.0,60.0
trucks,2.0,severe_11,severe,proportional,5199.302308947731,0.9649486371376684,58.98476696272651,60.0
trucks,2.0,severe_11,severe,nearest_first,6455.052,0.5071490755417773,28.664229406078945,60.0
trucks,2.0,severe_11,severe,nearest_first_post,5103.156000000001,1.0000000000000002,31.56048244737034,60.0
trucks,2.0,severe_11,severe,access_opt,5103.156000000001,1.0000000000000002,31.56048244737034,60.0
trucks,2.0,severe_12,severe,none,7890.628000000001,0.0,0.0,60.0
trucks,2.0,severe_12,severe,proportional,4083.6680000000006,0.9726122590798538,51.36527234582455,60.0
trucks,2.0,severe_12,severe,nearest_first,6005.959999999999,0.48149998978069414,22.931322626884313,60.0
trucks,2.0,severe_12,severe,nearest_first_post,3976.468,1.0000000000000004,26.5798993820517,60.0
trucks,2.0,severe_12,severe,access_opt,3976.468,1.0000000000000004,26.5798993820517,60.0
trucks,2.0,severe_13,severe,none,6975.152,0.0,0.0,60.0
trucks,2.0,severe_13,severe,proportional,4767.917457038016,0.8105273423704629,38.80709394551633,60.0
trucks,2.0,severe_13,severe,nearest_first,5983.2480000000005,0.3642409981169266,19.18392692935199,60.0
trucks,2.0,severe_13,severe,nearest_first_post,4251.9439999999995,1.0000000000000002,19.809546425088328,60.0
trucks,2.0,severe_13,severe,access_opt,4251.9439999999995,1.0000000000000002,19.809546425088328,60.0
trucks,2.0,severe_14,severe,none,7376.984,0.0,0.0,60.0
trucks,2.0,severe_14,severe,proportional,5155.262451128026,0.8710310775448015,38.43493550565713,60.0
trucks,2.0,severe_14,severe,nearest_first,6432.7080000000005,0.3702055922342277,17.89417287883712,60.0
trucks,2.0,severe_14,severe,nearest_first_post,4826.304,1.0000000000000002,20.534285999130255,60.0
trucks,2.0,severe_14,severe,access_opt,4826.304,1.0000000000000002,20.534285999130255,60.0
trucks,2.0,severe_15,severe,none,8712.880000000001,0.0,0.0,60.0
trucks,2.0,severe_15,severe,proportional,6020.813384325033,0.9595456085389488,55.95608212946469,60.0
trucks,2.0,severe_15,severe,nearest_first,7059.696000000001,0.5892519293803313,35.48361543497183,60.0
trucks,2.0,severe_15,severe,nearest_first_post,5907.316000000001,1.0,30.71203239391417,60.0
trucks,2.0,severe_15,severe,access_opt,5907.316000000001,1.0,30.71203239391417,60.0
trucks,2.0,severe_16,severe,none,7073.664000000001,0.0,0.0,60.0
trucks,2.0,severe_16,severe,proportional,4898.572,1.0000000000000002,22.987146574792565,60.0
trucks,2.0,severe_16,severe,nearest_first,6522.400000000001,0.2534439922541208,13.470222803595664,60.0
trucks,2.0,severe_16,severe,nearest_first_post,4898.572,1.0000000000000002,14.176900354708877,60.0
trucks,2.0,severe_16,severe,access_opt,4898.572,1.0000000000000002,14.176900354708877,60.0
trucks,2.0,severe_17,severe,none,8477.868,-7.106237912862937e-16,0.0,60.0
trucks,2.0,severe_17,severe,proportional,6119.1513494424125,0.921478797799431,57.80290745911783,60.0
trucks,2.0,severe_17,severe,nearest_first,7175.74,0.5087017737960732,28.709547193443342,60.0
trucks,2.0,severe_17,severe,nearest_first_post,5918.16,0.9999999999999994,22.637803292722673,60.0
trucks,2.0,severe_17,severe,access_opt,5918.16,0.9999999999999994,22.637803292722673,60.0
trucks,2.0,severe_18,severe,none,8882.696,0.0,0.0,60.0
trucks,2.0,severe_18,severe,proportional,6200.8303089477295,0.9295211897955057,57.63728287952703,60.0
trucks,2.0,severe_18,severe,nearest_first,7463.860000000001,0.491761437287797,28.44928516980704,60.0
trucks,2.0,severe_18,severe,nearest_first_post,5997.4839999999995,1.0000000000000002,32.20052607033599,60.0
trucks,2.0,severe_18,severe,access_opt,5997.4839999999995,1.0000000000000002,32.20052607033599,60.0
trucks,2.0,severe_19,severe,none,7178.136,0.0,0.0,60.0
trucks,2.0,severe_19,severe,proportional,4496.270308947731,0.9295211897955054,57.63728287952703,60.0
trucks,2.0,severe_19,severe,nearest_first,5759.3,0.4917614372877973,28.44928516980704,60.0
trucks,2.0,severe_19,severe,nearest_first_post,4292.924,1.0000000000000002,32.20052607033599,60.0
trucks,2.0,severe_19,severe,access_opt,4292.924,1.0000000000000002,32.20052607033599,60.0
trucks,4.0,mild_00,mild,none,12355.224,0.0,0.0,120.0
trucks,4.0,mild_00,mild,proportional,3978.474234273536,0.7060157478770401,116.77190133100405,120.0
trucks,4.0,mild_00,mild,nearest_first,4335.852000000001,0.6758949566870798,65.82017951272937,120.0
trucks,4.0,mild_00,mild,nearest_first_post,490.404,0.9999999999999999,58.57017947296741,120.0
trucks,4.0,mild_00,mild,access_opt,490.404,0.9999999999999999,58.57017947296741,120.0
trucks,4.0,mild_01,mild,none,12086.94,0.0,0.0,120.0
trucks,4.0,mild_01,mild,proportional,3727.490313465845,0.720857477313411,118.16498790364648,120.0
trucks,4.0,mild_01,mild,nearest_first,3943.9360000000006,0.7021927927443159,67.2132660853718,120.0
trucks,4.0,mild_01,mild,nearest_first_post,490.404,0.9999999999999999,59.96326604560985,120.0
trucks,4.0,mild_01,mild,access_opt,490.404,0.9999999999999999,59.96326604560985,120.0
trucks,4.0,mild_02,mild,none,10623.372000000003,0.0,0.0,120.0
trucks,4.0,mild_02,mild,proportional,2685.6240877392465,0.7471966445551144,118.99115558822956,120.0
trucks,4.0,mild_02,mild,nearest_first,1244.5119999999997,0.8828515089182607,65.35733025058958,120.0
trucks,4.0,mild_02,mild,nearest_first_post,0.0,1.0,60.71028451692656,120.0
trucks,4.0,mild_02,mild,access_opt,0.0,1.0,60.71028451692656,120.0
trucks,4.0,mild_03,mild,none,10578.472000000003,0.0,0.0,120.0
trucks,4.0,mild_03,mild,proportional,2956.20943369797,0.7205447598010404,118.02094272947133,120.0
trucks,4.0,mild_03,mild,nearest_first,1484.248,0.8596916454474711,69.96602978455957,120.0
trucks,4.0,mild_03,mild,nearest_first_post,0.0,1.0,61.52234170069192,120.0
trucks,4.0,mild_03,mild,access_opt,0.0,1.0,61.52234170069192,120.0
trucks,4.0,mild_04,mild,none,12088.616000000004,-3.009425402454435e-16,0.0,120.0
trucks,4.0,mild_04,mild,proportional,4104.162743463193,0.660493579789184,117.84848246094008,120.0
trucks,4.0,mild_04,mild,nearest_first,2996.1359999999995,0.7521522728491002,69.02347139338666,120.0
trucks,4.0,mild_04,mild,nearest_first_post,0.0,0.9999999999999999,60.57978330951901,120.0
trucks,4.0,mild_04,mild,access_opt,0.0,0.9999999999999999,60.57978330951901,120.0
trucks,4.0,mild_05,mild,none,12188.431999999999,0.0,0.0,120.0
trucks,4.0,mild_05,mild,proportional,3865.5509043344323,0.7114772759704086,116.54224860377947,120.0
trucks,4.0,mild_05,mild,nearest_first,4329.272000000001,0.6718363129238533,67.32100590783512,120.0
trucks,4.0,mild_05,mild,nearest_first_post,490.404,0.9999999999999999,60.745836978516905,120.0
trucks,4.0,mild_05,mild,access_opt,490.404,0.9999999999999999,60.745836978516905,120.0
trucks,4.0,mild_06,mild,none,10763.320000000003,0.0,0.0,120.0
trucks,4.0,mild_06,mild,proportional,2685.6240877392465,0.750483671605114,117.67298304264976,120.0
trucks,4.0,mild_06,mild,nearest_first,1398.6799999999998,0.8700512481279012,64.03915770500977,120.0
trucks,4.0,mild_06,mild,nearest_first_post,0.0,1.0000000000000002,59.392111971346765,120.0
trucks,4.0,mild_06,mild,access_opt,0.0,1.0000000000000002,59.392111971346765,120.0
trucks,4.0,mild_07,mild,none,12214.296,0.0,0.0,120.0
trucks,4.0,mild_07,mild,proportional,4702.019711484033,0.6150396460439445,117.38334122232237,120.0
trucks,4.0,mild_07,mild,nearest_first,3565.8520000000003,0.7080591464297246,71.98717778694309,120.0
trucks,4.0,mild_07,mild,nearest_first_post,0.0,1.0,62.897053384350166,120.0
trucks,4.0,mild_07,mild,access_opt,0.0,1.0,62.897053384350166,120.0
trucks,4.0,mild_08,mild,none,12088.616000000004,-3.009425402454435e-16,0.0,120.0
trucks,4.0,mild_08,mild,proportional,4104.162743463193,0.660493579789184,117.84848246094008,120.0
trucks,4.0,mild_08,mild,nearest_first,2996.1359999999995,0.7521522728491002,69.02347139338666,120.0
trucks,4.0,mild_08,mild,nearest_first_post,0.0,0.9999999999999999,60.57978330951901,120.0
trucks,4.0,mild_08,mild,access_opt,0.0,0.9999999999999999,60.57978330951901,120.0
trucks,4.0,mild_09,mild,none,12765.376000000002,0.0,0.0,120.0
trucks,4.0,mild_09,mild,proportional,4317.798067618464,0.6617570788656391,119.96482292657676,120.0
trucks,4.0,mild_09,mild,nearest_first,3682.8959999999993,0.7114933394833025,70.05004479924986,120.0
trucks,4.0,mild_09,mild,nearest_first_post,0.0,1.0,59.00474251262579,120.0
trucks,4.0,mild_09,mild,access_opt,0.0,1.0,59.00474251262579,120.0
trucks,4.0,mild_10,mild,none,10821.000000000004,0.0,0.0,120.0
trucks,4.0,mild_10,mild,proportional,2685.6240877392465,0.7518136874836665,117.67298304264976,120.0
trucks,4.0,mild_10,mild,nearest_first,1398.6799999999998,0.8707439238517699,64.03915770500977,120.0
trucks,4.0,mild_10,mild,nearest_first_post,0.0,1.0000000000000002,59.392111971346765,120.0
trucks,4.0,mild_10,mild,access_opt,0.0,1.0000000000000002,59.392111971346765,120.0
trucks,4.0,mild_11,mild,none,13226.676000000001,0.0,0.0,120.0
trucks,4.0,mild_11,mild,proportional,4597.905828916967,0.677495751589086,116.27735847667726,120.0
trucks,4.0,mild_11,mild,nearest_first,5425.196,0.6125403100687548,65.93025908884762,120.0
trucks,4.0,mild_11,mild,nearest_first_post,490.404,0.9999999999999999,63.911268958283266,120.0
trucks,4.0,mild_11,mild,access_opt,490.404,0.9999999999999999,63.911268958283266,120.0
trucks,4.0,mild_12,mild,none,12521.828,0.0,0.0,120.0
trucks,4.0,mild_12,mild,proportional,4448.667447437247,0.6447269961352889,119.04598934317687,120.0
trucks,4.0,mild_12,mild,nearest_first,3662.987999999999,0.7074717844710853,69.13121121584996,120.0
trucks,4.0,mild_12,mild,nearest_first_post,0.0,1.0,56.36594096407564,120.0
trucks,4.0,mild_12,mild,access_opt,0.0,1.0,56.36594096407564,120.0
trucks,4.0,mild_13,mild,none,10623.372000000003,0.0,0.0,120.0
trucks,4.0,mild_13,mild,proportional,2685.6240877392465,0.7471966445551144,118.99115558822956,120.0
trucks,4.0,mild_13,mild,nearest_first,1244.5119999999997,0.8828515089182607,65.35733025058958,120.0
trucks,4.0,mild_13,mild,nearest_first_post,0.0,1.0,60.71028451692656,120.0
trucks,4.0,mild_13,mild,access_opt,0.0,1.0,60.71028451692656,120.0
trucks,4.0,mild_14,mild,none,12096.884000000002,0.0,0.0,120.0
trucks,4.0,mild_14,mild,proportional,4014.9903408007244,0.6680971446199927,116.65154430101178,120.0
trucks,4.0,mild_14,mild,nearest_first,2890.771999999999,0.7610316838617285,71.44313137189232,120.0
trucks,4.0,mild_14,mild,nearest_first_post,0.0,1.0,62.99944328802465,120.0
trucks,4.0,mild_14,mild,access_opt,0.0,1.0,62.99944328802465,120.0
trucks,4.0,mild_15,mild,none,12251.624000000002,0.0,0.0,120.0
trucks,4.0,mild_15,mild,proportional,4318.560209722542,0.6475112026191351,119.92763558078305,120.0
trucks,4.0,mild_15,mild,nearest_first,3409.163999999999,0.7217377875782021,67.41124325069971,120.0
trucks,4.0,mild_15,mild,nearest_first_post,0.0,1.0,58.96755516683207,120.0
trucks,4.0,mild_15,mild,access_opt,0.0,1.0,58.96755516683207,120.0
trucks,4.0,mild_16,mild,none,12073.636,0.0,0.0,120.0
trucks,4.0,mild_16,mild,proportional,4292.244514040822,0.6444944576728319,116.75928412347508,120.0
trucks,4.0,mild_16,mild,nearest_first,3101.1639999999993,0.7431458095970428,71.55087119435561,120.0
trucks,4.0,mild_16,mild,nearest_first_post,0.0,1.0,61.38721514533773,120.0
trucks,4.0,mild_16,mild,access_opt,0.0,1.0,61.38721514533773,120.0
trucks,4.0,mild_17,mild,none,11578.072000000002,0.0,0.0,120.0
trucks,4.0,mild_17,mild,proportional,3840.70856620992,0.668277363777845,118.63833009449765,120.0
trucks,4.0,mild_17,mild,nearest_first,2355.5799999999995,0.7965481644957814,71.44313137189232,120.0
trucks,4.0,mild_17,mild,nearest_first_post,0.0,1.0,62.99944328802465,120.0
trucks,4.0,mild_17,mild,access_opt,0.0,1.0,62.99944328802465,120.0
trucks,4.0,mild_18,mild,none,10763.320000000003,0.0,0.0,120.0
trucks,4.0,mild_18,mild,proportional,2685.6240877392465,0.750483671605114,117.79461425803319,120.0
trucks,4.0,mild_18,mild,nearest_first,1398.6799999999998,0.8700512481279012,64.1607889203932,120.0
trucks,4.0,mild_18,mild,nearest_first_post,0.0,1.0000000000000002,59.513743186730196,120.0
trucks,4.0,mild_18,mild,access_opt,0.0,1.0000000000000002,59.513743186730196,120.0
trucks,4.0,mild_19,mild,none,12271.244000000002,0.0,0.0,120.0
trucks,4.0,mild_19,mild,proportional,3808.0374114292235,0.7183873635980776,117.28183483878225,120.0
trucks,4.0,mild_19,mild,nearest_first,4291.652,0.6773364208324705,64.44399400440396,120.0
trucks,4.0,mild_19,mild,nearest_first_post,490.404,1.0,57.64696321324413,120.0
trucks,4.0,mild_19,mild,access_opt,490.404,1.0,57.64696321324413,120.0
trucks,4.0,moderate_00,moderate,none,12176.336000000001,2.63399328385122e-16,0.0,120.0
trucks,4.0,moderate_00,moderate,proportional,5829.002028516987,0.9191276770857492,94.23809018532,120.0
trucks,4.0,moderate_00,moderate,nearest_first,8200.400000000001,0.5757366535839896,46.416969147591296,120.0
trucks,4.0,moderate_00,moderate,nearest_first_post,5270.512000000001,1.0000000000000004,42.079340995574526,120.0
trucks,4.0,moderate_00,moderate,access_opt,5270.512000000001,1.0000000000000004,42.079340995574526,120.0
trucks,4.0,moderate_01,moderate,none,12790.368000000002,-2.9827087212121123e-16,0.0,120.0
trucks,4.0,moderate_01,moderate,proportional,6799.120000000001,0.9824217571421449,95.10200380145034,120.0
trucks,4.0,moderate_01,moderate,nearest_first,9440.672,0.5492702405595653,40.77878970973875,120.0
trucks,4.0,moderate_01,moderate,nearest_first_post,6691.92,1.0,40.326274291100546,120.0
trucks,4.0,moderate_01,moderate,access_opt,6691.92,1.0,40.326274291100546,120.0
trucks,4.0,moderate_02,moderate,none,12728.044,3.069551831930438e-16,0.0,120.0
trucks,4.0,moderate_02,moderate,proportional,7526.984328788356,0.8776808820670381,100.44287376246919,120.0
trucks,4.0,moderate_02,moderate,nearest_first,8956.32,0.636479920727814,48.41489191801291,120.0
trucks,4.0,moderate_02,moderate,nearest_first_post,6802.132,1.0000000000000002,40.04503451950908,120.0
trucks,4.0,moderate_02,moderate,access_opt,6802.132,1.0000000000000002,40.04503451950908,120.0
trucks,4.0,moderate_03,moderate,none,10921.796,1.6964089299578204e-16,0.0,120.0
trucks,4.0,moderate_03,moderate,proportional,2818.115252535076,0.7557579147370884,117.93705277530034,120.0
trucks,4.0,moderate_03,moderate,nearest_first,4171.768000000001,0.6295148148935688,59.7621431463317,120.0
trucks,4.0,moderate_03,moderate,nearest_first_post,199.208,1.0000000000000002,51.99758095995372,120.0
trucks,4.0,moderate_03,moderate,access_opt,199.208,1.0000000000000002,51.99758095995372,120.0
trucks,4.0,moderate_04,moderate,none,11142.488,3.4264412866651246e-16,0.0,120.0
trucks,4.0,moderate_04,moderate,proportional,5833.804,1.0,96.08581645077676,120.0
trucks,4.0,moderate_04,moderate,nearest_first,7890.332,0.6126105829618037,44.05783460632048,120.0
trucks,4.0,moderate_04,moderate,nearest_first_post,5833.804,1.0,36.66802198673939,120.0
trucks,4.0,moderate_04,moderate,access_opt,5833.804,1.0,36.66802198673939,120.0
trucks,4.0,moderate_05,moderate,none,10897.560000000001,-1.7002519673552113e-16,0.0,120.0
trucks,4.0,moderate_05,moderate,proportional,4051.876507698434,0.639882057750723,118.4732221977842,120.0
trucks,4.0,moderate_05,moderate,nearest_first,4262.204,0.6202222547921398,70.07838582143314,120.0
trucks,4.0,moderate_05,moderate,nearest_first_post,199.208,0.9999999999999997,58.16850408996336,120.0
trucks,4.0,moderate_05,moderate,access_opt,199.208,0.9999999999999997,58.16850408996336,120.0
trucks,4.0,moderate_06,moderate,none,13342.320000000002,0.0,0.0,120.0
trucks,4.0,moderate_06,moderate,proportional,4877.483144731892,0.9451662224096709,111.16696620322801,120.0
trucks,4.0,moderate_06,moderate,nearest_first,7839.0560000000005,0.6144831063774101,60.371659946661524,120.0
trucks,4.0,moderate_06,moderate,nearest_first_post,4386.396000000001,1.0,50.71219836711125,120.0
trucks,4.0,moderate_06,moderate,access_opt,4386.396000000001,1.0,50.71219836711125,120.0
trucks,4.0,moderate_07,moderate,none,9327.624,4.2698720475642955e-16,0.0,120.0
trucks,4.0,moderate_07,moderate,proportional,5505.985391124243,0.8970864723082885,73.8127832898987,120.0
trucks,4.0,moderate_07,moderate,nearest_first,6802.424000000001,0.5927621608730027,36.77209786010821,120.0
trucks,4.0,moderate_07,moderate,nearest_first_post,5067.567999999999,1.0000000000000004,32.34507429486498,120.0
trucks,4.0,moderate_07,moderate,access_opt,5067.567999999999,1.0000000000000004,32.34507429486498,120.0
trucks,4.0,moderate_08,moderate,none,10482.332000000002,-3.1057077120103594e-16,0.0,120.0
trucks,4.0,moderate_08,moderate,proportional,4803.353894489261,0.9696178583691266,98.61382582600424,120.0
trucks,4.0,moderate_08,moderate,nearest_first,6580.816000000001,0.666137378596683,47.503439592203655,120.0
trucks,4.0,moderate_08,moderate,nearest_first_post,4625.407999999999,1.0,40.968614831860094,120.0
trucks,4.0,moderate_08,moderate,access_opt,4625.407999999999,1.0,40.968614831860094,120.0
trucks,4.0,moderate_09,moderate,none,12476.36,0.0,0.0,120.0
trucks,4.0,moderate_09,moderate,proportional,4142.783263967214,0.7032713259703076,118.87214610853431,120.0
trucks,4.0,moderate_09,moderate,nearest_first,5638.444,0.5770523755305182,73.01645975834097,120.0
trucks,4.0,moderate_09,moderate,nearest_first_post,626.628,0.9999999999999999,58.96122662801794,120.0
trucks,4.0,moderate_09,moderate,access_opt,626.628,0.9999999999999999,58.96122662801794,120.0
trucks,4.0,moderate_10,moderate,none,13349.42,0.0,0.0,120.0
trucks,4.0,moderate_10,moderate,proportional,6773.635010246631,0.9685963304307931,104.5769113687479,120.0
trucks,4.0,moderate_10,moderate,nearest_first,9364.483999999999,0.5869708928464114,50.365373170205,120.0
trucks,4.0,moderate_10,moderate,nearest_first_post,6560.436,0.9999999999999999,46.46260407301314,120.0
trucks,4.0,moderate_10,moderate,access_opt,6560.436,0.9999999999999999,46.46260407301314,120.0
trucks,4.0,moderate_11,moderate,none,13676.024000000001,2.9162809322307135e-16,0.0,120.0
trucks,4.0,moderate_11,moderate,proportional,7610.23001856792,0.9724938085074587,99.59437175381993,120.0
trucks,4.0,moderate_11,moderate,nearest_first,9915.640000000001,0.6028807059396927,47.56638990936366,120.0
trucks,4.0,moderate_11,moderate,nearest_first_post,7438.664000000001,1.0000000000000002,36.32705102706548,120.0
trucks,4.0,moderate_11,moderate,access_opt,7438.664000000001,1.0000000000000002,36.32705102706548,120.0
trucks,4.0,moderate_12,moderate,none,11957.860000000002,-2.7431782137384967e-16,0.0,120.0
trucks,4.0,moderate_12,moderate,proportional,6183.602546983384,0.8708031621709776,103.43069149124373,120.0
trucks,4.0,moderate_12,moderate,nearest_first,7817.804,0.6243528082526865,52.431981150611826,120.0
trucks,4.0,moderate_12,moderate,nearest_first_post,5326.904,1.0000000000000002,45.31638419550898,120.0
trucks,4.0,moderate_12,moderate,access_opt,5326.904,1.0000000000000002,45.31638419550898,120.0
trucks,4.0,moderate_13,moderate,none,11868.396,0.0,0.0,120.0
trucks,4.0,moderate_13,moderate,proportional,6649.536,0.9798725511916875,97.23482882052791,120.0
trucks,4.0,moderate_13,moderate,nearest_first,8383.168000000001,0.654372650702395,46.124442586727305,120.0
trucks,4.0,moderate_13,moderate,nearest_first_post,6542.336,0.9999999999999998,39.589617826383765,120.0
trucks,4.0,moderate_13,moderate,access_opt,6542.336,0.9999999999999998,39.589617826383765,120.0
trucks,4.0,moderate_14,moderate,none,13130.58,0.0,0.0,120.0
trucks,4.0,moderate_14,moderate,proportional,6524.777277389192,0.992377233983702,95.90792351893732,120.0
trucks,4.0,moderate_14,moderate,nearest_first,9278.872000000001,0.5786347990789212,40.77878970973875,120.0
trucks,4.0,moderate_14,moderate,nearest_first_post,6474.036,1.0,43.503515678350055,120.0
trucks,4.0,moderate_14,moderate,access_opt,6474.036,1.0,43.503515678350055,120.0
trucks,4.0,moderate_15,moderate,none,10175.612000000001,-4.4146327934761507e-16,0.0,120.0
trucks,4.0,moderate_15,moderate,proportional,6493.665391124243,0.8935974124800034,73.8127832898987,120.0
trucks,4.0,moderate_15,moderate,nearest_first,7700.84,0.6006197510705363,36.77209786010821,120.0
trucks,4.0,moderate_15,moderate,nearest_first_post,6055.248,1.0,32.34507429486498,120.0
trucks,4.0,moderate_15,moderate,access_opt,6055.248,1.0,32.34507429486498,120.0
trucks,4.0,moderate_16,moderate,none,12197.064,2.9616918694911337e-16,0.0,120.0
trucks,4.0,moderate_16,moderate,proportional,6173.82738071063,0.980707797890197,97.4648134562531,120.0
trucks,4.0,moderate_16,moderate,nearest_first,8450.668,0.6099909406544486,45.43683161179682,120.0
trucks,4.0,moderate_16,moderate,nearest_first_post,6055.339999999999,1.0000000000000004,38.047018992215726,120.0
trucks,4.0,moderate_16,moderate,access_opt,6055.339999999999,1.0000000000000004,38.047018992215726,120.0
trucks,4.0,moderate_17,moderate,none,12013.084000000003,-2.8701477078224e-16,0.0,120.0
trucks,4.0,moderate_17,moderate,proportional,5884.377075415265,0.9670366466798771,101.33637174868468,120.0
trucks,4.0,moderate_17,moderate,nearest_first,7947.724,0.6414651818601822,50.30242285304498,120.0
trucks,4.0,moderate_17,moderate,nearest_first_post,5675.468000000001,1.0,45.88557101904695,120.0
trucks,4.0,moderate_17,moderate,access_opt,5675.468000000001,1.0,45.88557101904695,120.0
trucks,4.0,moderate_18,moderate,none,11448.456,0.0,0.0,120.0
trucks,4.0,moderate_18,moderate,proportional,5774.1889480777245,0.8882930941080284,95.73870220625645,120.0
trucks,4.0,moderate_18,moderate,nearest_first,7958.312,0.5463737931742726,44.62831597245584,120.0
trucks,4.0,moderate_18,moderate,nearest_first_post,5060.624,1.0,37.11344643318956,120.0
trucks,4.0,moderate_18,moderate,access_opt,5060.624,1.0,37.11344643318956,120.0
trucks,4.0,moderate_19,moderate,none,11922.552000000001,-2.217550673029765e-16,0.0,120.0
trucks,4.0,moderate_19,moderate,proportional,4593.890024982237,0.8934455177929014,115.71269919561749,120.0
trucks,4.0,moderate_19,moderate,nearest_first,6483.912,0.6630307889015999,60.98920316025599,120.0
trucks,4.0,moderate_19,moderate,nearest_first_post,3719.856,0.9999999999999998,50.49004198455262,120.0
trucks,4.0,moderate_19,moderate,access_opt,3719.856,0.9999999999999998,50.49004198455262,120.0
trucks,4.0,severe_00,severe,none,6763.052,6.811551483293651e-16,0.0,120.0
trucks,4.0,severe_00,severe,proportional,4514.994276531842,0.8418279342897369,39.60429588853428,120.0
trucks,4.0,severe_00,severe,nearest_first,5414.464000000001,0.505004403755475,19.981128872369947,120.0
trucks,4.0,severe_00,severe,nearest_first_post,4092.6040000000003,1.0000000000000004,21.26076243943445,120.0
trucks,4.0,severe_00,severe,access_opt,4092.6040000000003,1.0000000000000004,21.26076243943445,120.0
trucks,4.0,severe_01,severe,none,8592.872000000001,0.0,0.0,120.0
trucks,4.0,severe_01,severe,proportional,5741.024000000001,1.0,35.871773298977566,120.0
trucks,4.0,severe_01,severe,nearest_first,6721.576000000001,0.6561696135277898,19.357356858100314,120.0
trucks,4.0,severe_01,severe,nearest_first_post,5741.024000000001,1.0,19.65135594280663,120.0
trucks,4.0,severe_01,severe,access_opt,5741.024000000001,1.0,19.65135594280663,120.0
trucks,4.0,severe_02,severe,none,9780.096,0.0,0.0,120.0
trucks,4.0,severe_02,severe,proportional,5944.284,1.0,68.13368136579155,120.0
trucks,4.0,severe_02,severe,nearest_first,7490.104,0.5970031899373586,34.352798036265405,120.0
trucks,4.0,severe_02,severe,nearest_first_post,5944.284,1.0,33.25481031229964,120.0
trucks,4.0,severe_02,severe,access_opt,5944.284,1.0,33.25481031229964,120.0
trucks,4.0,severe_03,severe,none,7062.584000000001,0.0,0.0,120.0
trucks,4.0,severe_03,severe,proportional,5103.1,0.9162512835571883,39.45877580295722,120.0
trucks,4.0,severe_03,severe,nearest_first,5916.072,0.5361070014420732,20.8437949058546,120.0
trucks,4.0,severe_03,severe,nearest_first_post,4923.996,1.0000000000000002,21.414553680156665,120.0
trucks,4.0,severe_03,severe,access_opt,4923.996,1.0000000000000002,21.414553680156665,120.0
trucks,4.0,severe_04,severe,none,8277.728000000001,-5.384696961893816e-16,0.0,120.0
trucks,4.0,severe_04,severe,proportional,5100.6473494424135,0.9405011647346727,64.78207468359153,120.0
trucks,4.0,severe_04,severe,nearest_first,6492.844000000001,0.5283735811433262,31.001191354065394,120.0
trucks,4.0,severe_04,severe,nearest_first_post,4899.656000000001,0.9999999999999994,25.06516585825645,120.0
trucks,4.0,severe_04,severe,access_opt,4899.656000000001,0.9999999999999994,25.06516585825645,120.0
trucks,4.0,severe_05,severe,none,3936.716,-5.05364676927525e-15,0.0,120.0
trucks,4.0,severe_05,severe,proportional,3846.732,0.999999999999994,3.857982843633515,120.0
trucks,4.0,severe_05,severe,nearest_first,3932.244,0.04969772403982149,2.3948816399609716,120.0
trucks,4.0,severe_05,severe,nearest_first_post,3846.732,0.999999999999994,2.146577805742294,120.0
trucks,4.0,severe_05,severe,access_opt,3846.732,0.999999999999994,2.146577805742294,120.0
trucks,4.0,severe_06,severe,none,9623.968,0.0,0.0,120.0
trucks,4.0,severe_06,severe,proportional,6332.647349442413,0.9143796855122551,63.21046500160769,120.0
trucks,4.0,severe_06,severe,nearest_first,7729.380000000001,0.5263457935409022,30.347177282737224,120.0
trucks,4.0,severe_06,severe,nearest_first_post,6024.456,1.0000000000000002,25.920153717494003,120.0
trucks,4.0,severe_06,severe,access_opt,6024.456,1.0000000000000002,25.920153717494003,120.0
trucks,4.0,severe_07,severe,none,9036.912,5.869828465593558e-16,0.0,120.0
trucks,4.0,severe_07,severe,proportional,6158.729384325033,0.9287815648476124,65.32562721601998,120.0
trucks,4.0,severe_07,severe,nearest_first,7197.612000000001,0.5935370198265183,36.137629506299994,120.0
trucks,4.0,severe_07,severe,nearest_first_post,5938.032000000001,1.0000000000000002,31.567020253151725,120.0
trucks,4.0,severe_07,severe,access_opt,5938.032000000001,1.0000000000000002,31.567020253151725,120.0
trucks,4.0,severe_08,severe,none,7126.8640000000005,-4.255360062045468e-16,0.0,120.0
trucks,4.0,severe_08,severe,proportional,5096.771999999999,0.9498430724486877,25.241222915200897,120.0
trucks,4.0,severe_08,severe,nearest_first,6534.428,0.277190014279752,16.641894754659678,120.0
trucks,4.0,severe_08,severe,nearest_first_post,4989.572,0.9999999999999998,18.203560165010437,120.0
trucks,4.0,severe_08,severe,access_opt,4989.572,0.9999999999999998,18.203560165010437,120.0
trucks,4.0,severe_09,severe,none,6805.9000000000015,-1.0431013858854523e-15,0.0,120.0
trucks,4.0,severe_09,severe,proportional,5104.098745578171,0.9758997185627419,31.757914512190972,120.0
trucks,4.0,severe_09,severe,nearest_first,5940.42,0.49631041593551634,14.229094809589057,120.0
trucks,4.0,severe_09,severe,nearest_first_post,5062.072,0.9999999999999998,16.869207929882187,120.0
trucks,4.0,severe_09,severe,access_opt,5062.072,0.9999999999999998,16.869207929882187,120.0
trucks,4.0,severe_10,severe,none,8973.848,6.316558311812195e-16,0.0,120.0
trucks,4.0,severe_10,severe,proportional,6094.132,1.0000000000000009,69.26449876449796,120.0
trucks,4.0,severe_10,severe,nearest_first,7084.7080000000005,0.6560160793633821,35.48361543497183,120.0
trucks,4.0,severe_10,severe,nearest_first_post,6094.132,1.0000000000000009,26.685686207971415,120.0
trucks,4.0,severe_10,severe,access_opt,6094.132,1.0000000000000009,26.685686207971415,120.0
trucks,4.0,severe_11,severe,none,7846.1680000000015,0.0,0.0,120.0
trucks,4.0,severe_11,severe,proportional,5199.302308947731,0.9649486371376684,58.98476696272651,120.0
trucks,4.0,severe_11,severe,nearest_first,6455.052,0.5071490755417773,28.664229406078945,120.0
trucks,4.0,severe_11,severe,nearest_first_post,5103.156000000001,1.0000000000000002,31.56048244737034,120.0
trucks,4.0,severe_11,severe,access_opt,5103.156000000001,1.0000000000000002,31.56048244737034,120.0
trucks,4.0,severe_12,severe,none,7890.628000000001,0.0,0.0,120.0
trucks,4.0,severe_12,severe,proportional,4083.6680000000006,0.9726122590798538,51.36527234582455,120.0
trucks,4.0,severe_12,severe,nearest_first,6005.959999999999,0.48149998978069414,22.931322626884313,120.0
trucks,4.0,severe_12,severe,nearest_first_post,3976.468,1.0000000000000004,26.5798993820517,120.0
trucks,4.0,severe_12,severe,access_opt,3976.468,1.0000000000000004,26.5798993820517,120.0
trucks,4.0,severe_13,severe,none,6975.152,0.0,0.0,120.0
trucks,4.0,severe_13,severe,proportional,4767.917457038016,0.8105273423704629,38.80709394551633,120.0
trucks,4.0,severe_13,severe,nearest_first,5983.2480000000005,0.3642409981169266,19.18392692935199,120.0
trucks,4.0,severe_13,severe,nearest_first_post,4251.9439999999995,1.0000000000000002,19.809546425088328,120.0
trucks,4.0,severe_13,severe,access_opt,4251.9439999999995,1.0000000000000002,19.809546425088328,120.0
trucks,4.0,severe_14,severe,none,7376.984,0.0,0.0,120.0
trucks,4.0,severe_14,severe,proportional,5155.262451128026,0.8710310775448015,38.43493550565713,120.0
trucks,4.0,severe_14,severe,nearest_first,6432.7080000000005,0.3702055922342277,17.89417287883712,120.0
trucks,4.0,severe_14,severe,nearest_first_post,4826.304,1.0000000000000002,20.534285999130255,120.0
trucks,4.0,severe_14,severe,access_opt,4826.304,1.0000000000000002,20.534285999130255,120.0
trucks,4.0,severe_15,severe,none,8712.880000000001,0.0,0.0,120.0
trucks,4.0,severe_15,severe,proportional,6020.813384325033,0.9595456085389488,65.5892087553475,120.0
trucks,4.0,severe_15,severe,nearest_first,7059.696000000001,0.5892519293803313,35.48361543497183,120.0
trucks,4.0,severe_15,severe,nearest_first_post,5907.316000000001,1.0,30.71203239391417,120.0
trucks,4.0,severe_15,severe,access_opt,5907.316000000001,1.0,30.71203239391417,120.0
trucks,4.0,severe_16,severe,none,7073.664000000001,0.0,0.0,120.0
trucks,4.0,severe_16,severe,proportional,4898.572,1.0000000000000002,22.987146574792565,120.0
trucks,4.0,severe_16,severe,nearest_first,6522.400000000001,0.2534439922541208,13.470222803595664,120.0
trucks,4.0,severe_16,severe,nearest_first_post,4898.572,1.0000000000000002,14.176900354708877,120.0
trucks,4.0,severe_16,severe,access_opt,4898.572,1.0000000000000002,14.176900354708877,120.0
trucks,4.0,severe_17,severe,none,8477.868,-7.106237912862937e-16,0.0,120.0
trucks,4.0,severe_17,severe,proportional,6119.1513494424125,0.921478797799431,62.705374759241366,120.0
trucks,4.0,severe_17,severe,nearest_first,7175.74,0.5087017737960732,28.709547193443342,120.0
trucks,4.0,severe_17,severe,nearest_first_post,5918.16,0.9999999999999994,22.637803292722673,120.0
trucks,4.0,severe_17,severe,access_opt,5918.16,0.9999999999999994,22.637803292722673,120.0
trucks,4.0,severe_18,severe,none,8882.696,0.0,0.0,120.0
trucks,4.0,severe_18,severe,proportional,6200.8303089477295,0.9295211897955057,57.63728287952703,120.0
trucks,4.0,severe_18,severe,nearest_first,7463.860000000001,0.491761437287797,28.44928516980704,120.0
trucks,4.0,severe_18,severe,nearest_first_post,5997.4839999999995,1.0000000000000002,32.20052607033599,120.0
trucks,4.0,severe_18,severe,access_opt,5997.4839999999995,1.0000000000000002,32.20052607033599,120.0
trucks,4.0,severe_19,severe,none,7178.136,0.0,0.0,120.0
trucks,4.0,severe_19,severe,proportional,4496.270308947731,0.9295211897955054,57.63728287952703,120.0
trucks,4.0,severe_19,severe,nearest_first,5759.3,0.4917614372877973,28.44928516980704,120.0
trucks,4.0,severe_19,severe,nearest_first_post,4292.924,1.0000000000000002,32.20052607033599,120.0
trucks,4.0,severe_19,severe,access_opt,4292.924,1.0000000000000002,32.20052607033599,120.0
trucks,8.0,mild_00,mild,none,12355.224,0.0,0.0,240.0
trucks,8.0,mild_00,mild,proportional,3978.474234273536,0.7060157478770401,132.4672338604177,240.0
trucks,8.0,mild_00,mild,nearest_first,4335.852000000001,0.6758949566870798,65.82017951272937,240.0
trucks,8.0,mild_00,mild,nearest_first_post,490.404,0.9999999999999999,58.57017947296741,240.0
trucks,8.0,mild_00,mild,access_opt,490.404,0.9999999999999999,58.57017947296741,240.0
trucks,8.0,mild_01,mild,none,12086.94,0.0,0.0,240.0
trucks,8.0,mild_01,mild,proportional,3727.490313465845,0.720857477313411,133.86032043306017,240.0
trucks,8.0,mild_01,mild,nearest_first,3943.9360000000006,0.7021927927443159,67.2132660853718,240.0
trucks,8.0,mild_01,mild,nearest_first_post,490.404,0.9999999999999999,59.96326604560985,240.0
trucks,8.0,mild_01,mild,access_opt,490.404,0.9999999999999999,59.96326604560985,240.0
trucks,8.0,mild_02,mild,none,10623.372000000003,0.0,0.0,240.0
trucks,8.0,mild_02,mild,proportional,2685.6240877392465,0.7471966445551144,131.39160025976338,240.0
trucks,8.0,mild_02,mild,nearest_first,1244.5119999999997,0.8828515089182607,65.35733025058958,240.0
trucks,8.0,mild_02,mild,nearest_first_post,0.0,1.0,60.71028451692656,240.0
trucks,8.0,mild_02,mild,access_opt,0.0,1.0,60.71028451692656,240.0
trucks,8.0,mild_03,mild,none,10578.472000000003,0.0,0.0,240.0
trucks,8.0,mild_03,mild,proportional,2707.7183489688955,0.7440350223577757,140.550184697198,240.0
trucks,8.0,mild_03,mild,nearest_first,1484.248,0.8596916454474711,69.96602978455957,240.0
trucks,8.0,mild_03,mild,nearest_first_post,0.0,1.0,61.52234170069192,240.0
trucks,8.0,mild_03,mild,access_opt,0.0,1.0,61.52234170069192,240.0
trucks,8.0,mild_04,mild,none,12088.616000000004,-3.009425402454435e-16,0.0,240.0
trucks,8.0,mild_04,mild,proportional,4024.070743463193,0.6671189867009429,135.10907360283903,240.0
trucks,8.0,mild_04,mild,nearest_first,2996.1359999999995,0.7521522728491002,69.02347139338666,240.0
trucks,8.0,mild_04,mild,nearest_first_post,0.0,0.9999999999999999,60.57978330951901,240.0
trucks,8.0,mild_04,mild,access_opt,0.0,0.9999999999999999,60.57978330951901,240.0
trucks,8.0,mild_05,mild,none,12188.431999999999,0.0,0.0,240.0
trucks,8.0,mild_05,mild,proportional,3865.5509043344323,0.7114772759704086,132.23758113319315,240.0
trucks,8.0,mild_05,mild,nearest_first,4329.272000000001,0.6718363129238533,67.32100590783512,240.0
trucks,8.0,mild_05,mild,nearest_first_post,490.404,0.9999999999999999,60.745836978516905,240.0
trucks,8.0,mild_05,mild,access_opt,490.404,0.9999999999999999,60.745836978516905,240.0
trucks,8.0,mild_06,mild,none,10763.320000000003,0.0,0.0,240.0
trucks,8.0,mild_06,mild,proportional,2685.6240877392465,0.750483671605114,130.07342771418357,240.0
trucks,8.0,mild_06,mild,nearest_first,1398.6799999999998,0.8700512481279012,64.03915770500977,240.0
trucks,8.0,mild_06,mild,nearest_first_post,0.0,1.0000000000000002,59.392111971346765,240.0
trucks,8.0,mild_06,mild,access_opt,0.0,1.0000000000000002,59.392111971346765,240.0
trucks,8.0,mild_07,mild,none,12214.296,0.0,0.0,240.0
trucks,8.0,mild_07,mild,proportional,4545.846067618464,0.6278257815580641,141.63959293936253,240.0
trucks,8.0,mild_07,mild,nearest_first,3565.8520000000003,0.7080591464297246,71.98717778694309,240.0
trucks,8.0,mild_07,mild,nearest_first_post,0.0,1.0,62.897053384350166,240.0
trucks,8.0,mild_07,mild,access_opt,0.0,1.0,62.897053384350166,240.0
trucks,8.0,mild_08,mild,none,12088.616000000004,-3.009425402454435e-16,0.0,240.0
trucks,8.0,mild_08,mild,proportional,4024.070743463193,0.6671189867009429,135.10907360283903,240.0
trucks,8.0,mild_08,mild,nearest_first,2996.1359999999995,0.7521522728491002,69.02347139338666,240.0
trucks,8.0,mild_08,mild,nearest_first_post,0.0,0.9999999999999999,60.57978330951901,240.0
trucks,8.0,mild_08,mild,access_opt,0.0,0.9999999999999999,60.57978330951901,240.0
trucks,8.0,mild_09,mild,none,12765.376000000002,0.0,0.0,240.0
trucks,8.0,mild_09,mild,proportional,4237.706067618465,0.6680312379660055,133.5340328059458,240.0
trucks,8.0,mild_09,mild,nearest_first,3682.8959999999993,0.7114933394833025,70.05004479924986,240.0
trucks,8.0,mild_09,mild,nearest_first_post,0.0,1.0,59.00474251262579,240.0
trucks,8.0,mild_09,mild,access_opt,0.0,1.0,59.00474251262579,240.0
trucks,8.0,mild_10,mild,none,10821.000000000004,0.0,0.0,240.0
trucks,8.0,mild_10,mild,proportional,2685.6240877392465,0.7518136874836665,130.07342771418357,240.0
trucks,8.0,mild_10,mild,nearest_first,1398.6799999999998,0.8707439238517699,64.03915770500977,240.0
trucks,8.0,mild_10,mild,nearest_first_post,0.0,1.0000000000000002,59.392111971346765,240.0
trucks,8.0,mild_10,mild,access_opt,0.0,1.0000000000000002,59.392111971346765,240.0
trucks,8.0,mild_11,mild,none,13226.676000000001,0.0,0.0,240.0
trucks,8.0,mild_11,mild,proportional,4597.905828916967,0.677495751589086,128.786295402487,240.0
trucks,8.0,mild_11,mild,nearest_first,5425.196,0.6125403100687548,65.93025908884762,240.0
trucks,8.0,mild_11,mild,nearest_first_post,490.404,0.9999999999999999,63.911268958283266,240.0
trucks,8.0,mild_11,mild,access_opt,490.404,0.9999999999999999,63.911268958283266,240.0
trucks,8.0,mild_12,mild,none,12521.828,0.0,0.0,240.0
trucks,8.0,mild_12,mild,proportional,4368.575447437246,0.6511231868512133,136.32004063478047,240.0
trucks,8.0,mild_12,mild,nearest_first,3662.987999999999,0.7074717844710853,69.13121121584996,240.0
trucks,8.0,mild_12,mild,nearest_first_post,0.0,1.0,56.36594096407564,240.0
trucks,8.0,mild_12,mild,access_opt,0.0,1.0,56.36594096407564,240.0
trucks,8.0,mild_13,mild,none,10623.372000000003,0.0,0.0,240.0
trucks,8.0,mild_13,mild,proportional,2685.6240877392465,0.7471966445551144,131.39160025976338,240.0
trucks,8.0,mild_13,mild,nearest_first,1244.5119999999997,0.8828515089182607,65.35733025058958,240.0
trucks,8.0,mild_13,mild,nearest_first_post,0.0,1.0,60.71028451692656,240.0
trucks,8.0,mild_13,mild,access_opt,0.0,1.0,60.71028451692656,240.0
trucks,8.0,mild_14,mild,none,12096.884000000002,0.0,0.0,240.0
trucks,8.0,mild_14,mild,proportional,3934.8983408007243,0.6747180231867377,137.5287335813447,240.0
trucks,8.0,mild_14,mild,nearest_first,2890.771999999999,0.7610316838617285,71.44313137189232,240.0
trucks,8.0,mild_14,mild,nearest_first_post,0.0,1.0,62.99944328802465,240.0
trucks,8.0,mild_14,mild,access_opt,0.0,1.0,62.99944328802465,240.0
trucks,8.0,mild_15,mild,none,12251.624000000002,0.0,0.0,240.0
trucks,8.0,mild_15,mild,proportional,4238.468209722541,0.654048458414775,133.4968454601521,240.0
trucks,8.0,mild_15,mild,nearest_first,3409.163999999999,0.7217377875782021,67.41124325069971,240.0
trucks,8.0,mild_15,mild,nearest_first_post,0.0,1.0,58.96755516683207,240.0
trucks,8.0,mild_15,mild,access_opt,0.0,1.0,58.96755516683207,240.0
trucks,8.0,mild_16,mild,none,12073.636,0.0,0.0,240.0
trucks,8.0,mild_16,mild,proportional,4212.152514040822,0.6511280848585446,141.34131481604254,240.0
trucks,8.0,mild_16,mild,nearest_first,3101.1639999999993,0.7431458095970428,71.55087119435561,240.0
trucks,8.0,mild_16,mild,nearest_first_post,0.0,1.0,61.38721514533773,240.0
trucks,8.0,mild_16,mild,access_opt,0.0,1.0,61.38721514533773,240.0
trucks,8.0,mild_17,mild,none,11578.072000000002,0.0,0.0,240.0
trucks,8.0,mild_17,mild,proportional,3760.6165662099197,0.6751949231089668,143.22036078706512,240.0
trucks,8.0,mild_17,mild,nearest_first,2355.5799999999995,0.7965481644957814,71.44313137189232,240.0
trucks,8.0,mild_17,mild,nearest_first_post,0.0,1.0,62.99944328802465,240.0
trucks,8.0,mild_17,mild,access_opt,0.0,1.0,62.99944328802465,240.0
trucks,8.0,mild_18,mild,none,10763.320000000003,0.0,0.0,240.0
trucks,8.0,mild_18,mild,proportional,2685.6240877392465,0.750483671605114,130.195058929567,240.0
trucks,8.0,mild_18,mild,nearest_first,1398.6799999999998,0.8700512481279012,64.1607889203932,240.0
trucks,8.0,mild_18,mild,nearest_first_post,0.0,1.0000000000000002,59.513743186730196,240.0
trucks,8.0,mild_18,mild,access_opt,0.0,1.0000000000000002,59.513743186730196,240.0
trucks,8.0,mild_19,mild,none,12271.244000000002,0.0,0.0,240.0
trucks,8.0,mild_19,mild,proportional,3808.0374114292235,0.7183873635980776,129.36056922976195,240.0
trucks,8.0,mild_19,mild,nearest_first,4291.652,0.6773364208324705,64.44399400440396,240.0
trucks,8.0,mild_19,mild,nearest_first_post,490.404,1.0,57.64696321324413,240.0
trucks,8.0,mild_19,mild,access_opt,490.404,1.0,57.64696321324413,240.0
trucks,8.0,moderate_00,moderate,none,12176.336000000001,2.63399328385122e-16,0.0,240.0
trucks,8.0,moderate_00,moderate,proportional,5829.002028516987,0.9191276770857492,94.23809018532,240.0
trucks,8.0,moderate_00,moderate,nearest_first,8200.400000000001,0.5757366535839896,46.416969147591296,240.0
trucks,8.0,moderate_00,moderate,nearest_first_post,5270.512000000001,1.0000000000000004,42.079340995574526,240.0
trucks,8.0,moderate_00,moderate,access_opt,5270.512000000001,1.0000000000000004,42.079340995574526,240.0
trucks,8.0,moderate_01,moderate,none,12790.368000000002,-2.9827087212121123e-16,0.0,240.0
trucks,8.0,moderate_01,moderate,proportional,6799.120000000001,0.9824217571421449,95.10200380145034,240.0
trucks,8.0,moderate_01,moderate,nearest_first,9440.672,0.5492702405595653,40.77878970973875,240.0
trucks,8.0,moderate_01,moderate,nearest_first_post,6691.92,1.0,40.326274291100546,240.0
trucks,8.0,moderate_01,moderate,access_opt,6691.92,1.0,40.326274291100546,240.0
trucks,8.0,moderate_02,moderate,none,12728.044,3.069551831930438e-16,0.0,240.0
trucks,8.0,moderate_02,moderate,proportional,7526.984328788356,0.8776808820670381,100.44287376246919,240.0
trucks,8.0,moderate_02,moderate,nearest_first,8956.32,0.636479920727814,48.41489191801291,240.0
trucks,8.0,moderate_02,moderate,nearest_first_post,6802.132,1.0000000000000002,40.04503451950908,240.0
trucks,8.0,moderate_02,moderate,access_opt,6802.132,1.0000000000000002,40.04503451950908,240.0
trucks,8.0,moderate_03,moderate,none,10921.796,1.6964089299578204e-16,0.0,240.0
trucks,8.0,moderate_03,moderate,proportional,2818.115252535076,0.7557579147370884,122.71639147283915,240.0
trucks,8.0,moderate_03,moderate,nearest_first,4171.768000000001,0.6295148148935688,59.7621431463317,240.0
trucks,8.0,moderate_03,moderate,nearest_first_post,199.208,1.0000000000000002,51.99758095995372,240.0
trucks,8.0,moderate_03,moderate,access_opt,199.208,1.0000000000000002,51.99758095995372,240.0
trucks,8.0,moderate_04,moderate,none,11142.488,3.4264412866651246e-16,0.0,240.0
trucks,8.0,moderate_04,moderate,proportional,5833.804,1.0,96.08581645077676,240.0
trucks,8.0,moderate_04,moderate,nearest_first,7890.332,0.6126105829618037,44.05783460632048,240.0
trucks,8.0,moderate_04,moderate,nearest_first_post,5833.804,1.0,36.66802198673939,240.0
trucks,8.0,moderate_04,moderate,access_opt,5833.804,1.0,36.66802198673939,240.0
trucks,8.0,moderate_05,moderate,none,10897.560000000001,-1.7002519673552113e-16,0.0,240.0
trucks,8.0,moderate_05,moderate,proportional,3847.0845076984347,0.6590244452885419,132.5996944168928,240.0
trucks,8.0,moderate_05,moderate,nearest_first,4262.204,0.6202222547921398,70.07838582143314,240.0
trucks,8.0,moderate_05,moderate,nearest_first_post,199.208,0.9999999999999997,58.16850408996336,240.0
trucks,8.0,moderate_05,moderate,access_opt,199.208,0.9999999999999997,58.16850408996336,240.0
trucks,8.0,moderate_06,moderate,none,13342.320000000002,0.0,0.0,240.0
trucks,8.0,moderate_06,moderate,proportional,4877.483144731892,0.9451662224096709,111.16696620322801,240.0
trucks,8.0,moderate_06,moderate,nearest_first,7839.0560000000005,0.6144831063774101,60.371659946661524,240.0
trucks,8.0,moderate_06,moderate,nearest_first_post,4386.396000000001,1.0,50.71219836711125,240.0
trucks,8.0,moderate_06,moderate,access_opt,4386.396000000001,1.0,50.71219836711125,240.0
trucks,8.0,moderate_07,moderate,none,9327.624,4.2698720475642955e-16,0.0,240.0
trucks,8.0,moderate_07,moderate,proportional,5505.985391124243,0.8970864723082885,73.8127832898987,240.0
trucks,8.0,moderate_07,moderate,nearest_first,6802.424000000001,0.5927621608730027,36.77209786010821,240.0
trucks,8.0,moderate_07,moderate,nearest_first_post,5067.567999999999,1.0000000000000004,32.34507429486498,240.0
trucks,8.0,moderate_07,moderate,access_opt,5067.567999999999,1.0000000000000004,32.34507429486498,240.0
trucks,8.0,moderate_08,moderate,none,10482.332000000002,-3.1057077120103594e-16,0.0,240.0
trucks,8.0,moderate_08,moderate,proportional,4803.353894489261,0.9696178583691266,98.61382582600424,240.0
trucks,8.0,moderate_08,moderate,nearest_first,6580.816000000001,0.666137378596683,47.503439592203655,240.0
trucks,8.0,moderate_08,moderate,nearest_first_post,4625.407999999999,1.0,40.968614831860094,240.0
trucks,8.0,moderate_08,moderate,access_opt,4625.407999999999,1.0,40.968614831860094,240.0
trucks,8.0,moderate_09,moderate,none,12476.36,0.0,0.0,240.0
trucks,8.0,moderate_09,moderate,proportional,3937.991263967214,0.7205537421464708,132.99861832764293,240.0
trucks,8.0,moderate_09,moderate,nearest_first,5638.444,0.5770523755305182,73.01645975834097,240.0
trucks,8.0,moderate_09,moderate,nearest_first_post,626.628,0.9999999999999999,58.96122662801794,240.0
trucks,8.0,moderate_09,moderate,access_opt,626.628,0.9999999999999999,58.96122662801794,240.0
trucks,8.0,moderate_10,moderate,none,13349.42,0.0,0.0,240.0
trucks,8.0,moderate_10,moderate,proportional,6773.635010246631,0.9685963304307931,104.5769113687479,240.0
trucks,8.0,moderate_10,moderate,nearest_first,9364.483999999999,0.5869708928464114,50.365373170205,240.0
trucks,8.0,moderate_10,moderate,nearest_first_post,6560.436,0.9999999999999999,46.46260407301314,240.0
trucks,8.0,moderate_10,moderate,access_opt,6560.436,0.9999999999999999,46.46260407301314,240.0
trucks,8.0,moderate_11,moderate,none,13676.024000000001,2.9162809322307135e-16,0.0,240.0
trucks,8.0,moderate_11,moderate,proportional,7610.23001856792,0.9724938085074587,99.59437175381993,240.0
trucks,8.0,moderate_11,moderate,nearest_first,9915.640000000001,0.6028807059396927,47.56638990936366,240.0
trucks,8.0,moderate_11,moderate,nearest_first_post,7438.664000000001,1.0000000000000002,36.32705102706548,240.0
trucks,8.0,moderate_11,moderate,access_opt,7438.664000000001,1.0000000000000002,36.32705102706548,240.0
trucks,8.0,moderate_12,moderate,none,11957.860000000002,-2.7431782137384967e-16,0.0,240.0
trucks,8.0,moderate_12,moderate,proportional,6183.602546983384,0.8708031621709776,103.43069149124373,240.0
trucks,8.0,moderate_12,moderate,nearest_first,7817.804,0.6243528082526865,52.431981150611826,240.0
trucks,8.0,moderate_12,moderate,nearest_first_post,5326.904,1.0000000000000002,45.31638419550898,240.0
trucks,8.0,moderate_12,moderate,access_opt,5326.904,1.0000000000000002,45.31638419550898,240.0
trucks,8.0,moderate_13,moderate,none,11868.396,0.0,0.0,240.0
trucks,8.0,moderate_13,moderate,proportional,6649.536,0.9798725511916875,97.23482882052791,240.0
trucks,8.0,moderate_13,moderate,nearest_first,8383.168000000001,0.654372650702395,46.124442586727305,240.0
trucks,8.0,moderate_13,moderate,nearest_first_post,6542.336,0.9999999999999998,39.589617826383765,240.0
trucks,8.0,moderate_13,moderate,access_opt,6542.336,0.9999999999999998,39.589617826383765,240.0
trucks,8.0,moderate_14,moderate,none,13130.58,0.0,0.0,240.0
trucks,8.0,moderate_14,moderate,proportional,6524.777277389192,0.992377233983702,95.90792351893732,240.0
trucks,8.0,moderate_14,moderate,nearest_first,9278.872000000001,0.5786347990789212,40.77878970973875,240.0
trucks,8.0,moderate_14,moderate,nearest_first_post,6474.036,1.0,43.503515678350055,240.0
trucks,8.0,moderate_14,moderate,access_opt,6474.036,1.0,43.503515678350055,240.0
trucks,8.0,moderate_15,moderate,none,10175.612000000001,-4.4146327934761507e-16,0.0,240.0
trucks,8.0,moderate_15,moderate,proportional,6493.665391124243,0.8935974124800034,73.8127832898987,240.0
trucks,8.0,moderate_15,moderate,nearest_first,7700.84,0.6006197510705363,36.77209786010821,240.0
trucks,8.0,moderate_15,moderate,nearest_first_post,6055.248,1.0,32.34507429486498,240.0
trucks,8.0,moderate_15,moderate,access_opt,6055.248,1.0,32.34507429486498,240.0
trucks,8.0,moderate_16,moderate,none,12197.064,2.9616918694911337e-16,0.0,240.0
trucks,8.0,moderate_16,moderate,proportional,6173.82738071063,0.980707797890197,97.4648134562531,240.0
trucks,8.0,moderate_16,moderate,nearest_first,8450.668,0.6099909406544486,45.43683161179682,240.0
trucks,8.0,moderate_16,moderate,nearest_first_post,6055.339999999999,1.0000000000000004,38.047018992215726,240.0
trucks,8.0,moderate_16,moderate,access_opt,6055.339999999999,1.0000000000000004,38.047018992215726,240.0
trucks,8.0,moderate_17,moderate,none,12013.084000000003,-2.8701477078224e-16,0.0,240.0
trucks,8.0,moderate_17,moderate,proportional,5884.377075415265,0.9670366466798771,101.33637174868468,240.0
trucks,8.0,moderate_17,moderate,nearest_first,7947.724,0.6414651818601822,50.30242285304498,240.0
trucks,8.0,moderate_17,moderate,nearest_first_post,5675.468000000001,1.0,45.88557101904695,240.0
trucks,8.0,moderate_17,moderate,access_opt,5675.468000000001,1.0,45.88557101904695,240.0
trucks,8.0,moderate_18,moderate,none,11448.456,0.0,0.0,240.0
trucks,8.0,moderate_18,moderate,proportional,5774.1889480777245,0.8882930941080284,95.73870220625645,240.0
trucks,8.0,moderate_18,moderate,nearest_first,7958.312,0.5463737931742726,44.62831597245584,240.0
trucks,8.0,moderate_18,moderate,nearest_first_post,5060.624,1.0,37.11344643318956,240.0
trucks,8.0,moderate_18,moderate,access_opt,5060.624,1.0,37.11344643318956,240.0
trucks,8.0,moderate_19,moderate,none,11922.552000000001,-2.217550673029765e-16,0.0,240.0
trucks,8.0,moderate_19,moderate,proportional,4359.090024982238,0.9220702528799994,127.3661240530865,240.0
trucks,8.0,moderate_19,moderate,nearest_first,6483.912,0.6630307889015999,60.98920316025599,240.0
trucks,8.0,moderate_19,moderate,nearest_first_post,3719.856,0.9999999999999998,50.49004198455262,240.0
trucks,8.0,moderate_19,moderate,access_opt,3719.856,0.9999999999999998,50.49004198455262,240.0
trucks,8.0,severe_00,severe,none,6763.052,6.811551483293651e-16,0.0,240.0
trucks,8.0,severe_00,severe,proportional,4514.994276531842,0.8418279342897369,39.60429588853428,240.0
trucks,8.0,severe_00,severe,nearest_first,5414.464000000001,0.505004403755475,19.981128872369947,240.0
trucks,8.0,severe_00,severe,nearest_first_post,4092.6040000000003,1.0000000000000004,21.26076243943445,240.0
trucks,8.0,severe_00,severe,access_opt,4092.6040000000003,1.0000000000000004,21.26076243943445,240.0
trucks,8.0,severe_01,severe,none,8592.872000000001,0.0,0.0,240.0
trucks,8.0,severe_01,severe,proportional,5741.024000000001,1.0,35.871773298977566,240.0
trucks,8.0,severe_01,severe,nearest_first,6721.576000000001,0.6561696135277898,19.357356858100314,240.0
trucks,8.0,severe_01,severe,nearest_first_post,5741.024000000001,1.0,19.65135594280663,240.0
trucks,8.0,severe_01,severe,access_opt,5741.024000000001,1.0,19.65135594280663,240.0
trucks,8.0,severe_02,severe,none,9780.096,0.0,0.0,240.0
trucks,8.0,severe_02,severe,proportional,5944.284,1.0,68.13368136579155,240.0
trucks,8.0,severe_02,severe,nearest_first,7490.104,0.5970031899373586,34.352798036265405,240.0
trucks,8.0,severe_02,severe,nearest_first_post,5944.284,1.0,33.25481031229964,240.0
trucks,8.0,severe_02,severe,access_opt,5944.284,1.0,33.25481031229964,240.0
trucks,8.0,severe_03,severe,none,7062.584000000001,0.0,0.0,240.0
trucks,8.0,severe_03,severe,proportional,5103.1,0.9162512835571883,39.45877580295722,240.0
trucks,8.0,severe_03,severe,nearest_first,5916.072,0.5361070014420732,20.8437949058546,240.0
trucks,8.0,severe_03,severe,nearest_first_post,4923.996,1.0000000000000002,21.414553680156665,240.0
trucks,8.0,severe_03,severe,access_opt,4923.996,1.0000000000000002,21.414553680156665,240.0
trucks,8.0,severe_04,severe,none,8277.728000000001,-5.384696961893816e-16,0.0,240.0
trucks,8.0,severe_04,severe,proportional,5100.6473494424135,0.9405011647346727,64.78207468359153,240.0
trucks,8.0,severe_04,severe,nearest_first,6492.844000000001,0.5283735811433262,31.001191354065394,240.0
trucks,8.0,severe_04,severe,nearest_first_post,4899.656000000001,0.9999999999999994,25.06516585825645,240.0
trucks,8.0,severe_04,severe,access_opt,4899.656000000001,0.9999999999999994,25.06516585825645,240.0
trucks,8.0,severe_05,severe,none,3936.716,-5.05364676927525e-15,0.0,240.0
trucks,8.0,severe_05,severe,proportional,3846.732,0.999999999999994,3.857982843633515,240.0
trucks,8.0,severe_05,severe,nearest_first,3932.244,0.04969772403982149,2.3948816399609716,240.0
trucks,8.0,severe_05,severe,nearest_first_post,3846.732,0.999999999999994,2.146577805742294,240.0
trucks,8.0,severe_05,severe,access_opt,3846.732,0.999999999999994,2.146577805742294,240.0
trucks,8.0,severe_06,severe,none,9623.968,0.0,0.0,240.0
trucks,8.0,severe_06,severe,proportional,6332.647349442413,0.9143796855122551,63.21046500160769,240.0
trucks,8.0,severe_06,severe,nearest_first,7729.380000000001,0.5263457935409022,30.347177282737224,240.0
trucks,8.0,severe_06,severe,nearest_first_post,6024.456,1.0000000000000002,25.920153717494003,240.0
trucks,8.0,severe_06,severe,access_opt,6024.456,1.0000000000000002,25.920153717494003,240.0
trucks,8.0,severe_07,severe,none,9036.912,5.869828465593558e-16,0.0,240.0
trucks,8.0,severe_07,severe,proportional,6158.729384325033,0.9287815648476124,65.32562721601998,240.0
trucks,8.0,severe_07,severe,nearest_first,7197.612000000001,0.5935370198265183,36.137629506299994,240.0
trucks,8.0,severe_07,severe,nearest_first_post,5938.032000000001,1.0000000000000002,31.567020253151725,240.0
trucks,8.0,severe_07,severe,access_opt,5938.032000000001,1.0000000000000002,31.567020253151725,240.0
trucks,8.0,severe_08,severe,none,7126.8640000000005,-4.255360062045468e-16,0.0,240.0
trucks,8.0,severe_08,severe,proportional,5096.771999999999,0.9498430724486877,25.241222915200897,240.0
trucks,8.0,severe_08,severe,nearest_first,6534.428,0.277190014279752,16.641894754659678,240.0
trucks,8.0,severe_08,severe,nearest_first_post,4989.572,0.9999999999999998,18.203560165010437,240.0
trucks,8.0,severe_08,severe,access_opt,4989.572,0.9999999999999998,18.203560165010437,240.0
trucks,8.0,severe_09,severe,none,6805.9000000000015,-1.0431013858854523e-15,0.0,240.0
trucks,8.0,severe_09,severe,proportional,5104.098745578171,0.9758997185627419,31.757914512190972,240.0
trucks,8.0,severe_09,severe,nearest_first,5940.42,0.49631041593551634,14.229094809589057,240.0
trucks,8.0,severe_09,severe,nearest_first_post,5062.072,0.9999999999999998,16.869207929882187,240.0
trucks,8.0,severe_09,severe,access_opt,5062.072,0.9999999999999998,16.869207929882187,240.0
trucks,8.0,severe_10,severe,none,8973.848,6.316558311812195e-16,0.0,240.0
trucks,8.0,severe_10,severe,proportional,6094.132,1.0000000000000009,69.26449876449796,240.0
trucks,8.0,severe_10,severe,nearest_first,7084.7080000000005,0.6560160793633821,35.48361543497183,240.0
trucks,8.0,severe_10,severe,nearest_first_post,6094.132,1.0000000000000009,26.685686207971415,240.0
trucks,8.0,severe_10,severe,access_opt,6094.132,1.0000000000000009,26.685686207971415,240.0
trucks,8.0,severe_11,severe,none,7846.1680000000015,0.0,0.0,240.0
trucks,8.0,severe_11,severe,proportional,5199.302308947731,0.9649486371376684,58.98476696272651,240.0
trucks,8.0,severe_11,severe,nearest_first,6455.052,0.5071490755417773,28.664229406078945,240.0
trucks,8.0,severe_11,severe,nearest_first_post,5103.156000000001,1.0000000000000002,31.56048244737034,240.0
trucks,8.0,severe_11,severe,access_opt,5103.156000000001,1.0000000000000002,31.56048244737034,240.0
trucks,8.0,severe_12,severe,none,7890.628000000001,0.0,0.0,240.0
trucks,8.0,severe_12,severe,proportional,4083.6680000000006,0.9726122590798538,51.36527234582455,240.0
trucks,8.0,severe_12,severe,nearest_first,6005.959999999999,0.48149998978069414,22.931322626884313,240.0
trucks,8.0,severe_12,severe,nearest_first_post,3976.468,1.0000000000000004,26.5798993820517,240.0
trucks,8.0,severe_12,severe,access_opt,3976.468,1.0000000000000004,26.5798993820517,240.0
trucks,8.0,severe_13,severe,none,6975.152,0.0,0.0,240.0
trucks,8.0,severe_13,severe,proportional,4767.917457038016,0.8105273423704629,38.80709394551633,240.0
trucks,8.0,severe_13,severe,nearest_first,5983.2480000000005,0.3642409981169266,19.18392692935199,240.0
trucks,8.0,severe_13,severe,nearest_first_post,4251.9439999999995,1.0000000000000002,19.809546425088328,240.0
trucks,8.0,severe_13,severe,access_opt,4251.9439999999995,1.0000000000000002,19.809546425088328,240.0
trucks,8.0,severe_14,severe,none,7376.984,0.0,0.0,240.0
trucks,8.0,severe_14,severe,proportional,5155.262451128026,0.8710310775448015,38.43493550565713,240.0
trucks,8.0,severe_14,severe,nearest_first,6432.7080000000005,0.3702055922342277,17.89417287883712,240.0
trucks,8.0,severe_14,severe,nearest_first_post,4826.304,1.0000000000000002,20.534285999130255,240.0
trucks,8.0,severe_14,severe,access_opt,4826.304,1.0000000000000002,20.534285999130255,240.0
trucks,8.0,severe_15,severe,none,8712.880000000001,0.0,0.0,240.0
trucks,8.0,severe_15,severe,proportional,6020.813384325033,0.9595456085389488,65.5892087553475,240.0
trucks,8.0,severe_15,severe,nearest_first,7059.696000000001,0.5892519293803313,35.48361543497183,240.0
trucks,8.0,severe_15,severe,nearest_first_post,5907.316000000001,1.0,30.71203239391417,240.0
trucks,8.0,severe_15,severe,access_opt,5907.316000000001,1.0,30.71203239391417,240.0
trucks,8.0,severe_16,severe,none,7073.664000000001,0.0,0.0,240.0
trucks,8.0,severe_16,severe,proportional,4898.572,1.0000000000000002,22.987146574792565,240.0
trucks,8.0,severe_16,severe,nearest_first,6522.400000000001,0.2534439922541208,13.470222803595664,240.0
trucks,8.0,severe_16,severe,nearest_first_post,4898.572,1.0000000000000002,14.176900354708877,240.0
trucks,8.0,severe_16,severe,access_opt,4898.572,1.0000000000000002,14.176900354708877,240.0
trucks,8.0,severe_17,severe,none,8477.868,-7.106237912862937e-16,0.0,240.0
trucks,8.0,severe_17,severe,proportional,6119.1513494424125,0.921478797799431,62.705374759241366,240.0
trucks,8.0,severe_17,severe,nearest_first,7175.74,0.5087017737960732,28.709547193443342,240.0
trucks,8.0,severe_17,severe,nearest_first_post,5918.16,0.9999999999999994,22.637803292722673,240.0
trucks,8.0,severe_17,severe,access_opt,5918.16,0.9999999999999994,22.637803292722673,240.0
trucks,8.0,severe_18,severe,none,8882.696,0.0,0.0,240.0
trucks,8.0,severe_18,severe,proportional,6200.8303089477295,0.9295211897955057,57.63728287952703,240.0
trucks,8.0,severe_18,severe,nearest_first,7463.860000000001,0.491761437287797,28.44928516980704,240.0
trucks,8.0,severe_18,severe,nearest_first_post,5997.4839999999995,1.0000000000000002,32.20052607033599,240.0
trucks,8.0,severe_18,severe,access_opt,5997.4839999999995,1.0000000000000002,32.20052607033599,240.0
trucks,8.0,severe_19,severe,none,7178.136,0.0,0.0,240.0
trucks,8.0,severe_19,severe,proportional,4496.270308947731,0.9295211897955054,57.63728287952703,240.0
trucks,8.0,severe_19,severe,nearest_first,5759.3,0.4917614372877973,28.44928516980704,240.0
trucks,8.0,severe_19,severe,nearest_first_post,4292.924,1.0000000000000002,32.20052607033599,240.0
trucks,8.0,severe_19,severe,access_opt,4292.924,1.0000000000000002,32.20052607033599,240.0
rate,0.5,mild_00,mild,none,2831.206,0.0,0.0,120.0
rate,0.5,mild_00,mild,proportional,412.85458265646145,0.8874671073303153,116.77190133100405,120.0
rate,0.5,mild_00,mild,nearest_first,1488.6680000000001,0.49267377222198566,27.595456063747335,120.0
rate,0.5,mild_00,mild,nearest_first_post,106.202,0.9999999999999998,25.982817507118764,120.0
rate,0.5,mild_00,mild,access_opt,106.202,0.9999999999999998,25.982817507118764,120.0
rate,0.5,mild_01,mild,none,2821.542,0.0,0.0,120.0
rate,0.5,mild_01,mild,proportional,422.39460396010764,0.8835532183961832,118.16498790364648,120.0
rate,0.5,mild_01,mild,nearest_first,1479.0040000000004,0.49442721721773314,27.595456063747335,120.0
rate,0.5,mild_01,mild,nearest_first_post,106.202,1.0,22.602932737056364,120.0
rate,0.5,mild_01,mild,access_opt,106.202,1.0,22.602932737056364,120.0
rate,0.5,mild_02,mild,none,2077.198,0.0,0.0,120.0
rate,0.5,mild_02,mild,proportional,220.54708025858352,0.893824719521883,118.99115558822956,120.0
rate,0.5,mild_02,mild,nearest_first,553.116,0.7337201364530488,24.67454140102949,120.0
rate,0.5,mild_02,mild,nearest_first_post,0.0,1.0,24.160216320218545,120.0
rate,0.5,mild_02,mild,access_opt,0.0,1.0,24.160216320218545,120.0
rate,0.5,mild_03,mild,none,2065.556,0.0,0.0,120.0
rate,0.5,mild_03,mild,proportional,359.76508025858357,0.8258265182553348,118.02094272947133,120.0
rate,0.5,mild_03,mild,nearest_first,659.318,0.6808036189771665,25.907898650616456,120.0
rate,0.5,mild_03,mild,nearest_first_post,0.0,1.0,27.201345924608,120.0
rate,0.5,mild_03,mild,access_opt,0.0,1.0,27.201345924608,120.0
rate,0.5,mild_04,mild,none,2905.1299999999997,1.5653253069104108e-16,0.0,120.0
rate,0.5,mild_04,mild,proportional,175.87381225723917,0.9394609493354037,117.84848246094008,120.0
rate,0.5,mild_04,mild,nearest_first,1366.9360000000001,0.5294751009421266,23.488238672110807,120.0
rate,0.5,mild_04,mild,nearest_first_post,0.0,1.0000000000000002,25.39357356980551,120.0
rate,0.5,mild_04,mild,access_opt,0.0,1.0000000000000002,25.39357356980551,120.0
rate,0.5,mild_05,mild,none,2861.598,0.0,0.0,120.0
rate,0.5,mild_05,mild,proportional,398.57565316831244,0.8938905140428771,116.54224860377947,120.0
rate,0.5,mild_05,mild,nearest_first,1538.656,0.4801277202986431,26.39891473355096,120.0
rate,0.5,mild_05,mild,nearest_first_post,106.202,0.9999999999999999,22.05677007321748,120.0
rate,0.5,mild_05,mild,access_opt,106.202,0.9999999999999999,22.05677007321748,120.0
rate,0.5,mild_06,mild,none,2107.358,0.0,0.0,120.0
rate,0.5,mild_06,mild,proportional,220.54708025858352,0.8953442745567751,117.67298304264976,120.0
rate,0.5,mild_06,mild,nearest_first,576.398,0.7264831129784308,23.356368855449684,120.0
rate,0.5,mild_06,mild,nearest_first_post,0.0,1.0,22.84204377463874,120.0
rate,0.5,mild_06,mild,access_opt,0.0,1.0,22.84204377463874,120.0
rate,0.5,mild_07,mild,none,2710.674,0.0,0.0,120.0
rate,0.5,mild_07,mild,proportional,385.8592007580592,0.8576519342576573,117.38334122232237,120.0
rate,0.5,mild_07,mild,nearest_first,1254.4640000000004,0.537213253972997,27.21627608265621,120.0
rate,0.5,mild_07,mild,nearest_first_post,0.0,1.0,28.022006158907057,120.0
rate,0.5,mild_07,mild,access_opt,0.0,1.0,28.022006158907057,120.0
rate,0.5,mild_08,mild,none,2905.1299999999997,1.5653253069104108e-16,0.0,120.0
rate,0.5,mild_08,mild,proportional,175.87381225723917,0.9394609493354037,117.84848246094008,120.0
rate,0.5,mild_08,mild,nearest_first,1366.9360000000001,0.5294751009421266,23.488238672110807,120.0
rate,0.5,mild_08,mild,nearest_first_post,0.0,1.0000000000000002,25.39357356980551,120.0
rate,0.5,mild_08,mild,access_opt,0.0,1.0000000000000002,25.39357356980551,120.0
rate,0.5,mild_09,mild,none,3047.388,0.0,0.0,120.0
rate,0.5,mild_09,mild,proportional,187.77823021298514,0.9383805966903508,119.96482292657676,120.0
rate,0.5,mild_09,mild,nearest_first,1509.194,0.504758173229008,25.907898650616456,120.0
rate,0.5,mild_09,mild,nearest_first_post,0.0,1.0,28.773458339867915,120.0
rate,0.5,mild_09,mild,access_opt,0.0,1.0,28.773458339867915,120.0
rate,0.5,mild_10,mild,none,2107.358,0.0,0.0,120.0
rate,0.5,mild_10,mild,proportional,220.54708025858352,0.8953442745567751,117.67298304264976,120.0
rate,0.5,mild_10,mild,nearest_first,576.398,0.7264831129784308,23.356368855449684,120.0
rate,0.5,mild_10,mild,nearest_first_post,0.0,1.0,22.84204377463874,120.0
rate,0.5,mild_10,mild,access_opt,0.0,1.0,22.84204377463874,120.0
rate,0.5,mild_11,mild,none,3230.2239999999997,0.0,0.0,120.0
rate,0.5,mild_11,mild,proportional,535.9105791940831,0.8624502070746993,116.27735847667726,120.0
rate,0.5,mild_11,mild,nearest_first,1907.2819999999997,0.4234739704137807,26.39891473355096,120.0
rate,0.5,mild_11,mild,nearest_first_post,106.202,1.0,23.641804225754232,120.0
rate,0.5,mild_11,mild,access_opt,106.202,1.0,23.641804225754232,120.0
rate,0.5,mild_12,mild,none,3068.066,0.0,0.0,120.0
rate,0.5,mild_12,mild,proportional,207.20025971039095,0.9324655142000234,119.04598934317687,120.0
rate,0.5,mild_12,mild,nearest_first,1537.1059999999998,0.4989983918207757,22.291697341914432,120.0
rate,0.5,mild_12,mild,nearest_first_post,0.0,1.0,24.197032239609136,120.0
rate,0.5,mild_12,mild,access_opt,0.0,1.0,24.197032239609136,120.0
rate,0.5,mild_13,mild,none,2077.198,0.0,0.0,120.0
rate,0.5,mild_13,mild,proportional,220.54708025858352,0.893824719521883,118.99115558822956,120.0
rate,0.5,mild_13,mild,nearest_first,553.116,0.7337201364530488,24.67454140102949,120.0
rate,0.5,mild_13,mild,nearest_first_post,0.0,1.0,24.160216320218545,120.0
rate,0.5,mild_13,mild,access_opt,0.0,1.0,24.160216320218545,120.0
rate,0.5,mild_14,mild,none,2833.3099999999995,0.0,0.0,120.0
rate,0.5,mild_14,mild,proportional,183.0943247056021,0.9353779414516583,116.65154430101178,120.0
rate,0.5,mild_14,mild,nearest_first,1295.116,0.5428964709121133,25.907898650616456,120.0
rate,0.5,mild_14,mild,nearest_first_post,0.0,1.0,25.39357356980551,120.0
rate,0.5,mild_14,mild,access_opt,0.0,1.0,25.39357356980551,120.0
rate,0.5,mild_15,mild,none,2937.7459999999996,1.5479464558422144e-16,0.0,120.0
rate,0.5,mild_15,mild,proportional,167.69743446091692,0.9429162921297768,119.92763558078305,120.0
rate,0.5,mild_15,mild,nearest_first,1414.9759999999997,0.5183463784820065,22.291697341914432,120.0
rate,0.5,mild_15,mild,nearest_first_post,0.0,1.0000000000000002,25.782066392145893,120.0
rate,0.5,mild_15,mild,access_opt,0.0,1.0000000000000002,25.782066392145893,120.0
rate,0.5,mild_16,mild,none,2782.844,0.0,0.0,120.0
rate,0.5,mild_16,mild,proportional,213.73274804968392,0.9231962883835086,116.75928412347508,120.0
rate,0.5,mild_16,mild,nearest_first,1251.8839999999996,0.5501422285977945,24.711357320420078,120.0
rate,0.5,mild_16,mild,nearest_first_post,0.0,1.0000000000000002,24.197032239609136,120.0
rate,0.5,mild_16,mild,access_opt,0.0,1.0000000000000002,24.197032239609136,120.0
rate,0.5,mild_17,mild,none,2650.2459999999996,0.0,0.0,120.0
rate,0.5,mild_17,mild,proportional,220.54708025858352,0.9167824117992882,118.63833009449765,120.0
rate,0.5,mild_17,mild,nearest_first,1103.8619999999996,0.5834869668702454,25.907898650616456,120.0
rate,0.5,mild_17,mild,nearest_first_post,0.0,1.0,25.39357356980551,120.0
rate,0.5,mild_17,mild,access_opt,0.0,1.0,25.39357356980551,120.0
rate,0.5,mild_18,mild,none,2107.358,0.0,0.0,120.0
rate,0.5,mild_18,mild,proportional,220.54708025858352,0.8953442745567751,117.79461425803319,120.0
rate,0.5,mild_18,mild,nearest_first,576.398,0.7264831129784308,23.47800007083311,120.0
rate,0.5,mild_18,mild,nearest_first_post,0.0,1.0,22.96367499002217,120.0
rate,0.5,mild_18,mild,access_opt,0.0,1.0,22.96367499002217,120.0
rate,0.5,mild_19,mild,none,2711.5939999999996,0.0,0.0,120.0
rate,0.5,mild_19,mild,proportional,378.19466974154625,0.8956039360904053,117.28183483878225,120.0
rate,0.5,mild_19,mild,nearest_first,1388.652,0.5077708076174332,23.877549290884424,120.0
rate,0.5,mild_19,mild,nearest_first_post,106.202,1.0,23.641804225754232,120.0
rate,0.5,mild_19,mild,access_opt,106.202,1.0,23.641804225754232,120.0
rate,0.5,moderate_00,moderate,none,2962.156,6.156340843094828e-16,0.0,120.0
rate,0.5,moderate_00,moderate,proportional,1484.826,1.0000000000000007,94.23809018532,120.0
rate,0.5,moderate_00,moderate,nearest_first,2140.888,0.5559137091915828,7.173536921455975,120.0
rate,0.5,moderate_00,moderate,nearest_first_post,1484.826,1.0000000000000007,17.559643109761524,120.0
rate,0.5,moderate_00,moderate,access_opt,1484.826,1.0000000000000007,17.559643109761524,120.0
rate,0.5,moderate_01,moderate,none,3021.1899999999996,7.030551979024393e-16,0.0,120.0
rate,0.5,moderate_01,moderate,proportional,1727.558,1.0000000000000004,95.10200380145034,120.0
rate,0.5,moderate_01,moderate,nearest_first,2199.9220000000005,0.6348544253698116,7.173536921455975,120.0
rate,0.5,moderate_01,moderate,nearest_first_post,1727.558,1.0000000000000004,14.26558368827778,120.0
rate,0.5,moderate_01,moderate,access_opt,1727.558,1.0000000000000004,14.26558368827778,120.0
rate,0.5,moderate_02,moderate,none,3180.924,0.0,0.0,120.0
rate,0.5,moderate_02,moderate,proportional,1719.578,1.0,100.44287376246919,120.0
rate,0.5,moderate_02,moderate,nearest_first,2370.4360000000006,0.5546174554143916,9.240144901862799,120.0
rate,0.5,moderate_02,moderate,nearest_first_post,1719.578,1.0,12.40586970020529,120.0
rate,0.5,moderate_02,moderate,access_opt,1719.578,1.0,12.40586970020529,120.0
rate,0.5,moderate_03,moderate,none,2829.9300000000003,0.0,0.0,120.0
rate,0.5,moderate_03,moderate,proportional,116.99416639538485,0.9699747055521246,117.93705277530034,120.0
rate,0.5,moderate_03,moderate,nearest_first,1587.3080000000002,0.4442832350225999,21.462309998486827,120.0
rate,0.5,moderate_03,moderate,nearest_first_post,33.016000000000005,1.0,20.0568191730184,120.0
rate,0.5,moderate_03,moderate,access_opt,33.016000000000005,1.0,20.0568191730184,120.0
rate,0.5,moderate_04,moderate,none,2599.09,0.0,0.0,120.0
rate,0.5,moderate_04,moderate,proportional,1457.292,1.0000000000000002,96.08581645077676,120.0
rate,0.5,moderate_04,moderate,nearest_first,1884.0839999999998,0.6262105906648989,10.111610858363797,120.0
rate,0.5,moderate_04,moderate,nearest_first_post,1457.292,1.0000000000000002,12.474462153318761,120.0
rate,0.5,moderate_04,moderate,access_opt,1457.292,1.0000000000000002,12.474462153318761,120.0
rate,0.5,moderate_05,moderate,none,2765.3900000000003,0.0,0.0,120.0
rate,0.5,moderate_05,moderate,proportional,117.84677395485373,0.968953454411858,118.4732221977842,120.0
rate,0.5,moderate_05,moderate,nearest_first,1522.7679999999998,0.4547774206605685,26.238227896245743,120.0
rate,0.5,moderate_05,moderate,nearest_first_post,33.016000000000005,0.9999999999999999,20.37099609661023,120.0
rate,0.5,moderate_05,moderate,access_opt,33.016000000000005,0.9999999999999999,20.37099609661023,120.0
rate,0.5,moderate_06,moderate,none,3627.6620000000003,0.0,0.0,120.0
rate,0.5,moderate_06,moderate,proportional,1363.1640000000002,1.0000000000000002,111.16696620322801,120.0
rate,0.5,moderate_06,moderate,nearest_first,2445.1100000000006,0.5222137533351763,22.399972570713405,120.0
rate,0.5,moderate_06,moderate,nearest_first_post,1363.1640000000002,1.0000000000000002,19.36659874182245,120.0
rate,0.5,moderate_06,moderate,access_opt,1363.1640000000002,1.0000000000000002,19.36659874182245,120.0
rate,0.5,moderate_07,moderate,none,2312.3500000000004,0.0,0.0,120.0
rate,0.5,moderate_07,moderate,proportional,1356.1419999999998,1.0000000000000004,73.8127832898987,120.0
rate,0.5,moderate_07,moderate,nearest_first,1657.14,0.6852170239111158,7.173536921455975,120.0
rate,0.5,moderate_07,moderate,nearest_first_post,1356.1419999999998,1.0000000000000004,11.75185562887712,120.0
rate,0.5,moderate_07,moderate,access_opt,1356.1419999999998,1.0000000000000004,11.75185562887712,120.0
rate,0.5,moderate_08,moderate,none,2703.624,0.0,0.0,120.0
rate,0.5,moderate_08,moderate,proportional,1159.368,0.9999999999999999,98.61382582600424,120.0
rate,0.5,moderate_08,moderate,nearest_first,1819.7360000000003,0.5723714202826471,12.178218838770619,120.0
rate,0.5,moderate_08,moderate,nearest_first_post,1159.368,0.9999999999999999,12.474462153318761,120.0
rate,0.5,moderate_08,moderate,access_opt,1159.368,0.9999999999999999,12.474462153318761,120.0
rate,0.5,moderate_09,moderate,none,3319.5520000000006,0.0,0.0,120.0
rate,0.5,moderate_09,moderate,proportional,178.94996995108824,0.9847499716386522,118.87214610853431,120.0
rate,0.5,moderate_09,moderate,nearest_first,2014.3100000000002,0.4092645327818119,29.176301833153563,120.0
rate,0.5,moderate_09,moderate,nearest_first_post,130.31400000000002,1.0000000000000002,20.12541162613187,120.0
rate,0.5,moderate_09,moderate,access_opt,130.31400000000002,1.0000000000000002,20.12541162613187,120.0
rate,0.5,moderate_10,moderate,none,2892.446,0.0,0.0,120.0
rate,0.5,moderate_10,moderate,proportional,1624.224,1.0,104.5769113687479,120.0
rate,0.5,moderate_10,moderate,nearest_first,2071.178,0.647574320584251,7.173536921455975,120.0
rate,0.5,moderate_10,moderate,nearest_first_post,1624.224,1.0,14.26558368827778,120.0
rate,0.5,moderate_10,moderate,access_opt,1624.224,1.0,14.26558368827778,120.0
rate,0.5,moderate_11,moderate,none,3588.29,0.0,0.0,120.0
rate,0.5,moderate_11,moderate,proportional,2052.848,1.0000000000000002,99.59437175381993,120.0
rate,0.5,moderate_11,moderate,nearest_first,2715.1820000000007,0.5686362623921968,10.111610858363797,120.0
rate,0.5,moderate_11,moderate,nearest_first_post,2052.848,1.0000000000000002,13.990829767274612,120.0
rate,0.5,moderate_11,moderate,access_opt,2052.848,1.0000000000000002,13.990829767274612,120.0
rate,0.5,moderate_12,moderate,none,3002.2560000000003,0.0,0.0,120.0
rate,0.5,moderate_12,moderate,proportional,1513.022,1.0,103.43069149124373,120.0
rate,0.5,moderate_12,moderate,nearest_first,2180.9880000000003,0.551470084620684,9.240144901862799,120.0
rate,0.5,moderate_12,moderate,nearest_first_post,1513.022,1.0,12.40586970020529,120.0
rate,0.5,moderate_12,moderate,access_opt,1513.022,1.0,12.40586970020529,120.0
rate,0.5,moderate_13,moderate,none,2993.2880000000005,0.0,0.0,120.0
rate,0.5,moderate_13,moderate,proportional,1701.1019999999999,1.0000000000000004,97.23482882052791,120.0
rate,0.5,moderate_13,moderate,nearest_first,2239.9080000000004,0.5830275208058283,12.178218838770619,120.0
rate,0.5,moderate_13,moderate,nearest_first_post,1701.1019999999999,1.0000000000000004,12.474462153318761,120.0
rate,0.5,moderate_13,moderate,access_opt,1701.1019999999999,1.0000000000000004,12.474462153318761,120.0
rate,0.5,moderate_14,moderate,none,2864.25,0.0,0.0,120.0
rate,0.5,moderate_14,moderate,proportional,1596.028,1.0,95.90792351893732,120.0
rate,0.5,moderate_14,moderate,nearest_first,2042.982,0.647574320584251,7.173536921455975,120.0
rate,0.5,moderate_14,moderate,nearest_first_post,1596.028,1.0,14.26558368827778,120.0
rate,0.5,moderate_14,moderate,access_opt,1596.028,1.0,14.26558368827778,120.0
rate,0.5,moderate_15,moderate,none,2371.0379999999996,4.884535785262462e-16,0.0,120.0
rate,0.5,moderate_15,moderate,proportional,1440.044,0.9999999999999998,73.8127832898987,120.0
rate,0.5,moderate_15,moderate,nearest_first,1741.0420000000001,0.6766917939320767,7.173536921455975,120.0
rate,0.5,moderate_15,moderate,nearest_first_post,1440.044,0.9999999999999998,11.75185562887712,120.0
rate,0.5,moderate_15,moderate,access_opt,1440.044,0.9999999999999998,11.75185562887712,120.0
rate,0.5,moderate_16,moderate,none,3022.5959999999995,5.867753181140294e-16,0.0,120.0
rate,0.5,moderate_16,moderate,proportional,1472.6079999999997,1.0000000000000004,97.4648134562531,120.0
rate,0.5,moderate_16,moderate,nearest_first,2138.7079999999996,0.5702547374560324,10.111610858363797,120.0
rate,0.5,moderate_16,moderate,nearest_first_post,1472.6079999999997,1.0000000000000004,13.990829767274612,120.0
rate,0.5,moderate_16,moderate,access_opt,1472.6079999999997,1.0000000000000004,13.990829767274612,120.0
rate,0.5,moderate_17,moderate,none,2980.8820000000005,-3.475115437064426e-16,0.0,120.0
rate,0.5,moderate_17,moderate,proportional,1672.3,1.0,101.33637174868468,120.0
rate,0.5,moderate_17,moderate,nearest_first,2159.6140000000005,0.627601480075379,9.240144901862799,120.0
rate,0.5,moderate_17,moderate,nearest_first_post,1672.3,1.0,16.38662186992231,120.0
rate,0.5,moderate_17,moderate,access_opt,1672.3,1.0,16.38662186992231,120.0
rate,0.5,moderate_18,moderate,none,2846.96,6.199361600221175e-16,0.0,120.0
rate,0.5,moderate_18,moderate,proportional,1379.882,1.0000000000000004,95.73870220625645,120.0
rate,0.5,moderate_18,moderate,nearest_first,2036.4720000000002,0.5524505172867432,7.173536921455975,120.0
rate,0.5,moderate_18,moderate,nearest_first_post,1379.882,1.0000000000000004,13.92223731416114,120.0
rate,0.5,moderate_18,moderate,access_opt,1379.882,1.0000000000000004,13.92223731416114,120.0
rate,0.5,moderate_19,moderate,none,2965.2620000000006,-2.349668646409696e-16,0.0,120.0
rate,0.5,moderate_19,moderate,proportional,1029.8940000000002,0.9999999999999999,115.71269919561749,120.0
rate,0.5,moderate_19,moderate,nearest_first,1782.71,0.6110217798372196,19.9269252090738,120.0
rate,0.5,moderate_19,moderate,nearest_first_post,1029.8940000000002,0.9999999999999999,18.083493226114044,120.0
rate,0.5,moderate_19,moderate,access_opt,1029.8940000000002,0.9999999999999999,18.083493226114044,120.0
rate,0.5,severe_00,severe,none,1515.8600000000001,4.011759228524406e-16,0.0,120.0
rate,0.5,severe_00,severe,proportional,949.0920000000001,1.0000000000000004,39.60429588853428,120.0
rate,0.5,severe_00,severe,nearest_first,1159.6960000000001,0.6284123309714031,9.52924486579293,120.0
rate,0.5,severe_00,severe,nearest_first_post,949.0920000000001,1.0000000000000004,6.739152262859904,120.0
rate,0.5,severe_00,severe,access_opt,949.0920000000001,1.0000000000000004,6.739152262859904,120.0
rate,0.5,severe_01,severe,none,2185.4880000000003,0.0,0.0,120.0
rate,0.5,severe_01,severe,proportional,1173.452,1.0000000000000002,35.871773298977566,120.0
rate,0.5,severe_01,severe,nearest_first,1494.7960000000003,0.6824776984217953,8.484178671745578,120.0
rate,0.5,severe_01,severe,nearest_first_post,1173.452,1.0000000000000002,10.193015895372376,120.0
rate,0.5,severe_01,severe,access_opt,1173.452,1.0000000000000002,10.193015895372376,120.0
rate,0.5,severe_02,severe,none,2377.978,0.0,0.0,120.0
rate,0.5,severe_02,severe,proportional,1440.044,1.0,68.13368136579155,120.0
rate,0.5,severe_02,severe,nearest_first,1769.9640000000002,0.6482481709800475,10.111610858363797,120.0
rate,0.5,severe_02,severe,nearest_first_post,1440.044,1.0,15.871386622883165,120.0
rate,0.5,severe_02,severe,access_opt,1440.044,1.0,15.871386622883165,120.0
rate,0.5,severe_03,severe,none,2067.2200000000003,0.0,0.0,120.0
rate,0.5,severe_03,severe,proportional,1738.704,0.9013575951798244,39.45877580295722,120.0
rate,0.5,severe_03,severe,nearest_first,1812.0939999999998,0.6999956100398399,9.569258408280197,120.0
rate,0.5,severe_03,severe,nearest_first_post,1702.752,1.0000000000000007,6.80483541744607,120.0
rate,0.5,severe_03,severe,access_opt,1702.752,1.0000000000000007,6.80483541744607,120.0
rate,0.5,severe_04,severe,none,2432.4680000000008,-1.2449826724956856e-15,0.0,120.0
rate,0.5,severe_04,severe,proportional,1701.9400000000003,0.9999999999999993,64.78207468359153,120.0
rate,0.5,severe_04,severe,nearest_first,2002.9380000000003,0.5879719873844664,7.173536921455975,120.0
rate,0.5,severe_04,severe,nearest_first_post,1701.9400000000003,0.9999999999999993,11.75185562887712,120.0
rate,0.5,severe_04,severe,access_opt,1701.9400000000003,0.9999999999999993,11.75185562887712,120.0
rate,0.5,severe_05,severe,none,811.8120000000001,,0.0,120.0
rate,0.5,severe_05,severe,proportional,811.8120000000001,,3.857982843633515,120.0
rate,0.5,severe_05,severe,nearest_first,811.8120000000001,,0.5157896956046489,120.0
rate,0.5,severe_05,severe,nearest_first_post,811.8120000000001,,0.0,120.0
rate,0.5,severe_05,severe,access_opt,811.8120000000001,,0.0,120.0
rate,0.5,severe_06,severe,none,2184.068,0.0,0.0,120.0
rate,0.5,severe_06,severe,proportional,1428.6200000000003,0.9999999999999997,63.21046500160769,120.0
rate,0.5,severe_06,severe,nearest_first,1729.6180000000002,0.6015635755207506,6.519522850127808,120.0
rate,0.5,severe_06,severe,nearest_first_post,1428.6200000000003,0.9999999999999997,11.75185562887712,120.0
rate,0.5,severe_06,severe,access_opt,1428.6200000000003,0.9999999999999997,11.75185562887712,120.0
rate,0.5,severe_07,severe,none,2327.1220000000003,0.0,0.0,120.0
rate,0.5,severe_07,severe,proportional,1408.4880000000003,1.0,65.32562721601998,120.0
rate,0.5,severe_07,severe,nearest_first,1746.2460000000003,0.63232582290662,8.484178671745578,120.0
rate,0.5,severe_07,severe,nearest_first_post,1408.4880000000003,1.0,14.219362081315133,120.0
rate,0.5,severe_07,severe,access_opt,1408.4880000000003,1.0,14.219362081315133,120.0
rate,0.5,severe_08,severe,none,2223.7500000000005,-8.667599682960593e-16,0.0,120.0
rate,0.5,severe_08,severe,proportional,1699.098,1.0,25.241222915200897,120.0
rate,0.5,severe_08,severe,nearest_first,2089.78,0.2553502130936312,7.488684533455189,120.0
rate,0.5,severe_08,severe,nearest_first_post,1699.098,1.0,9.549345361140492,120.0
rate,0.5,severe_08,severe,access_opt,1699.098,1.0,9.549345361140492,120.0
rate,0.5,severe_09,severe,none,2005.3120000000001,0.0,0.0,120.0
rate,0.5,severe_09,severe,proportional,1584.3400000000001,0.9999999999999999,31.757914512190972,120.0
rate,0.5,severe_09,severe,nearest_first,1714.2340000000002,0.691442661269633,5.546104734837757,120.0
rate,0.5,severe_09,severe,nearest_first_post,1584.3400000000001,0.9999999999999999,6.827260348995953,120.0
rate,0.5,severe_09,severe,access_opt,1584.3400000000001,0.9999999999999999,6.827260348995953,120.0
rate,0.5,severe_10,severe,none,2352.0640000000003,0.0,0.0,120.0
rate,0.5,severe_10,severe,proportional,1419.912,1.0000000000000002,69.26449876449796,120.0
rate,0.5,severe_10,severe,nearest_first,1746.268,0.6498897175567936,7.830164600417412,120.0
rate,0.5,severe_10,severe,nearest_first_post,1419.912,1.0000000000000002,10.193015895372376,120.0
rate,0.5,severe_10,severe,access_opt,1419.912,1.0000000000000002,10.193015895372376,120.0
rate,0.5,severe_11,severe,none,2458.2440000000006,-5.624218985129763e-16,0.0,120.0
rate,0.5,severe_11,severe,proportional,1649.6920000000002,0.9999999999999997,58.98476696272651,120.0
rate,0.5,severe_11,severe,nearest_first,1983.8100000000002,0.5867699294541352,8.555826750502877,120.0
rate,0.5,severe_11,severe,nearest_first_post,1649.6920000000002,0.9999999999999997,14.291010160072432,120.0
rate,0.5,severe_11,severe,access_opt,1649.6920000000002,0.9999999999999997,14.291010160072432,120.0
rate,0.5,severe_12,severe,none,1657.48,0.0,0.0,120.0
rate,0.5,severe_12,severe,proportional,966.3400000000001,0.9999999999999999,51.36527234582455,120.0
rate,0.5,severe_12,severe,nearest_first,1099.74,0.8069855600891281,5.546104734837757,120.0
rate,0.5,severe_12,severe,nearest_first_post,966.3400000000001,0.9999999999999999,9.854066133890537,120.0
rate,0.5,severe_12,severe,access_opt,966.3400000000001,0.9999999999999999,9.854066133890537,120.0
rate,0.5,severe_13,severe,none,1548.5,0.0,0.0,120.0
rate,0.5,severe_13,severe,proportional,974.0694570380168,0.9466554762063006,38.80709394551633,120.0
rate,0.5,severe_13,severe,nearest_first,1257.422,0.47969347396176665,8.555826750502877,120.0
rate,0.5,severe_13,severe,nearest_first_post,941.7,1.0,8.772370453093771,120.0
rate,0.5,severe_13,severe,access_opt,941.7,1.0,8.772370453093771,120.0
rate,0.5,severe_14,severe,none,2313.1639999999998,0.0,0.0,120.0
rate,0.5,severe_14,severe,proportional,1778.954451128026,0.8751622656041719,38.43493550565713,120.0
rate,0.5,severe_14,severe,nearest_first,2022.086,0.47685497663872883,5.546104734837757,120.0
rate,0.5,severe_14,severe,nearest_first_post,1702.752,0.9999999999999997,8.772370453093771,120.0
rate,0.5,severe_14,severe,access_opt,1702.752,0.9999999999999997,8.772370453093771,120.0
rate,0.5,severe_15,severe,none,2259.46,0.0,0.0,120.0
rate,0.5,severe_15,severe,proportional,1408.4880000000003,0.9999999999999998,65.5892087553475,120.0
rate,0.5,severe_15,severe,nearest_first,1746.2460000000003,0.6030915235753934,7.830164600417412,120.0
rate,0.5,severe_15,severe,nearest_first_post,1408.4880000000003,0.9999999999999998,14.219362081315133,120.0
rate,0.5,severe_15,severe,access_opt,1408.4880000000003,0.9999999999999998,14.219362081315133,120.0
rate,0.5,severe_16,severe,none,2316.8360000000002,0.0,0.0,120.0
rate,0.5,severe_16,severe,proportional,1699.098,1.0000000000000004,22.987146574792565,120.0
rate,0.5,severe_16,severe,nearest_first,2182.866,0.21687187772162347,4.317012582391178,120.0
rate,0.5,severe_16,severe,nearest_first_post,1699.098,1.0000000000000004,9.549345361140492,120.0
rate,0.5,severe_16,severe,access_opt,1699.098,1.0000000000000004,9.549345361140492,120.0
rate,0.5,severe_17,severe,none,1882.3239999999998,3.0973457746880777e-16,0.0,120.0
rate,0.5,severe_17,severe,proportional,1148.232,1.0,62.705374759241366,120.0
rate,0.5,severe_17,severe,nearest_first,1445.59,0.5949308805980723,4.89209066350959,120.0
rate,0.5,severe_17,severe,nearest_first_post,1148.232,1.0,10.124423442258903,120.0
rate,0.5,severe_17,severe,access_opt,1148.232,1.0,10.124423442258903,120.0
rate,0.5,severe_18,severe,none,2013.946,2.752534652094929e-16,0.0,120.0
rate,0.5,severe_18,severe,proportional,1187.894,1.0000000000000002,57.63728287952703,120.0
rate,0.5,severe_18,severe,nearest_first,1525.652,0.5911177504563878,8.484178671745578,120.0
rate,0.5,severe_18,severe,nearest_first_post,1187.894,1.0000000000000002,14.219362081315133,120.0
rate,0.5,severe_18,severe,access_opt,1187.894,1.0000000000000002,14.219362081315133,120.0
rate,0.5,severe_19,severe,none,1755.166,0.0,0.0,120.0
rate,0.5,severe_19,severe,proportional,929.114,0.9999999999999999,57.63728287952703,120.0
rate,0.5,severe_19,severe,nearest_first,1266.872,0.5911177504563876,8.484178671745578,120.0
rate,0.5,severe_19,severe,nearest_first_post,929.114,0.9999999999999999,14.219362081315133,120.0
rate,0.5,severe_19,severe,access_opt,929.114,0.9999999999999999,14.219362081315133,120.0
rate,1.0,mild_00,mild,none,12355.224,0.0,0.0,120.0
rate,1.0,mild_00,mild,proportional,3978.474234273536,0.7060157478770401,116.77190133100405,120.0
rate,1.0,mild_00,mild,nearest_first,4335.852000000001,0.6758949566870798,65.82017951272937,120.0
rate,1.0,mild_00,mild,nearest_first_post,490.404,0.9999999999999999,58.57017947296741,120.0
rate,1.0,mild_00,mild,access_opt,490.404,0.9999999999999999,58.57017947296741,120.0
rate,1.0,mild_01,mild,none,12086.94,0.0,0.0,120.0
rate,1.0,mild_01,mild,proportional,3727.490313465845,0.720857477313411,118.16498790364648,120.0
rate,1.0,mild_01,mild,nearest_first,3943.9360000000006,0.7021927927443159,67.2132660853718,120.0
rate,1.0,mild_01,mild,nearest_first_post,490.404,0.9999999999999999,59.96326604560985,120.0
rate,1.0,mild_01,mild,access_opt,490.404,0.9999999999999999,59.96326604560985,120.0
rate,1.0,mild_02,mild,none,10623.372000000003,0.0,0.0,120.0
rate,1.0,mild_02,mild,proportional,2685.6240877392465,0.7471966445551144,118.99115558822956,120.0
rate,1.0,mild_02,mild,nearest_first,1244.5119999999997,0.8828515089182607,65.35733025058958,120.0
rate,1.0,mild_02,mild,nearest_first_post,0.0,1.0,60.71028451692656,120.0
rate,1.0,mild_02,mild,access_opt,0.0,1.0,60.71028451692656,120.0
rate,1.0,mild_03,mild,none,10578.472000000003,0.0,0.0,120.0
rate,1.0,mild_03,mild,proportional,2956.20943369797,0.7205447598010404,118.02094272947133,120.0
rate,1.0,mild_03,mild,nearest_first,1484.248,0.8596916454474711,69.96602978455957,120.0
rate,1.0,mild_03,mild,nearest_first_post,0.0,1.0,61.52234170069192,120.0
rate,1.0,mild_03,mild,access_opt,0.0,1.0,61.52234170069192,120.0
rate,1.0,mild_04,mild,none,12088.616000000004,-3.009425402454435e-16,0.0,120.0
rate,1.0,mild_04,mild,proportional,4104.162743463193,0.660493579789184,117.84848246094008,120.0
rate,1.0,mild_04,mild,nearest_first,2996.1359999999995,0.7521522728491002,69.02347139338666,120.0
rate,1.0,mild_04,mild,nearest_first_post,0.0,0.9999999999999999,60.57978330951901,120.0
rate,1.0,mild_04,mild,access_opt,0.0,0.9999999999999999,60.57978330951901,120.0
rate,1.0,mild_05,mild,none,12188.431999999999,0.0,0.0,120.0
rate,1.0,mild_05,mild,proportional,3865.5509043344323,0.7114772759704086,116.54224860377947,120.0
rate,1.0,mild_05,mild,nearest_first,4329.272000000001,0.6718363129238533,67.32100590783512,120.0
rate,1.0,mild_05,mild,nearest_first_post,490.404,0.9999999999999999,60.745836978516905,120.0
rate,1.0,mild_05,mild,access_opt,490.404,0.9999999999999999,60.745836978516905,120.0
rate,1.0,mild_06,mild,none,10763.320000000003,0.0,0.0,120.0
rate,1.0,mild_06,mild,proportional,2685.6240877392465,0.750483671605114,117.67298304264976,120.0
rate,1.0,mild_06,mild,nearest_first,1398.6799999999998,0.8700512481279012,64.03915770500977,120.0
rate,1.0,mild_06,mild,nearest_first_post,0.0,1.0000000000000002,59.392111971346765,120.0
rate,1.0,mild_06,mild,access_opt,0.0,1.0000000000000002,59.392111971346765,120.0
rate,1.0,mild_07,mild,none,12214.296,0.0,0.0,120.0
rate,1.0,mild_07,mild,proportional,4702.019711484033,0.6150396460439445,117.38334122232237,120.0
rate,1.0,mild_07,mild,nearest_first,3565.8520000000003,0.7080591464297246,71.98717778694309,120.0
rate,1.0,mild_07,mild,nearest_first_post,0.0,1.0,62.897053384350166,120.0
rate,1.0,mild_07,mild,access_opt,0.0,1.0,62.897053384350166,120.0
rate,1.0,mild_08,mild,none,12088.616000000004,-3.009425402454435e-16,0.0,120.0
rate,1.0,mild_08,mild,proportional,4104.162743463193,0.660493579789184,117.84848246094008,120.0
rate,1.0,mild_08,mild,nearest_first,2996.1359999999995,0.7521522728491002,69.02347139338666,120.0
rate,1.0,mild_08,mild,nearest_first_post,0.0,0.9999999999999999,60.57978330951901,120.0
rate,1.0,mild_08,mild,access_opt,0.0,0.9999999999999999,60.57978330951901,120.0
rate,1.0,mild_09,mild,none,12765.376000000002,0.0,0.0,120.0
rate,1.0,mild_09,mild,proportional,4317.798067618464,0.6617570788656391,119.96482292657676,120.0
rate,1.0,mild_09,mild,nearest_first,3682.8959999999993,0.7114933394833025,70.05004479924986,120.0
rate,1.0,mild_09,mild,nearest_first_post,0.0,1.0,59.00474251262579,120.0
rate,1.0,mild_09,mild,access_opt,0.0,1.0,59.00474251262579,120.0
rate,1.0,mild_10,mild,none,10821.000000000004,0.0,0.0,120.0
rate,1.0,mild_10,mild,proportional,2685.6240877392465,0.7518136874836665,117.67298304264976,120.0
rate,1.0,mild_10,mild,nearest_first,1398.6799999999998,0.8707439238517699,64.03915770500977,120.0
rate,1.0,mild_10,mild,nearest_first_post,0.0,1.0000000000000002,59.392111971346765,120.0
rate,1.0,mild_10,mild,access_opt,0.0,1.0000000000000002,59.392111971346765,120.0
rate,1.0,mild_11,mild,none,13226.676000000001,0.0,0.0,120.0
rate,1.0,mild_11,mild,proportional,4597.905828916967,0.677495751589086,116.27735847667726,120.0
rate,1.0,mild_11,mild,nearest_first,5425.196,0.6125403100687548,65.93025908884762,120.0
rate,1.0,mild_11,mild,nearest_first_post,490.404,0.9999999999999999,63.911268958283266,120.0
rate,1.0,mild_11,mild,access_opt,490.404,0.9999999999999999,63.911268958283266,120.0
rate,1.0,mild_12,mild,none,12521.828,0.0,0.0,120.0
rate,1.0,mild_12,mild,proportional,4448.667447437247,0.6447269961352889,119.04598934317687,120.0
rate,1.0,mild_12,mild,nearest_first,3662.987999999999,0.7074717844710853,69.13121121584996,120.0
rate,1.0,mild_12,mild,nearest_first_post,0.0,1.0,56.36594096407564,120.0
rate,1.0,mild_12,mild,access_opt,0.0,1.0,56.36594096407564,120.0
rate,1.0,mild_13,mild,none,10623.372000000003,0.0,0.0,120.0
rate,1.0,mild_13,mild,proportional,2685.6240877392465,0.7471966445551144,118.99115558822956,120.0
rate,1.0,mild_13,mild,nearest_first,1244.5119999999997,0.8828515089182607,65.35733025058958,120.0
rate,1.0,mild_13,mild,nearest_first_post,0.0,1.0,60.71028451692656,120.0
rate,1.0,mild_13,mild,access_opt,0.0,1.0,60.71028451692656,120.0
rate,1.0,mild_14,mild,none,12096.884000000002,0.0,0.0,120.0
rate,1.0,mild_14,mild,proportional,4014.9903408007244,0.6680971446199927,116.65154430101178,120.0
rate,1.0,mild_14,mild,nearest_first,2890.771999999999,0.7610316838617285,71.44313137189232,120.0
rate,1.0,mild_14,mild,nearest_first_post,0.0,1.0,62.99944328802465,120.0
rate,1.0,mild_14,mild,access_opt,0.0,1.0,62.99944328802465,120.0
rate,1.0,mild_15,mild,none,12251.624000000002,0.0,0.0,120.0
rate,1.0,mild_15,mild,proportional,4318.560209722542,0.6475112026191351,119.92763558078305,120.0
rate,1.0,mild_15,mild,nearest_first,3409.163999999999,0.7217377875782021,67.41124325069971,120.0
rate,1.0,mild_15,mild,nearest_first_post,0.0,1.0,58.96755516683207,120.0
rate,1.0,mild_15,mild,access_opt,0.0,1.0,58.96755516683207,120.0
rate,1.0,mild_16,mild,none,12073.636,0.0,0.0,120.0
rate,1.0,mild_16,mild,proportional,4292.244514040822,0.6444944576728319,116.75928412347508,120.0
rate,1.0,mild_16,mild,nearest_first,3101.1639999999993,0.7431458095970428,71.55087119435561,120.0
rate,1.0,mild_16,mild,nearest_first_post,0.0,1.0,61.38721514533773,120.0
rate,1.0,mild_16,mild,access_opt,0.0,1.0,61.38721514533773,120.0
rate,1.0,mild_17,mild,none,11578.072000000002,0.0,0.0,120.0
rate,1.0,mild_17,mild,proportional,3840.70856620992,0.668277363777845,118.63833009449765,120.0
rate,1.0,mild_17,mild,nearest_first,2355.5799999999995,0.7965481644957814,71.44313137189232,120.0
rate,1.0,mild_17,mild,nearest_first_post,0.0,1.0,62.99944328802465,120.0
rate,1.0,mild_17,mild,access_opt,0.0,1.0,62.99944328802465,120.0
rate,1.0,mild_18,mild,none,10763.320000000003,0.0,0.0,120.0
rate,1.0,mild_18,mild,proportional,2685.6240877392465,0.750483671605114,117.79461425803319,120.0
rate,1.0,mild_18,mild,nearest_first,1398.6799999999998,0.8700512481279012,64.1607889203932,120.0
rate,1.0,mild_18,mild,nearest_first_post,0.0,1.0000000000000002,59.513743186730196,120.0
rate,1.0,mild_18,mild,access_opt,0.0,1.0000000000000002,59.513743186730196,120.0
rate,1.0,mild_19,mild,none,12271.244000000002,0.0,0.0,120.0
rate,1.0,mild_19,mild,proportional,3808.0374114292235,0.7183873635980776,117.28183483878225,120.0
rate,1.0,mild_19,mild,nearest_first,4291.652,0.6773364208324705,64.44399400440396,120.0
rate,1.0,mild_19,mild,nearest_first_post,490.404,1.0,57.64696321324413,120.0
rate,1.0,mild_19,mild,access_opt,490.404,1.0,57.64696321324413,120.0
rate,1.0,moderate_00,moderate,none,12176.336000000001,2.63399328385122e-16,0.0,120.0
rate,1.0,moderate_00,moderate,proportional,5829.002028516987,0.9191276770857492,94.23809018532,120.0
rate,1.0,moderate_00,moderate,nearest_first,8200.400000000001,0.5757366535839896,46.416969147591296,120.0
rate,1.0,moderate_00,moderate,nearest_first_post,5270.512000000001,1.0000000000000004,42.079340995574526,120.0
rate,1.0,moderate_00,moderate,access_opt,5270.512000000001,1.0000000000000004,42.079340995574526,120.0
rate,1.0,moderate_01,moderate,none,12790.368000000002,-2.9827087212121123e-16,0.0,120.0
rate,1.0,moderate_01,moderate,proportional,6799.120000000001,0.9824217571421449,95.10200380145034,120.0
rate,1.0,moderate_01,moderate,nearest_first,9440.672,0.5492702405595653,40.77878970973875,120.0
rate,1.0,moderate_01,moderate,nearest_first_post,6691.92,1.0,40.326274291100546,120.0
rate,1.0,moderate_01,moderate,access_opt,6691.92,1.0,40.326274291100546,120.0
rate,1.0,moderate_02,moderate,none,12728.044,3.069551831930438e-16,0.0,120.0
rate,1.0,moderate_02,moderate,proportional,7526.984328788356,0.8776808820670381,100.44287376246919,120.0
rate,1.0,moderate_02,moderate,nearest_first,8956.32,0.636479920727814,48.41489191801291,120.0
rate,1.0,moderate_02,moderate,nearest_first_post,6802.132,1.0000000000000002,40.04503451950908,120.0
rate,1.0,moderate_02,moderate,access_opt,6802.132,1.0000000000000002,40.04503451950908,120.0
rate,1.0,moderate_03,moderate,none,10921.796,1.6964089299578204e-16,0.0,120.0
rate,1.0,moderate_03,moderate,proportional,2818.115252535076,0.7557579147370884,117.93705277530034,120.0
rate,1.0,moderate_03,moderate,nearest_first,4171.768000000001,0.6295148148935688,59.7621431463317,120.0
rate,1.0,moderate_03,moderate,nearest_first_post,199.208,1.0000000000000002,51.99758095995372,120.0
rate,1.0,moderate_03,moderate,access_opt,199.208,1.0000000000000002,51.99758095995372,120.0
rate,1.0,moderate_04,moderate,none,11142.488,3.4264412866651246e-16,0.0,120.0
rate,1.0,moderate_04,moderate,proportional,5833.804,1.0,96.08581645077676,120.0
rate,1.0,moderate_04,moderate,nearest_first,7890.332,0.6126105829618037,44.05783460632048,120.0
rate,1.0,moderate_04,moderate,nearest_first_post,5833.804,1.0,36.66802198673939,120.0
rate,1.0,moderate_04,moderate,access_opt,5833.804,1.0,36.66802198673939,120.0
rate,1.0,moderate_05,moderate,none,10897.560000000001,-1.7002519673552113e-16,0.0,120.0
rate,1.0,moderate_05,moderate,proportional,4051.876507698434,0.639882057750723,118.4732221977842,120.0
rate,1.0,moderate_05,moderate,nearest_first,4262.204,0.6202222547921398,70.07838582143314,120.0
rate,1.0,moderate_05,moderate,nearest_first_post,199.208,0.9999999999999997,58.16850408996336,120.0
rate,1.0,moderate_05,moderate,access_opt,199.208,0.9999999999999997,58.16850408996336,120.0
rate,1.0,moderate_06,moderate,none,13342.320000000002,0.0,0.0,120.0
rate,1.0,moderate_06,moderate,proportional,4877.483144731892,0.9451662224096709,111.16696620322801,120.0
rate,1.0,moderate_06,moderate,nearest_first,7839.0560000000005,0.6144831063774101,60.371659946661524,120.0
rate,1.0,moderate_06,moderate,nearest_first_post,4386.396000000001,1.0,50.71219836711125,120.0
rate,1.0,moderate_06,moderate,access_opt,4386.396000000001,1.0,50.71219836711125,120.0
rate,1.0,moderate_07,moderate,none,9327.624,4.2698720475642955e-16,0.0,120.0
rate,1.0,moderate_07,moderate,proportional,5505.985391124243,0.8970864723082885,73.8127832898987,120.0
rate,1.0,moderate_07,moderate,nearest_first,6802.424000000001,0.5927621608730027,36.77209786010821,120.0
rate,1.0,moderate_07,moderate,nearest_first_post,5067.567999999999,1.0000000000000004,32.34507429486498,120.0
rate,1.0,moderate_07,moderate,access_opt,5067.567999999999,1.0000000000000004,32.34507429486498,120.0
rate,1.0,moderate_08,moderate,none,10482.332000000002,-3.1057077120103594e-16,0.0,120.0
rate,1.0,moderate_08,moderate,proportional,4803.353894489261,0.9696178583691266,98.61382582600424,120.0
rate,1.0,moderate_08,moderate,nearest_first,6580.816000000001,0.666137378596683,47.503439592203655,120.0
rate,1.0,moderate_08,moderate,nearest_first_post,4625.407999999999,1.0,40.968614831860094,120.0
rate,1.0,moderate_08,moderate,access_opt,4625.407999999999,1.0,40.968614831860094,120.0
rate,1.0,moderate_09,moderate,none,12476.36,0.0,0.0,120.0
rate,1.0,moderate_09,moderate,proportional,4142.783263967214,0.7032713259703076,118.87214610853431,120.0
rate,1.0,moderate_09,moderate,nearest_first,5638.444,0.5770523755305182,73.01645975834097,120.0
rate,1.0,moderate_09,moderate,nearest_first_post,626.628,0.9999999999999999,58.96122662801794,120.0
rate,1.0,moderate_09,moderate,access_opt,626.628,0.9999999999999999,58.96122662801794,120.0
rate,1.0,moderate_10,moderate,none,13349.42,0.0,0.0,120.0
rate,1.0,moderate_10,moderate,proportional,6773.635010246631,0.9685963304307931,104.5769113687479,120.0
rate,1.0,moderate_10,moderate,nearest_first,9364.483999999999,0.5869708928464114,50.365373170205,120.0
rate,1.0,moderate_10,moderate,nearest_first_post,6560.436,0.9999999999999999,46.46260407301314,120.0
rate,1.0,moderate_10,moderate,access_opt,6560.436,0.9999999999999999,46.46260407301314,120.0
rate,1.0,moderate_11,moderate,none,13676.024000000001,2.9162809322307135e-16,0.0,120.0
rate,1.0,moderate_11,moderate,proportional,7610.23001856792,0.9724938085074587,99.59437175381993,120.0
rate,1.0,moderate_11,moderate,nearest_first,9915.640000000001,0.6028807059396927,47.56638990936366,120.0
rate,1.0,moderate_11,moderate,nearest_first_post,7438.664000000001,1.0000000000000002,36.32705102706548,120.0
rate,1.0,moderate_11,moderate,access_opt,7438.664000000001,1.0000000000000002,36.32705102706548,120.0
rate,1.0,moderate_12,moderate,none,11957.860000000002,-2.7431782137384967e-16,0.0,120.0
rate,1.0,moderate_12,moderate,proportional,6183.602546983384,0.8708031621709776,103.43069149124373,120.0
rate,1.0,moderate_12,moderate,nearest_first,7817.804,0.6243528082526865,52.431981150611826,120.0
rate,1.0,moderate_12,moderate,nearest_first_post,5326.904,1.0000000000000002,45.31638419550898,120.0
rate,1.0,moderate_12,moderate,access_opt,5326.904,1.0000000000000002,45.31638419550898,120.0
rate,1.0,moderate_13,moderate,none,11868.396,0.0,0.0,120.0
rate,1.0,moderate_13,moderate,proportional,6649.536,0.9798725511916875,97.23482882052791,120.0
rate,1.0,moderate_13,moderate,nearest_first,8383.168000000001,0.654372650702395,46.124442586727305,120.0
rate,1.0,moderate_13,moderate,nearest_first_post,6542.336,0.9999999999999998,39.589617826383765,120.0
rate,1.0,moderate_13,moderate,access_opt,6542.336,0.9999999999999998,39.589617826383765,120.0
rate,1.0,moderate_14,moderate,none,13130.58,0.0,0.0,120.0
rate,1.0,moderate_14,moderate,proportional,6524.777277389192,0.992377233983702,95.90792351893732,120.0
rate,1.0,moderate_14,moderate,nearest_first,9278.872000000001,0.5786347990789212,40.77878970973875,120.0
rate,1.0,moderate_14,moderate,nearest_first_post,6474.036,1.0,43.503515678350055,120.0
rate,1.0,moderate_14,moderate,access_opt,6474.036,1.0,43.503515678350055,120.0
rate,1.0,moderate_15,moderate,none,10175.612000000001,-4.4146327934761507e-16,0.0,120.0
rate,1.0,moderate_15,moderate,proportional,6493.665391124243,0.8935974124800034,73.8127832898987,120.0
rate,1.0,moderate_15,moderate,nearest_first,7700.84,0.6006197510705363,36.77209786010821,120.0
rate,1.0,moderate_15,moderate,nearest_first_post,6055.248,1.0,32.34507429486498,120.0
rate,1.0,moderate_15,moderate,access_opt,6055.248,1.0,32.34507429486498,120.0
rate,1.0,moderate_16,moderate,none,12197.064,2.9616918694911337e-16,0.0,120.0
rate,1.0,moderate_16,moderate,proportional,6173.82738071063,0.980707797890197,97.4648134562531,120.0
rate,1.0,moderate_16,moderate,nearest_first,8450.668,0.6099909406544486,45.43683161179682,120.0
rate,1.0,moderate_16,moderate,nearest_first_post,6055.339999999999,1.0000000000000004,38.047018992215726,120.0
rate,1.0,moderate_16,moderate,access_opt,6055.339999999999,1.0000000000000004,38.047018992215726,120.0
rate,1.0,moderate_17,moderate,none,12013.084000000003,-2.8701477078224e-16,0.0,120.0
rate,1.0,moderate_17,moderate,proportional,5884.377075415265,0.9670366466798771,101.33637174868468,120.0
rate,1.0,moderate_17,moderate,nearest_first,7947.724,0.6414651818601822,50.30242285304498,120.0
rate,1.0,moderate_17,moderate,nearest_first_post,5675.468000000001,1.0,45.88557101904695,120.0
rate,1.0,moderate_17,moderate,access_opt,5675.468000000001,1.0,45.88557101904695,120.0
rate,1.0,moderate_18,moderate,none,11448.456,0.0,0.0,120.0
rate,1.0,moderate_18,moderate,proportional,5774.1889480777245,0.8882930941080284,95.73870220625645,120.0
rate,1.0,moderate_18,moderate,nearest_first,7958.312,0.5463737931742726,44.62831597245584,120.0
rate,1.0,moderate_18,moderate,nearest_first_post,5060.624,1.0,37.11344643318956,120.0
rate,1.0,moderate_18,moderate,access_opt,5060.624,1.0,37.11344643318956,120.0
rate,1.0,moderate_19,moderate,none,11922.552000000001,-2.217550673029765e-16,0.0,120.0
rate,1.0,moderate_19,moderate,proportional,4593.890024982237,0.8934455177929014,115.71269919561749,120.0
rate,1.0,moderate_19,moderate,nearest_first,6483.912,0.6630307889015999,60.98920316025599,120.0
rate,1.0,moderate_19,moderate,nearest_first_post,3719.856,0.9999999999999998,50.49004198455262,120.0
rate,1.0,moderate_19,moderate,access_opt,3719.856,0.9999999999999998,50.49004198455262,120.0
rate,1.0,severe_00,severe,none,6763.052,6.811551483293651e-16,0.0,120.0
rate,1.0,severe_00,severe,proportional,4514.994276531842,0.8418279342897369,39.60429588853428,120.0
rate,1.0,severe_00,severe,nearest_first,5414.464000000001,0.505004403755475,19.981128872369947,120.0
rate,1.0,severe_00,severe,nearest_first_post,4092.6040000000003,1.0000000000000004,21.26076243943445,120.0
rate,1.0,severe_00,severe,access_opt,4092.6040000000003,1.0000000000000004,21.26076243943445,120.0
rate,1.0,severe_01,severe,none,8592.872000000001,0.0,0.0,120.0
rate,1.0,severe_01,severe,proportional,5741.024000000001,1.0,35.871773298977566,120.0
rate,1.0,severe_01,severe,nearest_first,6721.576000000001,0.6561696135277898,19.357356858100314,120.0
rate,1.0,severe_01,severe,nearest_first_post,5741.024000000001,1.0,19.65135594280663,120.0
rate,1.0,severe_01,severe,access_opt,5741.024000000001,1.0,19.65135594280663,120.0
rate,1.0,severe_02,severe,none,9780.096,0.0,0.0,120.0
rate,1.0,severe_02,severe,proportional,5944.284,1.0,68.13368136579155,120.0
rate,1.0,severe_02,severe,nearest_first,7490.104,0.5970031899373586,34.352798036265405,120.0
rate,1.0,severe_02,severe,nearest_first_post,5944.284,1.0,33.25481031229964,120.0
rate,1.0,severe_02,severe,access_opt,5944.284,1.0,33.25481031229964,120.0
rate,1.0,severe_03,severe,none,7062.584000000001,0.0,0.0,120.0
rate,1.0,severe_03,severe,proportional,5103.1,0.9162512835571883,39.45877580295722,120.0
rate,1.0,severe_03,severe,nearest_first,5916.072,0.5361070014420732,20.8437949058546,120.0
rate,1.0,severe_03,severe,nearest_first_post,4923.996,1.0000000000000002,21.414553680156665,120.0
rate,1.0,severe_03,severe,access_opt,4923.996,1.0000000000000002,21.414553680156665,120.0
rate,1.0,severe_04,severe,none,8277.728000000001,-5.384696961893816e-16,0.0,120.0
rate,1.0,severe_04,severe,proportional,5100.6473494424135,0.9405011647346727,64.78207468359153,120.0
rate,1.0,severe_04,severe,nearest_first,6492.844000000001,0.5283735811433262,31.001191354065394,120.0
rate,1.0,severe_04,severe,nearest_first_post,4899.656000000001,0.9999999999999994,25.06516585825645,120.0
rate,1.0,severe_04,severe,access_opt,4899.656000000001,0.9999999999999994,25.06516585825645,120.0
rate,1.0,severe_05,severe,none,3936.716,-5.05364676927525e-15,0.0,120.0
rate,1.0,severe_05,severe,proportional,3846.732,0.999999999999994,3.857982843633515,120.0
rate,1.0,severe_05,severe,nearest_first,3932.244,0.04969772403982149,2.3948816399609716,120.0
rate,1.0,severe_05,severe,nearest_first_post,3846.732,0.999999999999994,2.146577805742294,120.0
rate,1.0,severe_05,severe,access_opt,3846.732,0.999999999999994,2.146577805742294,120.0
rate,1.0,severe_06,severe,none,9623.968,0.0,0.0,120.0
rate,1.0,severe_06,severe,proportional,6332.647349442413,0.9143796855122551,63.21046500160769,120.0
rate,1.0,severe_06,severe,nearest_first,7729.380000000001,0.5263457935409022,30.347177282737224,120.0
rate,1.0,severe_06,severe,nearest_first_post,6024.456,1.0000000000000002,25.920153717494003,120.0
rate,1.0,severe_06,severe,access_opt,6024.456,1.0000000000000002,25.920153717494003,120.0
rate,1.0,severe_07,severe,none,9036.912,5.869828465593558e-16,0.0,120.0
rate,1.0,severe_07,severe,proportional,6158.729384325033,0.9287815648476124,65.32562721601998,120.0
rate,1.0,severe_07,severe,nearest_first,7197.612000000001,0.5935370198265183,36.137629506299994,120.0
rate,1.0,severe_07,severe,nearest_first_post,5938.032000000001,1.0000000000000002,31.567020253151725,120.0
rate,1.0,severe_07,severe,access_opt,5938.032000000001,1.0000000000000002,31.567020253151725,120.0
rate,1.0,severe_08,severe,none,7126.8640000000005,-4.255360062045468e-16,0.0,120.0
rate,1.0,severe_08,severe,proportional,5096.771999999999,0.9498430724486877,25.241222915200897,120.0
rate,1.0,severe_08,severe,nearest_first,6534.428,0.277190014279752,16.641894754659678,120.0
rate,1.0,severe_08,severe,nearest_first_post,4989.572,0.9999999999999998,18.203560165010437,120.0
rate,1.0,severe_08,severe,access_opt,4989.572,0.9999999999999998,18.203560165010437,120.0
rate,1.0,severe_09,severe,none,6805.9000000000015,-1.0431013858854523e-15,0.0,120.0
rate,1.0,severe_09,severe,proportional,5104.098745578171,0.9758997185627419,31.757914512190972,120.0
rate,1.0,severe_09,severe,nearest_first,5940.42,0.49631041593551634,14.229094809589057,120.0
rate,1.0,severe_09,severe,nearest_first_post,5062.072,0.9999999999999998,16.869207929882187,120.0
rate,1.0,severe_09,severe,access_opt,5062.072,0.9999999999999998,16.869207929882187,120.0
rate,1.0,severe_10,severe,none,8973.848,6.316558311812195e-16,0.0,120.0
rate,1.0,severe_10,severe,proportional,6094.132,1.0000000000000009,69.26449876449796,120.0
rate,1.0,severe_10,severe,nearest_first,7084.7080000000005,0.6560160793633821,35.48361543497183,120.0
rate,1.0,severe_10,severe,nearest_first_post,6094.132,1.0000000000000009,26.685686207971415,120.0
rate,1.0,severe_10,severe,access_opt,6094.132,1.0000000000000009,26.685686207971415,120.0
rate,1.0,severe_11,severe,none,7846.1680000000015,0.0,0.0,120.0
rate,1.0,severe_11,severe,proportional,5199.302308947731,0.9649486371376684,58.98476696272651,120.0
rate,1.0,severe_11,severe,nearest_first,6455.052,0.5071490755417773,28.664229406078945,120.0
rate,1.0,severe_11,severe,nearest_first_post,5103.156000000001,1.0000000000000002,31.56048244737034,120.0
rate,1.0,severe_11,severe,access_opt,5103.156000000001,1.0000000000000002,31.56048244737034,120.0
rate,1.0,severe_12,severe,none,7890.628000000001,0.0,0.0,120.0
rate,1.0,severe_12,severe,proportional,4083.6680000000006,0.9726122590798538,51.36527234582455,120.0
rate,1.0,severe_12,severe,nearest_first,6005.959999999999,0.48149998978069414,22.931322626884313,120.0
rate,1.0,severe_12,severe,nearest_first_post,3976.468,1.0000000000000004,26.5798993820517,120.0
rate,1.0,severe_12,severe,access_opt,3976.468,1.0000000000000004,26.5798993820517,120.0
rate,1.0,severe_13,severe,none,6975.152,0.0,0.0,120.0
rate,1.0,severe_13,severe,proportional,4767.917457038016,0.8105273423704629,38.80709394551633,120.0
rate,1.0,severe_13,severe,nearest_first,5983.2480000000005,0.3642409981169266,19.18392692935199,120.0
rate,1.0,severe_13,severe,nearest_first_post,4251.9439999999995,1.0000000000000002,19.809546425088328,120.0
rate,1.0,severe_13,severe,access_opt,4251.9439999999995,1.0000000000000002,19.809546425088328,120.0
rate,1.0,severe_14,severe,none,7376.984,0.0,0.0,120.0
rate,1.0,severe_14,severe,proportional,5155.262451128026,0.8710310775448015,38.43493550565713,120.0
rate,1.0,severe_14,severe,nearest_first,6432.7080000000005,0.3702055922342277,17.89417287883712,120.0
rate,1.0,severe_14,severe,nearest_first_post,4826.304,1.0000000000000002,20.534285999130255,120.0
rate,1.0,severe_14,severe,access_opt,4826.304,1.0000000000000002,20.534285999130255,120.0
rate,1.0,severe_15,severe,none,8712.880000000001,0.0,0.0,120.0
rate,1.0,severe_15,severe,proportional,6020.813384325033,0.9595456085389488,65.5892087553475,120.0
rate,1.0,severe_15,severe,nearest_first,7059.696000000001,0.5892519293803313,35.48361543497183,120.0
rate,1.0,severe_15,severe,nearest_first_post,5907.316000000001,1.0,30.71203239391417,120.0
rate,1.0,severe_15,severe,access_opt,5907.316000000001,1.0,30.71203239391417,120.0
rate,1.0,severe_16,severe,none,7073.664000000001,0.0,0.0,120.0
rate,1.0,severe_16,severe,proportional,4898.572,1.0000000000000002,22.987146574792565,120.0
rate,1.0,severe_16,severe,nearest_first,6522.400000000001,0.2534439922541208,13.470222803595664,120.0
rate,1.0,severe_16,severe,nearest_first_post,4898.572,1.0000000000000002,14.176900354708877,120.0
rate,1.0,severe_16,severe,access_opt,4898.572,1.0000000000000002,14.176900354708877,120.0
rate,1.0,severe_17,severe,none,8477.868,-7.106237912862937e-16,0.0,120.0
rate,1.0,severe_17,severe,proportional,6119.1513494424125,0.921478797799431,62.705374759241366,120.0
rate,1.0,severe_17,severe,nearest_first,7175.74,0.5087017737960732,28.709547193443342,120.0
rate,1.0,severe_17,severe,nearest_first_post,5918.16,0.9999999999999994,22.637803292722673,120.0
rate,1.0,severe_17,severe,access_opt,5918.16,0.9999999999999994,22.637803292722673,120.0
rate,1.0,severe_18,severe,none,8882.696,0.0,0.0,120.0
rate,1.0,severe_18,severe,proportional,6200.8303089477295,0.9295211897955057,57.63728287952703,120.0
rate,1.0,severe_18,severe,nearest_first,7463.860000000001,0.491761437287797,28.44928516980704,120.0
rate,1.0,severe_18,severe,nearest_first_post,5997.4839999999995,1.0000000000000002,32.20052607033599,120.0
rate,1.0,severe_18,severe,access_opt,5997.4839999999995,1.0000000000000002,32.20052607033599,120.0
rate,1.0,severe_19,severe,none,7178.136,0.0,0.0,120.0
rate,1.0,severe_19,severe,proportional,4496.270308947731,0.9295211897955054,57.63728287952703,120.0
rate,1.0,severe_19,severe,nearest_first,5759.3,0.4917614372877973,28.44928516980704,120.0
rate,1.0,severe_19,severe,nearest_first_post,4292.924,1.0000000000000002,32.20052607033599,120.0
rate,1.0,severe_19,severe,access_opt,4292.924,1.0000000000000002,32.20052607033599,120.0
rate,1.5,mild_00,mild,none,27340.106,-1.375936480793779e-16,0.0,120.0
rate,1.5,mild_00,mild,proportional,11392.747057169698,0.6031523025637008,116.77190133100405,120.0
rate,1.5,mild_00,mild,nearest_first,10492.968666666664,0.6371832295638707,64.24762586905726,120.0
rate,1.5,mild_00,mild,nearest_first_post,6450.560666666666,0.7900729777561942,57.72417275889568,120.0
rate,1.5,mild_00,mild,access_opt,6451.610000000001,0.7900332904438044,66.33762329157082,120.0
rate,1.5,mild_01,mild,none,27129.18,0.0,0.0,120.0
rate,1.5,mild_01,mild,proportional,11072.475961902031,0.6121715084058171,118.16498790364648,120.0
rate,1.5,mild_01,mild,nearest_first,9919.690000000002,0.6561221672391733,63.233220352161545,120.0
rate,1.5,mild_01,mild,nearest_first_post,6239.634666666666,0.7964264924031815,61.43392250025666,120.0
rate,1.5,mild_01,mild,access_opt,6240.542,0.7963918997735873,66.28001910813444,120.0
rate,1.5,mild_02,mild,none,25900.729999999996,0.0,0.0,120.0
rate,1.5,mild_02,mild,proportional,10635.117568950012,0.5893892732386302,118.99115558822956,120.0
rate,1.5,mild_02,mild,nearest_first,8731.006666666664,0.6629049966287952,65.21381998915493,120.0
rate,1.5,mild_02,mild,nearest_first_post,6640.8826666666655,0.7436024904832155,62.104149766163005,120.0
rate,1.5,mild_02,mild,access_opt,6641.7880000000005,0.7435675365134495,62.072376688911994,120.0
rate,1.5,mild_03,mild,none,25874.275999999998,0.0,0.0,120.0
rate,1.5,mild_03,mild,proportional,10974.815832136288,0.5758406599614115,118.02094272947133,120.0
rate,1.5,mild_03,mild,nearest_first,8901.496666666666,0.6559711789938908,59.62529527589122,120.0
rate,1.5,mild_03,mild,nearest_first_post,6635.722666666667,0.7435397741499445,56.38698266832869,120.0
rate,1.5,mild_03,mild,access_opt,6636.41,0.7435132097995708,65.25082587768212,120.0
rate,1.5,mild_04,mild,none,27528.62,0.0,0.0,120.0
rate,1.5,mild_04,mild,proportional,12597.28657491246,0.5423930958067472,117.84848246094008,120.0
rate,1.5,mild_04,mild,nearest_first,10343.068666666666,0.6242794347603814,59.638153779182204,120.0
rate,1.5,mild_04,mild,nearest_first_post,8333.410666666667,0.6972819317980099,58.269533517218875,120.0
rate,1.5,mild_04,mild,access_opt,8334.152,0.697255002248569,65.48598424919356,120.0
rate,1.5,mild_05,mild,none,27859.19,0.0,0.0,120.0
rate,1.5,mild_05,mild,proportional,11712.807016143068,0.5989213507932952,116.54224860377947,120.0
rate,1.5,mild_05,mild,nearest_first,11527.688,0.605788011352306,60.56870979694733,120.0
rate,1.5,mild_05,mild,nearest_first_post,7060.808666666666,0.7714789532075446,58.73222502996435,120.0
rate,1.5,mild_05,mild,access_opt,7062.646000000001,0.7714108005963402,69.6432587272292,120.0
rate,1.5,mild_06,mild,none,26067.152,0.0,0.0,120.0
rate,1.5,mild_06,mild,proportional,10606.927546761732,0.5930921971544214,117.67298304264976,120.0
rate,1.5,mild_06,mild,nearest_first,8962.258666666665,0.6561857364906353,63.89564744357513,120.0
rate,1.5,mild_06,mild,nearest_first_post,6640.8826666666655,0.7452394236751808,60.7859772205832,120.0
rate,1.5,mild_06,mild,access_opt,6641.7880000000005,0.7452046928640307,60.75420414333219,120.0
rate,1.5,mild_07,mild,none,27299.098,0.0,0.0,120.0
rate,1.5,mild_07,mild,proportional,12566.711092009175,0.5396657028005405,117.38334122232237,120.0
rate,1.5,mild_07,mild,nearest_first,11141.254666666664,0.5918819491154373,62.52015891033094,120.0
rate,1.5,mild_07,mild,nearest_first_post,8499.462666666666,0.6886540842240771,58.38290234232811,120.0
rate,1.5,mild_07,mild,access_opt,8499.678,0.68864619629557,62.926894007298316,120.0
rate,1.5,mild_08,mild,none,27528.62,0.0,0.0,120.0
rate,1.5,mild_08,mild,proportional,12597.28657491246,0.5423930958067472,117.84848246094008,120.0
rate,1.5,mild_08,mild,nearest_first,10343.068666666666,0.6242794347603814,59.638153779182204,120.0
rate,1.5,mild_08,mild,nearest_first_post,8333.410666666667,0.6972819317980099,58.269533517218875,120.0
rate,1.5,mild_08,mild,access_opt,8334.152,0.697255002248569,65.48598424919356,120.0
rate,1.5,mild_09,mild,none,28175.897999999997,1.2911669424313336e-16,0.0,120.0
rate,1.5,mild_09,mild,proportional,13220.238579193317,0.5307961939955448,119.96482292657676,120.0
rate,1.5,mild_09,mild,nearest_first,11085.150666666665,0.606573296557694,57.98141171988128,120.0
rate,1.5,mild_09,mild,nearest_first_post,8627.688666666667,0.6937918831667169,52.40514039622081,120.0
rate,1.5,mild_09,mild,access_opt,8628.658,0.6937574802407362,52.70106342034973,120.0
rate,1.5,mild_10,mild,none,26153.672,0.0,0.0,120.0
rate,1.5,mild_10,mild,proportional,10693.447546761732,0.5911301653258582,117.67298304264976,120.0
rate,1.5,mild_10,mild,nearest_first,8962.258666666665,0.6573231220967111,63.89564744357513,120.0
rate,1.5,mild_10,mild,nearest_first_post,6727.402666666666,0.7427740675700657,60.7859772205832,120.0
rate,1.5,mild_10,mild,access_opt,6728.404,0.7427357810406124,67.51857157116895,120.0
rate,1.5,mild_11,mild,none,29949.721999999998,1.2523319765837042e-16,0.0,120.0
rate,1.5,mild_11,mild,proportional,12953.818168623038,0.5850642614378012,116.27735847667726,120.0
rate,1.5,mild_11,mild,nearest_first,13645.018666666665,0.5612704866020812,61.58545506749798,120.0
rate,1.5,mild_11,mild,nearest_first_post,9151.340666666667,0.7159601357253954,60.107140788527126,120.0
rate,1.5,mild_11,mild,access_opt,9151.608,0.715950933085702,77.25787917417998,120.0
rate,1.5,mild_12,mild,none,27722.363999999998,0.0,0.0,120.0
rate,1.5,mild_12,mild,proportional,13250.547313243058,0.5220267898782708,119.04598934317687,120.0
rate,1.5,mild_12,mild,nearest_first,11060.248666666665,0.6010351546258224,54.37202902121155,120.0
rate,1.5,mild_12,mild,nearest_first_post,8265.318666666666,0.7018537572529286,49.41374844849879,120.0
rate,1.5,mild_12,mild,access_opt,8266.594000000001,0.7018077534801863,61.25879846164473,120.0
rate,1.5,mild_13,mild,none,25900.729999999996,0.0,0.0,120.0
rate,1.5,mild_13,mild,proportional,10635.117568950012,0.5893892732386302,118.99115558822956,120.0
rate,1.5,mild_13,mild,nearest_first,8731.006666666664,0.6629049966287952,65.21381998915493,120.0
rate,1.5,mild_13,mild,nearest_first_post,6640.8826666666655,0.7436024904832155,62.104149766163005,120.0
rate,1.5,mild_13,mild,access_opt,6641.7880000000005,0.7435675365134495,62.072376688911994,120.0
rate,1.5,mild_14,mild,none,27541.16,0.0,0.0,120.0
rate,1.5,mild_14,mild,proportional,12649.71125224881,0.5406979498231443,116.65154430101178,120.0
rate,1.5,mild_14,mild,nearest_first,10355.608666666667,0.6239951887768465,59.638153779182204,120.0
rate,1.5,mild_14,mild,nearest_first_post,8345.950666666668,0.6969644464261249,56.399841171619684,120.0
rate,1.5,mild_14,mild,access_opt,8347.254,0.6969171233165197,60.44870787102251,120.0
rate,1.5,mild_15,mild,none,27414.862,0.0,0.0,120.0
rate,1.5,mild_15,mild,proportional,12642.956177548038,0.538828385218644,119.92763558078305,120.0
rate,1.5,mild_15,mild,nearest_first,10562.646666666664,0.6147109306380363,57.591633974915695,120.0
rate,1.5,mild_15,mild,nearest_first_post,8310.816666666668,0.6968499543544423,53.885054996854414,120.0
rate,1.5,mild_15,mild,access_opt,8311.016,0.696842683359121,55.45281168752322,120.0
rate,1.5,mild_16,mild,none,27339.076,0.0,0.0,120.0
rate,1.5,mild_16,mild,proportional,12934.431356340992,0.5268884962922306,116.75928412347508,120.0
rate,1.5,mild_16,mild,nearest_first,10570.648666666664,0.6133501854025109,56.973643223968,120.0
rate,1.5,mild_16,mild,nearest_first_post,8235.030666666666,0.6987816754792054,52.01536265125522,120.0
rate,1.5,mild_16,mild,access_opt,8235.148,0.6987773836979714,56.83105090522384,120.0
rate,1.5,mild_17,mild,none,26954.0,0.0,0.0,120.0
rate,1.5,mild_17,mild,proportional,12407.547911418904,0.5396769343541254,118.63833009449765,120.0
rate,1.5,mild_17,mild,nearest_first,9518.590666666663,0.6468579555291732,59.638153779182204,120.0
rate,1.5,mild_17,mild,nearest_first_post,7715.446666666667,0.713755039449927,56.399841171619684,120.0
rate,1.5,mild_17,mild,access_opt,7716.622000000001,0.7137114342954662,71.82212812992236,120.0
rate,1.5,mild_18,mild,none,26067.152,0.0,0.0,120.0
rate,1.5,mild_18,mild,proportional,10606.927546761732,0.5930921971544214,117.79461425803319,120.0
rate,1.5,mild_18,mild,nearest_first,8962.258666666665,0.6561857364906353,64.01727865895856,120.0
rate,1.5,mild_18,mild,nearest_first_post,6640.8826666666655,0.7452394236751808,60.90760843596662,120.0
rate,1.5,mild_18,mild,access_opt,6641.7880000000005,0.7452046928640307,60.87583535871562,120.0
rate,1.5,mild_19,mild,none,28145.954,0.0,0.0,120.0
rate,1.5,mild_19,mild,proportional,11757.734725696952,0.601493748494379,117.28183483878225,120.0
rate,1.5,mild_19,mild,nearest_first,11169.300666666666,0.6230909337640972,62.620555425720845,120.0
rate,1.5,mild_19,mild,nearest_first_post,7669.490666666666,0.7515438059574148,62.06794434411004,120.0
rate,1.5,mild_19,mild,access_opt,7669.6140000000005,0.7515392792771366,67.16024626173368,120.0
rate,1.5,moderate_00,moderate,none,25349.1,2.4235551796976793e-16,0.0,120.0
rate,1.5,moderate_00,moderate,proportional,12439.290713749622,0.8600279667273101,94.23809018532,120.0
rate,1.5,moderate_00,moderate,nearest_first,15530.083999999999,0.654124950919058,60.42344989950517,120.0
rate,1.5,moderate_00,moderate,nearest_first_post,10338.181999999999,1.0000000000000002,54.57758035385316,120.0
rate,1.5,moderate_00,moderate,access_opt,10338.181999999999,1.0000000000000002,54.57758035385316,120.0
rate,1.5,moderate_01,moderate,none,26480.604,2.5845810915916885e-16,0.0,120.0
rate,1.5,moderate_01,moderate,proportional,14037.795364475789,0.8839921734282639,95.10200380145034,120.0
rate,1.5,moderate_01,moderate,nearest_first,17617.156000000003,0.6296985585086354,57.99809831956363,120.0
rate,1.5,moderate_01,moderate,nearest_first_post,12404.904,1.0000000000000002,53.68991329252162,120.0
rate,1.5,moderate_01,moderate,access_opt,12404.904,1.0000000000000002,53.68991329252162,120.0
rate,1.5,moderate_02,moderate,none,26778.834000000003,0.0,0.0,120.0
rate,1.5,moderate_02,moderate,proportional,15371.427562741235,0.8272106147535097,100.44287376246919,120.0
rate,1.5,moderate_02,moderate,nearest_first,16971.852,0.7111554807585211,62.42137266992678,120.0
rate,1.5,moderate_02,moderate,nearest_first_post,12988.626,1.0000000000000002,56.575503124274775,120.0
rate,1.5,moderate_02,moderate,access_opt,12988.626,1.0000000000000002,56.575503124274775,120.0
rate,1.5,moderate_03,moderate,none,23439.498,0.0,0.0,120.0
rate,1.5,moderate_03,moderate,proportional,9469.761720086388,0.6133972654309916,117.93705277530034,120.0
rate,1.5,moderate_03,moderate,nearest_first,8078.484000000001,0.6744868903069547,70.45613750857292,120.0
rate,1.5,moderate_03,moderate,nearest_first_post,1799.6486666666656,0.9501843226984253,65.86261416124839,120.0
rate,1.5,moderate_03,moderate,access_opt,1800.0079999999998,0.9501685447281307,64.54830526108012,120.0
rate,1.5,moderate_04,moderate,none,23601.904000000002,0.0,0.0,120.0
rate,1.5,moderate_04,moderate,proportional,11844.388386855533,0.937090383703589,96.08581645077676,120.0
rate,1.5,moderate_04,moderate,nearest_first,14955.957999999999,0.6890939481775163,58.064315358234374,120.0
rate,1.5,moderate_04,moderate,nearest_first_post,11055.072,1.0000000000000002,51.21054200147784,120.0
rate,1.5,moderate_04,moderate,access_opt,11055.072,1.0000000000000002,51.21054200147784,120.0
rate,1.5,moderate_05,moderate,none,23201.636000000002,0.0,0.0,120.0
rate,1.5,moderate_05,moderate,proportional,11504.08553933236,0.5196364404445519,118.4732221977842,120.0
rate,1.5,moderate_05,moderate,nearest_first,8306.776666666665,0.6616694418990255,78.81377144346034,120.0
rate,1.5,moderate_05,moderate,nearest_first_post,2139.786666666665,0.9356236122727641,74.49034030864547,120.0
rate,1.5,moderate_05,moderate,access_opt,2142.206,0.9355161390230601,77.07505151509686,120.0
rate,1.5,moderate_06,moderate,none,27115.458,1.9244952360751073e-16,0.0,120.0
rate,1.5,moderate_06,moderate,proportional,12550.916721052625,0.7704660140491815,111.16696620322801,120.0
rate,1.5,moderate_06,moderate,nearest_first,14249.666,0.6806019695350313,76.67209837050105,120.0
rate,1.5,moderate_06,moderate,nearest_first_post,8211.91,1.0,67.84553974457734,120.0
rate,1.5,moderate_06,moderate,access_opt,8211.91,1.0,67.84553974457734,120.0
rate,1.5,moderate_07,moderate,none,19842.08,0.0,0.0,120.0
rate,1.5,moderate_07,moderate,proportional,11524.261391124244,0.873183140970163,73.8127832898987,120.0
rate,1.5,moderate_07,moderate,nearest_first,13515.604,0.6641371307445483,48.847801807071185,120.0
rate,1.5,moderate_07,moderate,nearest_first_post,10316.222,1.0,44.931284485284046,120.0
rate,1.5,moderate_07,moderate,access_opt,10316.222,1.0,44.931284485284046,120.0
rate,1.5,moderate_08,moderate,none,23105.034000000007,0.0,0.0,120.0
rate,1.5,moderate_08,moderate,proportional,11330.964367085857,0.8624206021727354,98.61382582600424,120.0
rate,1.5,moderate_08,moderate,nearest_first,13060.168,0.7357608417948795,61.50992034411753,120.0
rate,1.5,moderate_08,moderate,nearest_first_post,9452.682,1.0000000000000004,53.46685419013873,120.0
rate,1.5,moderate_08,moderate,access_opt,9452.682,1.0000000000000004,53.46685419013873,120.0
rate,1.5,moderate_09,moderate,none,26889.260000000002,0.0,0.0,120.0
rate,1.5,moderate_09,moderate,proportional,12465.971283269973,0.5643461332726243,118.87214610853431,120.0
rate,1.5,moderate_09,moderate,nearest_first,11250.228666666664,0.6119150101223951,78.56818697298199,120.0
rate,1.5,moderate_09,moderate,nearest_first_post,5309.992666666665,0.8443411428280619,68.91847133698532,120.0
rate,1.5,moderate_09,moderate,access_opt,5311.818000000001,0.8442697222367647,66.72596295539053,120.0
rate,1.5,moderate_10,moderate,none,27775.386,0.0,0.0,120.0
rate,1.5,moderate_10,moderate,proportional,14447.444808276627,0.8739453621560429,104.5769113687479,120.0
rate,1.5,moderate_10,moderate,nearest_first,17640.773999999998,0.6645510380966583,67.58468178002988,120.0
rate,1.5,moderate_10,moderate,nearest_first_post,12525.072,0.9999999999999999,61.41764644867923,120.0
rate,1.5,moderate_10,moderate,access_opt,12525.072,0.9999999999999999,61.41764644867923,120.0
rate,1.5,moderate_11,moderate,none,27343.842,2.664659644579879e-16,0.0,120.0
rate,1.5,moderate_11,moderate,proportional,15301.355333529533,0.8820592406415899,99.59437175381993,120.0
rate,1.5,moderate_11,moderate,nearest_first,17999.154,0.6844573408797797,61.57287066127754,120.0
rate,1.5,moderate_11,moderate,nearest_first_post,13691.146,1.0000000000000002,53.7229192749736,120.0
rate,1.5,moderate_11,moderate,access_opt,13691.146,1.0000000000000002,53.7229192749736,120.0
rate,1.5,moderate_12,moderate,none,25527.557999999997,2.4200319189911967e-16,0.0,120.0
rate,1.5,moderate_12,moderate,proportional,13211.002319794115,0.8193136754955032,103.43069149124373,120.0
rate,1.5,moderate_12,moderate,nearest_first,15070.578,0.6956122264077444,66.43846190252572,120.0
rate,1.5,moderate_12,moderate,nearest_first_post,10494.786,1.0000000000000002,60.27142657117506,120.0
rate,1.5,moderate_12,moderate,access_opt,10494.786,1.0000000000000002,60.27142657117506,120.0
rate,1.5,moderate_13,moderate,none,24672.13,2.8121216654688257e-16,0.0,120.0
rate,1.5,moderate_13,moderate,proportional,12823.896776687194,0.9158567191170978,97.23482882052791,120.0
rate,1.5,moderate_13,moderate,nearest_first,15443.196000000002,0.7133874776837755,60.130923338641196,120.0
rate,1.5,moderate_13,moderate,nearest_first_post,11735.354,1.0000000000000004,54.132137841122216,120.0
rate,1.5,moderate_13,moderate,access_opt,11735.354,1.0000000000000004,54.132137841122216,120.0
rate,1.5,moderate_14,moderate,none,27071.292,0.0,0.0,120.0
rate,1.5,moderate_14,moderate,proportional,13476.098095232372,0.9122856045174926,95.90792351893732,120.0
rate,1.5,moderate_14,moderate,nearest_first,17425.521999999997,0.647265289272614,57.99809831956363,120.0
rate,1.5,moderate_14,moderate,nearest_first_post,12168.948,1.0,56.867154679771126,120.0
rate,1.5,moderate_14,moderate,access_opt,12168.948,1.0,56.867154679771126,120.0
rate,1.5,moderate_15,moderate,none,21215.918,-3.9206836202106196e-16,0.0,120.0
rate,1.5,moderate_15,moderate,proportional,13145.017391124244,0.8698084704584526,73.8127832898987,120.0
rate,1.5,moderate_15,moderate,nearest_first,15002.464,0.6696297206361931,48.847801807071185,120.0
rate,1.5,moderate_15,moderate,nearest_first_post,11936.978,0.9999999999999998,44.931284485284046,120.0
rate,1.5,moderate_15,moderate,access_opt,11936.978,0.9999999999999998,44.931284485284046,120.0
rate,1.5,moderate_16,moderate,none,24870.412,0.0,0.0,120.0
rate,1.5,moderate_16,moderate,proportional,12779.077012554593,0.8791746724614585,97.4648134562531,120.0
rate,1.5,moderate_16,moderate,nearest_first,15254.226,0.6992037840037252,59.44331236371071,120.0
rate,1.5,moderate_16,moderate,nearest_first_post,11117.36,1.0,50.54525835049436,120.0
rate,1.5,moderate_16,moderate,access_opt,11117.36,1.0,50.54525835049436,120.0
rate,1.5,moderate_17,moderate,none,25540.592000000004,-2.523699400740488e-16,0.0,120.0
rate,1.5,moderate_17,moderate,proportional,12428.346204086896,0.9096085659707818,101.33637174868468,120.0
rate,1.5,moderate_17,moderate,nearest_first,15312.844000000001,0.70950829752522,67.52173146286987,120.0
rate,1.5,moderate_17,moderate,nearest_first_post,11125.330000000002,0.9999999999999999,60.84061339471304,120.0
rate,1.5,moderate_17,moderate,access_opt,11125.330000000002,0.9999999999999999,60.84061339471304,120.0
rate,1.5,moderate_18,moderate,none,24382.106,0.0,0.0,120.0
rate,1.5,moderate_18,moderate,proportional,12540.30271090066,0.8261756271978116,95.73870220625645,120.0
rate,1.5,moderate_18,moderate,nearest_first,15414.297999999999,0.6256635259099177,58.634796724369714,120.0
rate,1.5,moderate_18,moderate,nearest_first_post,10048.829999999998,1.0000000000000002,50.47708543461063,120.0
rate,1.5,moderate_18,moderate,access_opt,10048.829999999998,1.0000000000000002,50.47708543461063,120.0
rate,1.5,moderate_19,moderate,none,25044.666,2.0483796575524578e-16,0.0,120.0
rate,1.5,moderate_19,moderate,proportional,10421.851353137483,0.8233438853575543,115.71269919561749,120.0
rate,1.5,moderate_19,moderate,nearest_first,12581.728,0.7017310992239089,84.13928573567932,120.0
rate,1.5,moderate_19,moderate,nearest_first_post,7284.389999999999,1.0000000000000004,74.12639132677432,120.0
rate,1.5,moderate_19,moderate,access_opt,7284.389999999999,1.0000000000000004,74.12639132677432,120.0
rate,1.5,severe_00,severe,none,14370.036,0.0,0.0,120.0
rate,1.5,severe_00,severe,proportional,9442.584276531841,0.8480747565159386,39.60429588853428,120.0
rate,1.5,severe_00,severe,nearest_first,10971.749999999998,0.5848866176192681,28.02460357284586,120.0
rate,1.5,severe_00,severe,nearest_first_post,8559.874,1.0,30.239766074078595,120.0
rate,1.5,severe_00,severe,access_opt,8559.874,1.0,30.239766074078595,120.0
rate,1.5,severe_01,severe,none,18024.86,0.0,0.0,120.0
rate,1.5,severe_01,severe,proportional,11681.601999999999,1.0000000000000002,35.871773298977566,120.0
rate,1.5,severe_01,severe,nearest_first,13414.527999999998,0.7268082111747626,27.400831558576222,120.0
rate,1.5,severe_01,severe,nearest_first_post,11681.601999999999,1.0000000000000002,24.91909153561034,120.0
rate,1.5,severe_01,severe,access_opt,11681.601999999999,1.0000000000000002,24.91909153561034,120.0
rate,1.5,severe_02,severe,none,19959.030000000002,0.0,0.0,120.0
rate,1.5,severe_02,severe,proportional,11446.574,1.0000000000000002,68.13368136579155,120.0
rate,1.5,severe_02,severe,nearest_first,14255.434,0.6700294251153842,46.428501983228365,120.0
rate,1.5,severe_02,severe,nearest_first_post,11446.574,1.0000000000000002,41.15754437450651,120.0
rate,1.5,severe_02,severe,access_opt,11446.574,1.0000000000000002,41.15754437450651,120.0
rate,1.5,severe_03,severe,none,14187.444000000001,0.0,0.0,120.0
rate,1.5,severe_03,severe,proportional,9607.546579915377,0.9067767877533733,39.45877580295722,120.0
rate,1.5,severe_03,severe,nearest_first,11092.272,0.6128150624937633,28.887269606330506,120.0
rate,1.5,severe_03,severe,nearest_first_post,9136.7,1.0,31.572438328118203,120.0
rate,1.5,severe_03,severe,access_opt,9136.7,1.0,31.572438328118203,120.0
rate,1.5,severe_04,severe,none,17253.244000000002,0.0,0.0,120.0
rate,1.5,severe_04,severe,proportional,10445.665349442414,0.8964308900336722,64.78207468359153,120.0
rate,1.5,severe_04,severe,nearest_first,12359.916000000001,0.6443598523694474,43.076895301028365,120.0
rate,1.5,severe_04,severe,nearest_first_post,9659.152000000002,1.0000000000000002,35.464308916296396,120.0
rate,1.5,severe_04,severe,access_opt,9659.152000000002,1.0000000000000002,35.464308916296396,120.0
rate,1.5,severe_05,severe,none,7922.18,0.0,0.0,120.0
rate,1.5,severe_05,severe,proportional,7675.704,1.0000000000000022,3.857982843633515,120.0
rate,1.5,severe_05,severe,nearest_first,7819.134,0.41807721644298135,3.3127461677044354,120.0
rate,1.5,severe_05,severe,nearest_first_post,7675.704,1.0000000000000022,2.146577805742294,120.0
rate,1.5,severe_05,severe,access_opt,7675.704,1.0000000000000022,2.146577805742294,120.0
rate,1.5,severe_06,severe,none,19604.008,4.51544097061907e-16,0.0,120.0
rate,1.5,severe_06,severe,proportional,12625.069349442412,0.8662223499690189,63.21046500160769,120.0
rate,1.5,severe_06,severe,nearest_first,14546.124,0.6277820143899185,42.422881229700195,120.0
rate,1.5,severe_06,severe,nearest_first_post,11547.256000000001,1.0000000000000004,36.31929677553394,120.0
rate,1.5,severe_06,severe,access_opt,11547.256000000001,1.0000000000000004,36.31929677553394,120.0
rate,1.5,severe_07,severe,none,19069.12,0.0,0.0,120.0
rate,1.5,severe_07,severe,proportional,12348.255488376102,0.9172702099164759,65.32562721601998,120.0
rate,1.5,severe_07,severe,nearest_first,14028.102,0.6880031030316791,44.538043444112496,120.0
rate,1.5,severe_07,severe,nearest_first_post,11742.092,0.9999999999999998,40.11619063408388,120.0
rate,1.5,severe_07,severe,access_opt,11742.092,0.9999999999999998,40.11619063408388,120.0
rate,1.5,severe_08,severe,none,14623.256000000001,0.0,0.0,120.0
rate,1.5,severe_08,severe,proportional,10542.09725257672,0.918356686443972,25.241222915200897,120.0
rate,1.5,severe_08,severe,nearest_first,12789.56,0.4126247192831655,18.55327642859766,120.0
rate,1.5,severe_08,severe,nearest_first_post,10179.276,1.0000000000000004,20.637792306709756,120.0
rate,1.5,severe_08,severe,access_opt,10179.276,1.0000000000000004,20.637792306709756,120.0
rate,1.5,severe_09,severe,none,14255.625999999998,4.483182431209876e-16,0.0,120.0
rate,1.5,severe_09,severe,proportional,10372.170745578173,0.9571379764541167,31.757914512190972,120.0
rate,1.5,severe_09,severe,nearest_first,11865.14,0.5891724721629474,22.27256951006496,120.0
rate,1.5,severe_09,severe,nearest_first_post,10198.264,1.0000000000000002,24.157611094049372,120.0
rate,1.5,severe_09,severe,access_opt,10198.264,1.0000000000000002,24.157611094049372,120.0
rate,1.5,severe_10,severe,none,18728.816000000003,-5.393683048690672e-16,0.0,120.0
rate,1.5,severe_10,severe,proportional,12129.397897918945,0.9784325702785654,69.26449876449796,120.0
rate,1.5,severe_10,severe,nearest_first,13708.432,0.7443242941913932,47.55931938193479,120.0
rate,1.5,severe_10,severe,nearest_first_post,11983.928,0.9999999999999998,38.910146598054034,120.0
rate,1.5,severe_10,severe,access_opt,11983.928,0.9999999999999998,38.910146598054034,120.0
rate,1.5,severe_11,severe,none,16075.602,0.0,0.0,120.0
rate,1.5,severe_11,severe,proportional,10222.59030894773,0.9595793288454035,58.98476696272651,120.0
rate,1.5,severe_11,severe,nearest_first,12270.563999999998,0.6238217182878768,37.13629142264874,120.0
rate,1.5,severe_11,severe,nearest_first_post,9976.042000000001,0.9999999999999999,33.99471458906966,120.0
rate,1.5,severe_11,severe,access_opt,9976.042000000001,0.9999999999999999,33.99471458906966,120.0
rate,1.5,severe_12,severe,none,16382.636,0.0,0.0,120.0
rate,1.5,severe_12,severe,proportional,8122.744621006278,0.9390034631032406,51.36527234582455,120.0
rate,1.5,severe_12,severe,nearest_first,11315.81,0.5760084415929893,32.90557413231114,120.0
rate,1.5,severe_12,severe,nearest_first_post,7586.192000000001,1.0,33.0164567588577,120.0
rate,1.5,severe_12,severe,access_opt,7586.192000000001,1.0,33.0164567588577,120.0
rate,1.5,severe_13,severe,none,14849.913999999999,3.0476154633221056e-16,0.0,120.0
rate,1.5,severe_13,severe,proportional,9894.195457038017,0.8303030481629899,38.80709394551633,120.0
rate,1.5,severe_13,severe,nearest_first,11907.39,0.49300351206638265,27.227401629827902,120.0
rate,1.5,severe_13,severe,nearest_first_post,8881.348,1.0000000000000002,28.788550059732472,120.0
rate,1.5,severe_13,severe,access_opt,8881.348,1.0000000000000002,28.788550059732472,120.0
rate,1.5,severe_14,severe,none,14723.556,0.0,0.0,120.0
rate,1.5,severe_14,severe,proportional,9594.600451128026,0.8981355163005347,38.43493550565713,120.0
rate,1.5,severe_14,severe,nearest_first,11733.473999999998,0.5235956551507971,25.937647579313023,120.0
rate,1.5,severe_14,severe,nearest_first_post,9012.886,1.0,26.643808149980046,120.0
rate,1.5,severe_14,severe,access_opt,9012.886,1.0,26.643808149980046,120.0
rate,1.5,severe_15,severe,none,18132.842,0.0,0.0,120.0
rate,1.5,severe_15,severe,proportional,11877.9094883761,0.9520740844348743,65.5892087553475,120.0
rate,1.5,severe_15,severe,nearest_first,13467.598,0.7101048495265303,43.884029372784326,120.0
rate,1.5,severe_15,severe,nearest_first_post,11563.046,1.0,38.08232176152894,120.0
rate,1.5,severe_15,severe,access_opt,11563.046,1.0,38.08232176152894,120.0
rate,1.5,severe_16,severe,none,14474.970000000001,0.0,0.0,120.0
rate,1.5,severe_16,severe,proportional,10283.585484482093,0.9752667754504541,22.987146574792565,120.0
rate,1.5,severe_16,severe,nearest_first,12775.532000000001,0.39543148861711436,15.381604477533646,120.0
rate,1.5,severe_16,severe,nearest_first_post,10177.29,1.0,16.611132496408196,120.0
rate,1.5,severe_16,severe,access_opt,10177.29,1.0,16.611132496408196,120.0
rate,1.5,severe_17,severe,none,17346.616,0.0,0.0,120.0
rate,1.5,severe_17,severe,proportional,12479.221349442414,0.8608903170263095,62.705374759241366,120.0
rate,1.5,severe_17,severe,nearest_first,13890.059999999998,0.6113569587619756,40.85689921916361,120.0
rate,1.5,severe_17,severe,nearest_first_post,11692.708,1.0000000000000002,33.10859442951992,120.0
rate,1.5,severe_17,severe,access_opt,11692.708,1.0000000000000002,33.10859442951992,120.0
rate,1.5,severe_18,severe,none,18205.158,5.646089628845374e-16,0.0,120.0
rate,1.5,severe_18,severe,proportional,12299.646308947731,0.9165267331100965,57.63728287952703,120.0
rate,1.5,severe_18,severe,nearest_first,14358.539999999999,0.5969894589158458,36.84969910761954,120.0
rate,1.5,severe_18,severe,nearest_first_post,11761.797999999999,1.0000000000000007,34.63475821203531,120.0
rate,1.5,severe_18,severe,access_opt,11761.797999999999,1.0000000000000007,34.63475821203531,120.0
rate,1.5,severe_19,severe,none,15450.158,0.0,0.0,120.0
rate,1.5,severe_19,severe,proportional,9544.646308947733,0.9165267331100957,57.63728287952703,120.0
rate,1.5,severe_19,severe,nearest_first,11603.539999999999,0.5969894589158452,36.84969910761954,120.0
rate,1.5,severe_19,severe,nearest_first_post,9006.798,0.9999999999999997,34.63475821203531,120.0
rate,1.5,severe_19,severe,access_opt,9006.798,0.9999999999999997,34.63475821203531,120.0
rate,2.0,mild_00,mild,none,45768.024,0.0,0.0,120.0
rate,2.0,mild_00,mild,proportional,24555.29148629928,0.47866361592783513,116.77190133100405,120.0
rate,2.0,mild_00,mild,nearest_first,23628.749333333333,0.49957096565101655,55.23505450480112,120.0
rate,2.0,mild_00,mild,nearest_first_post,20640.901333333335,0.5669915172748604,45.62577804438587,120.0
rate,2.0,mild_00,mild,access_opt,20642.68,0.5669513818035039,68.89739306091798,120.0
rate,2.0,mild_01,mild,none,45614.456,-1.647523106710355e-16,0.0,120.0
rate,2.0,mild_01,mild,proportional,24341.29049255415,0.4816964801728596,118.16498790364648,120.0
rate,2.0,mild_01,mild,nearest_first,23475.181333333334,0.5013081234563247,55.23505450480112,120.0
rate,2.0,mild_01,mild,nearest_first_post,20487.333333333336,0.5689631165220144,45.62577804438587,120.0
rate,2.0,mild_01,mild,access_opt,20489.136,0.5689222980463647,70.01652670510654,120.0
rate,2.0,mild_02,mild,none,44148.344,0.0,0.0,120.0
rate,2.0,mild_02,mild,proportional,24221.246405636615,0.451366818976571,118.99115558822956,120.0
rate,2.0,mild_02,mild,nearest_first,21678.782666666673,0.5089559267122981,54.62382136666434,120.0
rate,2.0,mild_02,mild,nearest_first_post,19212.654666666673,0.5648159607828852,51.38550875910181,120.0
rate,2.0,mild_02,mild,access_opt,19213.224000000002,0.5648030648669403,68.82436834775406,120.0
rate,2.0,mild_03,mild,none,43897.872,0.0,0.0,120.0
rate,2.0,mild_03,mild,proportional,23918.023706447613,0.45514389156614216,118.02094272947133,120.0
rate,2.0,mild_03,mild,nearest_first,21375.726666666673,0.5130577931735125,54.62382136666434,120.0
rate,2.0,mild_03,mild,nearest_first_post,18990.57466666667,0.5673919075925441,51.38550875910181,120.0
rate,2.0,mild_03,mild,access_opt,18992.448000000004,0.5673492327828555,67.19053092083472,120.0
rate,2.0,mild_04,mild,none,45828.48,-1.5876497789547952e-16,0.0,120.0
rate,2.0,mild_04,mild,proportional,25836.875047448793,0.4362266641300606,117.84848246094008,120.0
rate,2.0,mild_04,mild,nearest_first,23643.17466666667,0.4840942866386431,54.63667986995534,120.0
rate,2.0,mild_04,mild,nearest_first_post,20978.97466666667,0.5422284425172584,51.39836726239281,120.0
rate,2.0,mild_04,mild,access_opt,20980.992000000002,0.54218442331057,72.30932151934934,120.0
rate,2.0,mild_05,mild,none,46894.623999999996,0.0,0.0,120.0
rate,2.0,mild_05,mild,proportional,25608.982212356874,0.46840127960341343,116.54224860377947,120.0
rate,2.0,mild_05,mild,nearest_first,24778.950666666664,0.48666654226221634,54.038513174604745,120.0
rate,2.0,mild_05,mild,nearest_first_post,21767.501333333334,0.5529350031931454,44.42923671418949,120.0
rate,2.0,mild_05,mild,access_opt,21768.488000000005,0.5529132910956751,56.61558536551657,120.0
rate,2.0,mild_06,mild,none,44341.24,0.0,0.0,120.0
rate,2.0,mild_06,mild,proportional,24500.372248560954,0.4474585679480106,117.67298304264976,120.0
rate,2.0,mild_06,mild,nearest_first,21987.118666666673,0.5041383897548496,53.30564882108453,120.0
rate,2.0,mild_06,mild,nearest_first_post,19212.654666666673,0.5667091252597656,50.067336213522005,120.0
rate,2.0,mild_06,mild,access_opt,19213.224000000002,0.5666962854444304,67.50619580217425,120.0
rate,2.0,mild_07,mild,none,45378.08,0.0,0.0,120.0
rate,2.0,mild_07,mild,proportional,25429.761878461355,0.4396025156097095,117.38334122232237,120.0
rate,2.0,mild_07,mild,nearest_first,24750.046666666665,0.45458144842913883,58.54308019122561,120.0
rate,2.0,mild_07,mild,nearest_first_post,20907.542666666668,0.5392589843671952,57.005983017227734,120.0
rate,2.0,mild_07,mild,access_opt,20908.368000000002,0.5392407964373989,73.32292992208842,120.0
rate,2.0,mild_08,mild,none,45828.48,-1.5876497789547952e-16,0.0,120.0
rate,2.0,mild_08,mild,proportional,25836.875047448793,0.4362266641300606,117.84848246094008,120.0
rate,2.0,mild_08,mild,nearest_first,23643.17466666667,0.4840942866386431,54.63667986995534,120.0
rate,2.0,mild_08,mild,nearest_first_post,20978.97466666667,0.5422284425172584,51.39836726239281,120.0
rate,2.0,mild_08,mild,access_opt,20980.992000000002,0.54218442331057,72.30932151934934,120.0
rate,2.0,mild_09,mild,none,46281.016,-1.572125731678714e-16,0.0,120.0
rate,2.0,mild_09,mild,proportional,26403.929852388388,0.429486814801378,119.96482292657676,120.0
rate,2.0,mild_09,mild,nearest_first,24355.126666666667,0.4737555747119582,52.0350656671989,120.0
rate,2.0,mild_09,mild,nearest_first_post,21078.51066666667,0.5445538475934352,48.79675305963637,120.0
rate,2.0,mild_09,mild,access_opt,21079.336,0.5445360145075467,65.11369996449707,120.0
rate,2.0,mild_10,mild,none,44456.6,0.0,0.0,120.0
rate,2.0,mild_10,mild,proportional,24615.732248560955,0.4462974620515074,117.67298304264976,120.0
rate,2.0,mild_10,mild,nearest_first,21987.118666666673,0.5054250962361793,53.30564882108453,120.0
rate,2.0,mild_10,mild,nearest_first_post,19328.014666666673,0.5652385772491222,50.067336213522005,120.0
rate,2.0,mild_10,mild,access_opt,19328.736,0.5652223516868137,74.25396952513562,120.0
rate,2.0,mild_11,mild,none,49341.12,-1.5193166522801463e-16,0.0,120.0
rate,2.0,mild_11,mild,proportional,27964.134536563826,0.4463798679480655,116.27735847667726,120.0
rate,2.0,mild_11,mild,nearest_first,27340.806666666664,0.4593957823167662,54.367734320767504,120.0
rate,2.0,mild_11,mild,nearest_first_post,24213.997333333333,0.5246877169396078,44.75845786035225,120.0
rate,2.0,mild_11,mild,access_opt,24216.496000000003,0.5246355414587094,66.0460039877609,120.0
rate,2.0,mild_12,mild,none,45789.64,0.0,0.0,120.0
rate,2.0,mild_12,mild,proportional,26619.748156361115,0.4186512897598427,119.04598934317687,120.0
rate,2.0,mild_12,mild,nearest_first,23942.622666666666,0.4771170363718372,50.838524337002525,120.0
rate,2.0,mild_12,mild,nearest_first_post,20737.686666666665,0.5471096373182522,47.60021172943999,120.0
rate,2.0,mild_12,mild,access_opt,20739.712,0.5470654060612837,71.62182081804863,120.0
rate,2.0,mild_13,mild,none,44114.664,0.0,0.0,120.0
rate,2.0,mild_13,mild,proportional,24221.246405636615,0.4509479567692816,118.99115558822956,120.0
rate,2.0,mild_13,mild,nearest_first,21645.102666666673,0.5093444967263794,54.62382136666434,120.0
rate,2.0,mild_13,mild,nearest_first_post,19178.974666666672,0.565247177975408,51.38550875910181,120.0
rate,2.0,mild_13,mild,access_opt,19179.896,0.5652262930076947,65.12741653611316,120.0
rate,2.0,mild_14,mild,none,45680.03200000001,0.0,0.0,120.0
rate,2.0,mild_14,mild,proportional,25643.233405799063,0.43863363743267386,116.65154430101178,120.0
rate,2.0,mild_14,mild,nearest_first,23494.72666666667,0.48566746479803985,54.63667986995534,120.0
rate,2.0,mild_14,mild,nearest_first_post,20830.526666666672,0.5439905412792472,51.39836726239281,120.0
rate,2.0,mild_14,mild,access_opt,20830.872000000003,0.543982981447999,62.786765736763435,120.0
rate,2.0,mild_15,mild,none,45520.136,-1.5984041906604642e-16,0.0,120.0
rate,2.0,mild_15,mild,proportional,25603.179826623782,0.4375416666895769,119.92763558078305,120.0
rate,2.0,mild_15,mild,nearest_first,23823.62266666667,0.47663551210245336,53.44013853975896,120.0
rate,2.0,mild_15,mild,nearest_first_post,20821.18266666667,0.5425940145111456,50.20182593219643,120.0
rate,2.0,mild_15,mild,access_opt,20821.312,0.5425911732776895,75.66546013212658,120.0
rate,2.0,mild_16,mild,none,45081.272,0.0,0.0,120.0
rate,2.0,mild_16,mild,proportional,25893.73155223055,0.42562109711033547,116.75928412347508,120.0
rate,2.0,mild_16,mild,nearest_first,22974.838666666663,0.49036844686488296,53.44013853975896,120.0
rate,2.0,mild_16,mild,nearest_first_post,20382.318666666666,0.547876140968989,50.20182593219643,120.0
rate,2.0,mild_16,mild,access_opt,20383.872,0.5478416846800596,67.69234107283626,120.0
rate,2.0,mild_17,mild,none,44724.504,0.0,0.0,120.0
rate,2.0,mild_17,mild,proportional,25352.023481511496,0.4331513775644891,118.63833009449765,120.0
rate,2.0,mild_17,mild,nearest_first,22202.35866666667,0.5035750722542016,54.63667986995534,120.0
rate,2.0,mild_17,mild,nearest_first_post,19817.20666666667,0.5569049426089405,51.39836726239281,120.0
rate,2.0,mild_17,mild,access_opt,19818.232000000004,0.5568820170705526,64.81154313029622,120.0
rate,2.0,mild_18,mild,none,44341.24,0.0,0.0,120.0
rate,2.0,mild_18,mild,proportional,24500.372248560954,0.4474585679480106,117.79461425803319,120.0
rate,2.0,mild_18,mild,nearest_first,21987.118666666673,0.5041383897548496,53.42728003646796,120.0
rate,2.0,mild_18,mild,nearest_first_post,19212.654666666673,0.5667091252597656,50.188967428905435,120.0
rate,2.0,mild_18,mild,access_opt,19213.224000000002,0.5666962854444304,67.62782701755768,120.0
rate,2.0,mild_19,mild,none,47558.144,0.0,0.0,120.0
rate,2.0,mild_19,mild,proportional,26140.124161705542,0.4645316558422329,117.28183483878225,120.0
rate,2.0,mild_19,mild,nearest_first,25575.165333333334,0.47678494825711787,55.40283467899036,120.0
rate,2.0,mild_19,mild,nearest_first_post,22599.133333333335,0.5413315815704223,45.7935582185751,120.0
rate,2.0,mild_19,mild,access_opt,22601.120000000003,0.5412884931073785,65.8489348051307,120.0
rate,2.0,moderate_00,moderate,none,41025.856,0.0,0.0,120.0
rate,2.0,moderate_00,moderate,proportional,22989.818925194402,0.761617860958052,94.23809018532,120.0
rate,2.0,moderate_00,moderate,nearest_first,24629.568000000003,0.6923752564057519,71.85439449660586,120.0
rate,2.0,moderate_00,moderate,nearest_first_post,17867.158666666666,0.9779353109795261,61.39716531516909,120.0
rate,2.0,moderate_00,moderate,access_opt,17892.872,0.9768494996202897,58.83704560982167,120.0
rate,2.0,moderate_01,moderate,none,42544.424,0.0,0.0,120.0
rate,2.0,moderate_01,moderate,proportional,24130.936527019985,0.7976471860291162,95.10200380145034,120.0
rate,2.0,moderate_01,moderate,nearest_first,27456.544,0.6535864019678442,73.60644062758433,120.0
rate,2.0,moderate_01,moderate,nearest_first_post,20008.03066666667,0.9762458497857516,63.67632785718217,120.0
rate,2.0,moderate_01,moderate,access_opt,20037.512,0.9749687585987495,61.26883576764403,120.0
rate,2.0,moderate_02,moderate,none,42433.816000000006,-3.2820935287453817e-16,0.0,120.0
rate,2.0,moderate_02,moderate,proportional,25555.73208012146,0.7613492676629867,100.44287376246919,120.0
rate,2.0,moderate_02,moderate,nearest_first,25938.528,0.7440818222202814,78.0297149779475,120.0
rate,2.0,moderate_02,moderate,nearest_first_post,20265.167999999998,0.9999999999999999,63.3950880855907,120.0
rate,2.0,moderate_02,moderate,access_opt,20265.167999999998,0.9999999999999999,63.3950880855907,120.0
rate,2.0,moderate_03,moderate,none,39581.76,0.0,0.0,120.0
rate,2.0,moderate_03,moderate,proportional,20671.07231490973,0.5015802701117164,117.93705277530034,120.0
rate,2.0,moderate_03,moderate,nearest_first,20809.14266666667,0.49791814182310484,51.1831589273885,120.0
rate,2.0,moderate_03,moderate,nearest_first_post,14417.109333333334,0.6674581320807952,51.93346856558081,120.0
rate,2.0,moderate_03,moderate,access_opt,14419.264000000001,0.6674009824780591,55.42771957590484,120.0
rate,2.0,moderate_04,moderate,none,37982.367999999995,0.0,0.0,120.0
rate,2.0,moderate_04,moderate,proportional,19990.26066584705,0.8624622236011504,96.08581645077676,120.0
rate,2.0,moderate_04,moderate,nearest_first,23225.768,0.7073662808043664,73.67265766625508,120.0
rate,2.0,moderate_04,moderate,nearest_first_post,17121.04,0.9999999999999994,62.88755703661537,120.0
rate,2.0,moderate_04,moderate,access_opt,17121.04,0.9999999999999994,62.88755703661537,120.0
rate,2.0,moderate_05,moderate,none,39796.816,0.0,0.0,120.0
rate,2.0,moderate_05,moderate,proportional,22676.016429785388,0.4522651075964155,118.4732221977842,120.0
rate,2.0,moderate_05,moderate,nearest_first,21538.73466666667,0.4823076798988889,51.114473717403285,120.0
rate,2.0,moderate_05,moderate,nearest_first_post,16584.549333333332,0.6131780375386461,53.653436530731064,120.0
rate,2.0,moderate_05,moderate,access_opt,16586.088,0.6131373919342921,62.304610447643434,120.0
rate,2.0,moderate_06,moderate,none,43090.088,-2.446675089805008e-16,0.0,120.0
rate,2.0,moderate_06,moderate,proportional,24044.35862376425,0.6404478159846071,111.16696620322801,120.0
rate,2.0,moderate_06,moderate,nearest_first,23273.45466666667,0.6663708849258827,75.77553599462648,120.0
rate,2.0,moderate_06,moderate,nearest_first_post,18156.229333333336,0.8384470351164706,53.72992518179774,120.0
rate,2.0,moderate_06,moderate,access_opt,18157.976000000002,0.8383883002247885,55.55223476300787,120.0
rate,2.0,moderate_07,moderate,none,32299.848000000005,-2.3548788137165516e-16,0.0,120.0
rate,2.0,moderate_07,moderate,proportional,19017.408323365526,0.8597778449946348,73.8127832898987,120.0
rate,2.0,moderate_07,moderate,nearest_first,21364.504,0.7078493655901394,57.61879869103203,120.0
rate,2.0,moderate_07,moderate,nearest_first_post,16851.16,1.0,49.508750407700184,120.0
rate,2.0,moderate_07,moderate,access_opt,16851.16,1.0,49.508750407700184,120.0
rate,2.0,moderate_08,moderate,none,38135.632,0.0,0.0,120.0
rate,2.0,moderate_08,moderate,proportional,20826.37890093605,0.7851343077158921,98.61382582600424,120.0
rate,2.0,moderate_08,moderate,nearest_first,21283.528000000002,0.7643983788250072,77.11826265213824,120.0
rate,2.0,moderate_08,moderate,nearest_first_post,16254.758666666668,0.9924994590156417,67.18814988173607,120.0
rate,2.0,moderate_08,moderate,access_opt,16335.064000000002,0.9888568713238614,65.70874970975274,120.0
rate,2.0,moderate_09,moderate,none,44238.831999999995,1.7556606182527384e-16,0.0,120.0
rate,2.0,moderate_09,moderate,proportional,24987.450655866563,0.46452843550070305,118.87214610853431,120.0
rate,2.0,moderate_09,moderate,nearest_first,24975.398666666668,0.464819245369752,54.05254765431111,120.0
rate,2.0,moderate_09,moderate,nearest_first_post,19219.181333333334,0.6037145580985812,56.591510467638884,120.0
rate,2.0,moderate_09,moderate,access_opt,19219.776,0.603700209020384,66.08755717555485,120.0
rate,2.0,moderate_10,moderate,none,44123.424,0.0,0.0,120.0
rate,2.0,moderate_10,moderate,proportional,25456.61134766841,0.7626475937212307,104.5769113687479,120.0
rate,2.0,moderate_10,moderate,nearest_first,27086.36,0.6960629061679511,80.33856091301189,120.0
rate,2.0,moderate_10,moderate,nearest_first_post,20800.45466666667,0.9528786071723392,63.008178014930174,120.0
rate,2.0,moderate_10,moderate,access_opt,20802.271999999997,0.952804358562281,64.40965083776551,120.0
rate,2.0,moderate_11,moderate,none,43201.512,0.0,0.0,120.0
rate,2.0,moderate_11,moderate,proportional,25381.415401629773,0.8001859635736052,99.59437175381993,120.0
rate,2.0,moderate_11,moderate,nearest_first,27570.536000000004,0.7018866324944507,77.18121296929824,120.0
rate,2.0,moderate_11,moderate,nearest_first_post,20931.568,1.0,58.31651844801442,120.0
rate,2.0,moderate_11,moderate,access_opt,20931.568,1.0,58.31651844801442,120.0
rate,2.0,moderate_12,moderate,none,41780.344000000005,0.0,0.0,120.0
rate,2.0,moderate_12,moderate,proportional,24050.53089285874,0.7326589455724642,103.43069149124373,120.0
rate,2.0,moderate_12,moderate,nearest_first,24300.456000000002,0.7223311511189261,79.19234103550774,120.0
rate,2.0,moderate_12,moderate,nearest_first_post,18734.430666666667,0.9523391171987872,61.86195813742601,120.0
rate,2.0,moderate_12,moderate,access_opt,18736.248,0.9522640185208876,63.26343096026134,120.0
rate,2.0,moderate_13,moderate,none,39583.984,0.0,0.0,120.0
rate,2.0,moderate_13,moderate,proportional,21683.41357647185,0.8287715507779161,97.23482882052791,120.0
rate,2.0,moderate_13,moderate,nearest_first,23919.4,0.7252484846464543,75.7392656466619,120.0
rate,2.0,moderate_13,moderate,nearest_first_post,17985.064000000002,0.9999999999999997,65.80915287625973,120.0
rate,2.0,moderate_13,moderate,access_opt,17985.064000000002,0.9999999999999997,65.80915287625973,120.0
rate,2.0,moderate_14,moderate,none,43577.776,0.0,0.0,120.0
rate,2.0,moderate_14,moderate,proportional,24144.742232940636,0.7987104326887718,95.90792351893732,120.0
rate,2.0,moderate_14,moderate,nearest_first,27216.232,0.6724701888723096,73.52422783022318,120.0
rate,2.0,moderate_14,moderate,nearest_first_post,20313.998666666666,0.9561565055981283,60.36453698055716,120.0
rate,2.0,moderate_14,moderate,access_opt,20333.487999999998,0.9553554812163425,61.34193982596129,120.0
rate,2.0,moderate_15,moderate,none,33920.208,0.0,0.0,120.0
rate,2.0,moderate_15,moderate,proportional,20966.992323365528,0.856724529165483,73.8127832898987,120.0
rate,2.0,moderate_15,moderate,nearest_first,23135.56,0.713295656512691,57.61879869103203,120.0
rate,2.0,moderate_15,moderate,nearest_first_post,18800.744,1.0,49.508750407700184,120.0
rate,2.0,moderate_15,moderate,access_opt,18800.744,1.0,49.508750407700184,120.0
rate,2.0,moderate_16,moderate,none,39098.272,0.0,0.0,120.0
rate,2.0,moderate_16,moderate,proportional,21651.487233175427,0.794377736296693,97.4648134562531,120.0
rate,2.0,moderate_16,moderate,nearest_first,22948.408,0.735327028864037,75.05165467173141,120.0
rate,2.0,moderate_16,moderate,nearest_first_post,17135.44,0.9999999999999999,64.2665540420917,120.0
rate,2.0,moderate_16,moderate,access_opt,17135.44,0.9999999999999999,64.2665540420917,120.0
rate,2.0,moderate_17,moderate,none,41264.840000000004,0.0,0.0,120.0
rate,2.0,moderate_17,moderate,proportional,23127.675604945525,0.7796458940821934,101.33637174868468,120.0
rate,2.0,moderate_17,moderate,nearest_first,24116.184000000005,0.7371537770851092,76.180425682293,120.0
rate,2.0,moderate_17,moderate,nearest_first_post,18184.46266666667,0.9921353211479785,68.39656911863716,120.0
rate,2.0,moderate_17,moderate,access_opt,18205.152000000002,0.9912459674743124,68.58345188802201,120.0
rate,2.0,moderate_18,moderate,none,40296.984,0.0,0.0,120.0
rate,2.0,moderate_18,moderate,proportional,22400.451546850734,0.7677448831321335,95.73870220625645,120.0
rate,2.0,moderate_18,moderate,nearest_first,25187.624,0.648177732628873,74.24313903239042,120.0
rate,2.0,moderate_18,moderate,nearest_first_post,17645.646666666667,0.9717216661547374,60.463499999271185,120.0
rate,2.0,moderate_18,moderate,access_opt,17653.792,0.9713722388003354,59.19548539910212,120.0
rate,2.0,moderate_19,moderate,none,41257.064,2.526679478695143e-16,0.0,120.0
rate,2.0,moderate_19,moderate,proportional,21444.417736851054,0.6880222423802929,115.71269919561749,120.0
rate,2.0,moderate_19,moderate,nearest_first,20504.744000000002,0.7206537456609341,96.7416988780502,120.0
rate,2.0,moderate_19,moderate,nearest_first_post,12787.357333333333,0.9886509434704843,88.49554745744052,120.0
rate,2.0,moderate_19,moderate,access_opt,12801.880000000001,0.9881466232725344,89.54363079258864,120.0
rate,2.0,severe_00,severe,none,23671.024,0.0,0.0,120.0
rate,2.0,severe_00,severe,proportional,15198.542276531844,0.8631726723443622,39.60429588853428,120.0
rate,2.0,severe_00,severe,nearest_first,17697.960000000003,0.6085331055578147,32.61820274588668,120.0
rate,2.0,severe_00,severe,nearest_first_post,13855.512000000002,0.9999999999999997,32.82928340646749,120.0
rate,2.0,severe_00,severe,access_opt,13855.512000000002,0.9999999999999997,32.82928340646749,120.0
rate,2.0,severe_01,severe,none,28793.488000000005,0.0,0.0,120.0
rate,2.0,severe_01,severe,proportional,18774.07633747881,0.9688753870431122,35.871773298977566,120.0
rate,2.0,severe_01,severe,nearest_first,20858.032,0.7673572323735559,31.994430731617044,120.0
rate,2.0,severe_01,severe,nearest_first_post,18452.208000000002,1.0000000000000004,32.00909970448424,120.0
rate,2.0,severe_01,severe,access_opt,18452.208000000002,1.0000000000000004,32.00909970448424,120.0
rate,2.0,severe_02,severe,none,32193.303999999996,5.145557040333754e-16,0.0,120.0
rate,2.0,severe_02,severe,proportional,18597.249935042164,0.9615129090131957,68.13368136579155,120.0
rate,2.0,severe_02,severe,nearest_first,22311.104000000003,0.6988691589525293,51.0221011562692,120.0
rate,2.0,severe_02,severe,nearest_first_post,18053.032,1.0000000000000002,46.44584829643409,120.0
rate,2.0,severe_02,severe,access_opt,18053.032,1.0000000000000002,46.44584829643409,120.0
rate,2.0,severe_03,severe,none,23435.424000000003,0.0,0.0,120.0
rate,2.0,severe_03,severe,proportional,15456.372765656515,0.9026484495162099,39.45877580295722,120.0
rate,2.0,severe_03,severe,nearest_first,17838.456000000002,0.6331698266889907,33.48086877937133,120.0
rate,2.0,severe_03,severe,nearest_first_post,14595.824,1.0000000000000004,32.98307464718971,120.0
rate,2.0,severe_03,severe,access_opt,14595.824,1.0000000000000004,32.98307464718971,120.0
rate,2.0,severe_04,severe,none,29073.408000000007,-2.812930530179188e-16,0.0,120.0
rate,2.0,severe_04,severe,proportional,17679.792028333195,0.8809685794035692,64.78207468359153,120.0
rate,2.0,severe_04,severe,nearest_first,20280.984,0.6798411759757325,47.67049447406919,120.0
rate,2.0,severe_04,severe,nearest_first_post,16140.352000000003,1.0,42.08605549517236,120.0
rate,2.0,severe_04,severe,access_opt,16140.352000000003,1.0,42.08605549517236,120.0
rate,2.0,severe_05,severe,none,12480.408,4.085706913500782e-15,0.0,120.0
rate,2.0,severe_05,severe,proportional,12035.199999999999,1.0000000000000053,3.857982843633515,120.0
rate,2.0,severe_05,severe,nearest_first,12226.44,0.570447970386877,3.857982843633515,120.0
rate,2.0,severe_05,severe,nearest_first_post,12035.199999999999,1.0000000000000053,2.691814481671374,120.0
rate,2.0,severe_05,severe,access_opt,12035.199999999999,1.0000000000000053,2.691814481671374,120.0
rate,2.0,severe_06,severe,none,31648.76,5.335478302591891e-16,0.0,120.0
rate,2.0,severe_06,severe,proportional,19928.176007715465,0.8594734178032762,63.21046500160769,120.0
rate,2.0,severe_06,severe,nearest_first,22636.928,0.6608399423448204,47.01648040274102,120.0
rate,2.0,severe_06,severe,nearest_first_post,18011.824,1.0000000000000002,42.94104335440991,120.0
rate,2.0,severe_06,severe,access_opt,18011.824,1.0000000000000002,42.94104335440991,120.0
rate,2.0,severe_07,severe,none,30685.360000000004,0.0,0.0,120.0
rate,2.0,severe_07,severe,proportional,20243.448420617387,0.865234384167205,65.32562721601998,120.0
rate,2.0,severe_07,severe,nearest_first,21836.960000000003,0.733193330230992,49.13164261715332,120.0
rate,2.0,severe_07,severe,nearest_first_post,18617.056,1.0000000000000002,48.571324159356095,120.0
rate,2.0,severe_07,severe,access_opt,18617.056,1.0000000000000002,48.571324159356095,120.0
rate,2.0,severe_08,severe,none,23670.256,0.0,0.0,120.0
rate,2.0,severe_08,severe,proportional,17994.41632853158,0.820733694104146,25.241222915200897,120.0
rate,2.0,severe_08,severe,nearest_first,20387.311999999998,0.4747179118186681,23.146875601638477,120.0
rate,2.0,severe_08,severe,nearest_first_post,16754.688,1.0000000000000004,22.36190999595623,120.0
rate,2.0,severe_08,severe,access_opt,16754.688,1.0000000000000004,22.36190999595623,120.0
rate,2.0,severe_09,severe,none,23208.104000000003,0.0,0.0,120.0
rate,2.0,severe_09,severe,proportional,16385.46674557817,0.9571031765817847,31.757914512190972,120.0
rate,2.0,severe_09,severe,nearest_first,18850.384000000002,0.6113160496625903,26.866168683105784,120.0
rate,2.0,severe_09,severe,nearest_first_post,16079.68,1.0000000000000004,25.568247413120886,120.0
rate,2.0,severe_09,severe,access_opt,16079.68,1.0000000000000004,25.568247413120886,120.0
rate,2.0,severe_10,severe,none,30234.288000000004,-3.220937033494144e-16,0.0,120.0
rate,2.0,severe_10,severe,proportional,19775.46682926344,0.9259868246029811,69.26449876449796,120.0
rate,2.0,severe_10,severe,nearest_first,21277.4,0.7930110040174294,52.15291855497563,120.0
rate,2.0,severe_10,severe,nearest_first_post,18939.504,0.9999999999999999,47.36528012332626,120.0
rate,2.0,severe_10,severe,access_opt,18939.504,0.9999999999999999,47.36528012332626,120.0
rate,2.0,severe_11,severe,none,26222.952000000005,-7.528854860489202e-16,0.0,120.0
rate,2.0,severe_11,severe,proportional,17261.713964250703,0.9272712145811977,58.98476696272651,120.0
rate,2.0,severe_11,severe,nearest_first,19664.552000000003,0.6786356426922905,41.72989059568957,120.0
rate,2.0,severe_11,severe,nearest_first_post,16558.856000000003,0.9999999999999992,38.58831376211048,120.0
rate,2.0,severe_11,severe,access_opt,16558.856000000003,0.9999999999999992,38.58831376211048,120.0
rate,2.0,severe_12,severe,none,26844.368000000002,0.0,0.0,120.0
rate,2.0,severe_12,severe,proportional,13852.758548437934,0.8829756638530534,51.36527234582455,120.0
rate,2.0,severe_12,severe,nearest_first,17955.664,0.6041214019291208,41.81404472937752,120.0
rate,2.0,severe_12,severe,nearest_first_post,12130.928,1.0000000000000002,39.05544587212973,120.0
rate,2.0,severe_12,severe,access_opt,12130.928,1.0000000000000002,39.05544587212973,120.0
rate,2.0,severe_13,severe,none,23629.488,0.0,0.0,120.0
rate,2.0,severe_13,severe,proportional,15193.825457038018,0.8481987767352153,38.80709394551633,120.0
rate,2.0,severe_13,severe,nearest_first,18345.44,0.5313065840393897,31.821000802868724,120.0
rate,2.0,severe_13,severe,nearest_first_post,13684.104000000001,0.9999999999999998,31.378067392121373,120.0
rate,2.0,severe_13,severe,access_opt,13684.104000000001,0.9999999999999998,31.378067392121373,120.0
rate,2.0,severe_14,severe,none,24292.52,0.0,0.0,120.0
rate,2.0,severe_14,severe,proportional,15993.244404492089,0.9063898851501497,38.43493550565713,120.0
rate,2.0,severe_14,severe,nearest_first,18865.728,0.5926769536700419,30.53124675235385,120.0
rate,2.0,severe_14,severe,nearest_first_post,15136.112000000001,1.0,29.28552144988219,120.0
rate,2.0,severe_14,severe,access_opt,15136.112000000001,1.0,29.28552144988219,120.0
rate,2.0,severe_15,severe,none,29267.704000000005,-3.326907621435316e-16,0.0,120.0
rate,2.0,severe_15,severe,proportional,19488.4464197206,0.894306654903788,65.5892087553475,120.0
rate,2.0,severe_15,severe,nearest_first,20948.392,0.7607955946292169,48.477628545825155,120.0
rate,2.0,severe_15,severe,nearest_first_post,18332.688000000002,0.9999999999999999,47.71633630011854,120.0
rate,2.0,severe_15,severe,access_opt,18332.688000000002,0.9999999999999999,47.71633630011854,120.0
rate,2.0,severe_16,severe,none,23103.688,0.0,0.0,120.0
rate,2.0,severe_16,severe,proportional,16957.845325762093,0.9332856313214644,22.987146574792565,120.0
rate,2.0,severe_16,severe,nearest_first,20048.087999999996,0.46401245951508024,19.97520365057447,120.0
rate,2.0,severe_16,severe,nearest_first_post,16518.519999999997,1.0000000000000002,18.335250185654665,120.0
rate,2.0,severe_16,severe,access_opt,16518.519999999997,1.0000000000000002,18.335250185654665,120.0
rate,2.0,severe_17,severe,none,27615.896,0.0,0.0,120.0
rate,2.0,severe_17,severe,proportional,19895.50828078691,0.8314208440105693,62.705374759241366,120.0
rate,2.0,severe_17,severe,nearest_first,21325.168,0.6774585128911141,45.45049839220444,120.0
rate,2.0,severe_17,severe,nearest_first_post,18330.12,1.0,38.93658944401075,120.0
rate,2.0,severe_17,severe,access_opt,18330.12,1.0,38.93658944401075,120.0
rate,2.0,severe_18,severe,none,28631.736,0.0,0.0,120.0
rate,2.0,severe_18,severe,proportional,19565.971312969923,0.8879737733410225,57.63728287952703,120.0
rate,2.0,severe_18,severe,nearest_first,22017.896,0.6478125854596543,41.443298280660365,120.0
rate,2.0,severe_18,severe,nearest_first_post,18422.24,0.9999999999999997,39.22835738507613,120.0
rate,2.0,severe_18,severe,access_opt,18422.24,0.9999999999999997,39.22835738507613,120.0
rate,2.0,severe_19,severe,none,25876.736,0.0,0.0,120.0
rate,2.0,severe_19,severe,proportional,16810.971312969927,0.8879737733410221,57.63728287952703,120.0
rate,2.0,severe_19,severe,nearest_first,19262.896,0.6478125854596543,41.443298280660365,120.0
rate,2.0,severe_19,severe,nearest_first_post,15667.240000000002,0.9999999999999997,39.22835738507613,120.0
rate,2.0,severe_19,severe,access_opt,15667.240000000002,0.9999999999999997,39.22835738507613,120.0
